image_path,mask_path,fruit,category
C:\Users\user\code\ip-asgm\results\preprocessing\MedianFinal\ProcessedImages\Banana\Unripe\Banana_Unripe_013.jpg,C:\Users\user\code\ip-asgm\results\preprocessing\MedianFinal\ROIMasks\Banana\Unripe\Banana_Unripe_013_mask.png,Banana,Unripe
C:\Users\user\code\ip-asgm\results\preprocessing\MedianFinal\ProcessedImages\Orange\Rotten\Orange_Rotten_084.jpg,C:\Users\user\code\ip-asgm\results\preprocessing\MedianFinal\ROIMasks\Orange\Rotten\Orange_Rotten_084_mask.png,Orange,Rotten
C:\Users\user\code\ip-asgm\results\preprocessing\MedianFinal\ProcessedImages\Melon\Overripe\Melon_Overripe_042.jpg,C:\Users\user\code\ip-asgm\results\preprocessing\MedianFinal\ROIMasks\Melon\Overripe\Melon_Overripe_042_mask.png,Melon,Overripe
C:\Users\user\code\ip-asgm\results\preprocessing\MedianFinal\ProcessedImages\Banana\Unripe\Banana_Unripe_005.jpg,C:\Users\user\code\ip-asgm\results\preprocessing\MedianFinal\ROIMasks\Banana\Unripe\Banana_Unripe_005_mask.png,Banana,Unripe
C:\Users\user\code\ip-asgm\results\preprocessing\MedianFinal\ProcessedImages\Mango\Ripe\Mango_Ripe_054.jpg,C:\Users\user\code\ip-asgm\results\preprocessing\MedianFinal\ROIMasks\Mango\Ripe\Mango_Ripe_054_mask.png,Mango,Ripe
C:\Users\user\code\ip-asgm\results\preprocessing\MedianFinal\ProcessedImages\Grape\Rotten\Grape_Rotten_074.jpg,C:\Users\user\code\ip-asgm\results\preprocessing\MedianFinal\ROIMasks\Grape\Rotten\Grape_Rotten_074_mask.png,Grape,Rotten
C:\Users\user\code\ip-asgm\results\preprocessing\MedianFinal\ProcessedImages\Grape\Unripe\Grape_Unripe_091.jpg,C:\Users\user\code\ip-asgm\results\preprocessing\MedianFinal\ROIMasks\Grape\Unripe\Grape_Unripe_091_mask.png,Grape,Unripe
C:\Users\user\code\ip-asgm\results\preprocessing\MedianFinal\ProcessedImages\Guava\Defect\Guava_Defect_001.jpg,C:\Users\user\code\ip-asgm\results\preprocessing\MedianFinal\ROIMasks\Guava\Defect\Guava_Defect_001_mask.png,Guava,Defect
C:\Users\user\code\ip-asgm\results\preprocessing\MedianFinal\ProcessedImages\Mango\Overripe\Mango_Overripe_084.jpg,C:\Users\user\code\ip-asgm\results\preprocessing\MedianFinal\ROIMasks\Mango\Overripe\Mango_Overripe_084_mask.png,Mango,Overripe
C:\Users\user\code\ip-asgm\results\preprocessing\MedianFinal\ProcessedImages\Mango\Rotten\Mango_Rotten_077.jpg,C:\Users\user\code\ip-asgm\results\preprocessing\MedianFinal\ROIMasks\Mango\Rotten\Mango_Rotten_077_mask.png,Mango,Rotten
C:\Users\user\code\ip-asgm\results\preprocessing\MedianFinal\ProcessedImages\Pear\Rotten\Pear_Rotten_034.jpg,C:\Users\user\code\ip-asgm\results\preprocessing\MedianFinal\ROIMasks\Pear\Rotten\Pear_Rotten_034_mask.png,Pear,Rotten
C:\Users\user\code\ip-asgm\results\preprocessing\MedianFinal\ProcessedImages\Mango\Ripe\Mango_Ripe_011.jpg,C:\Users\user\code\ip-asgm\results\preprocessing\MedianFinal\ROIMasks\Mango\Ripe\Mango_Ripe_011_mask.png,Mango,Ripe
C:\Users\user\code\ip-asgm\results\preprocessing\MedianFinal\ProcessedImages\Grape\Ripe\Grape_Ripe_032.jpg,C:\Users\user\code\ip-asgm\results\preprocessing\MedianFinal\ROIMasks\Grape\Ripe\Grape_Ripe_032_mask.png,Grape,Ripe
C:\Users\user\code\ip-asgm\results\preprocessing\MedianFinal\ProcessedImages\Apple\Unripe\Apple_Unripe_013.jpg,C:\Users\user\code\ip-asgm\results\preprocessing\MedianFinal\ROIMasks\Apple\Unripe\Apple_Unripe_013_mask.png,Apple,Unripe
C:\Users\user\code\ip-asgm\results\preprocessing\MedianFinal\ProcessedImages\Peach\Rotten\Peach_Rotten_032.jpg,C:\Users\user\code\ip-asgm\results\preprocessing\MedianFinal\ROIMasks\Peach\Rotten\Peach_Rotten_032_mask.png,Peach,Rotten
C:\Users\user\code\ip-asgm\results\preprocessing\MedianFinal\ProcessedImages\Peach\Ripe\Peach_Ripe_019.jpg,C:\Users\user\code\ip-asgm\results\preprocessing\MedianFinal\ROIMasks\Peach\Ripe\Peach_Ripe_019_mask.png,Peach,Ripe
C:\Users\user\code\ip-asgm\results\preprocessing\MedianFinal\ProcessedImages\Melon\Unripe\Melon_Unripe_070.jpg,C:\Users\user\code\ip-asgm\results\preprocessing\MedianFinal\ROIMasks\Melon\Unripe\Melon_Unripe_070_mask.png,Melon,Unripe
C:\Users\user\code\ip-asgm\results\preprocessing\MedianFinal\ProcessedImages\Orange\Rotten\Orange_Rotten_081.jpg,C:\Users\user\code\ip-asgm\results\preprocessing\MedianFinal\ROIMasks\Orange\Rotten\Orange_Rotten_081_mask.png,Orange,Rotten
C:\Users\user\code\ip-asgm\results\preprocessing\MedianFinal\ProcessedImages\Pear\Overripe\Pear_Overripe_019.jpg,C:\Users\user\code\ip-asgm\results\preprocessing\MedianFinal\ROIMasks\Pear\Overripe\Pear_Overripe_019_mask.png,Pear,Overripe
C:\Users\user\code\ip-asgm\results\preprocessing\MedianFinal\ProcessedImages\Orange\Ripe\Orange_Ripe_032.jpg,C:\Users\user\code\ip-asgm\results\preprocessing\MedianFinal\ROIMasks\Orange\Ripe\Orange_Ripe_032_mask.png,Orange,Ripe
C:\Users\user\code\ip-asgm\results\preprocessing\MedianFinal\ProcessedImages\Mango\Unripe\Mango_Unripe_084.jpg,C:\Users\user\code\ip-asgm\results\preprocessing\MedianFinal\ROIMasks\Mango\Unripe\Mango_Unripe_084_mask.png,Mango,Unripe
C:\Users\user\code\ip-asgm\results\preprocessing\MedianFinal\ProcessedImages\Mango\Ripe\Mango_Ripe_013.jpg,C:\Users\user\code\ip-asgm\results\preprocessing\MedianFinal\ROIMasks\Mango\Ripe\Mango_Ripe_013_mask.png,Mango,Ripe
C:\Users\user\code\ip-asgm\results\preprocessing\MedianFinal\ProcessedImages\Peach\Overripe\Peach_Overripe_078.jpg,C:\Users\user\code\ip-asgm\results\preprocessing\MedianFinal\ROIMasks\Peach\Overripe\Peach_Overripe_078_mask.png,Peach,Overripe
C:\Users\user\code\ip-asgm\results\preprocessing\MedianFinal\ProcessedImages\Guava\Defect\Guava_Defect_019.jpg,C:\Users\user\code\ip-asgm\results\preprocessing\MedianFinal\ROIMasks\Guava\Defect\Guava_Defect_019_mask.png,Guava,Defect
C:\Users\user\code\ip-asgm\results\preprocessing\MedianFinal\ProcessedImages\Guava\Defect\Guava_Defect_045.jpg,C:\Users\user\code\ip-asgm\results\preprocessing\MedianFinal\ROIMasks\Guava\Defect\Guava_Defect_045_mask.png,Guava,Defect
C:\Users\user\code\ip-asgm\results\preprocessing\MedianFinal\ProcessedImages\Mango\Ripe\Mango_Ripe_031.jpg,C:\Users\user\code\ip-asgm\results\preprocessing\MedianFinal\ROIMasks\Mango\Ripe\Mango_Ripe_031_mask.png,Mango,Ripe
C:\Users\user\code\ip-asgm\results\preprocessing\MedianFinal\ProcessedImages\Orange\Overripe\Orange_Overripe_013.jpg,C:\Users\user\code\ip-asgm\results\preprocessing\MedianFinal\ROIMasks\Orange\Overripe\Orange_Overripe_013_mask.png,Orange,Overripe
C:\Users\user\code\ip-asgm\results\preprocessing\MedianFinal\ProcessedImages\Apple\Rotten\Apple_Rotten_091.jpg,C:\Users\user\code\ip-asgm\results\preprocessing\MedianFinal\ROIMasks\Apple\Rotten\Apple_Rotten_091_mask.png,Apple,Rotten
C:\Users\user\code\ip-asgm\results\preprocessing\MedianFinal\ProcessedImages\Guava\Class_A\Guava_Class_A_011.jpg,C:\Users\user\code\ip-asgm\results\preprocessing\MedianFinal\ROIMasks\Guava\Class_A\Guava_Class_A_011_mask.png,Guava,Class_A
C:\Users\user\code\ip-asgm\results\preprocessing\MedianFinal\ProcessedImages\Grape\Unripe\Grape_Unripe_046.jpg,C:\Users\user\code\ip-asgm\results\preprocessing\MedianFinal\ROIMasks\Grape\Unripe\Grape_Unripe_046_mask.png,Grape,Unripe
C:\Users\user\code\ip-asgm\results\preprocessing\MedianFinal\ProcessedImages\Banana\Rotten\Banana_Rotten_034.jpg,C:\Users\user\code\ip-asgm\results\preprocessing\MedianFinal\ROIMasks\Banana\Rotten\Banana_Rotten_034_mask.png,Banana,Rotten
C:\Users\user\code\ip-asgm\results\preprocessing\MedianFinal\ProcessedImages\Orange\Unripe\Orange_Unripe_034.jpg,C:\Users\user\code\ip-asgm\results\preprocessing\MedianFinal\ROIMasks\Orange\Unripe\Orange_Unripe_034_mask.png,Orange,Unripe
C:\Users\user\code\ip-asgm\results\preprocessing\MedianFinal\ProcessedImages\Banana\Rotten\Banana_Rotten_077.jpg,C:\Users\user\code\ip-asgm\results\preprocessing\MedianFinal\ROIMasks\Banana\Rotten\Banana_Rotten_077_mask.png,Banana,Rotten
C:\Users\user\code\ip-asgm\results\preprocessing\MedianFinal\ProcessedImages\Banana\Ripe\Banana_Ripe_001.jpg,C:\Users\user\code\ip-asgm\results\preprocessing\MedianFinal\ROIMasks\Banana\Ripe\Banana_Ripe_001_mask.png,Banana,Ripe
C:\Users\user\code\ip-asgm\results\preprocessing\MedianFinal\ProcessedImages\Grape\Ripe\Grape_Ripe_054.jpg,C:\Users\user\code\ip-asgm\results\preprocessing\MedianFinal\ROIMasks\Grape\Ripe\Grape_Ripe_054_mask.png,Grape,Ripe
C:\Users\user\code\ip-asgm\results\preprocessing\MedianFinal\ProcessedImages\Melon\Rotten\Melon_Rotten_005.jpg,C:\Users\user\code\ip-asgm\results\preprocessing\MedianFinal\ROIMasks\Melon\Rotten\Melon_Rotten_005_mask.png,Melon,Rotten
C:\Users\user\code\ip-asgm\results\preprocessing\MedianFinal\ProcessedImages\Peach\Overripe\Peach_Overripe_032.jpg,C:\Users\user\code\ip-asgm\results\preprocessing\MedianFinal\ROIMasks\Peach\Overripe\Peach_Overripe_032_mask.png,Peach,Overripe
C:\Users\user\code\ip-asgm\results\preprocessing\MedianFinal\ProcessedImages\Orange\Ripe\Orange_Ripe_046.jpg,C:\Users\user\code\ip-asgm\results\preprocessing\MedianFinal\ROIMasks\Orange\Ripe\Orange_Ripe_046_mask.png,Orange,Ripe
C:\Users\user\code\ip-asgm\results\preprocessing\MedianFinal\ProcessedImages\Orange\Rotten\Orange_Rotten_078.jpg,C:\Users\user\code\ip-asgm\results\preprocessing\MedianFinal\ROIMasks\Orange\Rotten\Orange_Rotten_078_mask.png,Orange,Rotten
C:\Users\user\code\ip-asgm\results\preprocessing\MedianFinal\ProcessedImages\Banana\Rotten\Banana_Rotten_074.jpg,C:\Users\user\code\ip-asgm\results\preprocessing\MedianFinal\ROIMasks\Banana\Rotten\Banana_Rotten_074_mask.png,Banana,Rotten
C:\Users\user\code\ip-asgm\results\preprocessing\MedianFinal\ProcessedImages\Grape\Overripe\Grape_Overripe_077.jpg,C:\Users\user\code\ip-asgm\results\preprocessing\MedianFinal\ROIMasks\Grape\Overripe\Grape_Overripe_077_mask.png,Grape,Overripe
C:\Users\user\code\ip-asgm\results\preprocessing\MedianFinal\ProcessedImages\Apple\Unripe\Apple_Unripe_074.jpg,C:\Users\user\code\ip-asgm\results\preprocessing\MedianFinal\ROIMasks\Apple\Unripe\Apple_Unripe_074_mask.png,Apple,Unripe
C:\Users\user\code\ip-asgm\results\preprocessing\MedianFinal\ProcessedImages\Guava\Class_A\Guava_Class_A_091.jpg,C:\Users\user\code\ip-asgm\results\preprocessing\MedianFinal\ROIMasks\Guava\Class_A\Guava_Class_A_091_mask.png,Guava,Class_A
C:\Users\user\code\ip-asgm\results\preprocessing\MedianFinal\ProcessedImages\Peach\Ripe\Peach_Ripe_013.jpg,C:\Users\user\code\ip-asgm\results\preprocessing\MedianFinal\ROIMasks\Peach\Ripe\Peach_Ripe_013_mask.png,Peach,Ripe
C:\Users\user\code\ip-asgm\results\preprocessing\MedianFinal\ProcessedImages\Pear\Ripe\Pear_Ripe_026.jpg,C:\Users\user\code\ip-asgm\results\preprocessing\MedianFinal\ROIMasks\Pear\Ripe\Pear_Ripe_026_mask.png,Pear,Ripe
C:\Users\user\code\ip-asgm\results\preprocessing\MedianFinal\ProcessedImages\Peach\Rotten\Peach_Rotten_077.jpg,C:\Users\user\code\ip-asgm\results\preprocessing\MedianFinal\ROIMasks\Peach\Rotten\Peach_Rotten_077_mask.png,Peach,Rotten
C:\Users\user\code\ip-asgm\results\preprocessing\MedianFinal\ProcessedImages\Pear\Rotten\Pear_Rotten_081.jpg,C:\Users\user\code\ip-asgm\results\preprocessing\MedianFinal\ROIMasks\Pear\Rotten\Pear_Rotten_081_mask.png,Pear,Rotten
C:\Users\user\code\ip-asgm\results\preprocessing\MedianFinal\ProcessedImages\Mango\Rotten\Mango_Rotten_074.jpg,C:\Users\user\code\ip-asgm\results\preprocessing\MedianFinal\ROIMasks\Mango\Rotten\Mango_Rotten_074_mask.png,Mango,Rotten
C:\Users\user\code\ip-asgm\results\preprocessing\MedianFinal\ProcessedImages\Apple\Unripe\Apple_Unripe_077.jpg,C:\Users\user\code\ip-asgm\results\preprocessing\MedianFinal\ROIMasks\Apple\Unripe\Apple_Unripe_077_mask.png,Apple,Unripe
C:\Users\user\code\ip-asgm\results\preprocessing\MedianFinal\ProcessedImages\Banana\Unripe\Banana_Unripe_011.jpg,C:\Users\user\code\ip-asgm\results\preprocessing\MedianFinal\ROIMasks\Banana\Unripe\Banana_Unripe_011_mask.png,Banana,Unripe
C:\Users\user\code\ip-asgm\results\preprocessing\MedianFinal\ProcessedImages\Mango\Rotten\Mango_Rotten_023.jpg,C:\Users\user\code\ip-asgm\results\preprocessing\MedianFinal\ROIMasks\Mango\Rotten\Mango_Rotten_023_mask.png,Mango,Rotten
C:\Users\user\code\ip-asgm\results\preprocessing\MedianFinal\ProcessedImages\Banana\Overripe\Banana_Overripe_019.jpg,C:\Users\user\code\ip-asgm\results\preprocessing\MedianFinal\ROIMasks\Banana\Overripe\Banana_Overripe_019_mask.png,Banana,Overripe
C:\Users\user\code\ip-asgm\results\preprocessing\MedianFinal\ProcessedImages\Peach\Overripe\Peach_Overripe_054.jpg,C:\Users\user\code\ip-asgm\results\preprocessing\MedianFinal\ROIMasks\Peach\Overripe\Peach_Overripe_054_mask.png,Peach,Overripe
C:\Users\user\code\ip-asgm\results\preprocessing\MedianFinal\ProcessedImages\Apple\Overripe\Apple_Overripe_019.jpg,C:\Users\user\code\ip-asgm\results\preprocessing\MedianFinal\ROIMasks\Apple\Overripe\Apple_Overripe_019_mask.png,Apple,Overripe
C:\Users\user\code\ip-asgm\results\preprocessing\MedianFinal\ProcessedImages\Apple\Unripe\Apple_Unripe_046.jpg,C:\Users\user\code\ip-asgm\results\preprocessing\MedianFinal\ROIMasks\Apple\Unripe\Apple_Unripe_046_mask.png,Apple,Unripe
C:\Users\user\code\ip-asgm\results\preprocessing\MedianFinal\ProcessedImages\Pear\Overripe\Pear_Overripe_034.jpg,C:\Users\user\code\ip-asgm\results\preprocessing\MedianFinal\ROIMasks\Pear\Overripe\Pear_Overripe_034_mask.png,Pear,Overripe
C:\Users\user\code\ip-asgm\results\preprocessing\MedianFinal\ProcessedImages\Orange\Unripe\Orange_Unripe_040.jpg,C:\Users\user\code\ip-asgm\results\preprocessing\MedianFinal\ROIMasks\Orange\Unripe\Orange_Unripe_040_mask.png,Orange,Unripe
C:\Users\user\code\ip-asgm\results\preprocessing\MedianFinal\ProcessedImages\Grape\Overripe\Grape_Overripe_091.jpg,C:\Users\user\code\ip-asgm\results\preprocessing\MedianFinal\ROIMasks\Grape\Overripe\Grape_Overripe_091_mask.png,Grape,Overripe
C:\Users\user\code\ip-asgm\results\preprocessing\MedianFinal\ProcessedImages\Guava\Class_A\Guava_Class_A_077.jpg,C:\Users\user\code\ip-asgm\results\preprocessing\MedianFinal\ROIMasks\Guava\Class_A\Guava_Class_A_077_mask.png,Guava,Class_A
C:\Users\user\code\ip-asgm\results\preprocessing\MedianFinal\ProcessedImages\Pear\Rotten\Pear_Rotten_011.jpg,C:\Users\user\code\ip-asgm\results\preprocessing\MedianFinal\ROIMasks\Pear\Rotten\Pear_Rotten_011_mask.png,Pear,Rotten
C:\Users\user\code\ip-asgm\results\preprocessing\MedianFinal\ProcessedImages\Apple\Ripe\Apple_Ripe_031.jpg,C:\Users\user\code\ip-asgm\results\preprocessing\MedianFinal\ROIMasks\Apple\Ripe\Apple_Ripe_031_mask.png,Apple,Ripe
C:\Users\user\code\ip-asgm\results\preprocessing\MedianFinal\ProcessedImages\Mango\Unripe\Mango_Unripe_001.jpg,C:\Users\user\code\ip-asgm\results\preprocessing\MedianFinal\ROIMasks\Mango\Unripe\Mango_Unripe_001_mask.png,Mango,Unripe
C:\Users\user\code\ip-asgm\results\preprocessing\MedianFinal\ProcessedImages\Orange\Ripe\Orange_Ripe_040.jpg,C:\Users\user\code\ip-asgm\results\preprocessing\MedianFinal\ROIMasks\Orange\Ripe\Orange_Ripe_040_mask.png,Orange,Ripe
C:\Users\user\code\ip-asgm\results\preprocessing\MedianFinal\ProcessedImages\Apple\Unripe\Apple_Unripe_078.jpg,C:\Users\user\code\ip-asgm\results\preprocessing\MedianFinal\ROIMasks\Apple\Unripe\Apple_Unripe_078_mask.png,Apple,Unripe
C:\Users\user\code\ip-asgm\results\preprocessing\MedianFinal\ProcessedImages\Pear\Rotten\Pear_Rotten_023.jpg,C:\Users\user\code\ip-asgm\results\preprocessing\MedianFinal\ROIMasks\Pear\Rotten\Pear_Rotten_023_mask.png,Pear,Rotten
C:\Users\user\code\ip-asgm\results\preprocessing\MedianFinal\ProcessedImages\Peach\Overripe\Peach_Overripe_001.jpg,C:\Users\user\code\ip-asgm\results\preprocessing\MedianFinal\ROIMasks\Peach\Overripe\Peach_Overripe_001_mask.png,Peach,Overripe
C:\Users\user\code\ip-asgm\results\preprocessing\MedianFinal\ProcessedImages\Grape\Rotten\Grape_Rotten_031.jpg,C:\Users\user\code\ip-asgm\results\preprocessing\MedianFinal\ROIMasks\Grape\Rotten\Grape_Rotten_031_mask.png,Grape,Rotten
C:\Users\user\code\ip-asgm\results\preprocessing\MedianFinal\ProcessedImages\Apple\Rotten\Apple_Rotten_005.jpg,C:\Users\user\code\ip-asgm\results\preprocessing\MedianFinal\ROIMasks\Apple\Rotten\Apple_Rotten_005_mask.png,Apple,Rotten
C:\Users\user\code\ip-asgm\results\preprocessing\MedianFinal\ProcessedImages\Banana\Rotten\Banana_Rotten_005.jpg,C:\Users\user\code\ip-asgm\results\preprocessing\MedianFinal\ROIMasks\Banana\Rotten\Banana_Rotten_005_mask.png,Banana,Rotten
C:\Users\user\code\ip-asgm\results\preprocessing\MedianFinal\ProcessedImages\Pear\Rotten\Pear_Rotten_074.jpg,C:\Users\user\code\ip-asgm\results\preprocessing\MedianFinal\ROIMasks\Pear\Rotten\Pear_Rotten_074_mask.png,Pear,Rotten
C:\Users\user\code\ip-asgm\results\preprocessing\MedianFinal\ProcessedImages\Mango\Rotten\Mango_Rotten_084.jpg,C:\Users\user\code\ip-asgm\results\preprocessing\MedianFinal\ROIMasks\Mango\Rotten\Mango_Rotten_084_mask.png,Mango,Rotten
C:\Users\user\code\ip-asgm\results\preprocessing\MedianFinal\ProcessedImages\Apple\Overripe\Apple_Overripe_071.jpg,C:\Users\user\code\ip-asgm\results\preprocessing\MedianFinal\ROIMasks\Apple\Overripe\Apple_Overripe_071_mask.png,Apple,Overripe
C:\Users\user\code\ip-asgm\results\preprocessing\MedianFinal\ProcessedImages\Grape\Unripe\Grape_Unripe_081.jpg,C:\Users\user\code\ip-asgm\results\preprocessing\MedianFinal\ROIMasks\Grape\Unripe\Grape_Unripe_081_mask.png,Grape,Unripe
C:\Users\user\code\ip-asgm\results\preprocessing\MedianFinal\ProcessedImages\Banana\Overripe\Banana_Overripe_054.jpg,C:\Users\user\code\ip-asgm\results\preprocessing\MedianFinal\ROIMasks\Banana\Overripe\Banana_Overripe_054_mask.png,Banana,Overripe
C:\Users\user\code\ip-asgm\results\preprocessing\MedianFinal\ProcessedImages\Orange\Overripe\Orange_Overripe_034.jpg,C:\Users\user\code\ip-asgm\results\preprocessing\MedianFinal\ROIMasks\Orange\Overripe\Orange_Overripe_034_mask.png,Orange,Overripe
C:\Users\user\code\ip-asgm\results\preprocessing\MedianFinal\ProcessedImages\Pear\Unripe\Pear_Unripe_005.jpg,C:\Users\user\code\ip-asgm\results\preprocessing\MedianFinal\ROIMasks\Pear\Unripe\Pear_Unripe_005_mask.png,Pear,Unripe
C:\Users\user\code\ip-asgm\results\preprocessing\MedianFinal\ProcessedImages\Orange\Rotten\Orange_Rotten_031.jpg,C:\Users\user\code\ip-asgm\results\preprocessing\MedianFinal\ROIMasks\Orange\Rotten\Orange_Rotten_031_mask.png,Orange,Rotten
C:\Users\user\code\ip-asgm\results\preprocessing\MedianFinal\ProcessedImages\Peach\Unripe\Peach_Unripe_040.jpg,C:\Users\user\code\ip-asgm\results\preprocessing\MedianFinal\ROIMasks\Peach\Unripe\Peach_Unripe_040_mask.png,Peach,Unripe
C:\Users\user\code\ip-asgm\results\preprocessing\MedianFinal\ProcessedImages\Banana\Rotten\Banana_Rotten_084.jpg,C:\Users\user\code\ip-asgm\results\preprocessing\MedianFinal\ROIMasks\Banana\Rotten\Banana_Rotten_084_mask.png,Banana,Rotten
C:\Users\user\code\ip-asgm\results\preprocessing\MedianFinal\ProcessedImages\Mango\Overripe\Mango_Overripe_031.jpg,C:\Users\user\code\ip-asgm\results\preprocessing\MedianFinal\ROIMasks\Mango\Overripe\Mango_Overripe_031_mask.png,Mango,Overripe
C:\Users\user\code\ip-asgm\results\preprocessing\MedianFinal\ProcessedImages\Grape\Rotten\Grape_Rotten_045.jpg,C:\Users\user\code\ip-asgm\results\preprocessing\MedianFinal\ROIMasks\Grape\Rotten\Grape_Rotten_045_mask.png,Grape,Rotten
C:\Users\user\code\ip-asgm\results\preprocessing\MedianFinal\ProcessedImages\Guava\Class_A\Guava_Class_A_045.jpg,C:\Users\user\code\ip-asgm\results\preprocessing\MedianFinal\ROIMasks\Guava\Class_A\Guava_Class_A_045_mask.png,Guava,Class_A
C:\Users\user\code\ip-asgm\results\preprocessing\MedianFinal\ProcessedImages\Pear\Unripe\Pear_Unripe_081.jpg,C:\Users\user\code\ip-asgm\results\preprocessing\MedianFinal\ROIMasks\Pear\Unripe\Pear_Unripe_081_mask.png,Pear,Unripe
C:\Users\user\code\ip-asgm\results\preprocessing\MedianFinal\ProcessedImages\Guava\Class_B\Guava_Class_B_031.jpg,C:\Users\user\code\ip-asgm\results\preprocessing\MedianFinal\ROIMasks\Guava\Class_B\Guava_Class_B_031_mask.png,Guava,Class_B
C:\Users\user\code\ip-asgm\results\preprocessing\MedianFinal\ProcessedImages\Banana\Rotten\Banana_Rotten_031.jpg,C:\Users\user\code\ip-asgm\results\preprocessing\MedianFinal\ROIMasks\Banana\Rotten\Banana_Rotten_031_mask.png,Banana,Rotten
C:\Users\user\code\ip-asgm\results\preprocessing\MedianFinal\ProcessedImages\Pear\Unripe\Pear_Unripe_054.jpg,C:\Users\user\code\ip-asgm\results\preprocessing\MedianFinal\ROIMasks\Pear\Unripe\Pear_Unripe_054_mask.png,Pear,Unripe
C:\Users\user\code\ip-asgm\results\preprocessing\MedianFinal\ProcessedImages\Apple\Unripe\Apple_Unripe_084.jpg,C:\Users\user\code\ip-asgm\results\preprocessing\MedianFinal\ROIMasks\Apple\Unripe\Apple_Unripe_084_mask.png,Apple,Unripe
C:\Users\user\code\ip-asgm\results\preprocessing\MedianFinal\ProcessedImages\Mango\Overripe\Mango_Overripe_019.jpg,C:\Users\user\code\ip-asgm\results\preprocessing\MedianFinal\ROIMasks\Mango\Overripe\Mango_Overripe_019_mask.png,Mango,Overripe
C:\Users\user\code\ip-asgm\results\preprocessing\MedianFinal\ProcessedImages\Apple\Ripe\Apple_Ripe_019.jpg,C:\Users\user\code\ip-asgm\results\preprocessing\MedianFinal\ROIMasks\Apple\Ripe\Apple_Ripe_019_mask.png,Apple,Ripe
C:\Users\user\code\ip-asgm\results\preprocessing\MedianFinal\ProcessedImages\Apple\Unripe\Apple_Unripe_001.jpg,C:\Users\user\code\ip-asgm\results\preprocessing\MedianFinal\ROIMasks\Apple\Unripe\Apple_Unripe_001_mask.png,Apple,Unripe
C:\Users\user\code\ip-asgm\results\preprocessing\MedianFinal\ProcessedImages\Peach\Unripe\Peach_Unripe_054.jpg,C:\Users\user\code\ip-asgm\results\preprocessing\MedianFinal\ROIMasks\Peach\Unripe\Peach_Unripe_054_mask.png,Peach,Unripe
C:\Users\user\code\ip-asgm\results\preprocessing\MedianFinal\ProcessedImages\Melon\Overripe\Melon_Overripe_013.jpg,C:\Users\user\code\ip-asgm\results\preprocessing\MedianFinal\ROIMasks\Melon\Overripe\Melon_Overripe_013_mask.png,Melon,Overripe
C:\Users\user\code\ip-asgm\results\preprocessing\MedianFinal\ProcessedImages\Apple\Rotten\Apple_Rotten_045.jpg,C:\Users\user\code\ip-asgm\results\preprocessing\MedianFinal\ROIMasks\Apple\Rotten\Apple_Rotten_045_mask.png,Apple,Rotten
C:\Users\user\code\ip-asgm\results\preprocessing\MedianFinal\ProcessedImages\Pear\Overripe\Pear_Overripe_011.jpg,C:\Users\user\code\ip-asgm\results\preprocessing\MedianFinal\ROIMasks\Pear\Overripe\Pear_Overripe_011_mask.png,Pear,Overripe
C:\Users\user\code\ip-asgm\results\preprocessing\MedianFinal\ProcessedImages\Apple\Unripe\Apple_Unripe_019.jpg,C:\Users\user\code\ip-asgm\results\preprocessing\MedianFinal\ROIMasks\Apple\Unripe\Apple_Unripe_019_mask.png,Apple,Unripe
C:\Users\user\code\ip-asgm\results\preprocessing\MedianFinal\ProcessedImages\Orange\Rotten\Orange_Rotten_077.jpg,C:\Users\user\code\ip-asgm\results\preprocessing\MedianFinal\ROIMasks\Orange\Rotten\Orange_Rotten_077_mask.png,Orange,Rotten
C:\Users\user\code\ip-asgm\results\preprocessing\MedianFinal\ProcessedImages\Pear\Ripe\Pear_Ripe_056.jpg,C:\Users\user\code\ip-asgm\results\preprocessing\MedianFinal\ROIMasks\Pear\Ripe\Pear_Ripe_056_mask.png,Pear,Ripe
C:\Users\user\code\ip-asgm\results\preprocessing\MedianFinal\ProcessedImages\Guava\Class_A\Guava_Class_A_001.jpg,C:\Users\user\code\ip-asgm\results\preprocessing\MedianFinal\ROIMasks\Guava\Class_A\Guava_Class_A_001_mask.png,Guava,Class_A
C:\Users\user\code\ip-asgm\results\preprocessing\MedianFinal\ProcessedImages\Grape\Rotten\Grape_Rotten_001.jpg,C:\Users\user\code\ip-asgm\results\preprocessing\MedianFinal\ROIMasks\Grape\Rotten\Grape_Rotten_001_mask.png,Grape,Rotten
C:\Users\user\code\ip-asgm\results\preprocessing\MedianFinal\ProcessedImages\Grape\Overripe\Grape_Overripe_040.jpg,C:\Users\user\code\ip-asgm\results\preprocessing\MedianFinal\ROIMasks\Grape\Overripe\Grape_Overripe_040_mask.png,Grape,Overripe
C:\Users\user\code\ip-asgm\results\preprocessing\MedianFinal\ProcessedImages\Orange\Overripe\Orange_Overripe_019.jpg,C:\Users\user\code\ip-asgm\results\preprocessing\MedianFinal\ROIMasks\Orange\Overripe\Orange_Overripe_019_mask.png,Orange,Overripe
C:\Users\user\code\ip-asgm\results\preprocessing\MedianFinal\ProcessedImages\Grape\Overripe\Grape_Overripe_045.jpg,C:\Users\user\code\ip-asgm\results\preprocessing\MedianFinal\ROIMasks\Grape\Overripe\Grape_Overripe_045_mask.png,Grape,Overripe
C:\Users\user\code\ip-asgm\results\preprocessing\MedianFinal\ProcessedImages\Pear\Ripe\Pear_Ripe_017.jpg,C:\Users\user\code\ip-asgm\results\preprocessing\MedianFinal\ROIMasks\Pear\Ripe\Pear_Ripe_017_mask.png,Pear,Ripe
C:\Users\user\code\ip-asgm\results\preprocessing\MedianFinal\ProcessedImages\Mango\Ripe\Mango_Ripe_046.jpg,C:\Users\user\code\ip-asgm\results\preprocessing\MedianFinal\ROIMasks\Mango\Ripe\Mango_Ripe_046_mask.png,Mango,Ripe
C:\Users\user\code\ip-asgm\results\preprocessing\MedianFinal\ProcessedImages\Apple\Unripe\Apple_Unripe_040.jpg,C:\Users\user\code\ip-asgm\results\preprocessing\MedianFinal\ROIMasks\Apple\Unripe\Apple_Unripe_040_mask.png,Apple,Unripe
C:\Users\user\code\ip-asgm\results\preprocessing\MedianFinal\ProcessedImages\Melon\Ripe\Melon_Ripe_001.jpg,C:\Users\user\code\ip-asgm\results\preprocessing\MedianFinal\ROIMasks\Melon\Ripe\Melon_Ripe_001_mask.png,Melon,Ripe
C:\Users\user\code\ip-asgm\results\preprocessing\MedianFinal\ProcessedImages\Apple\Rotten\Apple_Rotten_001.jpg,C:\Users\user\code\ip-asgm\results\preprocessing\MedianFinal\ROIMasks\Apple\Rotten\Apple_Rotten_001_mask.png,Apple,Rotten
C:\Users\user\code\ip-asgm\results\preprocessing\MedianFinal\ProcessedImages\Banana\Ripe\Banana_Ripe_013.jpg,C:\Users\user\code\ip-asgm\results\preprocessing\MedianFinal\ROIMasks\Banana\Ripe\Banana_Ripe_013_mask.png,Banana,Ripe
C:\Users\user\code\ip-asgm\results\preprocessing\MedianFinal\ProcessedImages\Grape\Ripe\Grape_Ripe_074.jpg,C:\Users\user\code\ip-asgm\results\preprocessing\MedianFinal\ROIMasks\Grape\Ripe\Grape_Ripe_074_mask.png,Grape,Ripe
C:\Users\user\code\ip-asgm\results\preprocessing\MedianFinal\ProcessedImages\Apple\Ripe\Apple_Ripe_032.jpg,C:\Users\user\code\ip-asgm\results\preprocessing\MedianFinal\ROIMasks\Apple\Ripe\Apple_Ripe_032_mask.png,Apple,Ripe
C:\Users\user\code\ip-asgm\results\preprocessing\MedianFinal\ProcessedImages\Guava\Class_A\Guava_Class_A_032.jpg,C:\Users\user\code\ip-asgm\results\preprocessing\MedianFinal\ROIMasks\Guava\Class_A\Guava_Class_A_032_mask.png,Guava,Class_A
C:\Users\user\code\ip-asgm\results\preprocessing\MedianFinal\ProcessedImages\Melon\Rotten\Melon_Rotten_009.jpg,C:\Users\user\code\ip-asgm\results\preprocessing\MedianFinal\ROIMasks\Melon\Rotten\Melon_Rotten_009_mask.png,Melon,Rotten
C:\Users\user\code\ip-asgm\results\preprocessing\MedianFinal\ProcessedImages\Apple\Overripe\Apple_Overripe_023.jpg,C:\Users\user\code\ip-asgm\results\preprocessing\MedianFinal\ROIMasks\Apple\Overripe\Apple_Overripe_023_mask.png,Apple,Overripe
C:\Users\user\code\ip-asgm\results\preprocessing\MedianFinal\ProcessedImages\Banana\Ripe\Banana_Ripe_054.jpg,C:\Users\user\code\ip-asgm\results\preprocessing\MedianFinal\ROIMasks\Banana\Ripe\Banana_Ripe_054_mask.png,Banana,Ripe
C:\Users\user\code\ip-asgm\results\preprocessing\MedianFinal\ProcessedImages\Peach\Overripe\Peach_Overripe_046.jpg,C:\Users\user\code\ip-asgm\results\preprocessing\MedianFinal\ROIMasks\Peach\Overripe\Peach_Overripe_046_mask.png,Peach,Overripe
C:\Users\user\code\ip-asgm\results\preprocessing\MedianFinal\ProcessedImages\Guava\Defect\Guava_Defect_032.jpg,C:\Users\user\code\ip-asgm\results\preprocessing\MedianFinal\ROIMasks\Guava\Defect\Guava_Defect_032_mask.png,Guava,Defect
C:\Users\user\code\ip-asgm\results\preprocessing\MedianFinal\ProcessedImages\Melon\Overripe\Melon_Overripe_007.jpg,C:\Users\user\code\ip-asgm\results\preprocessing\MedianFinal\ROIMasks\Melon\Overripe\Melon_Overripe_007_mask.png,Melon,Overripe
C:\Users\user\code\ip-asgm\results\preprocessing\MedianFinal\ProcessedImages\Peach\Rotten\Peach_Rotten_071.jpg,C:\Users\user\code\ip-asgm\results\preprocessing\MedianFinal\ROIMasks\Peach\Rotten\Peach_Rotten_071_mask.png,Peach,Rotten
C:\Users\user\code\ip-asgm\results\preprocessing\MedianFinal\ProcessedImages\Mango\Overripe\Mango_Overripe_013.jpg,C:\Users\user\code\ip-asgm\results\preprocessing\MedianFinal\ROIMasks\Mango\Overripe\Mango_Overripe_013_mask.png,Mango,Overripe
C:\Users\user\code\ip-asgm\results\preprocessing\MedianFinal\ProcessedImages\Banana\Unripe\Banana_Unripe_040.jpg,C:\Users\user\code\ip-asgm\results\preprocessing\MedianFinal\ROIMasks\Banana\Unripe\Banana_Unripe_040_mask.png,Banana,Unripe
C:\Users\user\code\ip-asgm\results\preprocessing\MedianFinal\ProcessedImages\Orange\Ripe\Orange_Ripe_081.jpg,C:\Users\user\code\ip-asgm\results\preprocessing\MedianFinal\ROIMasks\Orange\Ripe\Orange_Ripe_081_mask.png,Orange,Ripe
C:\Users\user\code\ip-asgm\results\preprocessing\MedianFinal\ProcessedImages\Mango\Rotten\Mango_Rotten_034.jpg,C:\Users\user\code\ip-asgm\results\preprocessing\MedianFinal\ROIMasks\Mango\Rotten\Mango_Rotten_034_mask.png,Mango,Rotten
C:\Users\user\code\ip-asgm\results\preprocessing\MedianFinal\ProcessedImages\Grape\Rotten\Grape_Rotten_011.jpg,C:\Users\user\code\ip-asgm\results\preprocessing\MedianFinal\ROIMasks\Grape\Rotten\Grape_Rotten_011_mask.png,Grape,Rotten
C:\Users\user\code\ip-asgm\results\preprocessing\MedianFinal\ProcessedImages\Pear\Unripe\Pear_Unripe_077.jpg,C:\Users\user\code\ip-asgm\results\preprocessing\MedianFinal\ROIMasks\Pear\Unripe\Pear_Unripe_077_mask.png,Pear,Unripe
C:\Users\user\code\ip-asgm\results\preprocessing\MedianFinal\ProcessedImages\Mango\Unripe\Mango_Unripe_054.jpg,C:\Users\user\code\ip-asgm\results\preprocessing\MedianFinal\ROIMasks\Mango\Unripe\Mango_Unripe_054_mask.png,Mango,Unripe
C:\Users\user\code\ip-asgm\results\preprocessing\MedianFinal\ProcessedImages\Banana\Overripe\Banana_Overripe_023.jpg,C:\Users\user\code\ip-asgm\results\preprocessing\MedianFinal\ROIMasks\Banana\Overripe\Banana_Overripe_023_mask.png,Banana,Overripe
C:\Users\user\code\ip-asgm\results\preprocessing\MedianFinal\ProcessedImages\Pear\Overripe\Pear_Overripe_048.jpg,C:\Users\user\code\ip-asgm\results\preprocessing\MedianFinal\ROIMasks\Pear\Overripe\Pear_Overripe_048_mask.png,Pear,Overripe
C:\Users\user\code\ip-asgm\results\preprocessing\MedianFinal\ProcessedImages\Orange\Ripe\Orange_Ripe_071.jpg,C:\Users\user\code\ip-asgm\results\preprocessing\MedianFinal\ROIMasks\Orange\Ripe\Orange_Ripe_071_mask.png,Orange,Ripe
C:\Users\user\code\ip-asgm\results\preprocessing\MedianFinal\ProcessedImages\Pear\Overripe\Pear_Overripe_056.jpg,C:\Users\user\code\ip-asgm\results\preprocessing\MedianFinal\ROIMasks\Pear\Overripe\Pear_Overripe_056_mask.png,Pear,Overripe
C:\Users\user\code\ip-asgm\results\preprocessing\MedianFinal\ProcessedImages\Apple\Rotten\Apple_Rotten_054.jpg,C:\Users\user\code\ip-asgm\results\preprocessing\MedianFinal\ROIMasks\Apple\Rotten\Apple_Rotten_054_mask.png,Apple,Rotten
C:\Users\user\code\ip-asgm\results\preprocessing\MedianFinal\ProcessedImages\Banana\Ripe\Banana_Ripe_011.jpg,C:\Users\user\code\ip-asgm\results\preprocessing\MedianFinal\ROIMasks\Banana\Ripe\Banana_Ripe_011_mask.png,Banana,Ripe
C:\Users\user\code\ip-asgm\results\preprocessing\MedianFinal\ProcessedImages\Pear\Unripe\Pear_Unripe_031.jpg,C:\Users\user\code\ip-asgm\results\preprocessing\MedianFinal\ROIMasks\Pear\Unripe\Pear_Unripe_031_mask.png,Pear,Unripe
C:\Users\user\code\ip-asgm\results\preprocessing\MedianFinal\ProcessedImages\Apple\Rotten\Apple_Rotten_077.jpg,C:\Users\user\code\ip-asgm\results\preprocessing\MedianFinal\ROIMasks\Apple\Rotten\Apple_Rotten_077_mask.png,Apple,Rotten
C:\Users\user\code\ip-asgm\results\preprocessing\MedianFinal\ProcessedImages\Melon\Rotten\Melon_Rotten_001.jpg,C:\Users\user\code\ip-asgm\results\preprocessing\MedianFinal\ROIMasks\Melon\Rotten\Melon_Rotten_001_mask.png,Melon,Rotten
C:\Users\user\code\ip-asgm\results\preprocessing\MedianFinal\ProcessedImages\Orange\Rotten\Orange_Rotten_005.jpg,C:\Users\user\code\ip-asgm\results\preprocessing\MedianFinal\ROIMasks\Orange\Rotten\Orange_Rotten_005_mask.png,Orange,Rotten
C:\Users\user\code\ip-asgm\results\preprocessing\MedianFinal\ProcessedImages\Apple\Ripe\Apple_Ripe_045.jpg,C:\Users\user\code\ip-asgm\results\preprocessing\MedianFinal\ROIMasks\Apple\Ripe\Apple_Ripe_045_mask.png,Apple,Ripe
C:\Users\user\code\ip-asgm\results\preprocessing\MedianFinal\ProcessedImages\Grape\Rotten\Grape_Rotten_013.jpg,C:\Users\user\code\ip-asgm\results\preprocessing\MedianFinal\ROIMasks\Grape\Rotten\Grape_Rotten_013_mask.png,Grape,Rotten
C:\Users\user\code\ip-asgm\results\preprocessing\MedianFinal\ProcessedImages\Melon\Rotten\Melon_Rotten_002.jpg,C:\Users\user\code\ip-asgm\results\preprocessing\MedianFinal\ROIMasks\Melon\Rotten\Melon_Rotten_002_mask.png,Melon,Rotten
C:\Users\user\code\ip-asgm\results\preprocessing\MedianFinal\ProcessedImages\Guava\Defect\Guava_Defect_054.jpg,C:\Users\user\code\ip-asgm\results\preprocessing\MedianFinal\ROIMasks\Guava\Defect\Guava_Defect_054_mask.png,Guava,Defect
C:\Users\user\code\ip-asgm\results\preprocessing\MedianFinal\ProcessedImages\Banana\Ripe\Banana_Ripe_019.jpg,C:\Users\user\code\ip-asgm\results\preprocessing\MedianFinal\ROIMasks\Banana\Ripe\Banana_Ripe_019_mask.png,Banana,Ripe
C:\Users\user\code\ip-asgm\results\preprocessing\MedianFinal\ProcessedImages\Banana\Overripe\Banana_Overripe_071.jpg,C:\Users\user\code\ip-asgm\results\preprocessing\MedianFinal\ROIMasks\Banana\Overripe\Banana_Overripe_071_mask.png,Banana,Overripe
C:\Users\user\code\ip-asgm\results\preprocessing\MedianFinal\ProcessedImages\Apple\Rotten\Apple_Rotten_031.jpg,C:\Users\user\code\ip-asgm\results\preprocessing\MedianFinal\ROIMasks\Apple\Rotten\Apple_Rotten_031_mask.png,Apple,Rotten
C:\Users\user\code\ip-asgm\results\preprocessing\MedianFinal\ProcessedImages\Grape\Unripe\Grape_Unripe_084.jpg,C:\Users\user\code\ip-asgm\results\preprocessing\MedianFinal\ROIMasks\Grape\Unripe\Grape_Unripe_084_mask.png,Grape,Unripe
C:\Users\user\code\ip-asgm\results\preprocessing\MedianFinal\ProcessedImages\Pear\Rotten\Pear_Rotten_001.jpg,C:\Users\user\code\ip-asgm\results\preprocessing\MedianFinal\ROIMasks\Pear\Rotten\Pear_Rotten_001_mask.png,Pear,Rotten
C:\Users\user\code\ip-asgm\results\preprocessing\MedianFinal\ProcessedImages\Peach\Overripe\Peach_Overripe_040.jpg,C:\Users\user\code\ip-asgm\results\preprocessing\MedianFinal\ROIMasks\Peach\Overripe\Peach_Overripe_040_mask.png,Peach,Overripe
C:\Users\user\code\ip-asgm\results\preprocessing\MedianFinal\ProcessedImages\Mango\Overripe\Mango_Overripe_071.jpg,C:\Users\user\code\ip-asgm\results\preprocessing\MedianFinal\ROIMasks\Mango\Overripe\Mango_Overripe_071_mask.png,Mango,Overripe
C:\Users\user\code\ip-asgm\results\preprocessing\MedianFinal\ProcessedImages\Peach\Ripe\Peach_Ripe_078.jpg,C:\Users\user\code\ip-asgm\results\preprocessing\MedianFinal\ROIMasks\Peach\Ripe\Peach_Ripe_078_mask.png,Peach,Ripe
C:\Users\user\code\ip-asgm\results\preprocessing\MedianFinal\ProcessedImages\Grape\Rotten\Grape_Rotten_005.jpg,C:\Users\user\code\ip-asgm\results\preprocessing\MedianFinal\ROIMasks\Grape\Rotten\Grape_Rotten_005_mask.png,Grape,Rotten
C:\Users\user\code\ip-asgm\results\preprocessing\MedianFinal\ProcessedImages\Grape\Unripe\Grape_Unripe_005.jpg,C:\Users\user\code\ip-asgm\results\preprocessing\MedianFinal\ROIMasks\Grape\Unripe\Grape_Unripe_005_mask.png,Grape,Unripe
C:\Users\user\code\ip-asgm\results\preprocessing\MedianFinal\ProcessedImages\Apple\Overripe\Apple_Overripe_013.jpg,C:\Users\user\code\ip-asgm\results\preprocessing\MedianFinal\ROIMasks\Apple\Overripe\Apple_Overripe_013_mask.png,Apple,Overripe
C:\Users\user\code\ip-asgm\results\preprocessing\MedianFinal\ProcessedImages\Guava\Class_A\Guava_Class_A_019.jpg,C:\Users\user\code\ip-asgm\results\preprocessing\MedianFinal\ROIMasks\Guava\Class_A\Guava_Class_A_019_mask.png,Guava,Class_A
C:\Users\user\code\ip-asgm\results\preprocessing\MedianFinal\ProcessedImages\Guava\Class_B\Guava_Class_B_084.jpg,C:\Users\user\code\ip-asgm\results\preprocessing\MedianFinal\ROIMasks\Guava\Class_B\Guava_Class_B_084_mask.png,Guava,Class_B
C:\Users\user\code\ip-asgm\results\preprocessing\MedianFinal\ProcessedImages\Melon\Rotten\Melon_Rotten_016.jpg,C:\Users\user\code\ip-asgm\results\preprocessing\MedianFinal\ROIMasks\Melon\Rotten\Melon_Rotten_016_mask.png,Melon,Rotten
C:\Users\user\code\ip-asgm\results\preprocessing\MedianFinal\ProcessedImages\Guava\Class_B\Guava_Class_B_045.jpg,C:\Users\user\code\ip-asgm\results\preprocessing\MedianFinal\ROIMasks\Guava\Class_B\Guava_Class_B_045_mask.png,Guava,Class_B
C:\Users\user\code\ip-asgm\results\preprocessing\MedianFinal\ProcessedImages\Apple\Unripe\Apple_Unripe_054.jpg,C:\Users\user\code\ip-asgm\results\preprocessing\MedianFinal\ROIMasks\Apple\Unripe\Apple_Unripe_054_mask.png,Apple,Unripe
C:\Users\user\code\ip-asgm\results\preprocessing\MedianFinal\ProcessedImages\Grape\Rotten\Grape_Rotten_034.jpg,C:\Users\user\code\ip-asgm\results\preprocessing\MedianFinal\ROIMasks\Grape\Rotten\Grape_Rotten_034_mask.png,Grape,Rotten
C:\Users\user\code\ip-asgm\results\preprocessing\MedianFinal\ProcessedImages\Mango\Unripe\Mango_Unripe_078.jpg,C:\Users\user\code\ip-asgm\results\preprocessing\MedianFinal\ROIMasks\Mango\Unripe\Mango_Unripe_078_mask.png,Mango,Unripe
C:\Users\user\code\ip-asgm\results\preprocessing\MedianFinal\ProcessedImages\Apple\Ripe\Apple_Ripe_001.jpg,C:\Users\user\code\ip-asgm\results\preprocessing\MedianFinal\ROIMasks\Apple\Ripe\Apple_Ripe_001_mask.png,Apple,Ripe
C:\Users\user\code\ip-asgm\results\preprocessing\MedianFinal\ProcessedImages\Grape\Ripe\Grape_Ripe_071.jpg,C:\Users\user\code\ip-asgm\results\preprocessing\MedianFinal\ROIMasks\Grape\Ripe\Grape_Ripe_071_mask.png,Grape,Ripe
C:\Users\user\code\ip-asgm\results\preprocessing\MedianFinal\ProcessedImages\Mango\Overripe\Mango_Overripe_023.jpg,C:\Users\user\code\ip-asgm\results\preprocessing\MedianFinal\ROIMasks\Mango\Overripe\Mango_Overripe_023_mask.png,Mango,Overripe
C:\Users\user\code\ip-asgm\results\preprocessing\MedianFinal\ProcessedImages\Melon\Overripe\Melon_Overripe_033.jpg,C:\Users\user\code\ip-asgm\results\preprocessing\MedianFinal\ROIMasks\Melon\Overripe\Melon_Overripe_033_mask.png,Melon,Overripe
C:\Users\user\code\ip-asgm\results\preprocessing\MedianFinal\ProcessedImages\Mango\Ripe\Mango_Ripe_001.jpg,C:\Users\user\code\ip-asgm\results\preprocessing\MedianFinal\ROIMasks\Mango\Ripe\Mango_Ripe_001_mask.png,Mango,Ripe
C:\Users\user\code\ip-asgm\results\preprocessing\MedianFinal\ProcessedImages\Melon\Rotten\Melon_Rotten_004.jpg,C:\Users\user\code\ip-asgm\results\preprocessing\MedianFinal\ROIMasks\Melon\Rotten\Melon_Rotten_004_mask.png,Melon,Rotten
C:\Users\user\code\ip-asgm\results\preprocessing\MedianFinal\ProcessedImages\Guava\Defect\Guava_Defect_077.jpg,C:\Users\user\code\ip-asgm\results\preprocessing\MedianFinal\ROIMasks\Guava\Defect\Guava_Defect_077_mask.png,Guava,Defect
C:\Users\user\code\ip-asgm\results\preprocessing\MedianFinal\ProcessedImages\Peach\Rotten\Peach_Rotten_040.jpg,C:\Users\user\code\ip-asgm\results\preprocessing\MedianFinal\ROIMasks\Peach\Rotten\Peach_Rotten_040_mask.png,Peach,Rotten
C:\Users\user\code\ip-asgm\results\preprocessing\MedianFinal\ProcessedImages\Mango\Rotten\Mango_Rotten_071.jpg,C:\Users\user\code\ip-asgm\results\preprocessing\MedianFinal\ROIMasks\Mango\Rotten\Mango_Rotten_071_mask.png,Mango,Rotten
C:\Users\user\code\ip-asgm\results\preprocessing\MedianFinal\ProcessedImages\Melon\Rotten\Melon_Rotten_024.jpg,C:\Users\user\code\ip-asgm\results\preprocessing\MedianFinal\ROIMasks\Melon\Rotten\Melon_Rotten_024_mask.png,Melon,Rotten
C:\Users\user\code\ip-asgm\results\preprocessing\MedianFinal\ProcessedImages\Peach\Rotten\Peach_Rotten_084.jpg,C:\Users\user\code\ip-asgm\results\preprocessing\MedianFinal\ROIMasks\Peach\Rotten\Peach_Rotten_084_mask.png,Peach,Rotten
C:\Users\user\code\ip-asgm\results\preprocessing\MedianFinal\ProcessedImages\Mango\Ripe\Mango_Ripe_023.jpg,C:\Users\user\code\ip-asgm\results\preprocessing\MedianFinal\ROIMasks\Mango\Ripe\Mango_Ripe_023_mask.png,Mango,Ripe
C:\Users\user\code\ip-asgm\results\preprocessing\MedianFinal\ProcessedImages\Mango\Unripe\Mango_Unripe_071.jpg,C:\Users\user\code\ip-asgm\results\preprocessing\MedianFinal\ROIMasks\Mango\Unripe\Mango_Unripe_071_mask.png,Mango,Unripe
C:\Users\user\code\ip-asgm\results\preprocessing\MedianFinal\ProcessedImages\Peach\Unripe\Peach_Unripe_013.jpg,C:\Users\user\code\ip-asgm\results\preprocessing\MedianFinal\ROIMasks\Peach\Unripe\Peach_Unripe_013_mask.png,Peach,Unripe
C:\Users\user\code\ip-asgm\results\preprocessing\MedianFinal\ProcessedImages\Peach\Ripe\Peach_Ripe_032.jpg,C:\Users\user\code\ip-asgm\results\preprocessing\MedianFinal\ROIMasks\Peach\Ripe\Peach_Ripe_032_mask.png,Peach,Ripe
C:\Users\user\code\ip-asgm\results\preprocessing\MedianFinal\ProcessedImages\Grape\Unripe\Grape_Unripe_031.jpg,C:\Users\user\code\ip-asgm\results\preprocessing\MedianFinal\ROIMasks\Grape\Unripe\Grape_Unripe_031_mask.png,Grape,Unripe
C:\Users\user\code\ip-asgm\results\preprocessing\MedianFinal\ProcessedImages\Mango\Ripe\Mango_Ripe_077.jpg,C:\Users\user\code\ip-asgm\results\preprocessing\MedianFinal\ROIMasks\Mango\Ripe\Mango_Ripe_077_mask.png,Mango,Ripe
C:\Users\user\code\ip-asgm\results\preprocessing\MedianFinal\ProcessedImages\Pear\Ripe\Pear_Ripe_050.jpg,C:\Users\user\code\ip-asgm\results\preprocessing\MedianFinal\ROIMasks\Pear\Ripe\Pear_Ripe_050_mask.png,Pear,Ripe
C:\Users\user\code\ip-asgm\results\preprocessing\MedianFinal\ProcessedImages\Grape\Overripe\Grape_Overripe_046.jpg,C:\Users\user\code\ip-asgm\results\preprocessing\MedianFinal\ROIMasks\Grape\Overripe\Grape_Overripe_046_mask.png,Grape,Overripe
C:\Users\user\code\ip-asgm\results\preprocessing\MedianFinal\ProcessedImages\Guava\Defect\Guava_Defect_023.jpg,C:\Users\user\code\ip-asgm\results\preprocessing\MedianFinal\ROIMasks\Guava\Defect\Guava_Defect_023_mask.png,Guava,Defect
C:\Users\user\code\ip-asgm\results\preprocessing\MedianFinal\ProcessedImages\Peach\Unripe\Peach_Unripe_034.jpg,C:\Users\user\code\ip-asgm\results\preprocessing\MedianFinal\ROIMasks\Peach\Unripe\Peach_Unripe_034_mask.png,Peach,Unripe
C:\Users\user\code\ip-asgm\results\preprocessing\MedianFinal\ProcessedImages\Orange\Rotten\Orange_Rotten_013.jpg,C:\Users\user\code\ip-asgm\results\preprocessing\MedianFinal\ROIMasks\Orange\Rotten\Orange_Rotten_013_mask.png,Orange,Rotten
C:\Users\user\code\ip-asgm\results\preprocessing\MedianFinal\ProcessedImages\Orange\Overripe\Orange_Overripe_045.jpg,C:\Users\user\code\ip-asgm\results\preprocessing\MedianFinal\ROIMasks\Orange\Overripe\Orange_Overripe_045_mask.png,Orange,Overripe
C:\Users\user\code\ip-asgm\results\preprocessing\MedianFinal\ProcessedImages\Guava\Class_B\Guava_Class_B_078.jpg,C:\Users\user\code\ip-asgm\results\preprocessing\MedianFinal\ROIMasks\Guava\Class_B\Guava_Class_B_078_mask.png,Guava,Class_B
C:\Users\user\code\ip-asgm\results\preprocessing\MedianFinal\ProcessedImages\Melon\Ripe\Melon_Ripe_011.jpg,C:\Users\user\code\ip-asgm\results\preprocessing\MedianFinal\ROIMasks\Melon\Ripe\Melon_Ripe_011_mask.png,Melon,Ripe
C:\Users\user\code\ip-asgm\results\preprocessing\MedianFinal\ProcessedImages\Banana\Ripe\Banana_Ripe_045.jpg,C:\Users\user\code\ip-asgm\results\preprocessing\MedianFinal\ROIMasks\Banana\Ripe\Banana_Ripe_045_mask.png,Banana,Ripe
C:\Users\user\code\ip-asgm\results\preprocessing\MedianFinal\ProcessedImages\Banana\Ripe\Banana_Ripe_091.jpg,C:\Users\user\code\ip-asgm\results\preprocessing\MedianFinal\ROIMasks\Banana\Ripe\Banana_Ripe_091_mask.png,Banana,Ripe
C:\Users\user\code\ip-asgm\results\preprocessing\MedianFinal\ProcessedImages\Pear\Overripe\Pear_Overripe_005.jpg,C:\Users\user\code\ip-asgm\results\preprocessing\MedianFinal\ROIMasks\Pear\Overripe\Pear_Overripe_005_mask.png,Pear,Overripe
C:\Users\user\code\ip-asgm\results\preprocessing\MedianFinal\ProcessedImages\Peach\Rotten\Peach_Rotten_023.jpg,C:\Users\user\code\ip-asgm\results\preprocessing\MedianFinal\ROIMasks\Peach\Rotten\Peach_Rotten_023_mask.png,Peach,Rotten
C:\Users\user\code\ip-asgm\results\preprocessing\MedianFinal\ProcessedImages\Orange\Overripe\Orange_Overripe_081.jpg,C:\Users\user\code\ip-asgm\results\preprocessing\MedianFinal\ROIMasks\Orange\Overripe\Orange_Overripe_081_mask.png,Orange,Overripe
C:\Users\user\code\ip-asgm\results\preprocessing\MedianFinal\ProcessedImages\Banana\Overripe\Banana_Overripe_074.jpg,C:\Users\user\code\ip-asgm\results\preprocessing\MedianFinal\ROIMasks\Banana\Overripe\Banana_Overripe_074_mask.png,Banana,Overripe
C:\Users\user\code\ip-asgm\results\preprocessing\MedianFinal\ProcessedImages\Apple\Overripe\Apple_Overripe_081.jpg,C:\Users\user\code\ip-asgm\results\preprocessing\MedianFinal\ROIMasks\Apple\Overripe\Apple_Overripe_081_mask.png,Apple,Overripe
C:\Users\user\code\ip-asgm\results\preprocessing\MedianFinal\ProcessedImages\Banana\Overripe\Banana_Overripe_001.jpg,C:\Users\user\code\ip-asgm\results\preprocessing\MedianFinal\ROIMasks\Banana\Overripe\Banana_Overripe_001_mask.png,Banana,Overripe
C:\Users\user\code\ip-asgm\results\preprocessing\MedianFinal\ProcessedImages\Orange\Unripe\Orange_Unripe_001.jpg,C:\Users\user\code\ip-asgm\results\preprocessing\MedianFinal\ROIMasks\Orange\Unripe\Orange_Unripe_001_mask.png,Orange,Unripe
C:\Users\user\code\ip-asgm\results\preprocessing\MedianFinal\ProcessedImages\Melon\Overripe\Melon_Overripe_014.jpg,C:\Users\user\code\ip-asgm\results\preprocessing\MedianFinal\ROIMasks\Melon\Overripe\Melon_Overripe_014_mask.png,Melon,Overripe
C:\Users\user\code\ip-asgm\results\preprocessing\MedianFinal\ProcessedImages\Orange\Unripe\Orange_Unripe_071.jpg,C:\Users\user\code\ip-asgm\results\preprocessing\MedianFinal\ROIMasks\Orange\Unripe\Orange_Unripe_071_mask.png,Orange,Unripe
C:\Users\user\code\ip-asgm\results\preprocessing\MedianFinal\ProcessedImages\Peach\Ripe\Peach_Ripe_081.jpg,C:\Users\user\code\ip-asgm\results\preprocessing\MedianFinal\ROIMasks\Peach\Ripe\Peach_Ripe_081_mask.png,Peach,Ripe
C:\Users\user\code\ip-asgm\results\preprocessing\MedianFinal\ProcessedImages\Mango\Unripe\Mango_Unripe_046.jpg,C:\Users\user\code\ip-asgm\results\preprocessing\MedianFinal\ROIMasks\Mango\Unripe\Mango_Unripe_046_mask.png,Mango,Unripe
C:\Users\user\code\ip-asgm\results\preprocessing\MedianFinal\ProcessedImages\Pear\Overripe\Pear_Overripe_050.jpg,C:\Users\user\code\ip-asgm\results\preprocessing\MedianFinal\ROIMasks\Pear\Overripe\Pear_Overripe_050_mask.png,Pear,Overripe
C:\Users\user\code\ip-asgm\results\preprocessing\MedianFinal\ProcessedImages\Banana\Unripe\Banana_Unripe_084.jpg,C:\Users\user\code\ip-asgm\results\preprocessing\MedianFinal\ROIMasks\Banana\Unripe\Banana_Unripe_084_mask.png,Banana,Unripe
C:\Users\user\code\ip-asgm\results\preprocessing\MedianFinal\ProcessedImages\Apple\Ripe\Apple_Ripe_011.jpg,C:\Users\user\code\ip-asgm\results\preprocessing\MedianFinal\ROIMasks\Apple\Ripe\Apple_Ripe_011_mask.png,Apple,Ripe
C:\Users\user\code\ip-asgm\results\preprocessing\MedianFinal\ProcessedImages\Apple\Rotten\Apple_Rotten_046.jpg,C:\Users\user\code\ip-asgm\results\preprocessing\MedianFinal\ROIMasks\Apple\Rotten\Apple_Rotten_046_mask.png,Apple,Rotten
C:\Users\user\code\ip-asgm\results\preprocessing\MedianFinal\ProcessedImages\Apple\Rotten\Apple_Rotten_071.jpg,C:\Users\user\code\ip-asgm\results\preprocessing\MedianFinal\ROIMasks\Apple\Rotten\Apple_Rotten_071_mask.png,Apple,Rotten
C:\Users\user\code\ip-asgm\results\preprocessing\MedianFinal\ProcessedImages\Apple\Unripe\Apple_Unripe_034.jpg,C:\Users\user\code\ip-asgm\results\preprocessing\MedianFinal\ROIMasks\Apple\Unripe\Apple_Unripe_034_mask.png,Apple,Unripe
C:\Users\user\code\ip-asgm\results\preprocessing\MedianFinal\ProcessedImages\Grape\Overripe\Grape_Overripe_081.jpg,C:\Users\user\code\ip-asgm\results\preprocessing\MedianFinal\ROIMasks\Grape\Overripe\Grape_Overripe_081_mask.png,Grape,Overripe
C:\Users\user\code\ip-asgm\results\preprocessing\MedianFinal\ProcessedImages\Grape\Rotten\Grape_Rotten_019.jpg,C:\Users\user\code\ip-asgm\results\preprocessing\MedianFinal\ROIMasks\Grape\Rotten\Grape_Rotten_019_mask.png,Grape,Rotten
C:\Users\user\code\ip-asgm\results\preprocessing\MedianFinal\ProcessedImages\Peach\Unripe\Peach_Unripe_031.jpg,C:\Users\user\code\ip-asgm\results\preprocessing\MedianFinal\ROIMasks\Peach\Unripe\Peach_Unripe_031_mask.png,Peach,Unripe
C:\Users\user\code\ip-asgm\results\preprocessing\MedianFinal\ProcessedImages\Apple\Unripe\Apple_Unripe_023.jpg,C:\Users\user\code\ip-asgm\results\preprocessing\MedianFinal\ROIMasks\Apple\Unripe\Apple_Unripe_023_mask.png,Apple,Unripe
C:\Users\user\code\ip-asgm\results\preprocessing\MedianFinal\ProcessedImages\Apple\Overripe\Apple_Overripe_031.jpg,C:\Users\user\code\ip-asgm\results\preprocessing\MedianFinal\ROIMasks\Apple\Overripe\Apple_Overripe_031_mask.png,Apple,Overripe
C:\Users\user\code\ip-asgm\results\preprocessing\MedianFinal\ProcessedImages\Pear\Overripe\Pear_Overripe_077.jpg,C:\Users\user\code\ip-asgm\results\preprocessing\MedianFinal\ROIMasks\Pear\Overripe\Pear_Overripe_077_mask.png,Pear,Overripe
C:\Users\user\code\ip-asgm\results\preprocessing\MedianFinal\ProcessedImages\Peach\Ripe\Peach_Ripe_011.jpg,C:\Users\user\code\ip-asgm\results\preprocessing\MedianFinal\ROIMasks\Peach\Ripe\Peach_Ripe_011_mask.png,Peach,Ripe
C:\Users\user\code\ip-asgm\results\preprocessing\MedianFinal\ProcessedImages\Grape\Overripe\Grape_Overripe_013.jpg,C:\Users\user\code\ip-asgm\results\preprocessing\MedianFinal\ROIMasks\Grape\Overripe\Grape_Overripe_013_mask.png,Grape,Overripe
C:\Users\user\code\ip-asgm\results\preprocessing\MedianFinal\ProcessedImages\Orange\Unripe\Orange_Unripe_091.jpg,C:\Users\user\code\ip-asgm\results\preprocessing\MedianFinal\ROIMasks\Orange\Unripe\Orange_Unripe_091_mask.png,Orange,Unripe
C:\Users\user\code\ip-asgm\results\preprocessing\MedianFinal\ProcessedImages\Mango\Rotten\Mango_Rotten_078.jpg,C:\Users\user\code\ip-asgm\results\preprocessing\MedianFinal\ROIMasks\Mango\Rotten\Mango_Rotten_078_mask.png,Mango,Rotten
C:\Users\user\code\ip-asgm\results\preprocessing\MedianFinal\ProcessedImages\Pear\Ripe\Pear_Ripe_013.jpg,C:\Users\user\code\ip-asgm\results\preprocessing\MedianFinal\ROIMasks\Pear\Ripe\Pear_Ripe_013_mask.png,Pear,Ripe
C:\Users\user\code\ip-asgm\results\preprocessing\MedianFinal\ProcessedImages\Guava\Defect\Guava_Defect_031.jpg,C:\Users\user\code\ip-asgm\results\preprocessing\MedianFinal\ROIMasks\Guava\Defect\Guava_Defect_031_mask.png,Guava,Defect
C:\Users\user\code\ip-asgm\results\preprocessing\MedianFinal\ProcessedImages\Melon\Rotten\Melon_Rotten_010.jpg,C:\Users\user\code\ip-asgm\results\preprocessing\MedianFinal\ROIMasks\Melon\Rotten\Melon_Rotten_010_mask.png,Melon,Rotten
C:\Users\user\code\ip-asgm\results\preprocessing\MedianFinal\ProcessedImages\Grape\Overripe\Grape_Overripe_078.jpg,C:\Users\user\code\ip-asgm\results\preprocessing\MedianFinal\ROIMasks\Grape\Overripe\Grape_Overripe_078_mask.png,Grape,Overripe
C:\Users\user\code\ip-asgm\results\preprocessing\MedianFinal\ProcessedImages\Melon\Unripe\Melon_Unripe_013.jpg,C:\Users\user\code\ip-asgm\results\preprocessing\MedianFinal\ROIMasks\Melon\Unripe\Melon_Unripe_013_mask.png,Melon,Unripe
C:\Users\user\code\ip-asgm\results\preprocessing\MedianFinal\ProcessedImages\Melon\Unripe\Melon_Unripe_034.jpg,C:\Users\user\code\ip-asgm\results\preprocessing\MedianFinal\ROIMasks\Melon\Unripe\Melon_Unripe_034_mask.png,Melon,Unripe
C:\Users\user\code\ip-asgm\results\preprocessing\MedianFinal\ProcessedImages\Banana\Overripe\Banana_Overripe_046.jpg,C:\Users\user\code\ip-asgm\results\preprocessing\MedianFinal\ROIMasks\Banana\Overripe\Banana_Overripe_046_mask.png,Banana,Overripe
C:\Users\user\code\ip-asgm\results\preprocessing\MedianFinal\ProcessedImages\Melon\Unripe\Melon_Unripe_005.jpg,C:\Users\user\code\ip-asgm\results\preprocessing\MedianFinal\ROIMasks\Melon\Unripe\Melon_Unripe_005_mask.png,Melon,Unripe
C:\Users\user\code\ip-asgm\results\preprocessing\MedianFinal\ProcessedImages\Mango\Rotten\Mango_Rotten_091.jpg,C:\Users\user\code\ip-asgm\results\preprocessing\MedianFinal\ROIMasks\Mango\Rotten\Mango_Rotten_091_mask.png,Mango,Rotten
C:\Users\user\code\ip-asgm\results\preprocessing\MedianFinal\ProcessedImages\Orange\Unripe\Orange_Unripe_077.jpg,C:\Users\user\code\ip-asgm\results\preprocessing\MedianFinal\ROIMasks\Orange\Unripe\Orange_Unripe_077_mask.png,Orange,Unripe
C:\Users\user\code\ip-asgm\results\preprocessing\MedianFinal\ProcessedImages\Peach\Ripe\Peach_Ripe_077.jpg,C:\Users\user\code\ip-asgm\results\preprocessing\MedianFinal\ROIMasks\Peach\Ripe\Peach_Ripe_077_mask.png,Peach,Ripe
C:\Users\user\code\ip-asgm\results\preprocessing\MedianFinal\ProcessedImages\Apple\Unripe\Apple_Unripe_032.jpg,C:\Users\user\code\ip-asgm\results\preprocessing\MedianFinal\ROIMasks\Apple\Unripe\Apple_Unripe_032_mask.png,Apple,Unripe
C:\Users\user\code\ip-asgm\results\preprocessing\MedianFinal\ProcessedImages\Apple\Ripe\Apple_Ripe_046.jpg,C:\Users\user\code\ip-asgm\results\preprocessing\MedianFinal\ROIMasks\Apple\Ripe\Apple_Ripe_046_mask.png,Apple,Ripe
C:\Users\user\code\ip-asgm\results\preprocessing\MedianFinal\ProcessedImages\Apple\Overripe\Apple_Overripe_005.jpg,C:\Users\user\code\ip-asgm\results\preprocessing\MedianFinal\ROIMasks\Apple\Overripe\Apple_Overripe_005_mask.png,Apple,Overripe
C:\Users\user\code\ip-asgm\results\preprocessing\MedianFinal\ProcessedImages\Melon\Overripe\Melon_Overripe_040.jpg,C:\Users\user\code\ip-asgm\results\preprocessing\MedianFinal\ROIMasks\Melon\Overripe\Melon_Overripe_040_mask.png,Melon,Overripe
C:\Users\user\code\ip-asgm\results\preprocessing\MedianFinal\ProcessedImages\Guava\Defect\Guava_Defect_074.jpg,C:\Users\user\code\ip-asgm\results\preprocessing\MedianFinal\ROIMasks\Guava\Defect\Guava_Defect_074_mask.png,Guava,Defect
C:\Users\user\code\ip-asgm\results\preprocessing\MedianFinal\ProcessedImages\Guava\Class_B\Guava_Class_B_005.jpg,C:\Users\user\code\ip-asgm\results\preprocessing\MedianFinal\ROIMasks\Guava\Class_B\Guava_Class_B_005_mask.png,Guava,Class_B
C:\Users\user\code\ip-asgm\results\preprocessing\MedianFinal\ProcessedImages\Pear\Ripe\Pear_Ripe_055.jpg,C:\Users\user\code\ip-asgm\results\preprocessing\MedianFinal\ROIMasks\Pear\Ripe\Pear_Ripe_055_mask.png,Pear,Ripe
C:\Users\user\code\ip-asgm\results\preprocessing\MedianFinal\ProcessedImages\Mango\Overripe\Mango_Overripe_091.jpg,C:\Users\user\code\ip-asgm\results\preprocessing\MedianFinal\ROIMasks\Mango\Overripe\Mango_Overripe_091_mask.png,Mango,Overripe
C:\Users\user\code\ip-asgm\results\preprocessing\MedianFinal\ProcessedImages\Peach\Unripe\Peach_Unripe_019.jpg,C:\Users\user\code\ip-asgm\results\preprocessing\MedianFinal\ROIMasks\Peach\Unripe\Peach_Unripe_019_mask.png,Peach,Unripe
C:\Users\user\code\ip-asgm\results\preprocessing\MedianFinal\ProcessedImages\Banana\Rotten\Banana_Rotten_078.jpg,C:\Users\user\code\ip-asgm\results\preprocessing\MedianFinal\ROIMasks\Banana\Rotten\Banana_Rotten_078_mask.png,Banana,Rotten
C:\Users\user\code\ip-asgm\results\preprocessing\MedianFinal\ProcessedImages\Orange\Ripe\Orange_Ripe_023.jpg,C:\Users\user\code\ip-asgm\results\preprocessing\MedianFinal\ROIMasks\Orange\Ripe\Orange_Ripe_023_mask.png,Orange,Ripe
C:\Users\user\code\ip-asgm\results\preprocessing\MedianFinal\ProcessedImages\Peach\Ripe\Peach_Ripe_031.jpg,C:\Users\user\code\ip-asgm\results\preprocessing\MedianFinal\ROIMasks\Peach\Ripe\Peach_Ripe_031_mask.png,Peach,Ripe
C:\Users\user\code\ip-asgm\results\preprocessing\MedianFinal\ProcessedImages\Apple\Ripe\Apple_Ripe_034.jpg,C:\Users\user\code\ip-asgm\results\preprocessing\MedianFinal\ROIMasks\Apple\Ripe\Apple_Ripe_034_mask.png,Apple,Ripe
C:\Users\user\code\ip-asgm\results\preprocessing\MedianFinal\ProcessedImages\Peach\Rotten\Peach_Rotten_011.jpg,C:\Users\user\code\ip-asgm\results\preprocessing\MedianFinal\ROIMasks\Peach\Rotten\Peach_Rotten_011_mask.png,Peach,Rotten
C:\Users\user\code\ip-asgm\results\preprocessing\MedianFinal\ProcessedImages\Guava\Class_A\Guava_Class_A_078.jpg,C:\Users\user\code\ip-asgm\results\preprocessing\MedianFinal\ROIMasks\Guava\Class_A\Guava_Class_A_078_mask.png,Guava,Class_A
C:\Users\user\code\ip-asgm\results\preprocessing\MedianFinal\ProcessedImages\Apple\Overripe\Apple_Overripe_001.jpg,C:\Users\user\code\ip-asgm\results\preprocessing\MedianFinal\ROIMasks\Apple\Overripe\Apple_Overripe_001_mask.png,Apple,Overripe
C:\Users\user\code\ip-asgm\results\preprocessing\MedianFinal\ProcessedImages\Apple\Ripe\Apple_Ripe_071.jpg,C:\Users\user\code\ip-asgm\results\preprocessing\MedianFinal\ROIMasks\Apple\Ripe\Apple_Ripe_071_mask.png,Apple,Ripe
C:\Users\user\code\ip-asgm\results\preprocessing\MedianFinal\ProcessedImages\Peach\Overripe\Peach_Overripe_045.jpg,C:\Users\user\code\ip-asgm\results\preprocessing\MedianFinal\ROIMasks\Peach\Overripe\Peach_Overripe_045_mask.png,Peach,Overripe
C:\Users\user\code\ip-asgm\results\preprocessing\MedianFinal\ProcessedImages\Grape\Unripe\Grape_Unripe_054.jpg,C:\Users\user\code\ip-asgm\results\preprocessing\MedianFinal\ROIMasks\Grape\Unripe\Grape_Unripe_054_mask.png,Grape,Unripe
C:\Users\user\code\ip-asgm\results\preprocessing\MedianFinal\ProcessedImages\Melon\Ripe\Melon_Ripe_045.jpg,C:\Users\user\code\ip-asgm\results\preprocessing\MedianFinal\ROIMasks\Melon\Ripe\Melon_Ripe_045_mask.png,Melon,Ripe
C:\Users\user\code\ip-asgm\results\preprocessing\MedianFinal\ProcessedImages\Pear\Unripe\Pear_Unripe_040.jpg,C:\Users\user\code\ip-asgm\results\preprocessing\MedianFinal\ROIMasks\Pear\Unripe\Pear_Unripe_040_mask.png,Pear,Unripe
C:\Users\user\code\ip-asgm\results\preprocessing\MedianFinal\ProcessedImages\Mango\Ripe\Mango_Ripe_091.jpg,C:\Users\user\code\ip-asgm\results\preprocessing\MedianFinal\ROIMasks\Mango\Ripe\Mango_Ripe_091_mask.png,Mango,Ripe
C:\Users\user\code\ip-asgm\results\preprocessing\MedianFinal\ProcessedImages\Banana\Overripe\Banana_Overripe_045.jpg,C:\Users\user\code\ip-asgm\results\preprocessing\MedianFinal\ROIMasks\Banana\Overripe\Banana_Overripe_045_mask.png,Banana,Overripe
C:\Users\user\code\ip-asgm\results\preprocessing\MedianFinal\ProcessedImages\Mango\Ripe\Mango_Ripe_005.jpg,C:\Users\user\code\ip-asgm\results\preprocessing\MedianFinal\ROIMasks\Mango\Ripe\Mango_Ripe_005_mask.png,Mango,Ripe
C:\Users\user\code\ip-asgm\results\preprocessing\MedianFinal\ProcessedImages\Guava\Class_A\Guava_Class_A_081.jpg,C:\Users\user\code\ip-asgm\results\preprocessing\MedianFinal\ROIMasks\Guava\Class_A\Guava_Class_A_081_mask.png,Guava,Class_A
C:\Users\user\code\ip-asgm\results\preprocessing\MedianFinal\ProcessedImages\Peach\Rotten\Peach_Rotten_046.jpg,C:\Users\user\code\ip-asgm\results\preprocessing\MedianFinal\ROIMasks\Peach\Rotten\Peach_Rotten_046_mask.png,Peach,Rotten
C:\Users\user\code\ip-asgm\results\preprocessing\MedianFinal\ProcessedImages\Pear\Overripe\Pear_Overripe_001.jpg,C:\Users\user\code\ip-asgm\results\preprocessing\MedianFinal\ROIMasks\Pear\Overripe\Pear_Overripe_001_mask.png,Pear,Overripe
C:\Users\user\code\ip-asgm\results\preprocessing\MedianFinal\ProcessedImages\Grape\Rotten\Grape_Rotten_046.jpg,C:\Users\user\code\ip-asgm\results\preprocessing\MedianFinal\ROIMasks\Grape\Rotten\Grape_Rotten_046_mask.png,Grape,Rotten
C:\Users\user\code\ip-asgm\results\preprocessing\MedianFinal\ProcessedImages\Grape\Ripe\Grape_Ripe_077.jpg,C:\Users\user\code\ip-asgm\results\preprocessing\MedianFinal\ROIMasks\Grape\Ripe\Grape_Ripe_077_mask.png,Grape,Ripe
C:\Users\user\code\ip-asgm\results\preprocessing\MedianFinal\ProcessedImages\Pear\Unripe\Pear_Unripe_071.jpg,C:\Users\user\code\ip-asgm\results\preprocessing\MedianFinal\ROIMasks\Pear\Unripe\Pear_Unripe_071_mask.png,Pear,Unripe
C:\Users\user\code\ip-asgm\results\preprocessing\MedianFinal\ProcessedImages\Mango\Ripe\Mango_Ripe_081.jpg,C:\Users\user\code\ip-asgm\results\preprocessing\MedianFinal\ROIMasks\Mango\Ripe\Mango_Ripe_081_mask.png,Mango,Ripe
C:\Users\user\code\ip-asgm\results\preprocessing\MedianFinal\ProcessedImages\Melon\Overripe\Melon_Overripe_016.jpg,C:\Users\user\code\ip-asgm\results\preprocessing\MedianFinal\ROIMasks\Melon\Overripe\Melon_Overripe_016_mask.png,Melon,Overripe
C:\Users\user\code\ip-asgm\results\preprocessing\MedianFinal\ProcessedImages\Banana\Overripe\Banana_Overripe_034.jpg,C:\Users\user\code\ip-asgm\results\preprocessing\MedianFinal\ROIMasks\Banana\Overripe\Banana_Overripe_034_mask.png,Banana,Overripe
C:\Users\user\code\ip-asgm\results\preprocessing\MedianFinal\ProcessedImages\Peach\Ripe\Peach_Ripe_005.jpg,C:\Users\user\code\ip-asgm\results\preprocessing\MedianFinal\ROIMasks\Peach\Ripe\Peach_Ripe_005_mask.png,Peach,Ripe
C:\Users\user\code\ip-asgm\results\preprocessing\MedianFinal\ProcessedImages\Guava\Defect\Guava_Defect_091.jpg,C:\Users\user\code\ip-asgm\results\preprocessing\MedianFinal\ROIMasks\Guava\Defect\Guava_Defect_091_mask.png,Guava,Defect
C:\Users\user\code\ip-asgm\results\preprocessing\MedianFinal\ProcessedImages\Guava\Class_B\Guava_Class_B_040.jpg,C:\Users\user\code\ip-asgm\results\preprocessing\MedianFinal\ROIMasks\Guava\Class_B\Guava_Class_B_040_mask.png,Guava,Class_B
C:\Users\user\code\ip-asgm\results\preprocessing\MedianFinal\ProcessedImages\Mango\Unripe\Mango_Unripe_005.jpg,C:\Users\user\code\ip-asgm\results\preprocessing\MedianFinal\ROIMasks\Mango\Unripe\Mango_Unripe_005_mask.png,Mango,Unripe
C:\Users\user\code\ip-asgm\results\preprocessing\MedianFinal\ProcessedImages\Grape\Ripe\Grape_Ripe_045.jpg,C:\Users\user\code\ip-asgm\results\preprocessing\MedianFinal\ROIMasks\Grape\Ripe\Grape_Ripe_045_mask.png,Grape,Ripe
C:\Users\user\code\ip-asgm\results\preprocessing\MedianFinal\ProcessedImages\Pear\Unripe\Pear_Unripe_045.jpg,C:\Users\user\code\ip-asgm\results\preprocessing\MedianFinal\ROIMasks\Pear\Unripe\Pear_Unripe_045_mask.png,Pear,Unripe
C:\Users\user\code\ip-asgm\results\preprocessing\MedianFinal\ProcessedImages\Orange\Rotten\Orange_Rotten_034.jpg,C:\Users\user\code\ip-asgm\results\preprocessing\MedianFinal\ROIMasks\Orange\Rotten\Orange_Rotten_034_mask.png,Orange,Rotten
C:\Users\user\code\ip-asgm\results\preprocessing\MedianFinal\ProcessedImages\Banana\Unripe\Banana_Unripe_034.jpg,C:\Users\user\code\ip-asgm\results\preprocessing\MedianFinal\ROIMasks\Banana\Unripe\Banana_Unripe_034_mask.png,Banana,Unripe
C:\Users\user\code\ip-asgm\results\preprocessing\MedianFinal\ProcessedImages\Apple\Unripe\Apple_Unripe_005.jpg,C:\Users\user\code\ip-asgm\results\preprocessing\MedianFinal\ROIMasks\Apple\Unripe\Apple_Unripe_005_mask.png,Apple,Unripe
C:\Users\user\code\ip-asgm\results\preprocessing\MedianFinal\ProcessedImages\Mango\Ripe\Mango_Ripe_074.jpg,C:\Users\user\code\ip-asgm\results\preprocessing\MedianFinal\ROIMasks\Mango\Ripe\Mango_Ripe_074_mask.png,Mango,Ripe
C:\Users\user\code\ip-asgm\results\preprocessing\MedianFinal\ProcessedImages\Apple\Unripe\Apple_Unripe_011.jpg,C:\Users\user\code\ip-asgm\results\preprocessing\MedianFinal\ROIMasks\Apple\Unripe\Apple_Unripe_011_mask.png,Apple,Unripe
C:\Users\user\code\ip-asgm\results\preprocessing\MedianFinal\ProcessedImages\Peach\Unripe\Peach_Unripe_077.jpg,C:\Users\user\code\ip-asgm\results\preprocessing\MedianFinal\ROIMasks\Peach\Unripe\Peach_Unripe_077_mask.png,Peach,Unripe
C:\Users\user\code\ip-asgm\results\preprocessing\MedianFinal\ProcessedImages\Grape\Ripe\Grape_Ripe_011.jpg,C:\Users\user\code\ip-asgm\results\preprocessing\MedianFinal\ROIMasks\Grape\Ripe\Grape_Ripe_011_mask.png,Grape,Ripe
C:\Users\user\code\ip-asgm\results\preprocessing\MedianFinal\ProcessedImages\Grape\Unripe\Grape_Unripe_077.jpg,C:\Users\user\code\ip-asgm\results\preprocessing\MedianFinal\ROIMasks\Grape\Unripe\Grape_Unripe_077_mask.png,Grape,Unripe
C:\Users\user\code\ip-asgm\results\preprocessing\MedianFinal\ProcessedImages\Banana\Overripe\Banana_Overripe_011.jpg,C:\Users\user\code\ip-asgm\results\preprocessing\MedianFinal\ROIMasks\Banana\Overripe\Banana_Overripe_011_mask.png,Banana,Overripe
C:\Users\user\code\ip-asgm\results\preprocessing\MedianFinal\ProcessedImages\Peach\Rotten\Peach_Rotten_031.jpg,C:\Users\user\code\ip-asgm\results\preprocessing\MedianFinal\ROIMasks\Peach\Rotten\Peach_Rotten_031_mask.png,Peach,Rotten
C:\Users\user\code\ip-asgm\results\preprocessing\MedianFinal\ProcessedImages\Banana\Ripe\Banana_Ripe_078.jpg,C:\Users\user\code\ip-asgm\results\preprocessing\MedianFinal\ROIMasks\Banana\Ripe\Banana_Ripe_078_mask.png,Banana,Ripe
C:\Users\user\code\ip-asgm\results\preprocessing\MedianFinal\ProcessedImages\Banana\Rotten\Banana_Rotten_040.jpg,C:\Users\user\code\ip-asgm\results\preprocessing\MedianFinal\ROIMasks\Banana\Rotten\Banana_Rotten_040_mask.png,Banana,Rotten
C:\Users\user\code\ip-asgm\results\preprocessing\MedianFinal\ProcessedImages\Peach\Ripe\Peach_Ripe_074.jpg,C:\Users\user\code\ip-asgm\results\preprocessing\MedianFinal\ROIMasks\Peach\Ripe\Peach_Ripe_074_mask.png,Peach,Ripe
C:\Users\user\code\ip-asgm\results\preprocessing\MedianFinal\ProcessedImages\Grape\Unripe\Grape_Unripe_013.jpg,C:\Users\user\code\ip-asgm\results\preprocessing\MedianFinal\ROIMasks\Grape\Unripe\Grape_Unripe_013_mask.png,Grape,Unripe
C:\Users\user\code\ip-asgm\results\preprocessing\MedianFinal\ProcessedImages\Apple\Overripe\Apple_Overripe_084.jpg,C:\Users\user\code\ip-asgm\results\preprocessing\MedianFinal\ROIMasks\Apple\Overripe\Apple_Overripe_084_mask.png,Apple,Overripe
C:\Users\user\code\ip-asgm\results\preprocessing\MedianFinal\ProcessedImages\Pear\Unripe\Pear_Unripe_074.jpg,C:\Users\user\code\ip-asgm\results\preprocessing\MedianFinal\ROIMasks\Pear\Unripe\Pear_Unripe_074_mask.png,Pear,Unripe
C:\Users\user\code\ip-asgm\results\preprocessing\MedianFinal\ProcessedImages\Orange\Unripe\Orange_Unripe_031.jpg,C:\Users\user\code\ip-asgm\results\preprocessing\MedianFinal\ROIMasks\Orange\Unripe\Orange_Unripe_031_mask.png,Orange,Unripe
C:\Users\user\code\ip-asgm\results\preprocessing\MedianFinal\ProcessedImages\Orange\Overripe\Orange_Overripe_078.jpg,C:\Users\user\code\ip-asgm\results\preprocessing\MedianFinal\ROIMasks\Orange\Overripe\Orange_Overripe_078_mask.png,Orange,Overripe
C:\Users\user\code\ip-asgm\results\preprocessing\MedianFinal\ProcessedImages\Peach\Unripe\Peach_Unripe_001.jpg,C:\Users\user\code\ip-asgm\results\preprocessing\MedianFinal\ROIMasks\Peach\Unripe\Peach_Unripe_001_mask.png,Peach,Unripe
C:\Users\user\code\ip-asgm\results\preprocessing\MedianFinal\ProcessedImages\Guava\Class_B\Guava_Class_B_013.jpg,C:\Users\user\code\ip-asgm\results\preprocessing\MedianFinal\ROIMasks\Guava\Class_B\Guava_Class_B_013_mask.png,Guava,Class_B
C:\Users\user\code\ip-asgm\results\preprocessing\MedianFinal\ProcessedImages\Banana\Ripe\Banana_Ripe_077.jpg,C:\Users\user\code\ip-asgm\results\preprocessing\MedianFinal\ROIMasks\Banana\Ripe\Banana_Ripe_077_mask.png,Banana,Ripe
C:\Users\user\code\ip-asgm\results\preprocessing\MedianFinal\ProcessedImages\Grape\Unripe\Grape_Unripe_011.jpg,C:\Users\user\code\ip-asgm\results\preprocessing\MedianFinal\ROIMasks\Grape\Unripe\Grape_Unripe_011_mask.png,Grape,Unripe
C:\Users\user\code\ip-asgm\results\preprocessing\MedianFinal\ProcessedImages\Pear\Unripe\Pear_Unripe_013.jpg,C:\Users\user\code\ip-asgm\results\preprocessing\MedianFinal\ROIMasks\Pear\Unripe\Pear_Unripe_013_mask.png,Pear,Unripe
C:\Users\user\code\ip-asgm\results\preprocessing\MedianFinal\ProcessedImages\Mango\Overripe\Mango_Overripe_032.jpg,C:\Users\user\code\ip-asgm\results\preprocessing\MedianFinal\ROIMasks\Mango\Overripe\Mango_Overripe_032_mask.png,Mango,Overripe
C:\Users\user\code\ip-asgm\results\preprocessing\MedianFinal\ProcessedImages\Guava\Class_B\Guava_Class_B_091.jpg,C:\Users\user\code\ip-asgm\results\preprocessing\MedianFinal\ROIMasks\Guava\Class_B\Guava_Class_B_091_mask.png,Guava,Class_B
C:\Users\user\code\ip-asgm\results\preprocessing\MedianFinal\ProcessedImages\Orange\Ripe\Orange_Ripe_034.jpg,C:\Users\user\code\ip-asgm\results\preprocessing\MedianFinal\ROIMasks\Orange\Ripe\Orange_Ripe_034_mask.png,Orange,Ripe
C:\Users\user\code\ip-asgm\results\preprocessing\MedianFinal\ProcessedImages\Banana\Unripe\Banana_Unripe_045.jpg,C:\Users\user\code\ip-asgm\results\preprocessing\MedianFinal\ROIMasks\Banana\Unripe\Banana_Unripe_045_mask.png,Banana,Unripe
C:\Users\user\code\ip-asgm\results\preprocessing\MedianFinal\ProcessedImages\Melon\Overripe\Melon_Overripe_031.jpg,C:\Users\user\code\ip-asgm\results\preprocessing\MedianFinal\ROIMasks\Melon\Overripe\Melon_Overripe_031_mask.png,Melon,Overripe
C:\Users\user\code\ip-asgm\results\preprocessing\MedianFinal\ProcessedImages\Melon\Rotten\Melon_Rotten_018.jpg,C:\Users\user\code\ip-asgm\results\preprocessing\MedianFinal\ROIMasks\Melon\Rotten\Melon_Rotten_018_mask.png,Melon,Rotten
C:\Users\user\code\ip-asgm\results\preprocessing\MedianFinal\ProcessedImages\Pear\Overripe\Pear_Overripe_036.jpg,C:\Users\user\code\ip-asgm\results\preprocessing\MedianFinal\ROIMasks\Pear\Overripe\Pear_Overripe_036_mask.png,Pear,Overripe
C:\Users\user\code\ip-asgm\results\preprocessing\MedianFinal\ProcessedImages\Orange\Rotten\Orange_Rotten_054.jpg,C:\Users\user\code\ip-asgm\results\preprocessing\MedianFinal\ROIMasks\Orange\Rotten\Orange_Rotten_054_mask.png,Orange,Rotten
C:\Users\user\code\ip-asgm\results\preprocessing\MedianFinal\ProcessedImages\Guava\Class_B\Guava_Class_B_011.jpg,C:\Users\user\code\ip-asgm\results\preprocessing\MedianFinal\ROIMasks\Guava\Class_B\Guava_Class_B_011_mask.png,Guava,Class_B
C:\Users\user\code\ip-asgm\results\preprocessing\MedianFinal\ProcessedImages\Orange\Overripe\Orange_Overripe_040.jpg,C:\Users\user\code\ip-asgm\results\preprocessing\MedianFinal\ROIMasks\Orange\Overripe\Orange_Overripe_040_mask.png,Orange,Overripe
C:\Users\user\code\ip-asgm\results\preprocessing\MedianFinal\ProcessedImages\Apple\Rotten\Apple_Rotten_023.jpg,C:\Users\user\code\ip-asgm\results\preprocessing\MedianFinal\ROIMasks\Apple\Rotten\Apple_Rotten_023_mask.png,Apple,Rotten
C:\Users\user\code\ip-asgm\results\preprocessing\MedianFinal\ProcessedImages\Guava\Class_B\Guava_Class_B_054.jpg,C:\Users\user\code\ip-asgm\results\preprocessing\MedianFinal\ROIMasks\Guava\Class_B\Guava_Class_B_054_mask.png,Guava,Class_B
C:\Users\user\code\ip-asgm\results\preprocessing\MedianFinal\ProcessedImages\Grape\Ripe\Grape_Ripe_005.jpg,C:\Users\user\code\ip-asgm\results\preprocessing\MedianFinal\ROIMasks\Grape\Ripe\Grape_Ripe_005_mask.png,Grape,Ripe
C:\Users\user\code\ip-asgm\results\preprocessing\MedianFinal\ProcessedImages\Pear\Unripe\Pear_Unripe_032.jpg,C:\Users\user\code\ip-asgm\results\preprocessing\MedianFinal\ROIMasks\Pear\Unripe\Pear_Unripe_032_mask.png,Pear,Unripe
C:\Users\user\code\ip-asgm\results\preprocessing\MedianFinal\ProcessedImages\Peach\Rotten\Peach_Rotten_045.jpg,C:\Users\user\code\ip-asgm\results\preprocessing\MedianFinal\ROIMasks\Peach\Rotten\Peach_Rotten_045_mask.png,Peach,Rotten
C:\Users\user\code\ip-asgm\results\preprocessing\MedianFinal\ProcessedImages\Banana\Ripe\Banana_Ripe_081.jpg,C:\Users\user\code\ip-asgm\results\preprocessing\MedianFinal\ROIMasks\Banana\Ripe\Banana_Ripe_081_mask.png,Banana,Ripe
C:\Users\user\code\ip-asgm\results\preprocessing\MedianFinal\ProcessedImages\Orange\Overripe\Orange_Overripe_071.jpg,C:\Users\user\code\ip-asgm\results\preprocessing\MedianFinal\ROIMasks\Orange\Overripe\Orange_Overripe_071_mask.png,Orange,Overripe
C:\Users\user\code\ip-asgm\results\preprocessing\MedianFinal\ProcessedImages\Orange\Unripe\Orange_Unripe_054.jpg,C:\Users\user\code\ip-asgm\results\preprocessing\MedianFinal\ROIMasks\Orange\Unripe\Orange_Unripe_054_mask.png,Orange,Unripe
C:\Users\user\code\ip-asgm\results\preprocessing\MedianFinal\ProcessedImages\Orange\Unripe\Orange_Unripe_074.jpg,C:\Users\user\code\ip-asgm\results\preprocessing\MedianFinal\ROIMasks\Orange\Unripe\Orange_Unripe_074_mask.png,Orange,Unripe
C:\Users\user\code\ip-asgm\results\preprocessing\MedianFinal\ProcessedImages\Banana\Ripe\Banana_Ripe_084.jpg,C:\Users\user\code\ip-asgm\results\preprocessing\MedianFinal\ROIMasks\Banana\Ripe\Banana_Ripe_084_mask.png,Banana,Ripe
C:\Users\user\code\ip-asgm\results\preprocessing\MedianFinal\ProcessedImages\Mango\Rotten\Mango_Rotten_019.jpg,C:\Users\user\code\ip-asgm\results\preprocessing\MedianFinal\ROIMasks\Mango\Rotten\Mango_Rotten_019_mask.png,Mango,Rotten
C:\Users\user\code\ip-asgm\results\preprocessing\MedianFinal\ProcessedImages\Pear\Overripe\Pear_Overripe_071.jpg,C:\Users\user\code\ip-asgm\results\preprocessing\MedianFinal\ROIMasks\Pear\Overripe\Pear_Overripe_071_mask.png,Pear,Overripe
C:\Users\user\code\ip-asgm\results\preprocessing\MedianFinal\ProcessedImages\Mango\Ripe\Mango_Ripe_034.jpg,C:\Users\user\code\ip-asgm\results\preprocessing\MedianFinal\ROIMasks\Mango\Ripe\Mango_Ripe_034_mask.png,Mango,Ripe
C:\Users\user\code\ip-asgm\results\preprocessing\MedianFinal\ProcessedImages\Grape\Overripe\Grape_Overripe_032.jpg,C:\Users\user\code\ip-asgm\results\preprocessing\MedianFinal\ROIMasks\Grape\Overripe\Grape_Overripe_032_mask.png,Grape,Overripe
C:\Users\user\code\ip-asgm\results\preprocessing\MedianFinal\ProcessedImages\Mango\Overripe\Mango_Overripe_045.jpg,C:\Users\user\code\ip-asgm\results\preprocessing\MedianFinal\ROIMasks\Mango\Overripe\Mango_Overripe_045_mask.png,Mango,Overripe
C:\Users\user\code\ip-asgm\results\preprocessing\MedianFinal\ProcessedImages\Mango\Rotten\Mango_Rotten_001.jpg,C:\Users\user\code\ip-asgm\results\preprocessing\MedianFinal\ROIMasks\Mango\Rotten\Mango_Rotten_001_mask.png,Mango,Rotten
C:\Users\user\code\ip-asgm\results\preprocessing\MedianFinal\ProcessedImages\Banana\Unripe\Banana_Unripe_001.jpg,C:\Users\user\code\ip-asgm\results\preprocessing\MedianFinal\ROIMasks\Banana\Unripe\Banana_Unripe_001_mask.png,Banana,Unripe
C:\Users\user\code\ip-asgm\results\preprocessing\MedianFinal\ProcessedImages\Banana\Rotten\Banana_Rotten_045.jpg,C:\Users\user\code\ip-asgm\results\preprocessing\MedianFinal\ROIMasks\Banana\Rotten\Banana_Rotten_045_mask.png,Banana,Rotten
C:\Users\user\code\ip-asgm\results\preprocessing\MedianFinal\ProcessedImages\Peach\Overripe\Peach_Overripe_074.jpg,C:\Users\user\code\ip-asgm\results\preprocessing\MedianFinal\ROIMasks\Peach\Overripe\Peach_Overripe_074_mask.png,Peach,Overripe
C:\Users\user\code\ip-asgm\results\preprocessing\MedianFinal\ProcessedImages\Peach\Unripe\Peach_Unripe_023.jpg,C:\Users\user\code\ip-asgm\results\preprocessing\MedianFinal\ROIMasks\Peach\Unripe\Peach_Unripe_023_mask.png,Peach,Unripe
C:\Users\user\code\ip-asgm\results\preprocessing\MedianFinal\ProcessedImages\Grape\Ripe\Grape_Ripe_040.jpg,C:\Users\user\code\ip-asgm\results\preprocessing\MedianFinal\ROIMasks\Grape\Ripe\Grape_Ripe_040_mask.png,Grape,Ripe
C:\Users\user\code\ip-asgm\results\preprocessing\MedianFinal\ProcessedImages\Melon\Rotten\Melon_Rotten_012.jpg,C:\Users\user\code\ip-asgm\results\preprocessing\MedianFinal\ROIMasks\Melon\Rotten\Melon_Rotten_012_mask.png,Melon,Rotten
C:\Users\user\code\ip-asgm\results\preprocessing\MedianFinal\ProcessedImages\Orange\Rotten\Orange_Rotten_023.jpg,C:\Users\user\code\ip-asgm\results\preprocessing\MedianFinal\ROIMasks\Orange\Rotten\Orange_Rotten_023_mask.png,Orange,Rotten
C:\Users\user\code\ip-asgm\results\preprocessing\MedianFinal\ProcessedImages\Pear\Unripe\Pear_Unripe_019.jpg,C:\Users\user\code\ip-asgm\results\preprocessing\MedianFinal\ROIMasks\Pear\Unripe\Pear_Unripe_019_mask.png,Pear,Unripe
C:\Users\user\code\ip-asgm\results\preprocessing\MedianFinal\ProcessedImages\Mango\Rotten\Mango_Rotten_045.jpg,C:\Users\user\code\ip-asgm\results\preprocessing\MedianFinal\ROIMasks\Mango\Rotten\Mango_Rotten_045_mask.png,Mango,Rotten
C:\Users\user\code\ip-asgm\results\preprocessing\MedianFinal\ProcessedImages\Pear\Ripe\Pear_Ripe_042.jpg,C:\Users\user\code\ip-asgm\results\preprocessing\MedianFinal\ROIMasks\Pear\Ripe\Pear_Ripe_042_mask.png,Pear,Ripe
C:\Users\user\code\ip-asgm\results\preprocessing\MedianFinal\ProcessedImages\Banana\Unripe\Banana_Unripe_071.jpg,C:\Users\user\code\ip-asgm\results\preprocessing\MedianFinal\ROIMasks\Banana\Unripe\Banana_Unripe_071_mask.png,Banana,Unripe
C:\Users\user\code\ip-asgm\results\preprocessing\MedianFinal\ProcessedImages\Banana\Unripe\Banana_Unripe_054.jpg,C:\Users\user\code\ip-asgm\results\preprocessing\MedianFinal\ROIMasks\Banana\Unripe\Banana_Unripe_054_mask.png,Banana,Unripe
C:\Users\user\code\ip-asgm\results\preprocessing\MedianFinal\ProcessedImages\Melon\Overripe\Melon_Overripe_009.jpg,C:\Users\user\code\ip-asgm\results\preprocessing\MedianFinal\ROIMasks\Melon\Overripe\Melon_Overripe_009_mask.png,Melon,Overripe
C:\Users\user\code\ip-asgm\results\preprocessing\MedianFinal\ProcessedImages\Mango\Ripe\Mango_Ripe_084.jpg,C:\Users\user\code\ip-asgm\results\preprocessing\MedianFinal\ROIMasks\Mango\Ripe\Mango_Ripe_084_mask.png,Mango,Ripe
C:\Users\user\code\ip-asgm\results\preprocessing\MedianFinal\ProcessedImages\Apple\Overripe\Apple_Overripe_032.jpg,C:\Users\user\code\ip-asgm\results\preprocessing\MedianFinal\ROIMasks\Apple\Overripe\Apple_Overripe_032_mask.png,Apple,Overripe
C:\Users\user\code\ip-asgm\results\preprocessing\MedianFinal\ProcessedImages\Grape\Overripe\Grape_Overripe_074.jpg,C:\Users\user\code\ip-asgm\results\preprocessing\MedianFinal\ROIMasks\Grape\Overripe\Grape_Overripe_074_mask.png,Grape,Overripe
C:\Users\user\code\ip-asgm\results\preprocessing\MedianFinal\ProcessedImages\Pear\Rotten\Pear_Rotten_071.jpg,C:\Users\user\code\ip-asgm\results\preprocessing\MedianFinal\ROIMasks\Pear\Rotten\Pear_Rotten_071_mask.png,Pear,Rotten
C:\Users\user\code\ip-asgm\results\preprocessing\MedianFinal\ProcessedImages\Mango\Overripe\Mango_Overripe_074.jpg,C:\Users\user\code\ip-asgm\results\preprocessing\MedianFinal\ROIMasks\Mango\Overripe\Mango_Overripe_074_mask.png,Mango,Overripe
C:\Users\user\code\ip-asgm\results\preprocessing\MedianFinal\ProcessedImages\Pear\Ripe\Pear_Ripe_066.jpg,C:\Users\user\code\ip-asgm\results\preprocessing\MedianFinal\ROIMasks\Pear\Ripe\Pear_Ripe_066_mask.png,Pear,Ripe
C:\Users\user\code\ip-asgm\results\preprocessing\MedianFinal\ProcessedImages\Apple\Overripe\Apple_Overripe_074.jpg,C:\Users\user\code\ip-asgm\results\preprocessing\MedianFinal\ROIMasks\Apple\Overripe\Apple_Overripe_074_mask.png,Apple,Overripe
C:\Users\user\code\ip-asgm\results\preprocessing\MedianFinal\ProcessedImages\Mango\Overripe\Mango_Overripe_040.jpg,C:\Users\user\code\ip-asgm\results\preprocessing\MedianFinal\ROIMasks\Mango\Overripe\Mango_Overripe_040_mask.png,Mango,Overripe
C:\Users\user\code\ip-asgm\results\preprocessing\MedianFinal\ProcessedImages\Apple\Ripe\Apple_Ripe_040.jpg,C:\Users\user\code\ip-asgm\results\preprocessing\MedianFinal\ROIMasks\Apple\Ripe\Apple_Ripe_040_mask.png,Apple,Ripe
C:\Users\user\code\ip-asgm\results\preprocessing\MedianFinal\ProcessedImages\Orange\Rotten\Orange_Rotten_032.jpg,C:\Users\user\code\ip-asgm\results\preprocessing\MedianFinal\ROIMasks\Orange\Rotten\Orange_Rotten_032_mask.png,Orange,Rotten
C:\Users\user\code\ip-asgm\results\preprocessing\MedianFinal\ProcessedImages\Grape\Overripe\Grape_Overripe_001.jpg,C:\Users\user\code\ip-asgm\results\preprocessing\MedianFinal\ROIMasks\Grape\Overripe\Grape_Overripe_001_mask.png,Grape,Overripe
C:\Users\user\code\ip-asgm\results\preprocessing\MedianFinal\ProcessedImages\Orange\Ripe\Orange_Ripe_084.jpg,C:\Users\user\code\ip-asgm\results\preprocessing\MedianFinal\ROIMasks\Orange\Ripe\Orange_Ripe_084_mask.png,Orange,Ripe
C:\Users\user\code\ip-asgm\results\preprocessing\MedianFinal\ProcessedImages\Melon\Ripe\Melon_Ripe_031.jpg,C:\Users\user\code\ip-asgm\results\preprocessing\MedianFinal\ROIMasks\Melon\Ripe\Melon_Ripe_031_mask.png,Melon,Ripe
C:\Users\user\code\ip-asgm\results\preprocessing\MedianFinal\ProcessedImages\Guava\Class_A\Guava_Class_A_040.jpg,C:\Users\user\code\ip-asgm\results\preprocessing\MedianFinal\ROIMasks\Guava\Class_A\Guava_Class_A_040_mask.png,Guava,Class_A
C:\Users\user\code\ip-asgm\results\preprocessing\MedianFinal\ProcessedImages\Guava\Defect\Guava_Defect_013.jpg,C:\Users\user\code\ip-asgm\results\preprocessing\MedianFinal\ROIMasks\Guava\Defect\Guava_Defect_013_mask.png,Guava,Defect
C:\Users\user\code\ip-asgm\results\preprocessing\MedianFinal\ProcessedImages\Melon\Rotten\Melon_Rotten_003.jpg,C:\Users\user\code\ip-asgm\results\preprocessing\MedianFinal\ROIMasks\Melon\Rotten\Melon_Rotten_003_mask.png,Melon,Rotten
C:\Users\user\code\ip-asgm\results\preprocessing\MedianFinal\ProcessedImages\Guava\Class_B\Guava_Class_B_074.jpg,C:\Users\user\code\ip-asgm\results\preprocessing\MedianFinal\ROIMasks\Guava\Class_B\Guava_Class_B_074_mask.png,Guava,Class_B
C:\Users\user\code\ip-asgm\results\preprocessing\MedianFinal\ProcessedImages\Banana\Unripe\Banana_Unripe_091.jpg,C:\Users\user\code\ip-asgm\results\preprocessing\MedianFinal\ROIMasks\Banana\Unripe\Banana_Unripe_091_mask.png,Banana,Unripe
C:\Users\user\code\ip-asgm\results\preprocessing\MedianFinal\ProcessedImages\Banana\Rotten\Banana_Rotten_023.jpg,C:\Users\user\code\ip-asgm\results\preprocessing\MedianFinal\ROIMasks\Banana\Rotten\Banana_Rotten_023_mask.png,Banana,Rotten
C:\Users\user\code\ip-asgm\results\preprocessing\MedianFinal\ProcessedImages\Orange\Unripe\Orange_Unripe_032.jpg,C:\Users\user\code\ip-asgm\results\preprocessing\MedianFinal\ROIMasks\Orange\Unripe\Orange_Unripe_032_mask.png,Orange,Unripe
C:\Users\user\code\ip-asgm\results\preprocessing\MedianFinal\ProcessedImages\Mango\Rotten\Mango_Rotten_054.jpg,C:\Users\user\code\ip-asgm\results\preprocessing\MedianFinal\ROIMasks\Mango\Rotten\Mango_Rotten_054_mask.png,Mango,Rotten
C:\Users\user\code\ip-asgm\results\preprocessing\MedianFinal\ProcessedImages\Guava\Defect\Guava_Defect_081.jpg,C:\Users\user\code\ip-asgm\results\preprocessing\MedianFinal\ROIMasks\Guava\Defect\Guava_Defect_081_mask.png,Guava,Defect
C:\Users\user\code\ip-asgm\results\preprocessing\MedianFinal\ProcessedImages\Banana\Ripe\Banana_Ripe_034.jpg,C:\Users\user\code\ip-asgm\results\preprocessing\MedianFinal\ROIMasks\Banana\Ripe\Banana_Ripe_034_mask.png,Banana,Ripe
C:\Users\user\code\ip-asgm\results\preprocessing\MedianFinal\ProcessedImages\Mango\Unripe\Mango_Unripe_081.jpg,C:\Users\user\code\ip-asgm\results\preprocessing\MedianFinal\ROIMasks\Mango\Unripe\Mango_Unripe_081_mask.png,Mango,Unripe
C:\Users\user\code\ip-asgm\results\preprocessing\MedianFinal\ProcessedImages\Grape\Overripe\Grape_Overripe_034.jpg,C:\Users\user\code\ip-asgm\results\preprocessing\MedianFinal\ROIMasks\Grape\Overripe\Grape_Overripe_034_mask.png,Grape,Overripe
C:\Users\user\code\ip-asgm\results\preprocessing\MedianFinal\ProcessedImages\Mango\Rotten\Mango_Rotten_005.jpg,C:\Users\user\code\ip-asgm\results\preprocessing\MedianFinal\ROIMasks\Mango\Rotten\Mango_Rotten_005_mask.png,Mango,Rotten
C:\Users\user\code\ip-asgm\results\preprocessing\MedianFinal\ProcessedImages\Apple\Rotten\Apple_Rotten_078.jpg,C:\Users\user\code\ip-asgm\results\preprocessing\MedianFinal\ROIMasks\Apple\Rotten\Apple_Rotten_078_mask.png,Apple,Rotten
C:\Users\user\code\ip-asgm\results\preprocessing\MedianFinal\ProcessedImages\Melon\Unripe\Melon_Unripe_095.jpg,C:\Users\user\code\ip-asgm\results\preprocessing\MedianFinal\ROIMasks\Melon\Unripe\Melon_Unripe_095_mask.png,Melon,Unripe
C:\Users\user\code\ip-asgm\results\preprocessing\MedianFinal\ProcessedImages\Grape\Unripe\Grape_Unripe_071.jpg,C:\Users\user\code\ip-asgm\results\preprocessing\MedianFinal\ROIMasks\Grape\Unripe\Grape_Unripe_071_mask.png,Grape,Unripe
C:\Users\user\code\ip-asgm\results\preprocessing\MedianFinal\ProcessedImages\Guava\Defect\Guava_Defect_084.jpg,C:\Users\user\code\ip-asgm\results\preprocessing\MedianFinal\ROIMasks\Guava\Defect\Guava_Defect_084_mask.png,Guava,Defect
C:\Users\user\code\ip-asgm\results\preprocessing\MedianFinal\ProcessedImages\Apple\Overripe\Apple_Overripe_078.jpg,C:\Users\user\code\ip-asgm\results\preprocessing\MedianFinal\ROIMasks\Apple\Overripe\Apple_Overripe_078_mask.png,Apple,Overripe
C:\Users\user\code\ip-asgm\results\preprocessing\MedianFinal\ProcessedImages\Melon\Ripe\Melon_Ripe_040.jpg,C:\Users\user\code\ip-asgm\results\preprocessing\MedianFinal\ROIMasks\Melon\Ripe\Melon_Ripe_040_mask.png,Melon,Ripe
C:\Users\user\code\ip-asgm\results\preprocessing\MedianFinal\ProcessedImages\Mango\Ripe\Mango_Ripe_071.jpg,C:\Users\user\code\ip-asgm\results\preprocessing\MedianFinal\ROIMasks\Mango\Ripe\Mango_Ripe_071_mask.png,Mango,Ripe
C:\Users\user\code\ip-asgm\results\preprocessing\MedianFinal\ProcessedImages\Guava\Class_A\Guava_Class_A_005.jpg,C:\Users\user\code\ip-asgm\results\preprocessing\MedianFinal\ROIMasks\Guava\Class_A\Guava_Class_A_005_mask.png,Guava,Class_A
C:\Users\user\code\ip-asgm\results\preprocessing\MedianFinal\ProcessedImages\Melon\Ripe\Melon_Ripe_078.jpg,C:\Users\user\code\ip-asgm\results\preprocessing\MedianFinal\ROIMasks\Melon\Ripe\Melon_Ripe_078_mask.png,Melon,Ripe
C:\Users\user\code\ip-asgm\results\preprocessing\MedianFinal\ProcessedImages\Pear\Rotten\Pear_Rotten_019.jpg,C:\Users\user\code\ip-asgm\results\preprocessing\MedianFinal\ROIMasks\Pear\Rotten\Pear_Rotten_019_mask.png,Pear,Rotten
C:\Users\user\code\ip-asgm\results\preprocessing\MedianFinal\ProcessedImages\Grape\Ripe\Grape_Ripe_019.jpg,C:\Users\user\code\ip-asgm\results\preprocessing\MedianFinal\ROIMasks\Grape\Ripe\Grape_Ripe_019_mask.png,Grape,Ripe
C:\Users\user\code\ip-asgm\results\preprocessing\MedianFinal\ProcessedImages\Melon\Rotten\Melon_Rotten_025.jpg,C:\Users\user\code\ip-asgm\results\preprocessing\MedianFinal\ROIMasks\Melon\Rotten\Melon_Rotten_025_mask.png,Melon,Rotten
C:\Users\user\code\ip-asgm\results\preprocessing\MedianFinal\ProcessedImages\Peach\Unripe\Peach_Unripe_078.jpg,C:\Users\user\code\ip-asgm\results\preprocessing\MedianFinal\ROIMasks\Peach\Unripe\Peach_Unripe_078_mask.png,Peach,Unripe
C:\Users\user\code\ip-asgm\results\preprocessing\MedianFinal\ProcessedImages\Pear\Rotten\Pear_Rotten_032.jpg,C:\Users\user\code\ip-asgm\results\preprocessing\MedianFinal\ROIMasks\Pear\Rotten\Pear_Rotten_032_mask.png,Pear,Rotten
C:\Users\user\code\ip-asgm\results\preprocessing\MedianFinal\ProcessedImages\Banana\Overripe\Banana_Overripe_091.jpg,C:\Users\user\code\ip-asgm\results\preprocessing\MedianFinal\ROIMasks\Banana\Overripe\Banana_Overripe_091_mask.png,Banana,Overripe
C:\Users\user\code\ip-asgm\results\preprocessing\MedianFinal\ProcessedImages\Grape\Ripe\Grape_Ripe_084.jpg,C:\Users\user\code\ip-asgm\results\preprocessing\MedianFinal\ROIMasks\Grape\Ripe\Grape_Ripe_084_mask.png,Grape,Ripe
C:\Users\user\code\ip-asgm\results\preprocessing\MedianFinal\ProcessedImages\Mango\Overripe\Mango_Overripe_054.jpg,C:\Users\user\code\ip-asgm\results\preprocessing\MedianFinal\ROIMasks\Mango\Overripe\Mango_Overripe_054_mask.png,Mango,Overripe
C:\Users\user\code\ip-asgm\results\preprocessing\MedianFinal\ProcessedImages\Pear\Ripe\Pear_Ripe_005.jpg,C:\Users\user\code\ip-asgm\results\preprocessing\MedianFinal\ROIMasks\Pear\Ripe\Pear_Ripe_005_mask.png,Pear,Ripe
C:\Users\user\code\ip-asgm\results\preprocessing\MedianFinal\ProcessedImages\Orange\Rotten\Orange_Rotten_074.jpg,C:\Users\user\code\ip-asgm\results\preprocessing\MedianFinal\ROIMasks\Orange\Rotten\Orange_Rotten_074_mask.png,Orange,Rotten
C:\Users\user\code\ip-asgm\results\preprocessing\MedianFinal\ProcessedImages\Pear\Ripe\Pear_Ripe_010.jpg,C:\Users\user\code\ip-asgm\results\preprocessing\MedianFinal\ROIMasks\Pear\Ripe\Pear_Ripe_010_mask.png,Pear,Ripe
C:\Users\user\code\ip-asgm\results\preprocessing\MedianFinal\ProcessedImages\Melon\Unripe\Melon_Unripe_031.jpg,C:\Users\user\code\ip-asgm\results\preprocessing\MedianFinal\ROIMasks\Melon\Unripe\Melon_Unripe_031_mask.png,Melon,Unripe
C:\Users\user\code\ip-asgm\results\preprocessing\MedianFinal\ProcessedImages\Melon\Rotten\Melon_Rotten_014.jpg,C:\Users\user\code\ip-asgm\results\preprocessing\MedianFinal\ROIMasks\Melon\Rotten\Melon_Rotten_014_mask.png,Melon,Rotten
C:\Users\user\code\ip-asgm\results\preprocessing\MedianFinal\ProcessedImages\Apple\Overripe\Apple_Overripe_040.jpg,C:\Users\user\code\ip-asgm\results\preprocessing\MedianFinal\ROIMasks\Apple\Overripe\Apple_Overripe_040_mask.png,Apple,Overripe
C:\Users\user\code\ip-asgm\results\preprocessing\MedianFinal\ProcessedImages\Pear\Unripe\Pear_Unripe_023.jpg,C:\Users\user\code\ip-asgm\results\preprocessing\MedianFinal\ROIMasks\Pear\Unripe\Pear_Unripe_023_mask.png,Pear,Unripe
C:\Users\user\code\ip-asgm\results\preprocessing\MedianFinal\ProcessedImages\Apple\Rotten\Apple_Rotten_040.jpg,C:\Users\user\code\ip-asgm\results\preprocessing\MedianFinal\ROIMasks\Apple\Rotten\Apple_Rotten_040_mask.png,Apple,Rotten
C:\Users\user\code\ip-asgm\results\preprocessing\MedianFinal\ProcessedImages\Melon\Overripe\Melon_Overripe_048.jpg,C:\Users\user\code\ip-asgm\results\preprocessing\MedianFinal\ROIMasks\Melon\Overripe\Melon_Overripe_048_mask.png,Melon,Overripe
C:\Users\user\code\ip-asgm\results\preprocessing\MedianFinal\ProcessedImages\Orange\Unripe\Orange_Unripe_023.jpg,C:\Users\user\code\ip-asgm\results\preprocessing\MedianFinal\ROIMasks\Orange\Unripe\Orange_Unripe_023_mask.png,Orange,Unripe
C:\Users\user\code\ip-asgm\results\preprocessing\MedianFinal\ProcessedImages\Grape\Overripe\Grape_Overripe_031.jpg,C:\Users\user\code\ip-asgm\results\preprocessing\MedianFinal\ROIMasks\Grape\Overripe\Grape_Overripe_031_mask.png,Grape,Overripe
C:\Users\user\code\ip-asgm\results\preprocessing\MedianFinal\ProcessedImages\Apple\Overripe\Apple_Overripe_077.jpg,C:\Users\user\code\ip-asgm\results\preprocessing\MedianFinal\ROIMasks\Apple\Overripe\Apple_Overripe_077_mask.png,Apple,Overripe
C:\Users\user\code\ip-asgm\results\preprocessing\MedianFinal\ProcessedImages\Apple\Rotten\Apple_Rotten_011.jpg,C:\Users\user\code\ip-asgm\results\preprocessing\MedianFinal\ROIMasks\Apple\Rotten\Apple_Rotten_011_mask.png,Apple,Rotten
C:\Users\user\code\ip-asgm\results\preprocessing\MedianFinal\ProcessedImages\Pear\Rotten\Pear_Rotten_077.jpg,C:\Users\user\code\ip-asgm\results\preprocessing\MedianFinal\ROIMasks\Pear\Rotten\Pear_Rotten_077_mask.png,Pear,Rotten
C:\Users\user\code\ip-asgm\results\preprocessing\MedianFinal\ProcessedImages\Pear\Ripe\Pear_Ripe_047.jpg,C:\Users\user\code\ip-asgm\results\preprocessing\MedianFinal\ROIMasks\Pear\Ripe\Pear_Ripe_047_mask.png,Pear,Ripe
C:\Users\user\code\ip-asgm\results\preprocessing\MedianFinal\ProcessedImages\Apple\Overripe\Apple_Overripe_046.jpg,C:\Users\user\code\ip-asgm\results\preprocessing\MedianFinal\ROIMasks\Apple\Overripe\Apple_Overripe_046_mask.png,Apple,Overripe
C:\Users\user\code\ip-asgm\results\preprocessing\MedianFinal\ProcessedImages\Melon\Unripe\Melon_Unripe_011.jpg,C:\Users\user\code\ip-asgm\results\preprocessing\MedianFinal\ROIMasks\Melon\Unripe\Melon_Unripe_011_mask.png,Melon,Unripe
C:\Users\user\code\ip-asgm\results\preprocessing\MedianFinal\ProcessedImages\Melon\Ripe\Melon_Ripe_074.jpg,C:\Users\user\code\ip-asgm\results\preprocessing\MedianFinal\ROIMasks\Melon\Ripe\Melon_Ripe_074_mask.png,Melon,Ripe
C:\Users\user\code\ip-asgm\results\preprocessing\MedianFinal\ProcessedImages\Mango\Overripe\Mango_Overripe_077.jpg,C:\Users\user\code\ip-asgm\results\preprocessing\MedianFinal\ROIMasks\Mango\Overripe\Mango_Overripe_077_mask.png,Mango,Overripe
C:\Users\user\code\ip-asgm\results\preprocessing\MedianFinal\ProcessedImages\Pear\Ripe\Pear_Ripe_029.jpg,C:\Users\user\code\ip-asgm\results\preprocessing\MedianFinal\ROIMasks\Pear\Ripe\Pear_Ripe_029_mask.png,Pear,Ripe
C:\Users\user\code\ip-asgm\results\preprocessing\MedianFinal\ProcessedImages\Guava\Defect\Guava_Defect_046.jpg,C:\Users\user\code\ip-asgm\results\preprocessing\MedianFinal\ROIMasks\Guava\Defect\Guava_Defect_046_mask.png,Guava,Defect
C:\Users\user\code\ip-asgm\results\preprocessing\MedianFinal\ProcessedImages\Orange\Rotten\Orange_Rotten_046.jpg,C:\Users\user\code\ip-asgm\results\preprocessing\MedianFinal\ROIMasks\Orange\Rotten\Orange_Rotten_046_mask.png,Orange,Rotten
C:\Users\user\code\ip-asgm\results\preprocessing\MedianFinal\ProcessedImages\Guava\Defect\Guava_Defect_040.jpg,C:\Users\user\code\ip-asgm\results\preprocessing\MedianFinal\ROIMasks\Guava\Defect\Guava_Defect_040_mask.png,Guava,Defect
C:\Users\user\code\ip-asgm\results\preprocessing\MedianFinal\ProcessedImages\Pear\Rotten\Pear_Rotten_013.jpg,C:\Users\user\code\ip-asgm\results\preprocessing\MedianFinal\ROIMasks\Pear\Rotten\Pear_Rotten_013_mask.png,Pear,Rotten
C:\Users\user\code\ip-asgm\results\preprocessing\MedianFinal\ProcessedImages\Grape\Unripe\Grape_Unripe_040.jpg,C:\Users\user\code\ip-asgm\results\preprocessing\MedianFinal\ROIMasks\Grape\Unripe\Grape_Unripe_040_mask.png,Grape,Unripe
C:\Users\user\code\ip-asgm\results\preprocessing\MedianFinal\ProcessedImages\Apple\Ripe\Apple_Ripe_023.jpg,C:\Users\user\code\ip-asgm\results\preprocessing\MedianFinal\ROIMasks\Apple\Ripe\Apple_Ripe_023_mask.png,Apple,Ripe
C:\Users\user\code\ip-asgm\results\preprocessing\MedianFinal\ProcessedImages\Peach\Overripe\Peach_Overripe_011.jpg,C:\Users\user\code\ip-asgm\results\preprocessing\MedianFinal\ROIMasks\Peach\Overripe\Peach_Overripe_011_mask.png,Peach,Overripe
C:\Users\user\code\ip-asgm\results\preprocessing\MedianFinal\ProcessedImages\Guava\Class_B\Guava_Class_B_046.jpg,C:\Users\user\code\ip-asgm\results\preprocessing\MedianFinal\ROIMasks\Guava\Class_B\Guava_Class_B_046_mask.png,Guava,Class_B
C:\Users\user\code\ip-asgm\results\preprocessing\MedianFinal\ProcessedImages\Apple\Rotten\Apple_Rotten_019.jpg,C:\Users\user\code\ip-asgm\results\preprocessing\MedianFinal\ROIMasks\Apple\Rotten\Apple_Rotten_019_mask.png,Apple,Rotten
C:\Users\user\code\ip-asgm\results\preprocessing\MedianFinal\ProcessedImages\Mango\Unripe\Mango_Unripe_045.jpg,C:\Users\user\code\ip-asgm\results\preprocessing\MedianFinal\ROIMasks\Mango\Unripe\Mango_Unripe_045_mask.png,Mango,Unripe
C:\Users\user\code\ip-asgm\results\preprocessing\MedianFinal\ProcessedImages\Grape\Unripe\Grape_Unripe_001.jpg,C:\Users\user\code\ip-asgm\results\preprocessing\MedianFinal\ROIMasks\Grape\Unripe\Grape_Unripe_001_mask.png,Grape,Unripe
C:\Users\user\code\ip-asgm\results\preprocessing\MedianFinal\ProcessedImages\Apple\Ripe\Apple_Ripe_078.jpg,C:\Users\user\code\ip-asgm\results\preprocessing\MedianFinal\ROIMasks\Apple\Ripe\Apple_Ripe_078_mask.png,Apple,Ripe
C:\Users\user\code\ip-asgm\results\preprocessing\MedianFinal\ProcessedImages\Banana\Unripe\Banana_Unripe_078.jpg,C:\Users\user\code\ip-asgm\results\preprocessing\MedianFinal\ROIMasks\Banana\Unripe\Banana_Unripe_078_mask.png,Banana,Unripe
C:\Users\user\code\ip-asgm\results\preprocessing\MedianFinal\ProcessedImages\Grape\Unripe\Grape_Unripe_078.jpg,C:\Users\user\code\ip-asgm\results\preprocessing\MedianFinal\ROIMasks\Grape\Unripe\Grape_Unripe_078_mask.png,Grape,Unripe
C:\Users\user\code\ip-asgm\results\preprocessing\MedianFinal\ProcessedImages\Pear\Rotten\Pear_Rotten_031.jpg,C:\Users\user\code\ip-asgm\results\preprocessing\MedianFinal\ROIMasks\Pear\Rotten\Pear_Rotten_031_mask.png,Pear,Rotten
C:\Users\user\code\ip-asgm\results\preprocessing\MedianFinal\ProcessedImages\Mango\Unripe\Mango_Unripe_091.jpg,C:\Users\user\code\ip-asgm\results\preprocessing\MedianFinal\ROIMasks\Mango\Unripe\Mango_Unripe_091_mask.png,Mango,Unripe
C:\Users\user\code\ip-asgm\results\preprocessing\MedianFinal\ProcessedImages\Mango\Unripe\Mango_Unripe_019.jpg,C:\Users\user\code\ip-asgm\results\preprocessing\MedianFinal\ROIMasks\Mango\Unripe\Mango_Unripe_019_mask.png,Mango,Unripe
C:\Users\user\code\ip-asgm\results\preprocessing\MedianFinal\ProcessedImages\Grape\Overripe\Grape_Overripe_005.jpg,C:\Users\user\code\ip-asgm\results\preprocessing\MedianFinal\ROIMasks\Grape\Overripe\Grape_Overripe_005_mask.png,Grape,Overripe
C:\Users\user\code\ip-asgm\results\preprocessing\MedianFinal\ProcessedImages\Peach\Unripe\Peach_Unripe_046.jpg,C:\Users\user\code\ip-asgm\results\preprocessing\MedianFinal\ROIMasks\Peach\Unripe\Peach_Unripe_046_mask.png,Peach,Unripe
C:\Users\user\code\ip-asgm\results\preprocessing\MedianFinal\ProcessedImages\Orange\Ripe\Orange_Ripe_054.jpg,C:\Users\user\code\ip-asgm\results\preprocessing\MedianFinal\ROIMasks\Orange\Ripe\Orange_Ripe_054_mask.png,Orange,Ripe
C:\Users\user\code\ip-asgm\results\preprocessing\MedianFinal\ProcessedImages\Orange\Rotten\Orange_Rotten_091.jpg,C:\Users\user\code\ip-asgm\results\preprocessing\MedianFinal\ROIMasks\Orange\Rotten\Orange_Rotten_091_mask.png,Orange,Rotten
C:\Users\user\code\ip-asgm\results\preprocessing\MedianFinal\ProcessedImages\Grape\Ripe\Grape_Ripe_091.jpg,C:\Users\user\code\ip-asgm\results\preprocessing\MedianFinal\ROIMasks\Grape\Ripe\Grape_Ripe_091_mask.png,Grape,Ripe
C:\Users\user\code\ip-asgm\results\preprocessing\MedianFinal\ProcessedImages\Peach\Rotten\Peach_Rotten_091.jpg,C:\Users\user\code\ip-asgm\results\preprocessing\MedianFinal\ROIMasks\Peach\Rotten\Peach_Rotten_091_mask.png,Peach,Rotten
C:\Users\user\code\ip-asgm\results\preprocessing\MedianFinal\ProcessedImages\Peach\Unripe\Peach_Unripe_071.jpg,C:\Users\user\code\ip-asgm\results\preprocessing\MedianFinal\ROIMasks\Peach\Unripe\Peach_Unripe_071_mask.png,Peach,Unripe
C:\Users\user\code\ip-asgm\results\preprocessing\MedianFinal\ProcessedImages\Melon\Rotten\Melon_Rotten_013.jpg,C:\Users\user\code\ip-asgm\results\preprocessing\MedianFinal\ROIMasks\Melon\Rotten\Melon_Rotten_013_mask.png,Melon,Rotten
C:\Users\user\code\ip-asgm\results\preprocessing\MedianFinal\ProcessedImages\Melon\Unripe\Melon_Unripe_080.jpg,C:\Users\user\code\ip-asgm\results\preprocessing\MedianFinal\ROIMasks\Melon\Unripe\Melon_Unripe_080_mask.png,Melon,Unripe
C:\Users\user\code\ip-asgm\results\preprocessing\MedianFinal\ProcessedImages\Melon\Unripe\Melon_Unripe_001.jpg,C:\Users\user\code\ip-asgm\results\preprocessing\MedianFinal\ROIMasks\Melon\Unripe\Melon_Unripe_001_mask.png,Melon,Unripe
C:\Users\user\code\ip-asgm\results\preprocessing\MedianFinal\ProcessedImages\Pear\Rotten\Pear_Rotten_005.jpg,C:\Users\user\code\ip-asgm\results\preprocessing\MedianFinal\ROIMasks\Pear\Rotten\Pear_Rotten_005_mask.png,Pear,Rotten
C:\Users\user\code\ip-asgm\results\preprocessing\MedianFinal\ProcessedImages\Peach\Rotten\Peach_Rotten_054.jpg,C:\Users\user\code\ip-asgm\results\preprocessing\MedianFinal\ROIMasks\Peach\Rotten\Peach_Rotten_054_mask.png,Peach,Rotten
C:\Users\user\code\ip-asgm\results\preprocessing\MedianFinal\ProcessedImages\Pear\Ripe\Pear_Ripe_048.jpg,C:\Users\user\code\ip-asgm\results\preprocessing\MedianFinal\ROIMasks\Pear\Ripe\Pear_Ripe_048_mask.png,Pear,Ripe
C:\Users\user\code\ip-asgm\results\preprocessing\MedianFinal\ProcessedImages\Apple\Unripe\Apple_Unripe_081.jpg,C:\Users\user\code\ip-asgm\results\preprocessing\MedianFinal\ROIMasks\Apple\Unripe\Apple_Unripe_081_mask.png,Apple,Unripe
C:\Users\user\code\ip-asgm\results\preprocessing\MedianFinal\ProcessedImages\Orange\Unripe\Orange_Unripe_005.jpg,C:\Users\user\code\ip-asgm\results\preprocessing\MedianFinal\ROIMasks\Orange\Unripe\Orange_Unripe_005_mask.png,Orange,Unripe
C:\Users\user\code\ip-asgm\results\preprocessing\MedianFinal\ProcessedImages\Grape\Overripe\Grape_Overripe_011.jpg,C:\Users\user\code\ip-asgm\results\preprocessing\MedianFinal\ROIMasks\Grape\Overripe\Grape_Overripe_011_mask.png,Grape,Overripe
C:\Users\user\code\ip-asgm\results\preprocessing\MedianFinal\ProcessedImages\Melon\Unripe\Melon_Unripe_043.jpg,C:\Users\user\code\ip-asgm\results\preprocessing\MedianFinal\ROIMasks\Melon\Unripe\Melon_Unripe_043_mask.png,Melon,Unripe
C:\Users\user\code\ip-asgm\results\preprocessing\MedianFinal\ProcessedImages\Grape\Overripe\Grape_Overripe_071.jpg,C:\Users\user\code\ip-asgm\results\preprocessing\MedianFinal\ROIMasks\Grape\Overripe\Grape_Overripe_071_mask.png,Grape,Overripe
C:\Users\user\code\ip-asgm\results\preprocessing\MedianFinal\ProcessedImages\Mango\Overripe\Mango_Overripe_001.jpg,C:\Users\user\code\ip-asgm\results\preprocessing\MedianFinal\ROIMasks\Mango\Overripe\Mango_Overripe_001_mask.png,Mango,Overripe
C:\Users\user\code\ip-asgm\results\preprocessing\MedianFinal\ProcessedImages\Grape\Ripe\Grape_Ripe_034.jpg,C:\Users\user\code\ip-asgm\results\preprocessing\MedianFinal\ROIMasks\Grape\Ripe\Grape_Ripe_034_mask.png,Grape,Ripe
C:\Users\user\code\ip-asgm\results\preprocessing\MedianFinal\ProcessedImages\Orange\Overripe\Orange_Overripe_032.jpg,C:\Users\user\code\ip-asgm\results\preprocessing\MedianFinal\ROIMasks\Orange\Overripe\Orange_Overripe_032_mask.png,Orange,Overripe
C:\Users\user\code\ip-asgm\results\preprocessing\MedianFinal\ProcessedImages\Mango\Unripe\Mango_Unripe_040.jpg,C:\Users\user\code\ip-asgm\results\preprocessing\MedianFinal\ROIMasks\Mango\Unripe\Mango_Unripe_040_mask.png,Mango,Unripe
C:\Users\user\code\ip-asgm\results\preprocessing\MedianFinal\ProcessedImages\Melon\Overripe\Melon_Overripe_046.jpg,C:\Users\user\code\ip-asgm\results\preprocessing\MedianFinal\ROIMasks\Melon\Overripe\Melon_Overripe_046_mask.png,Melon,Overripe
C:\Users\user\code\ip-asgm\results\preprocessing\MedianFinal\ProcessedImages\Pear\Overripe\Pear_Overripe_041.jpg,C:\Users\user\code\ip-asgm\results\preprocessing\MedianFinal\ROIMasks\Pear\Overripe\Pear_Overripe_041_mask.png,Pear,Overripe
C:\Users\user\code\ip-asgm\results\preprocessing\MedianFinal\ProcessedImages\Orange\Ripe\Orange_Ripe_078.jpg,C:\Users\user\code\ip-asgm\results\preprocessing\MedianFinal\ROIMasks\Orange\Ripe\Orange_Ripe_078_mask.png,Orange,Ripe
C:\Users\user\code\ip-asgm\results\preprocessing\MedianFinal\ProcessedImages\Banana\Unripe\Banana_Unripe_074.jpg,C:\Users\user\code\ip-asgm\results\preprocessing\MedianFinal\ROIMasks\Banana\Unripe\Banana_Unripe_074_mask.png,Banana,Unripe
C:\Users\user\code\ip-asgm\results\preprocessing\MedianFinal\ProcessedImages\Peach\Rotten\Peach_Rotten_013.jpg,C:\Users\user\code\ip-asgm\results\preprocessing\MedianFinal\ROIMasks\Peach\Rotten\Peach_Rotten_013_mask.png,Peach,Rotten
C:\Users\user\code\ip-asgm\results\preprocessing\MedianFinal\ProcessedImages\Peach\Unripe\Peach_Unripe_045.jpg,C:\Users\user\code\ip-asgm\results\preprocessing\MedianFinal\ROIMasks\Peach\Unripe\Peach_Unripe_045_mask.png,Peach,Unripe
C:\Users\user\code\ip-asgm\results\preprocessing\MedianFinal\ProcessedImages\Grape\Unripe\Grape_Unripe_023.jpg,C:\Users\user\code\ip-asgm\results\preprocessing\MedianFinal\ROIMasks\Grape\Unripe\Grape_Unripe_023_mask.png,Grape,Unripe
C:\Users\user\code\ip-asgm\results\preprocessing\MedianFinal\ProcessedImages\Melon\Unripe\Melon_Unripe_023.jpg,C:\Users\user\code\ip-asgm\results\preprocessing\MedianFinal\ROIMasks\Melon\Unripe\Melon_Unripe_023_mask.png,Melon,Unripe
C:\Users\user\code\ip-asgm\results\preprocessing\MedianFinal\ProcessedImages\Peach\Overripe\Peach_Overripe_013.jpg,C:\Users\user\code\ip-asgm\results\preprocessing\MedianFinal\ROIMasks\Peach\Overripe\Peach_Overripe_013_mask.png,Peach,Overripe
C:\Users\user\code\ip-asgm\results\preprocessing\MedianFinal\ProcessedImages\Banana\Ripe\Banana_Ripe_046.jpg,C:\Users\user\code\ip-asgm\results\preprocessing\MedianFinal\ROIMasks\Banana\Ripe\Banana_Ripe_046_mask.png,Banana,Ripe
C:\Users\user\code\ip-asgm\results\preprocessing\MedianFinal\ProcessedImages\Melon\Rotten\Melon_Rotten_026.jpg,C:\Users\user\code\ip-asgm\results\preprocessing\MedianFinal\ROIMasks\Melon\Rotten\Melon_Rotten_026_mask.png,Melon,Rotten
C:\Users\user\code\ip-asgm\results\preprocessing\MedianFinal\ProcessedImages\Peach\Unripe\Peach_Unripe_005.jpg,C:\Users\user\code\ip-asgm\results\preprocessing\MedianFinal\ROIMasks\Peach\Unripe\Peach_Unripe_005_mask.png,Peach,Unripe
C:\Users\user\code\ip-asgm\results\preprocessing\MedianFinal\ProcessedImages\Orange\Unripe\Orange_Unripe_011.jpg,C:\Users\user\code\ip-asgm\results\preprocessing\MedianFinal\ROIMasks\Orange\Unripe\Orange_Unripe_011_mask.png,Orange,Unripe
C:\Users\user\code\ip-asgm\results\preprocessing\MedianFinal\ProcessedImages\Apple\Unripe\Apple_Unripe_091.jpg,C:\Users\user\code\ip-asgm\results\preprocessing\MedianFinal\ROIMasks\Apple\Unripe\Apple_Unripe_091_mask.png,Apple,Unripe
C:\Users\user\code\ip-asgm\results\preprocessing\MedianFinal\ProcessedImages\Banana\Ripe\Banana_Ripe_005.jpg,C:\Users\user\code\ip-asgm\results\preprocessing\MedianFinal\ROIMasks\Banana\Ripe\Banana_Ripe_005_mask.png,Banana,Ripe
C:\Users\user\code\ip-asgm\results\preprocessing\MedianFinal\ProcessedImages\Melon\Ripe\Melon_Ripe_081.jpg,C:\Users\user\code\ip-asgm\results\preprocessing\MedianFinal\ROIMasks\Melon\Ripe\Melon_Ripe_081_mask.png,Melon,Ripe
C:\Users\user\code\ip-asgm\results\preprocessing\MedianFinal\ProcessedImages\Pear\Rotten\Pear_Rotten_091.jpg,C:\Users\user\code\ip-asgm\results\preprocessing\MedianFinal\ROIMasks\Pear\Rotten\Pear_Rotten_091_mask.png,Pear,Rotten
C:\Users\user\code\ip-asgm\results\preprocessing\MedianFinal\ProcessedImages\Banana\Ripe\Banana_Ripe_032.jpg,C:\Users\user\code\ip-asgm\results\preprocessing\MedianFinal\ROIMasks\Banana\Ripe\Banana_Ripe_032_mask.png,Banana,Ripe
C:\Users\user\code\ip-asgm\results\preprocessing\MedianFinal\ProcessedImages\Apple\Rotten\Apple_Rotten_034.jpg,C:\Users\user\code\ip-asgm\results\preprocessing\MedianFinal\ROIMasks\Apple\Rotten\Apple_Rotten_034_mask.png,Apple,Rotten
C:\Users\user\code\ip-asgm\results\preprocessing\MedianFinal\ProcessedImages\Banana\Unripe\Banana_Unripe_031.jpg,C:\Users\user\code\ip-asgm\results\preprocessing\MedianFinal\ROIMasks\Banana\Unripe\Banana_Unripe_031_mask.png,Banana,Unripe
C:\Users\user\code\ip-asgm\results\preprocessing\MedianFinal\ProcessedImages\Melon\Ripe\Melon_Ripe_046.jpg,C:\Users\user\code\ip-asgm\results\preprocessing\MedianFinal\ROIMasks\Melon\Ripe\Melon_Ripe_046_mask.png,Melon,Ripe
C:\Users\user\code\ip-asgm\results\preprocessing\MedianFinal\ProcessedImages\Pear\Ripe\Pear_Ripe_032.jpg,C:\Users\user\code\ip-asgm\results\preprocessing\MedianFinal\ROIMasks\Pear\Ripe\Pear_Ripe_032_mask.png,Pear,Ripe
C:\Users\user\code\ip-asgm\results\preprocessing\MedianFinal\ProcessedImages\Grape\Rotten\Grape_Rotten_081.jpg,C:\Users\user\code\ip-asgm\results\preprocessing\MedianFinal\ROIMasks\Grape\Rotten\Grape_Rotten_081_mask.png,Grape,Rotten
C:\Users\user\code\ip-asgm\results\preprocessing\MedianFinal\ProcessedImages\Pear\Unripe\Pear_Unripe_011.jpg,C:\Users\user\code\ip-asgm\results\preprocessing\MedianFinal\ROIMasks\Pear\Unripe\Pear_Unripe_011_mask.png,Pear,Unripe
C:\Users\user\code\ip-asgm\results\preprocessing\MedianFinal\ProcessedImages\Orange\Ripe\Orange_Ripe_011.jpg,C:\Users\user\code\ip-asgm\results\preprocessing\MedianFinal\ROIMasks\Orange\Ripe\Orange_Ripe_011_mask.png,Orange,Ripe
C:\Users\user\code\ip-asgm\results\preprocessing\MedianFinal\ProcessedImages\Orange\Overripe\Orange_Overripe_011.jpg,C:\Users\user\code\ip-asgm\results\preprocessing\MedianFinal\ROIMasks\Orange\Overripe\Orange_Overripe_011_mask.png,Orange,Overripe
C:\Users\user\code\ip-asgm\results\preprocessing\MedianFinal\ProcessedImages\Orange\Unripe\Orange_Unripe_013.jpg,C:\Users\user\code\ip-asgm\results\preprocessing\MedianFinal\ROIMasks\Orange\Unripe\Orange_Unripe_013_mask.png,Orange,Unripe
C:\Users\user\code\ip-asgm\results\preprocessing\MedianFinal\ProcessedImages\Apple\Overripe\Apple_Overripe_011.jpg,C:\Users\user\code\ip-asgm\results\preprocessing\MedianFinal\ROIMasks\Apple\Overripe\Apple_Overripe_011_mask.png,Apple,Overripe
C:\Users\user\code\ip-asgm\results\preprocessing\MedianFinal\ProcessedImages\Pear\Ripe\Pear_Ripe_006.jpg,C:\Users\user\code\ip-asgm\results\preprocessing\MedianFinal\ROIMasks\Pear\Ripe\Pear_Ripe_006_mask.png,Pear,Ripe
C:\Users\user\code\ip-asgm\results\preprocessing\MedianFinal\ProcessedImages\Apple\Ripe\Apple_Ripe_077.jpg,C:\Users\user\code\ip-asgm\results\preprocessing\MedianFinal\ROIMasks\Apple\Ripe\Apple_Ripe_077_mask.png,Apple,Ripe
C:\Users\user\code\ip-asgm\results\preprocessing\MedianFinal\ProcessedImages\Melon\Unripe\Melon_Unripe_019.jpg,C:\Users\user\code\ip-asgm\results\preprocessing\MedianFinal\ROIMasks\Melon\Unripe\Melon_Unripe_019_mask.png,Melon,Unripe
C:\Users\user\code\ip-asgm\results\preprocessing\MedianFinal\ProcessedImages\Banana\Rotten\Banana_Rotten_032.jpg,C:\Users\user\code\ip-asgm\results\preprocessing\MedianFinal\ROIMasks\Banana\Rotten\Banana_Rotten_032_mask.png,Banana,Rotten
C:\Users\user\code\ip-asgm\results\preprocessing\MedianFinal\ProcessedImages\Guava\Class_A\Guava_Class_A_034.jpg,C:\Users\user\code\ip-asgm\results\preprocessing\MedianFinal\ROIMasks\Guava\Class_A\Guava_Class_A_034_mask.png,Guava,Class_A
C:\Users\user\code\ip-asgm\results\preprocessing\MedianFinal\ProcessedImages\Mango\Overripe\Mango_Overripe_046.jpg,C:\Users\user\code\ip-asgm\results\preprocessing\MedianFinal\ROIMasks\Mango\Overripe\Mango_Overripe_046_mask.png,Mango,Overripe
C:\Users\user\code\ip-asgm\results\preprocessing\MedianFinal\ProcessedImages\Pear\Overripe\Pear_Overripe_082.jpg,C:\Users\user\code\ip-asgm\results\preprocessing\MedianFinal\ROIMasks\Pear\Overripe\Pear_Overripe_082_mask.png,Pear,Overripe
C:\Users\user\code\ip-asgm\results\preprocessing\MedianFinal\ProcessedImages\Orange\Unripe\Orange_Unripe_081.jpg,C:\Users\user\code\ip-asgm\results\preprocessing\MedianFinal\ROIMasks\Orange\Unripe\Orange_Unripe_081_mask.png,Orange,Unripe
C:\Users\user\code\ip-asgm\results\preprocessing\MedianFinal\ProcessedImages\Mango\Unripe\Mango_Unripe_011.jpg,C:\Users\user\code\ip-asgm\results\preprocessing\MedianFinal\ROIMasks\Mango\Unripe\Mango_Unripe_011_mask.png,Mango,Unripe
C:\Users\user\code\ip-asgm\results\preprocessing\MedianFinal\ProcessedImages\Apple\Rotten\Apple_Rotten_032.jpg,C:\Users\user\code\ip-asgm\results\preprocessing\MedianFinal\ROIMasks\Apple\Rotten\Apple_Rotten_032_mask.png,Apple,Rotten
C:\Users\user\code\ip-asgm\results\preprocessing\MedianFinal\ProcessedImages\Banana\Ripe\Banana_Ripe_031.jpg,C:\Users\user\code\ip-asgm\results\preprocessing\MedianFinal\ROIMasks\Banana\Ripe\Banana_Ripe_031_mask.png,Banana,Ripe
C:\Users\user\code\ip-asgm\results\preprocessing\MedianFinal\ProcessedImages\Orange\Ripe\Orange_Ripe_019.jpg,C:\Users\user\code\ip-asgm\results\preprocessing\MedianFinal\ROIMasks\Orange\Ripe\Orange_Ripe_019_mask.png,Orange,Ripe
C:\Users\user\code\ip-asgm\results\preprocessing\MedianFinal\ProcessedImages\Pear\Rotten\Pear_Rotten_084.jpg,C:\Users\user\code\ip-asgm\results\preprocessing\MedianFinal\ROIMasks\Pear\Rotten\Pear_Rotten_084_mask.png,Pear,Rotten
C:\Users\user\code\ip-asgm\results\preprocessing\MedianFinal\ProcessedImages\Orange\Ripe\Orange_Ripe_091.jpg,C:\Users\user\code\ip-asgm\results\preprocessing\MedianFinal\ROIMasks\Orange\Ripe\Orange_Ripe_091_mask.png,Orange,Ripe
C:\Users\user\code\ip-asgm\results\preprocessing\MedianFinal\ProcessedImages\Guava\Class_B\Guava_Class_B_071.jpg,C:\Users\user\code\ip-asgm\results\preprocessing\MedianFinal\ROIMasks\Guava\Class_B\Guava_Class_B_071_mask.png,Guava,Class_B
C:\Users\user\code\ip-asgm\results\preprocessing\MedianFinal\ProcessedImages\Peach\Rotten\Peach_Rotten_081.jpg,C:\Users\user\code\ip-asgm\results\preprocessing\MedianFinal\ROIMasks\Peach\Rotten\Peach_Rotten_081_mask.png,Peach,Rotten
C:\Users\user\code\ip-asgm\results\preprocessing\MedianFinal\ProcessedImages\Guava\Defect\Guava_Defect_078.jpg,C:\Users\user\code\ip-asgm\results\preprocessing\MedianFinal\ROIMasks\Guava\Defect\Guava_Defect_078_mask.png,Guava,Defect
C:\Users\user\code\ip-asgm\results\preprocessing\MedianFinal\ProcessedImages\Melon\Ripe\Melon_Ripe_091.jpg,C:\Users\user\code\ip-asgm\results\preprocessing\MedianFinal\ROIMasks\Melon\Ripe\Melon_Ripe_091_mask.png,Melon,Ripe
C:\Users\user\code\ip-asgm\results\preprocessing\MedianFinal\ProcessedImages\Banana\Unripe\Banana_Unripe_019.jpg,C:\Users\user\code\ip-asgm\results\preprocessing\MedianFinal\ROIMasks\Banana\Unripe\Banana_Unripe_019_mask.png,Banana,Unripe
C:\Users\user\code\ip-asgm\results\preprocessing\MedianFinal\ProcessedImages\Melon\Rotten\Melon_Rotten_006.jpg,C:\Users\user\code\ip-asgm\results\preprocessing\MedianFinal\ROIMasks\Melon\Rotten\Melon_Rotten_006_mask.png,Melon,Rotten
C:\Users\user\code\ip-asgm\results\preprocessing\MedianFinal\ProcessedImages\Peach\Overripe\Peach_Overripe_091.jpg,C:\Users\user\code\ip-asgm\results\preprocessing\MedianFinal\ROIMasks\Peach\Overripe\Peach_Overripe_091_mask.png,Peach,Overripe
C:\Users\user\code\ip-asgm\results\preprocessing\MedianFinal\ProcessedImages\Melon\Unripe\Melon_Unripe_081.jpg,C:\Users\user\code\ip-asgm\results\preprocessing\MedianFinal\ROIMasks\Melon\Unripe\Melon_Unripe_081_mask.png,Melon,Unripe
C:\Users\user\code\ip-asgm\results\preprocessing\MedianFinal\ProcessedImages\Pear\Rotten\Pear_Rotten_040.jpg,C:\Users\user\code\ip-asgm\results\preprocessing\MedianFinal\ROIMasks\Pear\Rotten\Pear_Rotten_040_mask.png,Pear,Rotten
C:\Users\user\code\ip-asgm\results\preprocessing\MedianFinal\ProcessedImages\Guava\Class_B\Guava_Class_B_023.jpg,C:\Users\user\code\ip-asgm\results\preprocessing\MedianFinal\ROIMasks\Guava\Class_B\Guava_Class_B_023_mask.png,Guava,Class_B
C:\Users\user\code\ip-asgm\results\preprocessing\MedianFinal\ProcessedImages\Peach\Unripe\Peach_Unripe_011.jpg,C:\Users\user\code\ip-asgm\results\preprocessing\MedianFinal\ROIMasks\Peach\Unripe\Peach_Unripe_011_mask.png,Peach,Unripe
C:\Users\user\code\ip-asgm\results\preprocessing\MedianFinal\ProcessedImages\Mango\Rotten\Mango_Rotten_032.jpg,C:\Users\user\code\ip-asgm\results\preprocessing\MedianFinal\ROIMasks\Mango\Rotten\Mango_Rotten_032_mask.png,Mango,Rotten
C:\Users\user\code\ip-asgm\results\preprocessing\MedianFinal\ProcessedImages\Pear\Overripe\Pear_Overripe_074.jpg,C:\Users\user\code\ip-asgm\results\preprocessing\MedianFinal\ROIMasks\Pear\Overripe\Pear_Overripe_074_mask.png,Pear,Overripe
C:\Users\user\code\ip-asgm\results\preprocessing\MedianFinal\ProcessedImages\Apple\Ripe\Apple_Ripe_013.jpg,C:\Users\user\code\ip-asgm\results\preprocessing\MedianFinal\ROIMasks\Apple\Ripe\Apple_Ripe_013_mask.png,Apple,Ripe
C:\Users\user\code\ip-asgm\results\preprocessing\MedianFinal\ProcessedImages\Banana\Rotten\Banana_Rotten_081.jpg,C:\Users\user\code\ip-asgm\results\preprocessing\MedianFinal\ROIMasks\Banana\Rotten\Banana_Rotten_081_mask.png,Banana,Rotten
C:\Users\user\code\ip-asgm\results\preprocessing\MedianFinal\ProcessedImages\Melon\Rotten\Melon_Rotten_022.jpg,C:\Users\user\code\ip-asgm\results\preprocessing\MedianFinal\ROIMasks\Melon\Rotten\Melon_Rotten_022_mask.png,Melon,Rotten
C:\Users\user\code\ip-asgm\results\preprocessing\MedianFinal\ProcessedImages\Melon\Ripe\Melon_Ripe_077.jpg,C:\Users\user\code\ip-asgm\results\preprocessing\MedianFinal\ROIMasks\Melon\Ripe\Melon_Ripe_077_mask.png,Melon,Ripe
C:\Users\user\code\ip-asgm\results\preprocessing\MedianFinal\ProcessedImages\Mango\Overripe\Mango_Overripe_081.jpg,C:\Users\user\code\ip-asgm\results\preprocessing\MedianFinal\ROIMasks\Mango\Overripe\Mango_Overripe_081_mask.png,Mango,Overripe
C:\Users\user\code\ip-asgm\results\preprocessing\MedianFinal\ProcessedImages\Grape\Ripe\Grape_Ripe_013.jpg,C:\Users\user\code\ip-asgm\results\preprocessing\MedianFinal\ROIMasks\Grape\Ripe\Grape_Ripe_013_mask.png,Grape,Ripe
C:\Users\user\code\ip-asgm\results\preprocessing\MedianFinal\ProcessedImages\Mango\Rotten\Mango_Rotten_031.jpg,C:\Users\user\code\ip-asgm\results\preprocessing\MedianFinal\ROIMasks\Mango\Rotten\Mango_Rotten_031_mask.png,Mango,Rotten
C:\Users\user\code\ip-asgm\results\preprocessing\MedianFinal\ProcessedImages\Orange\Ripe\Orange_Ripe_005.jpg,C:\Users\user\code\ip-asgm\results\preprocessing\MedianFinal\ROIMasks\Orange\Ripe\Orange_Ripe_005_mask.png,Orange,Ripe
C:\Users\user\code\ip-asgm\results\preprocessing\MedianFinal\ProcessedImages\Banana\Unripe\Banana_Unripe_023.jpg,C:\Users\user\code\ip-asgm\results\preprocessing\MedianFinal\ROIMasks\Banana\Unripe\Banana_Unripe_023_mask.png,Banana,Unripe
C:\Users\user\code\ip-asgm\results\preprocessing\MedianFinal\ProcessedImages\Melon\Unripe\Melon_Unripe_065.jpg,C:\Users\user\code\ip-asgm\results\preprocessing\MedianFinal\ROIMasks\Melon\Unripe\Melon_Unripe_065_mask.png,Melon,Unripe
C:\Users\user\code\ip-asgm\results\preprocessing\MedianFinal\ProcessedImages\Pear\Ripe\Pear_Ripe_062.jpg,C:\Users\user\code\ip-asgm\results\preprocessing\MedianFinal\ROIMasks\Pear\Ripe\Pear_Ripe_062_mask.png,Pear,Ripe
C:\Users\user\code\ip-asgm\results\preprocessing\MedianFinal\ProcessedImages\Orange\Unripe\Orange_Unripe_046.jpg,C:\Users\user\code\ip-asgm\results\preprocessing\MedianFinal\ROIMasks\Orange\Unripe\Orange_Unripe_046_mask.png,Orange,Unripe
C:\Users\user\code\ip-asgm\results\preprocessing\MedianFinal\ProcessedImages\Melon\Ripe\Melon_Ripe_032.jpg,C:\Users\user\code\ip-asgm\results\preprocessing\MedianFinal\ROIMasks\Melon\Ripe\Melon_Ripe_032_mask.png,Melon,Ripe
C:\Users\user\code\ip-asgm\results\preprocessing\MedianFinal\ProcessedImages\Melon\Unripe\Melon_Unripe_074.jpg,C:\Users\user\code\ip-asgm\results\preprocessing\MedianFinal\ROIMasks\Melon\Unripe\Melon_Unripe_074_mask.png,Melon,Unripe
C:\Users\user\code\ip-asgm\results\preprocessing\MedianFinal\ProcessedImages\Pear\Overripe\Pear_Overripe_059.jpg,C:\Users\user\code\ip-asgm\results\preprocessing\MedianFinal\ROIMasks\Pear\Overripe\Pear_Overripe_059_mask.png,Pear,Overripe
C:\Users\user\code\ip-asgm\results\preprocessing\MedianFinal\ProcessedImages\Banana\Unripe\Banana_Unripe_081.jpg,C:\Users\user\code\ip-asgm\results\preprocessing\MedianFinal\ROIMasks\Banana\Unripe\Banana_Unripe_081_mask.png,Banana,Unripe
C:\Users\user\code\ip-asgm\results\preprocessing\MedianFinal\ProcessedImages\Peach\Overripe\Peach_Overripe_081.jpg,C:\Users\user\code\ip-asgm\results\preprocessing\MedianFinal\ROIMasks\Peach\Overripe\Peach_Overripe_081_mask.png,Peach,Overripe
C:\Users\user\code\ip-asgm\results\preprocessing\MedianFinal\ProcessedImages\Mango\Rotten\Mango_Rotten_011.jpg,C:\Users\user\code\ip-asgm\results\preprocessing\MedianFinal\ROIMasks\Mango\Rotten\Mango_Rotten_011_mask.png,Mango,Rotten
C:\Users\user\code\ip-asgm\results\preprocessing\MedianFinal\ProcessedImages\Orange\Overripe\Orange_Overripe_046.jpg,C:\Users\user\code\ip-asgm\results\preprocessing\MedianFinal\ROIMasks\Orange\Overripe\Orange_Overripe_046_mask.png,Orange,Overripe
C:\Users\user\code\ip-asgm\results\preprocessing\MedianFinal\ProcessedImages\Mango\Ripe\Mango_Ripe_040.jpg,C:\Users\user\code\ip-asgm\results\preprocessing\MedianFinal\ROIMasks\Mango\Ripe\Mango_Ripe_040_mask.png,Mango,Ripe
C:\Users\user\code\ip-asgm\results\preprocessing\MedianFinal\ProcessedImages\Grape\Ripe\Grape_Ripe_023.jpg,C:\Users\user\code\ip-asgm\results\preprocessing\MedianFinal\ROIMasks\Grape\Ripe\Grape_Ripe_023_mask.png,Grape,Ripe
C:\Users\user\code\ip-asgm\results\preprocessing\MedianFinal\ProcessedImages\Banana\Rotten\Banana_Rotten_046.jpg,C:\Users\user\code\ip-asgm\results\preprocessing\MedianFinal\ROIMasks\Banana\Rotten\Banana_Rotten_046_mask.png,Banana,Rotten
C:\Users\user\code\ip-asgm\results\preprocessing\MedianFinal\ProcessedImages\Peach\Rotten\Peach_Rotten_034.jpg,C:\Users\user\code\ip-asgm\results\preprocessing\MedianFinal\ROIMasks\Peach\Rotten\Peach_Rotten_034_mask.png,Peach,Rotten
C:\Users\user\code\ip-asgm\results\preprocessing\MedianFinal\ProcessedImages\Banana\Overripe\Banana_Overripe_077.jpg,C:\Users\user\code\ip-asgm\results\preprocessing\MedianFinal\ROIMasks\Banana\Overripe\Banana_Overripe_077_mask.png,Banana,Overripe
C:\Users\user\code\ip-asgm\results\preprocessing\MedianFinal\ProcessedImages\Banana\Unripe\Banana_Unripe_046.jpg,C:\Users\user\code\ip-asgm\results\preprocessing\MedianFinal\ROIMasks\Banana\Unripe\Banana_Unripe_046_mask.png,Banana,Unripe
C:\Users\user\code\ip-asgm\results\preprocessing\MedianFinal\ProcessedImages\Grape\Unripe\Grape_Unripe_032.jpg,C:\Users\user\code\ip-asgm\results\preprocessing\MedianFinal\ROIMasks\Grape\Unripe\Grape_Unripe_032_mask.png,Grape,Unripe
C:\Users\user\code\ip-asgm\results\preprocessing\MedianFinal\ProcessedImages\Melon\Overripe\Melon_Overripe_004.jpg,C:\Users\user\code\ip-asgm\results\preprocessing\MedianFinal\ROIMasks\Melon\Overripe\Melon_Overripe_004_mask.png,Melon,Overripe
C:\Users\user\code\ip-asgm\results\preprocessing\MedianFinal\ProcessedImages\Orange\Overripe\Orange_Overripe_001.jpg,C:\Users\user\code\ip-asgm\results\preprocessing\MedianFinal\ROIMasks\Orange\Overripe\Orange_Overripe_001_mask.png,Orange,Overripe
C:\Users\user\code\ip-asgm\results\preprocessing\MedianFinal\ProcessedImages\Grape\Ripe\Grape_Ripe_078.jpg,C:\Users\user\code\ip-asgm\results\preprocessing\MedianFinal\ROIMasks\Grape\Ripe\Grape_Ripe_078_mask.png,Grape,Ripe
C:\Users\user\code\ip-asgm\results\preprocessing\MedianFinal\ProcessedImages\Banana\Overripe\Banana_Overripe_078.jpg,C:\Users\user\code\ip-asgm\results\preprocessing\MedianFinal\ROIMasks\Banana\Overripe\Banana_Overripe_078_mask.png,Banana,Overripe
C:\Users\user\code\ip-asgm\results\preprocessing\MedianFinal\ProcessedImages\Mango\Unripe\Mango_Unripe_031.jpg,C:\Users\user\code\ip-asgm\results\preprocessing\MedianFinal\ROIMasks\Mango\Unripe\Mango_Unripe_031_mask.png,Mango,Unripe
C:\Users\user\code\ip-asgm\results\preprocessing\MedianFinal\ProcessedImages\Mango\Ripe\Mango_Ripe_045.jpg,C:\Users\user\code\ip-asgm\results\preprocessing\MedianFinal\ROIMasks\Mango\Ripe\Mango_Ripe_045_mask.png,Mango,Ripe
C:\Users\user\code\ip-asgm\results\preprocessing\MedianFinal\ProcessedImages\Guava\Class_B\Guava_Class_B_032.jpg,C:\Users\user\code\ip-asgm\results\preprocessing\MedianFinal\ROIMasks\Guava\Class_B\Guava_Class_B_032_mask.png,Guava,Class_B
C:\Users\user\code\ip-asgm\results\preprocessing\MedianFinal\ProcessedImages\Guava\Defect\Guava_Defect_034.jpg,C:\Users\user\code\ip-asgm\results\preprocessing\MedianFinal\ROIMasks\Guava\Defect\Guava_Defect_034_mask.png,Guava,Defect
C:\Users\user\code\ip-asgm\results\preprocessing\MedianFinal\ProcessedImages\Melon\Ripe\Melon_Ripe_084.jpg,C:\Users\user\code\ip-asgm\results\preprocessing\MedianFinal\ROIMasks\Melon\Ripe\Melon_Ripe_084_mask.png,Melon,Ripe
C:\Users\user\code\ip-asgm\results\preprocessing\MedianFinal\ProcessedImages\Banana\Rotten\Banana_Rotten_071.jpg,C:\Users\user\code\ip-asgm\results\preprocessing\MedianFinal\ROIMasks\Banana\Rotten\Banana_Rotten_071_mask.png,Banana,Rotten
C:\Users\user\code\ip-asgm\results\preprocessing\MedianFinal\ProcessedImages\Grape\Ripe\Grape_Ripe_046.jpg,C:\Users\user\code\ip-asgm\results\preprocessing\MedianFinal\ROIMasks\Grape\Ripe\Grape_Ripe_046_mask.png,Grape,Ripe
C:\Users\user\code\ip-asgm\results\preprocessing\MedianFinal\ProcessedImages\Grape\Rotten\Grape_Rotten_071.jpg,C:\Users\user\code\ip-asgm\results\preprocessing\MedianFinal\ROIMasks\Grape\Rotten\Grape_Rotten_071_mask.png,Grape,Rotten
C:\Users\user\code\ip-asgm\results\preprocessing\MedianFinal\ProcessedImages\Melon\Rotten\Melon_Rotten_027.jpg,C:\Users\user\code\ip-asgm\results\preprocessing\MedianFinal\ROIMasks\Melon\Rotten\Melon_Rotten_027_mask.png,Melon,Rotten
C:\Users\user\code\ip-asgm\results\preprocessing\MedianFinal\ProcessedImages\Guava\Class_A\Guava_Class_A_023.jpg,C:\Users\user\code\ip-asgm\results\preprocessing\MedianFinal\ROIMasks\Guava\Class_A\Guava_Class_A_023_mask.png,Guava,Class_A
C:\Users\user\code\ip-asgm\results\preprocessing\MedianFinal\ProcessedImages\Melon\Ripe\Melon_Ripe_005.jpg,C:\Users\user\code\ip-asgm\results\preprocessing\MedianFinal\ROIMasks\Melon\Ripe\Melon_Ripe_005_mask.png,Melon,Ripe
C:\Users\user\code\ip-asgm\results\preprocessing\MedianFinal\ProcessedImages\Peach\Unripe\Peach_Unripe_032.jpg,C:\Users\user\code\ip-asgm\results\preprocessing\MedianFinal\ROIMasks\Peach\Unripe\Peach_Unripe_032_mask.png,Peach,Unripe
C:\Users\user\code\ip-asgm\results\preprocessing\MedianFinal\ProcessedImages\Banana\Rotten\Banana_Rotten_001.jpg,C:\Users\user\code\ip-asgm\results\preprocessing\MedianFinal\ROIMasks\Banana\Rotten\Banana_Rotten_001_mask.png,Banana,Rotten
C:\Users\user\code\ip-asgm\results\preprocessing\MedianFinal\ProcessedImages\Melon\Ripe\Melon_Ripe_071.jpg,C:\Users\user\code\ip-asgm\results\preprocessing\MedianFinal\ROIMasks\Melon\Ripe\Melon_Ripe_071_mask.png,Melon,Ripe
C:\Users\user\code\ip-asgm\results\preprocessing\MedianFinal\ProcessedImages\Peach\Overripe\Peach_Overripe_019.jpg,C:\Users\user\code\ip-asgm\results\preprocessing\MedianFinal\ROIMasks\Peach\Overripe\Peach_Overripe_019_mask.png,Peach,Overripe
C:\Users\user\code\ip-asgm\results\preprocessing\MedianFinal\ProcessedImages\Peach\Overripe\Peach_Overripe_071.jpg,C:\Users\user\code\ip-asgm\results\preprocessing\MedianFinal\ROIMasks\Peach\Overripe\Peach_Overripe_071_mask.png,Peach,Overripe
C:\Users\user\code\ip-asgm\results\preprocessing\MedianFinal\ProcessedImages\Grape\Rotten\Grape_Rotten_032.jpg,C:\Users\user\code\ip-asgm\results\preprocessing\MedianFinal\ROIMasks\Grape\Rotten\Grape_Rotten_032_mask.png,Grape,Rotten
C:\Users\user\code\ip-asgm\results\preprocessing\MedianFinal\ProcessedImages\Pear\Overripe\Pear_Overripe_055.jpg,C:\Users\user\code\ip-asgm\results\preprocessing\MedianFinal\ROIMasks\Pear\Overripe\Pear_Overripe_055_mask.png,Pear,Overripe
C:\Users\user\code\ip-asgm\results\preprocessing\MedianFinal\ProcessedImages\Orange\Unripe\Orange_Unripe_019.jpg,C:\Users\user\code\ip-asgm\results\preprocessing\MedianFinal\ROIMasks\Orange\Unripe\Orange_Unripe_019_mask.png,Orange,Unripe
C:\Users\user\code\ip-asgm\results\preprocessing\MedianFinal\ProcessedImages\Pear\Overripe\Pear_Overripe_043.jpg,C:\Users\user\code\ip-asgm\results\preprocessing\MedianFinal\ROIMasks\Pear\Overripe\Pear_Overripe_043_mask.png,Pear,Overripe
C:\Users\user\code\ip-asgm\results\preprocessing\MedianFinal\ProcessedImages\Orange\Unripe\Orange_Unripe_078.jpg,C:\Users\user\code\ip-asgm\results\preprocessing\MedianFinal\ROIMasks\Orange\Unripe\Orange_Unripe_078_mask.png,Orange,Unripe
C:\Users\user\code\ip-asgm\results\preprocessing\MedianFinal\ProcessedImages\Melon\Overripe\Melon_Overripe_027.jpg,C:\Users\user\code\ip-asgm\results\preprocessing\MedianFinal\ROIMasks\Melon\Overripe\Melon_Overripe_027_mask.png,Melon,Overripe
C:\Users\user\code\ip-asgm\results\preprocessing\MedianFinal\ProcessedImages\Pear\Rotten\Pear_Rotten_078.jpg,C:\Users\user\code\ip-asgm\results\preprocessing\MedianFinal\ROIMasks\Pear\Rotten\Pear_Rotten_078_mask.png,Pear,Rotten
C:\Users\user\code\ip-asgm\results\preprocessing\MedianFinal\ProcessedImages\Orange\Rotten\Orange_Rotten_001.jpg,C:\Users\user\code\ip-asgm\results\preprocessing\MedianFinal\ROIMasks\Orange\Rotten\Orange_Rotten_001_mask.png,Orange,Rotten
C:\Users\user\code\ip-asgm\results\preprocessing\MedianFinal\ProcessedImages\Guava\Class_B\Guava_Class_B_081.jpg,C:\Users\user\code\ip-asgm\results\preprocessing\MedianFinal\ROIMasks\Guava\Class_B\Guava_Class_B_081_mask.png,Guava,Class_B
C:\Users\user\code\ip-asgm\results\preprocessing\MedianFinal\ProcessedImages\Melon\Unripe\Melon_Unripe_078.jpg,C:\Users\user\code\ip-asgm\results\preprocessing\MedianFinal\ROIMasks\Melon\Unripe\Melon_Unripe_078_mask.png,Melon,Unripe
C:\Users\user\code\ip-asgm\results\preprocessing\MedianFinal\ProcessedImages\Orange\Ripe\Orange_Ripe_077.jpg,C:\Users\user\code\ip-asgm\results\preprocessing\MedianFinal\ROIMasks\Orange\Ripe\Orange_Ripe_077_mask.png,Orange,Ripe
C:\Users\user\code\ip-asgm\results\preprocessing\MedianFinal\ProcessedImages\Banana\Ripe\Banana_Ripe_074.jpg,C:\Users\user\code\ip-asgm\results\preprocessing\MedianFinal\ROIMasks\Banana\Ripe\Banana_Ripe_074_mask.png,Banana,Ripe
C:\Users\user\code\ip-asgm\results\preprocessing\MedianFinal\ProcessedImages\Grape\Unripe\Grape_Unripe_074.jpg,C:\Users\user\code\ip-asgm\results\preprocessing\MedianFinal\ROIMasks\Grape\Unripe\Grape_Unripe_074_mask.png,Grape,Unripe
C:\Users\user\code\ip-asgm\results\preprocessing\MedianFinal\ProcessedImages\Peach\Unripe\Peach_Unripe_081.jpg,C:\Users\user\code\ip-asgm\results\preprocessing\MedianFinal\ROIMasks\Peach\Unripe\Peach_Unripe_081_mask.png,Peach,Unripe
C:\Users\user\code\ip-asgm\results\preprocessing\MedianFinal\ProcessedImages\Mango\Unripe\Mango_Unripe_034.jpg,C:\Users\user\code\ip-asgm\results\preprocessing\MedianFinal\ROIMasks\Mango\Unripe\Mango_Unripe_034_mask.png,Mango,Unripe
C:\Users\user\code\ip-asgm\results\preprocessing\MedianFinal\ProcessedImages\Grape\Unripe\Grape_Unripe_034.jpg,C:\Users\user\code\ip-asgm\results\preprocessing\MedianFinal\ROIMasks\Grape\Unripe\Grape_Unripe_034_mask.png,Grape,Unripe
C:\Users\user\code\ip-asgm\results\preprocessing\MedianFinal\ProcessedImages\Peach\Overripe\Peach_Overripe_031.jpg,C:\Users\user\code\ip-asgm\results\preprocessing\MedianFinal\ROIMasks\Peach\Overripe\Peach_Overripe_031_mask.png,Peach,Overripe
C:\Users\user\code\ip-asgm\results\preprocessing\MedianFinal\ProcessedImages\Mango\Overripe\Mango_Overripe_078.jpg,C:\Users\user\code\ip-asgm\results\preprocessing\MedianFinal\ROIMasks\Mango\Overripe\Mango_Overripe_078_mask.png,Mango,Overripe
C:\Users\user\code\ip-asgm\results\preprocessing\MedianFinal\ProcessedImages\Melon\Ripe\Melon_Ripe_019.jpg,C:\Users\user\code\ip-asgm\results\preprocessing\MedianFinal\ROIMasks\Melon\Ripe\Melon_Ripe_019_mask.png,Melon,Ripe
C:\Users\user\code\ip-asgm\results\preprocessing\MedianFinal\ProcessedImages\Pear\Overripe\Pear_Overripe_013.jpg,C:\Users\user\code\ip-asgm\results\preprocessing\MedianFinal\ROIMasks\Pear\Overripe\Pear_Overripe_013_mask.png,Pear,Overripe
C:\Users\user\code\ip-asgm\results\preprocessing\MedianFinal\ProcessedImages\Mango\Rotten\Mango_Rotten_013.jpg,C:\Users\user\code\ip-asgm\results\preprocessing\MedianFinal\ROIMasks\Mango\Rotten\Mango_Rotten_013_mask.png,Mango,Rotten
C:\Users\user\code\ip-asgm\results\preprocessing\MedianFinal\ProcessedImages\Guava\Class_A\Guava_Class_A_013.jpg,C:\Users\user\code\ip-asgm\results\preprocessing\MedianFinal\ROIMasks\Guava\Class_A\Guava_Class_A_013_mask.png,Guava,Class_A
C:\Users\user\code\ip-asgm\results\preprocessing\MedianFinal\ProcessedImages\Guava\Defect\Guava_Defect_071.jpg,C:\Users\user\code\ip-asgm\results\preprocessing\MedianFinal\ROIMasks\Guava\Defect\Guava_Defect_071_mask.png,Guava,Defect
C:\Users\user\code\ip-asgm\results\preprocessing\MedianFinal\ProcessedImages\Mango\Unripe\Mango_Unripe_077.jpg,C:\Users\user\code\ip-asgm\results\preprocessing\MedianFinal\ROIMasks\Mango\Unripe\Mango_Unripe_077_mask.png,Mango,Unripe
C:\Users\user\code\ip-asgm\results\preprocessing\MedianFinal\ProcessedImages\Melon\Overripe\Melon_Overripe_018.jpg,C:\Users\user\code\ip-asgm\results\preprocessing\MedianFinal\ROIMasks\Melon\Overripe\Melon_Overripe_018_mask.png,Melon,Overripe
C:\Users\user\code\ip-asgm\results\preprocessing\MedianFinal\ProcessedImages\Grape\Unripe\Grape_Unripe_045.jpg,C:\Users\user\code\ip-asgm\results\preprocessing\MedianFinal\ROIMasks\Grape\Unripe\Grape_Unripe_045_mask.png,Grape,Unripe
C:\Users\user\code\ip-asgm\results\preprocessing\MedianFinal\ProcessedImages\Pear\Rotten\Pear_Rotten_045.jpg,C:\Users\user\code\ip-asgm\results\preprocessing\MedianFinal\ROIMasks\Pear\Rotten\Pear_Rotten_045_mask.png,Pear,Rotten
C:\Users\user\code\ip-asgm\results\preprocessing\MedianFinal\ProcessedImages\Peach\Ripe\Peach_Ripe_001.jpg,C:\Users\user\code\ip-asgm\results\preprocessing\MedianFinal\ROIMasks\Peach\Ripe\Peach_Ripe_001_mask.png,Peach,Ripe
C:\Users\user\code\ip-asgm\results\preprocessing\MedianFinal\ProcessedImages\Orange\Overripe\Orange_Overripe_074.jpg,C:\Users\user\code\ip-asgm\results\preprocessing\MedianFinal\ROIMasks\Orange\Overripe\Orange_Overripe_074_mask.png,Orange,Overripe
C:\Users\user\code\ip-asgm\results\preprocessing\MedianFinal\ProcessedImages\Mango\Rotten\Mango_Rotten_081.jpg,C:\Users\user\code\ip-asgm\results\preprocessing\MedianFinal\ROIMasks\Mango\Rotten\Mango_Rotten_081_mask.png,Mango,Rotten
C:\Users\user\code\ip-asgm\results\preprocessing\MedianFinal\ProcessedImages\Orange\Rotten\Orange_Rotten_040.jpg,C:\Users\user\code\ip-asgm\results\preprocessing\MedianFinal\ROIMasks\Orange\Rotten\Orange_Rotten_040_mask.png,Orange,Rotten
C:\Users\user\code\ip-asgm\results\preprocessing\MedianFinal\ProcessedImages\Pear\Unripe\Pear_Unripe_001.jpg,C:\Users\user\code\ip-asgm\results\preprocessing\MedianFinal\ROIMasks\Pear\Unripe\Pear_Unripe_001_mask.png,Pear,Unripe
C:\Users\user\code\ip-asgm\results\preprocessing\MedianFinal\ProcessedImages\Pear\Ripe\Pear_Ripe_008.jpg,C:\Users\user\code\ip-asgm\results\preprocessing\MedianFinal\ROIMasks\Pear\Ripe\Pear_Ripe_008_mask.png,Pear,Ripe
C:\Users\user\code\ip-asgm\results\preprocessing\MedianFinal\ProcessedImages\Pear\Overripe\Pear_Overripe_066.jpg,C:\Users\user\code\ip-asgm\results\preprocessing\MedianFinal\ROIMasks\Pear\Overripe\Pear_Overripe_066_mask.png,Pear,Overripe
C:\Users\user\code\ip-asgm\results\preprocessing\MedianFinal\ProcessedImages\Peach\Rotten\Peach_Rotten_005.jpg,C:\Users\user\code\ip-asgm\results\preprocessing\MedianFinal\ROIMasks\Peach\Rotten\Peach_Rotten_005_mask.png,Peach,Rotten
C:\Users\user\code\ip-asgm\results\preprocessing\MedianFinal\ProcessedImages\Peach\Overripe\Peach_Overripe_077.jpg,C:\Users\user\code\ip-asgm\results\preprocessing\MedianFinal\ROIMasks\Peach\Overripe\Peach_Overripe_077_mask.png,Peach,Overripe
C:\Users\user\code\ip-asgm\results\preprocessing\MedianFinal\ProcessedImages\Banana\Overripe\Banana_Overripe_040.jpg,C:\Users\user\code\ip-asgm\results\preprocessing\MedianFinal\ROIMasks\Banana\Overripe\Banana_Overripe_040_mask.png,Banana,Overripe
C:\Users\user\code\ip-asgm\results\preprocessing\MedianFinal\ProcessedImages\Guava\Class_A\Guava_Class_A_071.jpg,C:\Users\user\code\ip-asgm\results\preprocessing\MedianFinal\ROIMasks\Guava\Class_A\Guava_Class_A_071_mask.png,Guava,Class_A
C:\Users\user\code\ip-asgm\results\preprocessing\MedianFinal\ProcessedImages\Banana\Unripe\Banana_Unripe_032.jpg,C:\Users\user\code\ip-asgm\results\preprocessing\MedianFinal\ROIMasks\Banana\Unripe\Banana_Unripe_032_mask.png,Banana,Unripe
C:\Users\user\code\ip-asgm\results\preprocessing\MedianFinal\ProcessedImages\Orange\Unripe\Orange_Unripe_045.jpg,C:\Users\user\code\ip-asgm\results\preprocessing\MedianFinal\ROIMasks\Orange\Unripe\Orange_Unripe_045_mask.png,Orange,Unripe
C:\Users\user\code\ip-asgm\results\preprocessing\MedianFinal\ProcessedImages\Apple\Ripe\Apple_Ripe_005.jpg,C:\Users\user\code\ip-asgm\results\preprocessing\MedianFinal\ROIMasks\Apple\Ripe\Apple_Ripe_005_mask.png,Apple,Ripe
C:\Users\user\code\ip-asgm\results\preprocessing\MedianFinal\ProcessedImages\Peach\Overripe\Peach_Overripe_084.jpg,C:\Users\user\code\ip-asgm\results\preprocessing\MedianFinal\ROIMasks\Peach\Overripe\Peach_Overripe_084_mask.png,Peach,Overripe
C:\Users\user\code\ip-asgm\results\preprocessing\MedianFinal\ProcessedImages\Grape\Overripe\Grape_Overripe_019.jpg,C:\Users\user\code\ip-asgm\results\preprocessing\MedianFinal\ROIMasks\Grape\Overripe\Grape_Overripe_019_mask.png,Grape,Overripe
C:\Users\user\code\ip-asgm\results\preprocessing\MedianFinal\ProcessedImages\Peach\Rotten\Peach_Rotten_078.jpg,C:\Users\user\code\ip-asgm\results\preprocessing\MedianFinal\ROIMasks\Peach\Rotten\Peach_Rotten_078_mask.png,Peach,Rotten
C:\Users\user\code\ip-asgm\results\preprocessing\MedianFinal\ProcessedImages\Peach\Rotten\Peach_Rotten_001.jpg,C:\Users\user\code\ip-asgm\results\preprocessing\MedianFinal\ROIMasks\Peach\Rotten\Peach_Rotten_001_mask.png,Peach,Rotten
C:\Users\user\code\ip-asgm\results\preprocessing\MedianFinal\ProcessedImages\Pear\Ripe\Pear_Ripe_043.jpg,C:\Users\user\code\ip-asgm\results\preprocessing\MedianFinal\ROIMasks\Pear\Ripe\Pear_Ripe_043_mask.png,Pear,Ripe
C:\Users\user\code\ip-asgm\results\preprocessing\MedianFinal\ProcessedImages\Banana\Overripe\Banana_Overripe_005.jpg,C:\Users\user\code\ip-asgm\results\preprocessing\MedianFinal\ROIMasks\Banana\Overripe\Banana_Overripe_005_mask.png,Banana,Overripe
C:\Users\user\code\ip-asgm\results\preprocessing\MedianFinal\ProcessedImages\Peach\Ripe\Peach_Ripe_046.jpg,C:\Users\user\code\ip-asgm\results\preprocessing\MedianFinal\ROIMasks\Peach\Ripe\Peach_Ripe_046_mask.png,Peach,Ripe
C:\Users\user\code\ip-asgm\results\preprocessing\MedianFinal\ProcessedImages\Guava\Class_A\Guava_Class_A_084.jpg,C:\Users\user\code\ip-asgm\results\preprocessing\MedianFinal\ROIMasks\Guava\Class_A\Guava_Class_A_084_mask.png,Guava,Class_A
C:\Users\user\code\ip-asgm\results\preprocessing\MedianFinal\ProcessedImages\Peach\Ripe\Peach_Ripe_091.jpg,C:\Users\user\code\ip-asgm\results\preprocessing\MedianFinal\ROIMasks\Peach\Ripe\Peach_Ripe_091_mask.png,Peach,Ripe
C:\Users\user\code\ip-asgm\results\preprocessing\MedianFinal\ProcessedImages\Orange\Overripe\Orange_Overripe_084.jpg,C:\Users\user\code\ip-asgm\results\preprocessing\MedianFinal\ROIMasks\Orange\Overripe\Orange_Overripe_084_mask.png,Orange,Overripe
C:\Users\user\code\ip-asgm\results\preprocessing\MedianFinal\ProcessedImages\Peach\Overripe\Peach_Overripe_034.jpg,C:\Users\user\code\ip-asgm\results\preprocessing\MedianFinal\ROIMasks\Peach\Overripe\Peach_Overripe_034_mask.png,Peach,Overripe
C:\Users\user\code\ip-asgm\results\preprocessing\MedianFinal\ProcessedImages\Peach\Unripe\Peach_Unripe_074.jpg,C:\Users\user\code\ip-asgm\results\preprocessing\MedianFinal\ROIMasks\Peach\Unripe\Peach_Unripe_074_mask.png,Peach,Unripe
C:\Users\user\code\ip-asgm\results\preprocessing\MedianFinal\ProcessedImages\Grape\Rotten\Grape_Rotten_023.jpg,C:\Users\user\code\ip-asgm\results\preprocessing\MedianFinal\ROIMasks\Grape\Rotten\Grape_Rotten_023_mask.png,Grape,Rotten
C:\Users\user\code\ip-asgm\results\preprocessing\MedianFinal\ProcessedImages\Melon\Overripe\Melon_Overripe_038.jpg,C:\Users\user\code\ip-asgm\results\preprocessing\MedianFinal\ROIMasks\Melon\Overripe\Melon_Overripe_038_mask.png,Melon,Overripe
C:\Users\user\code\ip-asgm\results\preprocessing\MedianFinal\ProcessedImages\Melon\Overripe\Melon_Overripe_047.jpg,C:\Users\user\code\ip-asgm\results\preprocessing\MedianFinal\ROIMasks\Melon\Overripe\Melon_Overripe_047_mask.png,Melon,Overripe
C:\Users\user\code\ip-asgm\results\preprocessing\MedianFinal\ProcessedImages\Peach\Rotten\Peach_Rotten_019.jpg,C:\Users\user\code\ip-asgm\results\preprocessing\MedianFinal\ROIMasks\Peach\Rotten\Peach_Rotten_019_mask.png,Peach,Rotten
C:\Users\user\code\ip-asgm\results\preprocessing\MedianFinal\ProcessedImages\Grape\Rotten\Grape_Rotten_078.jpg,C:\Users\user\code\ip-asgm\results\preprocessing\MedianFinal\ROIMasks\Grape\Rotten\Grape_Rotten_078_mask.png,Grape,Rotten
C:\Users\user\code\ip-asgm\results\preprocessing\MedianFinal\ProcessedImages\Apple\Overripe\Apple_Overripe_045.jpg,C:\Users\user\code\ip-asgm\results\preprocessing\MedianFinal\ROIMasks\Apple\Overripe\Apple_Overripe_045_mask.png,Apple,Overripe
C:\Users\user\code\ip-asgm\results\preprocessing\MedianFinal\ProcessedImages\Pear\Overripe\Pear_Overripe_023.jpg,C:\Users\user\code\ip-asgm\results\preprocessing\MedianFinal\ROIMasks\Pear\Overripe\Pear_Overripe_023_mask.png,Pear,Overripe
C:\Users\user\code\ip-asgm\results\preprocessing\MedianFinal\ProcessedImages\Peach\Overripe\Peach_Overripe_023.jpg,C:\Users\user\code\ip-asgm\results\preprocessing\MedianFinal\ROIMasks\Peach\Overripe\Peach_Overripe_023_mask.png,Peach,Overripe
C:\Users\user\code\ip-asgm\results\preprocessing\MedianFinal\ProcessedImages\Banana\Overripe\Banana_Overripe_013.jpg,C:\Users\user\code\ip-asgm\results\preprocessing\MedianFinal\ROIMasks\Banana\Overripe\Banana_Overripe_013_mask.png,Banana,Overripe
C:\Users\user\code\ip-asgm\results\preprocessing\MedianFinal\ProcessedImages\Peach\Ripe\Peach_Ripe_034.jpg,C:\Users\user\code\ip-asgm\results\preprocessing\MedianFinal\ROIMasks\Peach\Ripe\Peach_Ripe_034_mask.png,Peach,Ripe
C:\Users\user\code\ip-asgm\results\preprocessing\MedianFinal\ProcessedImages\Melon\Ripe\Melon_Ripe_023.jpg,C:\Users\user\code\ip-asgm\results\preprocessing\MedianFinal\ROIMasks\Melon\Ripe\Melon_Ripe_023_mask.png,Melon,Ripe
C:\Users\user\code\ip-asgm\results\preprocessing\MedianFinal\ProcessedImages\Orange\Rotten\Orange_Rotten_071.jpg,C:\Users\user\code\ip-asgm\results\preprocessing\MedianFinal\ROIMasks\Orange\Rotten\Orange_Rotten_071_mask.png,Orange,Rotten
C:\Users\user\code\ip-asgm\results\preprocessing\MedianFinal\ProcessedImages\Apple\Rotten\Apple_Rotten_081.jpg,C:\Users\user\code\ip-asgm\results\preprocessing\MedianFinal\ROIMasks\Apple\Rotten\Apple_Rotten_081_mask.png,Apple,Rotten
C:\Users\user\code\ip-asgm\results\preprocessing\MedianFinal\ProcessedImages\Apple\Ripe\Apple_Ripe_074.jpg,C:\Users\user\code\ip-asgm\results\preprocessing\MedianFinal\ROIMasks\Apple\Ripe\Apple_Ripe_074_mask.png,Apple,Ripe
C:\Users\user\code\ip-asgm\results\preprocessing\MedianFinal\ProcessedImages\Grape\Rotten\Grape_Rotten_084.jpg,C:\Users\user\code\ip-asgm\results\preprocessing\MedianFinal\ROIMasks\Grape\Rotten\Grape_Rotten_084_mask.png,Grape,Rotten
C:\Users\user\code\ip-asgm\results\preprocessing\MedianFinal\ProcessedImages\Banana\Rotten\Banana_Rotten_091.jpg,C:\Users\user\code\ip-asgm\results\preprocessing\MedianFinal\ROIMasks\Banana\Rotten\Banana_Rotten_091_mask.png,Banana,Rotten
C:\Users\user\code\ip-asgm\results\preprocessing\MedianFinal\ProcessedImages\Apple\Ripe\Apple_Ripe_081.jpg,C:\Users\user\code\ip-asgm\results\preprocessing\MedianFinal\ROIMasks\Apple\Ripe\Apple_Ripe_081_mask.png,Apple,Ripe
C:\Users\user\code\ip-asgm\results\preprocessing\MedianFinal\ProcessedImages\Pear\Unripe\Pear_Unripe_034.jpg,C:\Users\user\code\ip-asgm\results\preprocessing\MedianFinal\ROIMasks\Pear\Unripe\Pear_Unripe_034_mask.png,Pear,Unripe
C:\Users\user\code\ip-asgm\results\preprocessing\MedianFinal\ProcessedImages\Grape\Unripe\Grape_Unripe_019.jpg,C:\Users\user\code\ip-asgm\results\preprocessing\MedianFinal\ROIMasks\Grape\Unripe\Grape_Unripe_019_mask.png,Grape,Unripe
C:\Users\user\code\ip-asgm\results\preprocessing\MedianFinal\ProcessedImages\Orange\Ripe\Orange_Ripe_001.jpg,C:\Users\user\code\ip-asgm\results\preprocessing\MedianFinal\ROIMasks\Orange\Ripe\Orange_Ripe_001_mask.png,Orange,Ripe
C:\Users\user\code\ip-asgm\results\preprocessing\MedianFinal\ProcessedImages\Mango\Unripe\Mango_Unripe_013.jpg,C:\Users\user\code\ip-asgm\results\preprocessing\MedianFinal\ROIMasks\Mango\Unripe\Mango_Unripe_013_mask.png,Mango,Unripe
C:\Users\user\code\ip-asgm\results\preprocessing\MedianFinal\ProcessedImages\Guava\Defect\Guava_Defect_011.jpg,C:\Users\user\code\ip-asgm\results\preprocessing\MedianFinal\ROIMasks\Guava\Defect\Guava_Defect_011_mask.png,Guava,Defect
C:\Users\user\code\ip-asgm\results\preprocessing\MedianFinal\ProcessedImages\Melon\Ripe\Melon_Ripe_013.jpg,C:\Users\user\code\ip-asgm\results\preprocessing\MedianFinal\ROIMasks\Melon\Ripe\Melon_Ripe_013_mask.png,Melon,Ripe
C:\Users\user\code\ip-asgm\results\preprocessing\MedianFinal\ProcessedImages\Melon\Overripe\Melon_Overripe_005.jpg,C:\Users\user\code\ip-asgm\results\preprocessing\MedianFinal\ROIMasks\Melon\Overripe\Melon_Overripe_005_mask.png,Melon,Overripe
C:\Users\user\code\ip-asgm\results\preprocessing\MedianFinal\ProcessedImages\Peach\Rotten\Peach_Rotten_074.jpg,C:\Users\user\code\ip-asgm\results\preprocessing\MedianFinal\ROIMasks\Peach\Rotten\Peach_Rotten_074_mask.png,Peach,Rotten
C:\Users\user\code\ip-asgm\results\preprocessing\MedianFinal\ProcessedImages\Orange\Ripe\Orange_Ripe_013.jpg,C:\Users\user\code\ip-asgm\results\preprocessing\MedianFinal\ROIMasks\Orange\Ripe\Orange_Ripe_013_mask.png,Orange,Ripe
C:\Users\user\code\ip-asgm\results\preprocessing\MedianFinal\ProcessedImages\Banana\Rotten\Banana_Rotten_013.jpg,C:\Users\user\code\ip-asgm\results\preprocessing\MedianFinal\ROIMasks\Banana\Rotten\Banana_Rotten_013_mask.png,Banana,Rotten
C:\Users\user\code\ip-asgm\results\preprocessing\MedianFinal\ProcessedImages\Apple\Unripe\Apple_Unripe_071.jpg,C:\Users\user\code\ip-asgm\results\preprocessing\MedianFinal\ROIMasks\Apple\Unripe\Apple_Unripe_071_mask.png,Apple,Unripe
C:\Users\user\code\ip-asgm\results\preprocessing\MedianFinal\ProcessedImages\Orange\Overripe\Orange_Overripe_031.jpg,C:\Users\user\code\ip-asgm\results\preprocessing\MedianFinal\ROIMasks\Orange\Overripe\Orange_Overripe_031_mask.png,Orange,Overripe
C:\Users\user\code\ip-asgm\results\preprocessing\MedianFinal\ProcessedImages\Banana\Rotten\Banana_Rotten_011.jpg,C:\Users\user\code\ip-asgm\results\preprocessing\MedianFinal\ROIMasks\Banana\Rotten\Banana_Rotten_011_mask.png,Banana,Rotten
C:\Users\user\code\ip-asgm\results\preprocessing\MedianFinal\ProcessedImages\Pear\Unripe\Pear_Unripe_084.jpg,C:\Users\user\code\ip-asgm\results\preprocessing\MedianFinal\ROIMasks\Pear\Unripe\Pear_Unripe_084_mask.png,Pear,Unripe
C:\Users\user\code\ip-asgm\results\preprocessing\MedianFinal\ProcessedImages\Orange\Unripe\Orange_Unripe_084.jpg,C:\Users\user\code\ip-asgm\results\preprocessing\MedianFinal\ROIMasks\Orange\Unripe\Orange_Unripe_084_mask.png,Orange,Unripe
C:\Users\user\code\ip-asgm\results\preprocessing\MedianFinal\ProcessedImages\Apple\Unripe\Apple_Unripe_045.jpg,C:\Users\user\code\ip-asgm\results\preprocessing\MedianFinal\ROIMasks\Apple\Unripe\Apple_Unripe_045_mask.png,Apple,Unripe
C:\Users\user\code\ip-asgm\results\preprocessing\MedianFinal\ProcessedImages\Apple\Overripe\Apple_Overripe_091.jpg,C:\Users\user\code\ip-asgm\results\preprocessing\MedianFinal\ROIMasks\Apple\Overripe\Apple_Overripe_091_mask.png,Apple,Overripe
C:\Users\user\code\ip-asgm\results\preprocessing\MedianFinal\ProcessedImages\Banana\Unripe\Banana_Unripe_077.jpg,C:\Users\user\code\ip-asgm\results\preprocessing\MedianFinal\ROIMasks\Banana\Unripe\Banana_Unripe_077_mask.png,Banana,Unripe
C:\Users\user\code\ip-asgm\results\preprocessing\MedianFinal\ProcessedImages\Apple\Rotten\Apple_Rotten_084.jpg,C:\Users\user\code\ip-asgm\results\preprocessing\MedianFinal\ROIMasks\Apple\Rotten\Apple_Rotten_084_mask.png,Apple,Rotten
C:\Users\user\code\ip-asgm\results\preprocessing\MedianFinal\ProcessedImages\Orange\Ripe\Orange_Ripe_074.jpg,C:\Users\user\code\ip-asgm\results\preprocessing\MedianFinal\ROIMasks\Orange\Ripe\Orange_Ripe_074_mask.png,Orange,Ripe
C:\Users\user\code\ip-asgm\results\preprocessing\MedianFinal\ProcessedImages\Mango\Unripe\Mango_Unripe_032.jpg,C:\Users\user\code\ip-asgm\results\preprocessing\MedianFinal\ROIMasks\Mango\Unripe\Mango_Unripe_032_mask.png,Mango,Unripe
C:\Users\user\code\ip-asgm\results\preprocessing\MedianFinal\ProcessedImages\Grape\Ripe\Grape_Ripe_081.jpg,C:\Users\user\code\ip-asgm\results\preprocessing\MedianFinal\ROIMasks\Grape\Ripe\Grape_Ripe_081_mask.png,Grape,Ripe
C:\Users\user\code\ip-asgm\results\preprocessing\MedianFinal\ProcessedImages\Grape\Rotten\Grape_Rotten_077.jpg,C:\Users\user\code\ip-asgm\results\preprocessing\MedianFinal\ROIMasks\Grape\Rotten\Grape_Rotten_077_mask.png,Grape,Rotten
C:\Users\user\code\ip-asgm\results\preprocessing\MedianFinal\ProcessedImages\Apple\Rotten\Apple_Rotten_074.jpg,C:\Users\user\code\ip-asgm\results\preprocessing\MedianFinal\ROIMasks\Apple\Rotten\Apple_Rotten_074_mask.png,Apple,Rotten
C:\Users\user\code\ip-asgm\results\preprocessing\MedianFinal\ProcessedImages\Mango\Ripe\Mango_Ripe_078.jpg,C:\Users\user\code\ip-asgm\results\preprocessing\MedianFinal\ROIMasks\Mango\Ripe\Mango_Ripe_078_mask.png,Mango,Ripe
C:\Users\user\code\ip-asgm\results\preprocessing\MedianFinal\ProcessedImages\Guava\Defect\Guava_Defect_005.jpg,C:\Users\user\code\ip-asgm\results\preprocessing\MedianFinal\ROIMasks\Guava\Defect\Guava_Defect_005_mask.png,Guava,Defect
C:\Users\user\code\ip-asgm\results\preprocessing\MedianFinal\ProcessedImages\Guava\Class_A\Guava_Class_A_031.jpg,C:\Users\user\code\ip-asgm\results\preprocessing\MedianFinal\ROIMasks\Guava\Class_A\Guava_Class_A_031_mask.png,Guava,Class_A
C:\Users\user\code\ip-asgm\results\preprocessing\MedianFinal\ProcessedImages\Orange\Overripe\Orange_Overripe_054.jpg,C:\Users\user\code\ip-asgm\results\preprocessing\MedianFinal\ROIMasks\Orange\Overripe\Orange_Overripe_054_mask.png,Orange,Overripe
C:\Users\user\code\ip-asgm\results\preprocessing\MedianFinal\ProcessedImages\Melon\Unripe\Melon_Unripe_027.jpg,C:\Users\user\code\ip-asgm\results\preprocessing\MedianFinal\ROIMasks\Melon\Unripe\Melon_Unripe_027_mask.png,Melon,Unripe
C:\Users\user\code\ip-asgm\results\preprocessing\MedianFinal\ProcessedImages\Pear\Unripe\Pear_Unripe_078.jpg,C:\Users\user\code\ip-asgm\results\preprocessing\MedianFinal\ROIMasks\Pear\Unripe\Pear_Unripe_078_mask.png,Pear,Unripe
C:\Users\user\code\ip-asgm\results\preprocessing\MedianFinal\ProcessedImages\Guava\Class_B\Guava_Class_B_001.jpg,C:\Users\user\code\ip-asgm\results\preprocessing\MedianFinal\ROIMasks\Guava\Class_B\Guava_Class_B_001_mask.png,Guava,Class_B
C:\Users\user\code\ip-asgm\results\preprocessing\MedianFinal\ProcessedImages\Grape\Rotten\Grape_Rotten_054.jpg,C:\Users\user\code\ip-asgm\results\preprocessing\MedianFinal\ROIMasks\Grape\Rotten\Grape_Rotten_054_mask.png,Grape,Rotten
C:\Users\user\code\ip-asgm\results\preprocessing\MedianFinal\ProcessedImages\Grape\Overripe\Grape_Overripe_054.jpg,C:\Users\user\code\ip-asgm\results\preprocessing\MedianFinal\ROIMasks\Grape\Overripe\Grape_Overripe_054_mask.png,Grape,Overripe
C:\Users\user\code\ip-asgm\results\preprocessing\MedianFinal\ProcessedImages\Peach\Overripe\Peach_Overripe_005.jpg,C:\Users\user\code\ip-asgm\results\preprocessing\MedianFinal\ROIMasks\Peach\Overripe\Peach_Overripe_005_mask.png,Peach,Overripe
C:\Users\user\code\ip-asgm\results\preprocessing\MedianFinal\ProcessedImages\Melon\Ripe\Melon_Ripe_054.jpg,C:\Users\user\code\ip-asgm\results\preprocessing\MedianFinal\ROIMasks\Melon\Ripe\Melon_Ripe_054_mask.png,Melon,Ripe
C:\Users\user\code\ip-asgm\results\preprocessing\MedianFinal\ProcessedImages\Orange\Overripe\Orange_Overripe_077.jpg,C:\Users\user\code\ip-asgm\results\preprocessing\MedianFinal\ROIMasks\Orange\Overripe\Orange_Overripe_077_mask.png,Orange,Overripe
C:\Users\user\code\ip-asgm\results\preprocessing\MedianFinal\ProcessedImages\Banana\Ripe\Banana_Ripe_040.jpg,C:\Users\user\code\ip-asgm\results\preprocessing\MedianFinal\ROIMasks\Banana\Ripe\Banana_Ripe_040_mask.png,Banana,Ripe
C:\Users\user\code\ip-asgm\results\preprocessing\MedianFinal\ProcessedImages\Peach\Ripe\Peach_Ripe_040.jpg,C:\Users\user\code\ip-asgm\results\preprocessing\MedianFinal\ROIMasks\Peach\Ripe\Peach_Ripe_040_mask.png,Peach,Ripe
C:\Users\user\code\ip-asgm\results\preprocessing\MedianFinal\ProcessedImages\Melon\Overripe\Melon_Overripe_020.jpg,C:\Users\user\code\ip-asgm\results\preprocessing\MedianFinal\ROIMasks\Melon\Overripe\Melon_Overripe_020_mask.png,Melon,Overripe
C:\Users\user\code\ip-asgm\results\preprocessing\MedianFinal\ProcessedImages\Apple\Overripe\Apple_Overripe_054.jpg,C:\Users\user\code\ip-asgm\results\preprocessing\MedianFinal\ROIMasks\Apple\Overripe\Apple_Overripe_054_mask.png,Apple,Overripe
C:\Users\user\code\ip-asgm\results\preprocessing\MedianFinal\ProcessedImages\Pear\Ripe\Pear_Ripe_001.jpg,C:\Users\user\code\ip-asgm\results\preprocessing\MedianFinal\ROIMasks\Pear\Ripe\Pear_Ripe_001_mask.png,Pear,Ripe
C:\Users\user\code\ip-asgm\results\preprocessing\MedianFinal\ProcessedImages\Peach\Ripe\Peach_Ripe_054.jpg,C:\Users\user\code\ip-asgm\results\preprocessing\MedianFinal\ROIMasks\Peach\Ripe\Peach_Ripe_054_mask.png,Peach,Ripe
C:\Users\user\code\ip-asgm\results\preprocessing\MedianFinal\ProcessedImages\Banana\Overripe\Banana_Overripe_084.jpg,C:\Users\user\code\ip-asgm\results\preprocessing\MedianFinal\ROIMasks\Banana\Overripe\Banana_Overripe_084_mask.png,Banana,Overripe
C:\Users\user\code\ip-asgm\results\preprocessing\MedianFinal\ProcessedImages\Grape\Rotten\Grape_Rotten_040.jpg,C:\Users\user\code\ip-asgm\results\preprocessing\MedianFinal\ROIMasks\Grape\Rotten\Grape_Rotten_040_mask.png,Grape,Rotten
C:\Users\user\code\ip-asgm\results\preprocessing\MedianFinal\ProcessedImages\Apple\Ripe\Apple_Ripe_091.jpg,C:\Users\user\code\ip-asgm\results\preprocessing\MedianFinal\ROIMasks\Apple\Ripe\Apple_Ripe_091_mask.png,Apple,Ripe
C:\Users\user\code\ip-asgm\results\preprocessing\MedianFinal\ProcessedImages\Orange\Rotten\Orange_Rotten_011.jpg,C:\Users\user\code\ip-asgm\results\preprocessing\MedianFinal\ROIMasks\Orange\Rotten\Orange_Rotten_011_mask.png,Orange,Rotten
C:\Users\user\code\ip-asgm\results\preprocessing\MedianFinal\ProcessedImages\Melon\Rotten\Melon_Rotten_023.jpg,C:\Users\user\code\ip-asgm\results\preprocessing\MedianFinal\ROIMasks\Melon\Rotten\Melon_Rotten_023_mask.png,Melon,Rotten
C:\Users\user\code\ip-asgm\results\preprocessing\MedianFinal\ProcessedImages\Melon\Unripe\Melon_Unripe_032.jpg,C:\Users\user\code\ip-asgm\results\preprocessing\MedianFinal\ROIMasks\Melon\Unripe\Melon_Unripe_032_mask.png,Melon,Unripe
C:\Users\user\code\ip-asgm\results\preprocessing\MedianFinal\ProcessedImages\Mango\Unripe\Mango_Unripe_023.jpg,C:\Users\user\code\ip-asgm\results\preprocessing\MedianFinal\ROIMasks\Mango\Unripe\Mango_Unripe_023_mask.png,Mango,Unripe
C:\Users\user\code\ip-asgm\results\preprocessing\MedianFinal\ProcessedImages\Banana\Overripe\Banana_Overripe_031.jpg,C:\Users\user\code\ip-asgm\results\preprocessing\MedianFinal\ROIMasks\Banana\Overripe\Banana_Overripe_031_mask.png,Banana,Overripe
C:\Users\user\code\ip-asgm\results\preprocessing\MedianFinal\ProcessedImages\Mango\Ripe\Mango_Ripe_032.jpg,C:\Users\user\code\ip-asgm\results\preprocessing\MedianFinal\ROIMasks\Mango\Ripe\Mango_Ripe_032_mask.png,Mango,Ripe
C:\Users\user\code\ip-asgm\results\preprocessing\MedianFinal\ProcessedImages\Peach\Ripe\Peach_Ripe_045.jpg,C:\Users\user\code\ip-asgm\results\preprocessing\MedianFinal\ROIMasks\Peach\Ripe\Peach_Ripe_045_mask.png,Peach,Ripe
C:\Users\user\code\ip-asgm\results\preprocessing\MedianFinal\ProcessedImages\Mango\Rotten\Mango_Rotten_040.jpg,C:\Users\user\code\ip-asgm\results\preprocessing\MedianFinal\ROIMasks\Mango\Rotten\Mango_Rotten_040_mask.png,Mango,Rotten
C:\Users\user\code\ip-asgm\results\preprocessing\MedianFinal\ProcessedImages\Guava\Class_A\Guava_Class_A_054.jpg,C:\Users\user\code\ip-asgm\results\preprocessing\MedianFinal\ROIMasks\Guava\Class_A\Guava_Class_A_054_mask.png,Guava,Class_A
C:\Users\user\code\ip-asgm\results\preprocessing\MedianFinal\ProcessedImages\Apple\Overripe\Apple_Overripe_034.jpg,C:\Users\user\code\ip-asgm\results\preprocessing\MedianFinal\ROIMasks\Apple\Overripe\Apple_Overripe_034_mask.png,Apple,Overripe
C:\Users\user\code\ip-asgm\results\preprocessing\MedianFinal\ProcessedImages\Mango\Overripe\Mango_Overripe_005.jpg,C:\Users\user\code\ip-asgm\results\preprocessing\MedianFinal\ROIMasks\Mango\Overripe\Mango_Overripe_005_mask.png,Mango,Overripe
C:\Users\user\code\ip-asgm\results\preprocessing\MedianFinal\ProcessedImages\Peach\Unripe\Peach_Unripe_084.jpg,C:\Users\user\code\ip-asgm\results\preprocessing\MedianFinal\ROIMasks\Peach\Unripe\Peach_Unripe_084_mask.png,Peach,Unripe
C:\Users\user\code\ip-asgm\results\preprocessing\MedianFinal\ProcessedImages\Melon\Overripe\Melon_Overripe_026.jpg,C:\Users\user\code\ip-asgm\results\preprocessing\MedianFinal\ROIMasks\Melon\Overripe\Melon_Overripe_026_mask.png,Melon,Overripe
C:\Users\user\code\ip-asgm\results\preprocessing\MedianFinal\ProcessedImages\Guava\Class_B\Guava_Class_B_034.jpg,C:\Users\user\code\ip-asgm\results\preprocessing\MedianFinal\ROIMasks\Guava\Class_B\Guava_Class_B_034_mask.png,Guava,Class_B
C:\Users\user\code\ip-asgm\results\preprocessing\MedianFinal\ProcessedImages\Grape\Overripe\Grape_Overripe_023.jpg,C:\Users\user\code\ip-asgm\results\preprocessing\MedianFinal\ROIMasks\Grape\Overripe\Grape_Overripe_023_mask.png,Grape,Overripe
C:\Users\user\code\ip-asgm\results\preprocessing\MedianFinal\ProcessedImages\Pear\Unripe\Pear_Unripe_091.jpg,C:\Users\user\code\ip-asgm\results\preprocessing\MedianFinal\ROIMasks\Pear\Unripe\Pear_Unripe_091_mask.png,Pear,Unripe
C:\Users\user\code\ip-asgm\results\preprocessing\MedianFinal\ProcessedImages\Pear\Ripe\Pear_Ripe_059.jpg,C:\Users\user\code\ip-asgm\results\preprocessing\MedianFinal\ROIMasks\Pear\Ripe\Pear_Ripe_059_mask.png,Pear,Ripe
C:\Users\user\code\ip-asgm\results\preprocessing\MedianFinal\ProcessedImages\Orange\Ripe\Orange_Ripe_045.jpg,C:\Users\user\code\ip-asgm\results\preprocessing\MedianFinal\ROIMasks\Orange\Ripe\Orange_Ripe_045_mask.png,Orange,Ripe
C:\Users\user\code\ip-asgm\results\preprocessing\MedianFinal\ProcessedImages\Pear\Unripe\Pear_Unripe_046.jpg,C:\Users\user\code\ip-asgm\results\preprocessing\MedianFinal\ROIMasks\Pear\Unripe\Pear_Unripe_046_mask.png,Pear,Unripe
C:\Users\user\code\ip-asgm\results\preprocessing\MedianFinal\ProcessedImages\Orange\Rotten\Orange_Rotten_045.jpg,C:\Users\user\code\ip-asgm\results\preprocessing\MedianFinal\ROIMasks\Orange\Rotten\Orange_Rotten_045_mask.png,Orange,Rotten
C:\Users\user\code\ip-asgm\results\preprocessing\MedianFinal\ProcessedImages\Guava\Class_A\Guava_Class_A_046.jpg,C:\Users\user\code\ip-asgm\results\preprocessing\MedianFinal\ROIMasks\Guava\Class_A\Guava_Class_A_046_mask.png,Guava,Class_A
C:\Users\user\code\ip-asgm\results\preprocessing\MedianFinal\ProcessedImages\Peach\Ripe\Peach_Ripe_023.jpg,C:\Users\user\code\ip-asgm\results\preprocessing\MedianFinal\ROIMasks\Peach\Ripe\Peach_Ripe_023_mask.png,Peach,Ripe
C:\Users\user\code\ip-asgm\results\preprocessing\MedianFinal\ProcessedImages\Peach\Ripe\Peach_Ripe_071.jpg,C:\Users\user\code\ip-asgm\results\preprocessing\MedianFinal\ROIMasks\Peach\Ripe\Peach_Ripe_071_mask.png,Peach,Ripe
C:\Users\user\code\ip-asgm\results\preprocessing\MedianFinal\ProcessedImages\Grape\Ripe\Grape_Ripe_001.jpg,C:\Users\user\code\ip-asgm\results\preprocessing\MedianFinal\ROIMasks\Grape\Ripe\Grape_Ripe_001_mask.png,Grape,Ripe
C:\Users\user\code\ip-asgm\results\preprocessing\MedianFinal\ProcessedImages\Orange\Overripe\Orange_Overripe_005.jpg,C:\Users\user\code\ip-asgm\results\preprocessing\MedianFinal\ROIMasks\Orange\Overripe\Orange_Overripe_005_mask.png,Orange,Overripe
C:\Users\user\code\ip-asgm\results\preprocessing\MedianFinal\ProcessedImages\Orange\Rotten\Orange_Rotten_019.jpg,C:\Users\user\code\ip-asgm\results\preprocessing\MedianFinal\ROIMasks\Orange\Rotten\Orange_Rotten_019_mask.png,Orange,Rotten
C:\Users\user\code\ip-asgm\results\preprocessing\MedianFinal\ProcessedImages\Apple\Rotten\Apple_Rotten_013.jpg,C:\Users\user\code\ip-asgm\results\preprocessing\MedianFinal\ROIMasks\Apple\Rotten\Apple_Rotten_013_mask.png,Apple,Rotten
C:\Users\user\code\ip-asgm\results\preprocessing\MedianFinal\ProcessedImages\Orange\Overripe\Orange_Overripe_091.jpg,C:\Users\user\code\ip-asgm\results\preprocessing\MedianFinal\ROIMasks\Orange\Overripe\Orange_Overripe_091_mask.png,Orange,Overripe
C:\Users\user\code\ip-asgm\results\preprocessing\MedianFinal\ProcessedImages\Peach\Ripe\Peach_Ripe_084.jpg,C:\Users\user\code\ip-asgm\results\preprocessing\MedianFinal\ROIMasks\Peach\Ripe\Peach_Ripe_084_mask.png,Peach,Ripe
C:\Users\user\code\ip-asgm\results\preprocessing\MedianFinal\ProcessedImages\Guava\Class_A\Guava_Class_A_074.jpg,C:\Users\user\code\ip-asgm\results\preprocessing\MedianFinal\ROIMasks\Guava\Class_A\Guava_Class_A_074_mask.png,Guava,Class_A
C:\Users\user\code\ip-asgm\results\preprocessing\MedianFinal\ProcessedImages\Apple\Ripe\Apple_Ripe_054.jpg,C:\Users\user\code\ip-asgm\results\preprocessing\MedianFinal\ROIMasks\Apple\Ripe\Apple_Ripe_054_mask.png,Apple,Ripe
C:\Users\user\code\ip-asgm\results\preprocessing\MedianFinal\ProcessedImages\Mango\Overripe\Mango_Overripe_034.jpg,C:\Users\user\code\ip-asgm\results\preprocessing\MedianFinal\ROIMasks\Mango\Overripe\Mango_Overripe_034_mask.png,Mango,Overripe
C:\Users\user\code\ip-asgm\results\preprocessing\MedianFinal\ProcessedImages\Melon\Unripe\Melon_Unripe_086.jpg,C:\Users\user\code\ip-asgm\results\preprocessing\MedianFinal\ROIMasks\Melon\Unripe\Melon_Unripe_086_mask.png,Melon,Unripe
C:\Users\user\code\ip-asgm\results\preprocessing\MedianFinal\ProcessedImages\Grape\Overripe\Grape_Overripe_084.jpg,C:\Users\user\code\ip-asgm\results\preprocessing\MedianFinal\ROIMasks\Grape\Overripe\Grape_Overripe_084_mask.png,Grape,Overripe
C:\Users\user\code\ip-asgm\results\preprocessing\MedianFinal\ProcessedImages\Guava\Class_B\Guava_Class_B_077.jpg,C:\Users\user\code\ip-asgm\results\preprocessing\MedianFinal\ROIMasks\Guava\Class_B\Guava_Class_B_077_mask.png,Guava,Class_B
C:\Users\user\code\ip-asgm\results\preprocessing\MedianFinal\ProcessedImages\Grape\Ripe\Grape_Ripe_031.jpg,C:\Users\user\code\ip-asgm\results\preprocessing\MedianFinal\ROIMasks\Grape\Ripe\Grape_Ripe_031_mask.png,Grape,Ripe
C:\Users\user\code\ip-asgm\results\preprocessing\MedianFinal\ProcessedImages\Melon\Overripe\Melon_Overripe_049.jpg,C:\Users\user\code\ip-asgm\results\preprocessing\MedianFinal\ROIMasks\Melon\Overripe\Melon_Overripe_049_mask.png,Melon,Overripe
C:\Users\user\code\ip-asgm\results\preprocessing\MedianFinal\ProcessedImages\Melon\Ripe\Melon_Ripe_034.jpg,C:\Users\user\code\ip-asgm\results\preprocessing\MedianFinal\ROIMasks\Melon\Ripe\Melon_Ripe_034_mask.png,Melon,Ripe
C:\Users\user\code\ip-asgm\results\preprocessing\MedianFinal\ProcessedImages\Orange\Ripe\Orange_Ripe_031.jpg,C:\Users\user\code\ip-asgm\results\preprocessing\MedianFinal\ROIMasks\Orange\Ripe\Orange_Ripe_031_mask.png,Orange,Ripe
C:\Users\user\code\ip-asgm\results\preprocessing\MedianFinal\ProcessedImages\Mango\Rotten\Mango_Rotten_046.jpg,C:\Users\user\code\ip-asgm\results\preprocessing\MedianFinal\ROIMasks\Mango\Rotten\Mango_Rotten_046_mask.png,Mango,Rotten
C:\Users\user\code\ip-asgm\results\preprocessing\MedianFinal\ProcessedImages\Mango\Overripe\Mango_Overripe_011.jpg,C:\Users\user\code\ip-asgm\results\preprocessing\MedianFinal\ROIMasks\Mango\Overripe\Mango_Overripe_011_mask.png,Mango,Overripe
C:\Users\user\code\ip-asgm\results\preprocessing\MedianFinal\ProcessedImages\Pear\Rotten\Pear_Rotten_054.jpg,C:\Users\user\code\ip-asgm\results\preprocessing\MedianFinal\ROIMasks\Pear\Rotten\Pear_Rotten_054_mask.png,Pear,Rotten
C:\Users\user\code\ip-asgm\results\preprocessing\MedianFinal\ProcessedImages\Banana\Rotten\Banana_Rotten_019.jpg,C:\Users\user\code\ip-asgm\results\preprocessing\MedianFinal\ROIMasks\Banana\Rotten\Banana_Rotten_019_mask.png,Banana,Rotten
C:\Users\user\code\ip-asgm\results\preprocessing\MedianFinal\ProcessedImages\Pear\Rotten\Pear_Rotten_046.jpg,C:\Users\user\code\ip-asgm\results\preprocessing\MedianFinal\ROIMasks\Pear\Rotten\Pear_Rotten_046_mask.png,Pear,Rotten
C:\Users\user\code\ip-asgm\results\preprocessing\MedianFinal\ProcessedImages\Banana\Overripe\Banana_Overripe_032.jpg,C:\Users\user\code\ip-asgm\results\preprocessing\MedianFinal\ROIMasks\Banana\Overripe\Banana_Overripe_032_mask.png,Banana,Overripe
C:\Users\user\code\ip-asgm\results\preprocessing\MedianFinal\ProcessedImages\Mango\Unripe\Mango_Unripe_074.jpg,C:\Users\user\code\ip-asgm\results\preprocessing\MedianFinal\ROIMasks\Mango\Unripe\Mango_Unripe_074_mask.png,Mango,Unripe
C:\Users\user\code\ip-asgm\results\preprocessing\MedianFinal\ProcessedImages\Banana\Overripe\Banana_Overripe_081.jpg,C:\Users\user\code\ip-asgm\results\preprocessing\MedianFinal\ROIMasks\Banana\Overripe\Banana_Overripe_081_mask.png,Banana,Overripe
C:\Users\user\code\ip-asgm\results\preprocessing\MedianFinal\ProcessedImages\Melon\Unripe\Melon_Unripe_054.jpg,C:\Users\user\code\ip-asgm\results\preprocessing\MedianFinal\ROIMasks\Melon\Unripe\Melon_Unripe_054_mask.png,Melon,Unripe
C:\Users\user\code\ip-asgm\results\preprocessing\MedianFinal\ProcessedImages\Mango\Ripe\Mango_Ripe_019.jpg,C:\Users\user\code\ip-asgm\results\preprocessing\MedianFinal\ROIMasks\Mango\Ripe\Mango_Ripe_019_mask.png,Mango,Ripe
C:\Users\user\code\ip-asgm\results\preprocessing\MedianFinal\ProcessedImages\Grape\Rotten\Grape_Rotten_091.jpg,C:\Users\user\code\ip-asgm\results\preprocessing\MedianFinal\ROIMasks\Grape\Rotten\Grape_Rotten_091_mask.png,Grape,Rotten
C:\Users\user\code\ip-asgm\results\preprocessing\MedianFinal\ProcessedImages\Orange\Overripe\Orange_Overripe_023.jpg,C:\Users\user\code\ip-asgm\results\preprocessing\MedianFinal\ROIMasks\Orange\Overripe\Orange_Overripe_023_mask.png,Orange,Overripe
C:\Users\user\code\ip-asgm\results\preprocessing\MedianFinal\ProcessedImages\Banana\Rotten\Banana_Rotten_054.jpg,C:\Users\user\code\ip-asgm\results\preprocessing\MedianFinal\ROIMasks\Banana\Rotten\Banana_Rotten_054_mask.png,Banana,Rotten
C:\Users\user\code\ip-asgm\results\preprocessing\MedianFinal\ProcessedImages\Peach\Unripe\Peach_Unripe_091.jpg,C:\Users\user\code\ip-asgm\results\preprocessing\MedianFinal\ROIMasks\Peach\Unripe\Peach_Unripe_091_mask.png,Peach,Unripe
C:\Users\user\code\ip-asgm\results\preprocessing\MedianFinal\ProcessedImages\Apple\Ripe\Apple_Ripe_084.jpg,C:\Users\user\code\ip-asgm\results\preprocessing\MedianFinal\ROIMasks\Apple\Ripe\Apple_Ripe_084_mask.png,Apple,Ripe
C:\Users\user\code\ip-asgm\results\preprocessing\MedianFinal\ProcessedImages\Apple\Unripe\Apple_Unripe_031.jpg,C:\Users\user\code\ip-asgm\results\preprocessing\MedianFinal\ROIMasks\Apple\Unripe\Apple_Unripe_031_mask.png,Apple,Unripe
C:\Users\user\code\ip-asgm\results\preprocessing\MedianFinal\ProcessedImages\Banana\Ripe\Banana_Ripe_023.jpg,C:\Users\user\code\ip-asgm\results\preprocessing\MedianFinal\ROIMasks\Banana\Ripe\Banana_Ripe_023_mask.png,Banana,Ripe
C:\Users\user\code\ip-asgm\results\preprocessing\MedianFinal\ProcessedImages\Guava\Class_B\Guava_Class_B_019.jpg,C:\Users\user\code\ip-asgm\results\preprocessing\MedianFinal\ROIMasks\Guava\Class_B\Guava_Class_B_019_mask.png,Guava,Class_B
C:\Users\user\code\ip-asgm\results\preprocessing\MedianFinal\ProcessedImages\Melon\Rotten\Melon_Rotten_017.jpg,C:\Users\user\code\ip-asgm\results\preprocessing\MedianFinal\ROIMasks\Melon\Rotten\Melon_Rotten_017_mask.png,Melon,Rotten
C:\Users\user\code\ip-asgm\results\preprocessing\MedianFinal\ProcessedImages\Banana\Ripe\Banana_Ripe_071.jpg,C:\Users\user\code\ip-asgm\results\preprocessing\MedianFinal\ROIMasks\Banana\Ripe\Banana_Ripe_071_mask.png,Banana,Ripe
