filename,original_class,label,HSV_H_mean,HSV_H_std,HSV_S_mean,HSV_S_std,HSV_V_mean,HSV_V_std,HSV_H_hist_0,HSV_H_hist_1,HSV_H_hist_2,HSV_H_hist_3,HSV_H_hist_4,HSV_H_hist_5,HSV_H_hist_6,HSV_H_hist_7,HSV_H_hist_8,HSV_H_hist_9,HSV_H_hist_10,HSV_H_hist_11,HSV_H_hist_12,HSV_H_hist_13,HSV_H_hist_14,HSV_H_hist_15,HSV_S_hist_0,HSV_S_hist_1,HSV_S_hist_2,HSV_S_hist_3,HSV_S_hist_4,HSV_S_hist_5,HSV_S_hist_6,HSV_S_hist_7,HSV_S_hist_8,HSV_S_hist_9,HSV_S_hist_10,HSV_S_hist_11,HSV_S_hist_12,HSV_S_hist_13,HSV_S_hist_14,HSV_S_hist_15,HSV_V_hist_0,HSV_V_hist_1,HSV_V_hist_2,HSV_V_hist_3,HSV_V_hist_4,HSV_V_hist_5,HSV_V_hist_6,HSV_V_hist_7,HSV_V_hist_8,HSV_V_hist_9,HSV_V_hist_10,HSV_V_hist_11,HSV_V_hist_12,HSV_V_hist_13,HSV_V_hist_14,HSV_V_hist_15,HSV_H_dominant,HSV_S_dominant,HSV_V_dominant
Green_1.jpg,Green,Green,86.37659454345703,16.307863235473633,52.66865158081055,21.242507934570312,34.439693450927734,8.055929183959961,0.0009330969769507647,0.00793132372200489,0.07539423555135727,0.45441821217536926,0.41989362239837646,0.024820378050208092,0.0076513951644301414,0.005971820559352636,0.00233274232596159,0.00046654848847538233,9.330969623988494e-05,0.0,9.330969623988494e-05,0.0,0.0,0.0,0.014183073304593563,0.03723056986927986,0.0404030978679657,0.05430624261498451,0.051133714616298676,0.05635905638337135,0.06410375982522964,0.06876924633979797,0.09760194271802902,0.09246990829706192,0.11990296095609665,0.17532891035079956,0.11710366606712341,0.00933096930384636,0.0015862648142501712,0.00018661939247976989,0.0,9.330969623988494e-05,0.019408416002988815,0.08183260262012482,0.23635345697402954,0.3491648733615875,0.2071475237607956,0.06326397508382797,0.026873191818594933,0.008864421397447586,0.0069982269778847694,0.0,0.0,0.0,0.0,0.0,82.84825897216797,68.68960571289062,31.558067321777344
Green_10.jpg,Green,Green,83.39018249511719,8.143387794494629,58.93502426147461,18.992197036743164,42.9578857421875,9.467133522033691,0.002365464111790061,0.01017149630934,0.011117681860923767,0.8538143038749695,0.12217622995376587,0.0002365464169997722,0.0,0.0001182732084998861,0.0,0.0,0.0,0.0,0.0,0.0,0.0,0.0,0.0013010053662583232,0.02046126499772072,0.02661147341132164,0.032052040100097656,0.041986990720033646,0.04340626671910286,0.04423418268561363,0.05476049706339836,0.06564163416624069,0.11129508912563324,0.15966883301734924,0.22850383818149567,0.13648729026317596,0.026374926790595055,0.005440567620098591,0.0017740981420502067,0.0,0.0,0.005204021465033293,0.02814902365207672,0.07498521357774734,0.20804257690906525,0.1609698385000229,0.31756356358528137,0.1341218203306198,0.04790065065026283,0.021052632480859756,0.0016558249481022358,0.0001182732084998861,0.0001182732084998861,0.0001182732084998861,0.0,83.26387023925781,69.73723602294922,45.77002716064453
Green_100.jpg,Green,Green,79.68067169189453,11.218740463256836,52.263458251953125,16.793102264404297,46.72334671020508,8.030190467834473,0.003211598377674818,0.013121673837304115,0.032483022660017014,0.8074876070022583,0.13874104619026184,0.0037621580995619297,0.0001835199072957039,0.0010093594901263714,0.0,0.0,0.0,0.0,0.0,0.0,0.0,0.0,0.003945678006857634,0.021013030782341957,0.03165718540549278,0.035235822200775146,0.043494220823049545,0.055881813168525696,0.07918883860111237,0.10809322446584702,0.1016700342297554,0.15094512701034546,0.26280051469802856,0.09111763536930084,0.011011194437742233,0.003486878238618374,0.0003670398145914078,9.175995364785194e-05,0.0,0.0001835199072957039,0.0027527986094355583,0.005872637033462524,0.037254542112350464,0.10047715157270432,0.15911176800727844,0.29243898391723633,0.3277665674686432,0.0667094886302948,0.0074325562454760075,0.0,0.0,0.0,0.0,0.0,73.99517822265625,66.45979309082031,54.125160217285156
Green_101.jpg,Green,Green,86.26876831054688,10.655375480651855,57.59408950805664,18.970678329467773,38.03322982788086,8.356752395629883,0.0001096130654332228,0.01655157282948494,0.03573385998606682,0.5115641951560974,0.43527349829673767,0.0007672914653085172,0.0,0.0,0.0,0.0,0.0,0.0,0.0,0.0,0.0,0.0,0.0024114875122904778,0.01293434202671051,0.023676421493291855,0.02915707603096962,0.037926122546195984,0.06664474308490753,0.08549819141626358,0.07300230115652084,0.08242902904748917,0.08988271653652191,0.12912419438362122,0.16080236434936523,0.16277539730072021,0.043516386300325394,0.0002192261308664456,0.0,0.0,0.0,0.007015236187726259,0.029047463089227676,0.1475391834974289,0.33190837502479553,0.3027513027191162,0.08790967613458633,0.05140852928161621,0.03321275860071182,0.009207497350871563,0.0,0.0,0.0,0.0,0.0,92.63685607910156,69.29365539550781,32.720558166503906
Green_102.jpg,Green,Green,89.48716735839844,7.2926716804504395,52.912513732910156,17.768936157226562,41.295352935791016,7.9251885414123535,0.0,0.0003759751853067428,0.013535106554627419,0.3890403211116791,0.590844988822937,0.005451640114188194,0.0001879875926533714,0.0005639627925120294,0.0,0.0,0.0,0.0,0.0,0.0,0.0,0.0,0.005639627575874329,0.0263182632625103,0.03722154349088669,0.03863145038485527,0.04389510303735733,0.04474104568362236,0.05367045849561691,0.06682959198951721,0.15010809898376465,0.19522511959075928,0.1674969494342804,0.12115800380706787,0.04746686667203903,0.0015978945884853601,0.0,0.0,0.0,0.0,0.0,0.012595168314874172,0.0837484747171402,0.22558511793613434,0.29006484150886536,0.26628443598747253,0.09361781924962997,0.013253125362098217,0.01315913163125515,0.001221919315867126,0.0003759751853067428,9.39937963266857e-05,0.0,0.0,91.4183120727539,68.7448959350586,43.05324172973633
Green_103.jpg,Green,Green,85.81173706054688,9.692121505737305,55.864376068115234,18.20052146911621,42.90688705444336,8.27020263671875,0.00039718003245070577,0.0007943600649014115,0.04905173182487488,0.6178135275840759,0.32836857438087463,0.0028795551043003798,0.000496475026011467,0.0,0.0,0.0,0.0,0.0,0.0,0.0,0.0,0.00019859001622535288,0.003673915285617113,0.016582265496253967,0.030483566224575043,0.03574620187282562,0.047264423221349716,0.057193923741579056,0.05927911773324013,0.050739746540784836,0.07337900996208191,0.14854532480239868,0.19422103464603424,0.20305828750133514,0.07457055151462555,0.005064045079052448,0.00019859001622535288,0.0,0.0,0.0,0.0,0.0067520602606236935,0.07665574550628662,0.18607884645462036,0.2655148506164551,0.2607486844062805,0.1581769436597824,0.03544831648468971,0.007943600416183472,0.000496475026011467,0.001489425078034401,0.0006950650131329894,0.0,0.0,85.54088592529297,68.99888610839844,43.500396728515625
Green_104.jpg,Green,Green,86.85160827636719,11.629888534545898,52.45024108886719,19.274871826171875,40.942588806152344,9.536768913269043,0.0,0.022252969443798065,0.03712671622633934,0.45589759945869446,0.481609582901001,0.002997809322550893,0.0,0.00011530035408213735,0.0,0.0,0.0,0.0,0.0,0.0,0.0,0.0,0.0012683039531111717,0.019946962594985962,0.033667705953121185,0.04312233254313469,0.05165455862879753,0.07702063769102097,0.10745993256568909,0.1049233227968216,0.10111841559410095,0.13017410039901733,0.11241784691810608,0.06041738763451576,0.11103424429893494,0.0404704250395298,0.004266113042831421,0.001037703244946897,0.0,0.0006918021244928241,0.008416926488280296,0.03193819895386696,0.1069987341761589,0.26519080996513367,0.15600138902664185,0.22933241724967957,0.16084399819374084,0.027902686968445778,0.012452438473701477,0.0002306007081642747,0.0,0.0,0.0,0.0,92.60165405273438,57.99701690673828,45.186378479003906
Green_105.jpg,Green,Green,72.11170959472656,12.491700172424316,69.09779357910156,22.84025001525879,37.91445541381836,10.246366500854492,0.00013894677977077663,0.05154925584793091,0.1999444216489792,0.6920939087867737,0.05349451303482056,0.0013894678559154272,0.001111574238166213,0.0,0.0,0.00027789355954155326,0.0,0.0,0.0,0.0,0.0,0.0,0.003334722714498639,0.01931360363960266,0.02181464433670044,0.02125885710120201,0.02723356895148754,0.031540919095277786,0.04362928867340088,0.04446297138929367,0.0489092692732811,0.05168820172548294,0.0527997761964798,0.08100597560405731,0.11866055428981781,0.23620952665805817,0.1714603304862976,0.026677781715989113,0.00027789355954155326,0.007642073091119528,0.03598721697926521,0.08975962549448013,0.10782270133495331,0.18285396695137024,0.28081145882606506,0.18757815659046173,0.08781436830759048,0.012505210936069489,0.006530498620122671,0.00013894677977077663,0.00027789355954155326,0.0,0.0,0.0,70.5540542602539,83.09227752685547,42.530494689941406
Green_106.jpg,Green,Green,69.97484588623047,12.053933143615723,65.92839813232422,21.413774490356445,45.35539245605469,11.895703315734863,0.0,0.03737984970211983,0.42126497626304626,0.4935326874256134,0.04438115656375885,0.0021359913516789675,0.0002373323804931715,0.0010679956758394837,0.0,0.0,0.0,0.0,0.0,0.0,0.0,0.0,0.004271982703357935,0.016969265416264534,0.02017325349152088,0.030615877360105515,0.028005221858620644,0.03049721196293831,0.0346505269408226,0.04366916045546532,0.04865313693881035,0.0802183449268341,0.10739290714263916,0.12270084023475647,0.16838732361793518,0.16269135475158691,0.07559036463499069,0.02551323175430298,0.0,0.0008306633681058884,0.0067639728076756,0.03975317254662514,0.08389699459075928,0.11320754885673523,0.22700843214988708,0.1777619570493698,0.12317550927400589,0.14251810312271118,0.08401566743850708,0.00011866619024658576,0.000474664760986343,0.000474664760986343,0.0,0.0,63.592247009277344,81.2042007446289,56.39395523071289
Green_107.jpg,Green,Green,70.29695129394531,11.094331741333008,67.68368530273438,21.6099796295166,44.946720123291016,11.648650169372559,0.0,0.028236985206604004,0.38125064969062805,0.5421501398086548,0.045692577958106995,0.0021562788169831038,0.0005133997183293104,0.0,0.0,0.0,0.0,0.0,0.0,0.0,0.0,0.0,0.002258958760648966,0.01673683151602745,0.02392442710697651,0.02659410610795021,0.028442345559597015,0.025259267538785934,0.036348700523376465,0.039531778544187546,0.03717014193534851,0.049183692783117294,0.10894342511892319,0.12742581963539124,0.17897114157676697,0.1709621101617813,0.09189855307340622,0.036348700523376465,0.0,0.00020535988733172417,0.007084916345775127,0.03306294232606888,0.08563507348299026,0.1319437325000763,0.23647192120552063,0.17517198622226715,0.12229181826114655,0.12752848863601685,0.07957696169614792,0.0010267994366586208,0.0,0.0,0.0,0.0,63.55728530883789,81.21531677246094,55.91698455810547
Green_108.jpg,Green,Green,71.59629821777344,12.622058868408203,67.85469055175781,20.96906280517578,43.189353942871094,11.697183609008789,0.00033437361707910895,0.057846635580062866,0.2129959911108017,0.6778867840766907,0.04770396649837494,0.002006241586059332,0.0006687472341582179,0.0004458314797375351,0.0,0.00011145786993438378,0.0,0.0,0.0,0.0,0.0,0.0,0.00512706208974123,0.015827016904950142,0.016830138862133026,0.023071778938174248,0.020731164142489433,0.033214446157217026,0.04380294308066368,0.04447168856859207,0.043691486120224,0.05071333050727844,0.06096745282411575,0.11491306126117706,0.22826571762561798,0.2075345516204834,0.08024966716766357,0.01058849785476923,0.0,0.003566651837900281,0.019616585224866867,0.039233170449733734,0.1007579118013382,0.1631743162870407,0.18301382660865784,0.1662951409816742,0.16339723765850067,0.14734730124473572,0.011034329421818256,0.0008916629594750702,0.0012260365765541792,0.0004458314797375351,0.0,0.0,66.09049224853516,81.0646743774414,56.28669738769531
Green_109.jpg,Green,Green,71.89398193359375,11.594884872436523,69.51473236083984,21.141925811767578,42.15542221069336,11.532320022583008,0.0,0.05253058299422264,0.20084752142429352,0.6954505443572998,0.05029183626174927,0.0007995522464625537,7.995522173587233e-05,0.0,0.0,0.0,0.0,0.0,0.0,0.0,0.0,0.0,0.0019189254380762577,0.012552970089018345,0.017750060185790062,0.016550730913877487,0.020948268473148346,0.03198209032416344,0.047093626111745834,0.049412328749895096,0.05117134377360344,0.05452946200966835,0.06428400427103043,0.0761173740029335,0.14791716635227203,0.24730150401592255,0.14144079387187958,0.019029343500733376,0.0,0.005117134191095829,0.023426881060004234,0.054289598017930984,0.11505556851625443,0.11369632929563522,0.2269928902387619,0.19045335054397583,0.1557527780532837,0.10458143800497055,0.009594626724720001,0.0005596865667030215,0.00015991044347174466,0.0003198208869434893,0.0,0.0,66.42981719970703,83.07178497314453,56.4693717956543
Green_11.jpg,Green,Green,84.81397247314453,8.584145545959473,57.2220344543457,19.330238342285156,40.796165466308594,10.326815605163574,0.0,0.009820226579904556,0.017898155376315117,0.760513186454773,0.20828384160995483,0.0019006889779120684,0.0009503444889560342,0.0006335629732348025,0.0,0.0,0.0,0.0,0.0,0.0,0.0,0.0,0.006731607019901276,0.020432407036423683,0.02257068268954754,0.035479526966810226,0.04902193695306778,0.04759642109274864,0.05290251225233078,0.0654153823852539,0.07776986062526703,0.1339193731546402,0.13740397989749908,0.18531717360019684,0.13502810895442963,0.02605527825653553,0.003167815040796995,0.0011879305820912123,0.0,0.0003959768800996244,0.009820226579904556,0.04838837310671806,0.15221351385116577,0.17114120721817017,0.16924051940441132,0.27757978439331055,0.1113486960530281,0.04529975354671478,0.012988041155040264,0.0013463214272633195,0.00023758612223900855,0.0,0.0,0.0,84.62902069091797,69.66545867919922,45.17173767089844
Green_110.jpg,Green,Green,70.47142791748047,11.348937034606934,66.1393051147461,21.478992462158203,46.209957122802734,12.844278335571289,0.0,0.028011446818709373,0.4027404487133026,0.5192958116531372,0.04674356058239937,0.00242823688313365,0.0003468909999355674,0.0004336137499194592,0.0,0.0,0.0,0.0,0.0,0.0,0.0,0.0,0.004075969103723764,0.016043707728385925,0.01881883665919304,0.028271615505218506,0.03304136544466019,0.03165380284190178,0.03442893177270889,0.04405515640974045,0.05541583523154259,0.06851097196340561,0.10285317897796631,0.13034428656101227,0.15271875262260437,0.16676785051822662,0.09201283752918243,0.020986905321478844,0.0,0.0008672274998389184,0.007371433544903994,0.04596305638551712,0.08316711336374283,0.10502124577760696,0.19790130853652954,0.1880149096250534,0.10692914575338364,0.13788916170597076,0.10649553686380386,0.018992282450199127,0.0013008412206545472,8.672274998389184e-05,0.0,0.0,63.696346282958984,81.68540954589844,56.71890640258789
Green_111.jpg,Green,Green,70.76860809326172,11.738593101501465,67.75181579589844,21.774686813354492,44.737823486328125,11.02778148651123,0.0,0.02414928562939167,0.38111963868141174,0.49824368953704834,0.0928649827837944,0.0029637760017067194,0.00032930844463407993,0.00021953896794002503,0.00010976948397001252,0.0,0.0,0.0,0.0,0.0,0.0,0.0,0.004829857498407364,0.015148188918828964,0.022173436358571053,0.02590559795498848,0.026344675570726395,0.025466520339250565,0.03556531295180321,0.04676179960370064,0.05268935114145279,0.059934139251708984,0.07661910355091095,0.10976948589086533,0.1671789288520813,0.19363336265087128,0.11470910906791687,0.02327113039791584,0.0,0.0007683864096179605,0.013172337785363197,0.04291986674070358,0.07628978788852692,0.11844127625226974,0.15565313398838043,0.2357848584651947,0.21942919492721558,0.10702524334192276,0.02919868193566799,0.0005488474271260202,0.0007683864096179605,0.0,0.0,0.0,70.40556335449219,82.03269958496094,45.265663146972656
Green_112.jpg,Green,Green,71.17597961425781,11.340417861938477,67.63712310791016,19.888019561767578,44.403385162353516,11.339876174926758,0.0001305483019677922,0.015535248443484306,0.38198432326316833,0.5097911357879639,0.08916448801755905,0.0032637075055390596,0.0,0.0001305483019677922,0.0,0.0,0.0,0.0,0.0,0.0,0.0,0.0,0.0011749346740543842,0.004830287303775549,0.013577023521065712,0.022323759272694588,0.02206266298890114,0.0345952995121479,0.04216710105538368,0.05300261080265045,0.06618799269199371,0.0733681470155716,0.09765013307332993,0.12454307824373245,0.15365535020828247,0.15835508704185486,0.10365535318851471,0.02885117568075657,0.0,0.0,0.007310704793781042,0.051305484026670456,0.06540469825267792,0.13315926492214203,0.2139686644077301,0.23407310247421265,0.13355091214179993,0.09373368322849274,0.06383811682462692,0.0032637075055390596,0.0001305483019677922,0.0002610966039355844,0.0,0.0,69.2448959350586,81.86042022705078,44.45843505859375
Green_113.jpg,Green,Green,67.58863067626953,11.219453811645508,67.98634338378906,20.565853118896484,46.613014221191406,11.953046798706055,0.0,0.007223208900541067,0.5817643404006958,0.3713440001010895,0.03599763289093971,0.0027235050220042467,0.0008288928074762225,0.00011841326340800151,0.0,0.0,0.0,0.0,0.0,0.0,0.0,0.0,0.002960331505164504,0.016341030597686768,0.019064534455537796,0.020722320303320885,0.019182948395609856,0.02711663767695427,0.02759028971195221,0.033747781068086624,0.06204855069518089,0.08691533654928207,0.09425695985555649,0.11746595799922943,0.16566015779972076,0.1911190003156662,0.08857312053442001,0.02723504975438118,0.0,0.0015393723733723164,0.00698638241738081,0.02415630593895912,0.09259916841983795,0.15322676301002502,0.10373001545667648,0.13570159673690796,0.25636470317840576,0.1494375318288803,0.0741267055273056,0.0007104795658960938,0.0014209591317921877,0.0,0.0,0.0,60.90449142456055,81.75648498535156,54.92656326293945
Green_114.jpg,Green,Green,71.04947662353516,12.115900039672852,64.68894958496094,21.670888900756836,46.812496185302734,11.69966983795166,0.0,0.026407890021800995,0.3843461573123932,0.5087496042251587,0.07532612234354019,0.0030225899536162615,0.0017499204259365797,0.0002386255218880251,7.95418382040225e-05,7.95418382040225e-05,0.0,0.0,0.0,0.0,0.0,0.0,0.005329303443431854,0.0163060761988163,0.022112632170319557,0.026566974818706512,0.03229398652911186,0.03269169479608536,0.05034998431801796,0.05440661683678627,0.05854279175400734,0.07389436662197113,0.09457524865865707,0.11804009228944778,0.16958320140838623,0.13999363780021667,0.08924594521522522,0.016067450866103172,0.0,0.00031816735281609,0.007636016700416803,0.04295259341597557,0.06244034320116043,0.09505249559879303,0.13522112369537354,0.23703467845916748,0.22852370142936707,0.09521158039569855,0.08574610203504562,0.008272351697087288,0.0013522112276405096,0.000159083676408045,7.95418382040225e-05,0.0,66.03697204589844,82.26313781738281,54.31315994262695
Green_115.jpg,Green,Green,68.49575805664062,12.370699882507324,70.57626342773438,22.29766082763672,42.1688346862793,12.083409309387207,0.0006120486068539321,0.012240972369909286,0.5178805589675903,0.41741716861724854,0.04835183918476105,0.0024481944274157286,8.743551734369248e-05,8.743551734369248e-05,0.0,0.0004371775721665472,0.0002623065374791622,0.0,0.00017487103468738496,0.0,0.0,0.0,0.007869196124374866,0.016088135540485382,0.01827402226626873,0.01792428083717823,0.030427560210227966,0.02745475247502327,0.02867884933948517,0.03532394766807556,0.03698522225022316,0.04459211230278015,0.04651569575071335,0.11322899162769318,0.1701495200395584,0.21360497176647186,0.13508787751197815,0.057794876396656036,0.0,0.0041094692423939705,0.016175569966435432,0.07414531707763672,0.0935560017824173,0.14776602387428284,0.22803182899951935,0.19839118421077728,0.0876103863120079,0.0850747600197792,0.06409023702144623,0.0003497420693747699,0.0006994841387495399,0.0,0.0,0.0,67.60115814208984,81.8721923828125,43.712711334228516
Green_116.jpg,Green,Green,67.32933044433594,12.45521354675293,70.93990325927734,20.578874588012695,46.17123031616211,12.612387657165527,0.0,0.02980928122997284,0.5470791459083557,0.36379337310791016,0.05526355281472206,0.003153626574203372,0.0008259498281404376,7.508634735131636e-05,0.0,0.0,0.0,0.0,0.0,0.0,0.0,0.0,0.005105871707201004,0.014566752128303051,0.017269860953092575,0.015467788092792034,0.019522450864315033,0.022751163691282272,0.03138609230518341,0.03476497903466225,0.03889472782611847,0.03874455764889717,0.05533863976597786,0.1377834528684616,0.20040546357631683,0.20558641850948334,0.13050007820129395,0.0319116972386837,7.508634735131636e-05,7.508634735131636e-05,0.004204835742712021,0.03619161993265152,0.10286829620599747,0.11338038742542267,0.1540021002292633,0.21024177968502045,0.16278719902038574,0.09333233535289764,0.08740051090717316,0.03371376916766167,0.0016518996562808752,7.508634735131636e-05,0.0,0.0,66.83075714111328,82.08808135986328,45.04090881347656
Green_117.jpg,Green,Green,66.40855407714844,12.548741340637207,71.34589385986328,21.23841667175293,46.294254302978516,11.84977912902832,9.945300553226843e-05,0.0357036292552948,0.5459970235824585,0.38846343755722046,0.026653407141566277,0.0002983590238727629,9.945300553226843e-05,0.0014917951775714755,0.0006961710751056671,0.0,0.00039781202212907374,9.945300553226843e-05,0.0,0.0,0.0,0.0,0.008552959188818932,0.011536548845469952,0.016011934727430344,0.020188961178064346,0.02277473919093609,0.01939333602786064,0.028344107791781425,0.03659870848059654,0.03630034625530243,0.047339633107185364,0.05509696528315544,0.10154151916503906,0.1847836971282959,0.2254599630832672,0.14559920132160187,0.04047737270593643,0.0,0.00039781202212907374,0.006066633388400078,0.026355046778917313,0.0865241140127182,0.1339631974697113,0.14549975097179413,0.19134758412837982,0.20517155528068542,0.11377424001693726,0.08194927871227264,0.004276479594409466,0.00318249617703259,0.0014917951775714755,0.0,0.0,62.68991470336914,81.94744110107422,55.61380386352539
Green_118.jpg,Green,Green,69.92161560058594,13.839644432067871,69.79753112792969,23.845340728759766,39.993560791015625,12.759458541870117,0.0026531231123954058,0.020239539444446564,0.4783201813697815,0.3897058963775635,0.10415403544902802,0.004472407512366772,0.00022741054999642074,0.00015160703333094716,0.0,0.0,0.0,0.0,0.0,0.0,7.580351666547358e-05,0.0,0.006367495283484459,0.02008793130517006,0.02471194602549076,0.02744087390601635,0.028198909014463425,0.030093995854258537,0.03418738767504692,0.03433899208903313,0.03865979239344597,0.05025773122906685,0.058671921491622925,0.07716798037290573,0.12242268025875092,0.201334148645401,0.19011522829532623,0.055942997336387634,0.001819284399971366,0.014781685546040535,0.023574894294142723,0.10422983765602112,0.10855063796043396,0.158429354429245,0.18344451487064362,0.1795785278081894,0.09907519817352295,0.10589751601219177,0.01948150433599949,0.0006822316790930927,0.0004548210999928415,0.0,0.0,0.0,64.40157318115234,91.50523376464844,44.55995178222656
Green_119.jpg,Green,Green,64.49009704589844,10.834434509277344,72.16925811767578,20.526153564453125,44.0928840637207,11.45955753326416,0.0002455393550917506,0.010721885599195957,0.7047798037528992,0.24938614666461945,0.03298412263393402,0.0013095432659611106,0.00016369290824513882,0.00032738581649027765,0.0,0.0,0.0,0.0,0.0,0.0,8.184645412256941e-05,0.0,0.002619086531922221,0.016123751178383827,0.01571451872587204,0.014404975809156895,0.016778523102402687,0.017596988007426262,0.027582256123423576,0.034457359462976456,0.03985922411084175,0.048207562416791916,0.06179407611489296,0.12948109209537506,0.17883451282978058,0.17441479861736298,0.16729415953159332,0.05483712628483772,8.184645412256941e-05,0.0008184645557776093,0.005156326573342085,0.04828941076993942,0.10329023003578186,0.11892290413379669,0.19356687366962433,0.2128826379776001,0.15149779617786407,0.11515796184539795,0.04976264387369156,0.00032738581649027765,0.0002455393550917506,0.0,0.0,0.0,62.472328186035156,81.47694396972656,44.33389663696289
Green_12.jpg,Green,Green,83.50927734375,8.130154609680176,63.24794387817383,18.913026809692383,39.393070220947266,11.568137168884277,0.001075365231372416,0.003494936740025878,0.015144726261496544,0.8302715420722961,0.14786271750926971,0.0017026615096256137,0.00017922752886079252,0.00017922752886079252,8.961376443039626e-05,0.0,0.0,0.0,0.0,0.0,0.0,0.0,0.0015234339516609907,0.011022493243217468,0.01604086346924305,0.01792275346815586,0.025002241134643555,0.033157091587781906,0.05493323877453804,0.07724706828594208,0.09561789035797119,0.07384174317121506,0.09015144407749176,0.19643336534500122,0.14947575330734253,0.1132717952132225,0.03853391855955124,0.005824894644320011,0.0,8.961376443039626e-05,0.00519759813323617,0.07527556270360947,0.24778206646442413,0.1768975704908371,0.10413119196891785,0.1433820277452469,0.17169997096061707,0.05842817574739456,0.016847386956214905,0.00017922752886079252,8.961376443039626e-05,0.0,0.0,0.0,83.70262145996094,82.11720275878906,30.653423309326172
Green_120.jpg,Green,Green,64.90274047851562,11.680739402770996,69.23351287841797,21.063114166259766,46.24275207519531,12.122563362121582,9.755145583767444e-05,0.018144572153687477,0.6758365035057068,0.2648521959781647,0.03892303258180618,0.0009755145874805748,0.00029265438206493855,0.0,0.00029265438206493855,0.00029265438206493855,0.00029265438206493855,0.0,0.0,0.0,0.0,0.0,0.007218807935714722,0.017559261992573738,0.01677885092794895,0.02058335766196251,0.022339284420013428,0.021753976121544838,0.019510291516780853,0.0280948206782341,0.04097161069512367,0.06438396126031876,0.1358891874551773,0.1354014277458191,0.13491366803646088,0.16456930339336395,0.1282801628112793,0.04175202548503876,0.0,0.00039020582335069776,0.003804506966844201,0.020680909976363182,0.08565018326044083,0.14144961535930634,0.191200852394104,0.1866159439086914,0.1395961344242096,0.10798946768045425,0.1111111119389534,0.00634084502235055,0.0033167495857924223,0.0018534776754677296,0.0,0.0,64.35374450683594,82.0044174194336,44.57420349121094
Green_121.jpg,Green,Green,64.49990844726562,10.690361976623535,69.87409210205078,20.629579544067383,47.13957595825195,11.126730918884277,0.0,0.01994301937520504,0.6799620389938354,0.27445393800735474,0.024976259097456932,0.0006647673435509205,0.0,0.0,0.0,0.0,0.0,0.0,0.0,0.0,0.0,0.0,0.0017094017239287496,0.009021841920912266,0.016999050974845886,0.02250712178647518,0.02478632517158985,0.024976259097456932,0.029344730079174042,0.038841404020786285,0.04710351303219795,0.06239316239953041,0.09173788875341415,0.12943969666957855,0.13808166980743408,0.17977207899093628,0.14169040322303772,0.04159544035792351,0.0,0.0006647673435509205,0.002089268760755658,0.015194681473076344,0.06571699678897858,0.13219372928142548,0.14605887234210968,0.23371319472789764,0.18907882273197174,0.10446343570947647,0.10788223892450333,0.002184235490858555,0.0005698005552403629,0.0001899335184134543,0.0,0.0,60.198448181152344,82.63346099853516,55.18281173706055
Green_122.jpg,Green,Green,64.35528564453125,10.221002578735352,72.1829833984375,19.389549255371094,45.30952453613281,11.766748428344727,0.0009486916242167354,0.016523044556379318,0.6999762654304504,0.25037550926208496,0.03186022490262985,0.0003162305220030248,0.0,0.0,0.0,0.0,0.0,0.0,0.0,0.0,0.0,0.0,0.0025298441760241985,0.010356550104916096,0.01525812316685915,0.014783777296543121,0.01415131613612175,0.018104197457432747,0.02229425311088562,0.03146493807435036,0.03794766217470169,0.05518222600221634,0.08474978059530258,0.1486283540725708,0.16894616186618805,0.1782749593257904,0.14752154052257538,0.04980630800127983,0.0,0.0007905763341113925,0.004585342947393656,0.03952881693840027,0.09352517873048782,0.11534508317708969,0.17590323090553284,0.2175666093826294,0.15771998465061188,0.11036445200443268,0.08135030418634415,0.003320420626550913,0.0,0.0,0.0,0.0,63.37394714355469,81.30900573730469,44.874122619628906
Green_123.jpg,Green,Green,68.29895782470703,12.702794075012207,69.08856201171875,23.29043960571289,45.44196701049805,12.373079299926758,0.003002721117809415,0.020456038415431976,0.5395514965057373,0.3639861047267914,0.06784272938966751,0.004034906625747681,0.0007506802794523537,0.00037534013972617686,0.0,0.0,0.0,0.0,0.0,0.0,0.0,0.0,0.005723937414586544,0.014356761239469051,0.02514779008924961,0.0304963868111372,0.02880735695362091,0.031153231859207153,0.033499106764793396,0.039223045110702515,0.048137374222278595,0.05714553967118263,0.05836539342999458,0.07047011703252792,0.12480060011148453,0.2270807921886444,0.16224077343940735,0.04335178807377815,0.00028150511207059026,0.005817772354930639,0.015201276168227196,0.044102467596530914,0.09167683124542236,0.0860467329621315,0.15623533725738525,0.21835413575172424,0.18110162019729614,0.1255512833595276,0.07347283512353897,0.0005630102241411805,0.001032185391522944,0.0005630102241411805,0.0,0.0,62.53569030761719,83.13626098632812,56.1038703918457
Green_124.jpg,Green,Green,71.31053924560547,11.711869239807129,70.66346740722656,22.54798698425293,40.449302673339844,10.835796356201172,0.00020723241323139518,0.049217697232961655,0.23583048582077026,0.6693606972694397,0.04310434311628342,0.0013470107223838568,0.0008289296529255807,0.00010361620661569759,0.0,0.0,0.0,0.0,0.0,0.0,0.0,0.0,0.0024867889005690813,0.014402652159333229,0.01979069598019123,0.020308775827288628,0.02124132215976715,0.03263910487294197,0.04414050281047821,0.05087555572390556,0.05004662647843361,0.04434773698449135,0.051808103919029236,0.06859392672777176,0.0908714085817337,0.23158222436904907,0.2166614830493927,0.04020308703184128,0.0,0.0059061236679553986,0.028908921405673027,0.05584913492202759,0.11812247335910797,0.13666976988315582,0.24878251552581787,0.21158428490161896,0.13345767557621002,0.05274064838886261,0.006942285690456629,0.000932545866817236,0.00010361620661569759,0.0,0.0,0.0,71.08062744140625,83.07624816894531,43.33970642089844
Green_125.jpg,Green,Green,69.95867156982422,11.794047355651855,63.469600677490234,19.593467712402344,46.68678283691406,12.384387969970703,0.0,0.03611138463020325,0.41828200221061707,0.4946373999118805,0.048706091940402985,0.0017711305990815163,0.0004919806960970163,0.0,0.0,0.0,0.0,0.0,0.0,0.0,0.0,0.0,0.003640657290816307,0.014661025255918503,0.02135196328163147,0.027846109122037888,0.027846109122037888,0.03227393329143524,0.04112958908081055,0.049985241144895554,0.05165797472000122,0.09544426202774048,0.12447112053632736,0.16441994905471802,0.20820623636245728,0.11059726774692535,0.021253567188978195,0.005214995704591274,0.0,0.00039358457433991134,0.003640657290816307,0.03266751766204834,0.08284955471754074,0.10548066347837448,0.21174849569797516,0.18390239775180817,0.1057758554816246,0.13814818859100342,0.12575027346611023,0.009150841273367405,0.00039358457433991134,9.839614358497784e-05,0.0,0.0,64.56192779541016,80.02734375,56.50239562988281
Green_126.jpg,Green,Green,69.86746978759766,12.318269729614258,64.1466293334961,19.142728805541992,47.255577087402344,11.492316246032715,0.0,0.04643765836954117,0.4187871217727661,0.48876166343688965,0.042832911014556885,0.0023324850481003523,0.0005301102646626532,0.00010602205293253064,0.0,0.00010602205293253064,0.00010602205293253064,0.0,0.0,0.0,0.0,0.0,0.002968617482110858,0.012934690341353416,0.020038167014718056,0.026293469592928886,0.025021204724907875,0.02353689633309841,0.042302798479795456,0.04770992323756218,0.05714588612318039,0.1000848188996315,0.14037320017814636,0.15977522730827332,0.18373622000217438,0.12393978238105774,0.029156064614653587,0.004983036313205957,0.0,0.00010602205293253064,0.002650551265105605,0.01600933074951172,0.06870228797197342,0.12902884185314178,0.18288804590702057,0.18161576986312866,0.14927904307842255,0.16518235206604004,0.10188718885183334,0.0010602205293253064,0.0009541984763927758,0.0006361323175951838,0.0,0.0,64.53324127197266,80.74950408935547,56.3306884765625
Green_127.jpg,Green,Green,72.76133728027344,12.213604927062988,67.73544311523438,23.690113067626953,40.50460433959961,10.595915794372559,0.0,0.0422324500977993,0.17698504030704498,0.709551215171814,0.06708860397338867,0.003797468263655901,0.00011507479939609766,0.00023014959879219532,0.0,0.0,0.0,0.0,0.0,0.0,0.0,0.0,0.00736478716135025,0.022439585998654366,0.021173762157559395,0.026006905362010002,0.03222094476222992,0.032566167414188385,0.047410815954208374,0.049252014607191086,0.05166858434677124,0.04556962102651596,0.050517838448286057,0.06490218639373779,0.12324511259794235,0.24729573726654053,0.1532796323299408,0.025086306035518646,0.00023014959879219532,0.006098964251577854,0.023820484057068825,0.07054085284471512,0.10575374215841293,0.11265822499990463,0.23831990361213684,0.2880322337150574,0.11231300234794617,0.030609896406531334,0.008515534922480583,0.002301495987921953,0.000690448796376586,0.00011507479939609766,0.0,0.0,71.0483169555664,82.62907409667969,44.46062088012695
Green_128.jpg,Green,Green,72.72859191894531,11.653499603271484,69.1400146484375,23.277585983276367,39.14826202392578,10.709646224975586,0.0,0.048521168529987335,0.17823313176631927,0.7152522802352905,0.0560603141784668,0.0017398027703166008,0.00019331142539158463,0.0,0.0,0.0,0.0,0.0,0.0,0.0,0.0,0.0,0.0034796055406332016,0.01875120773911476,0.024260584264993668,0.026966944336891174,0.03286294266581535,0.02996327169239521,0.03614923730492592,0.04359172657132149,0.04426831752061844,0.04610477387905121,0.052870675921440125,0.06765899807214737,0.12574908137321472,0.24888846278190613,0.17011405527591705,0.028320124372839928,0.0,0.00966557115316391,0.02899671345949173,0.0771312564611435,0.11975643038749695,0.13232167065143585,0.2885172963142395,0.19282814860343933,0.11173400282859802,0.03305625542998314,0.005509375594556332,0.00028996713808737695,0.00019331142539158463,0.0,0.0,0.0,72.0682144165039,83.05254364013672,43.274208068847656
Green_129.jpg,Green,Green,69.3416519165039,12.159700393676758,67.4345932006836,20.308349609375,43.4600944519043,10.586592674255371,0.0,0.051384229212999344,0.39513424038887024,0.5068162679672241,0.04530201479792595,0.0011535234516486526,0.00010486577230039984,0.00010486577230039984,0.0,0.0,0.0,0.0,0.0,0.0,0.0,0.0,0.0026216444093734026,0.012479026801884174,0.018351510167121887,0.017302852123975754,0.02307046949863434,0.028838086873292923,0.04645553603768349,0.056103188544511795,0.048552852123975754,0.05411073938012123,0.09710570424795151,0.12646812200546265,0.18278104066848755,0.1875,0.0782298669219017,0.02002936229109764,0.0,0.0006291946046985686,0.005557885859161615,0.025167785584926605,0.09102348983287811,0.1996644288301468,0.21088506281375885,0.1561451405286789,0.16401006281375885,0.13307467103004456,0.012583892792463303,0.00020973154460079968,0.0008389261784031987,0.00020973154460079968,0.0,0.0,62.968772888183594,81.42992401123047,55.479122161865234
Green_13.jpg,Green,Green,87.5792236328125,11.944096565246582,52.14310836791992,17.557802200317383,39.07559585571289,8.781877517700195,0.0009647077531553805,0.014309831894934177,0.03754321113228798,0.38202428817749023,0.5612187385559082,0.003054908011108637,0.00032156927045434713,0.000562746194191277,0.0,0.0,0.0,0.0,0.0,0.0,0.0,0.0,0.0065921698696911335,0.0224294550716877,0.026770640164613724,0.04059812054038048,0.05796285718679428,0.056596189737319946,0.05338049679994583,0.09028057008981705,0.15644344687461853,0.19261997938156128,0.1508963704109192,0.08191976696252823,0.048315782099962234,0.014309831894934177,0.0006431385409086943,0.00024117693828884512,0.0,0.0,0.0024117694701999426,0.030388295650482178,0.20355333387851715,0.16954739391803741,0.2878848910331726,0.2092611938714981,0.07259426265954971,0.01784709468483925,0.0052255005575716496,0.001125492388382554,0.00016078463522717357,0.0,0.0,0.0,93.01237487792969,56.74285888671875,41.657100677490234
Green_130.jpg,Green,Green,67.40426635742188,7.629225254058838,80.39958190917969,25.256650924682617,34.738525390625,11.187637329101562,0.002602342050522566,0.026623962447047234,0.24732258915901184,0.7227504849433899,0.0007006305386312306,0.0,0.0,0.0,0.0,0.0,0.0,0.0,0.0,0.0,0.0,0.0,0.0021018916741013527,0.010409368202090263,0.016114503145217896,0.024622159078717232,0.032729458063840866,0.025122610852122307,0.020618556067347527,0.021619457751512527,0.025022519752383232,0.03453107923269272,0.0398358516395092,0.04333900660276413,0.04464017599821091,0.06205584853887558,0.11340206116437912,0.48383545875549316,0.0028025221545249224,0.005605044309049845,0.04293864592909813,0.14142727851867676,0.24742268025875092,0.1625462919473648,0.17575818300247192,0.12130917608737946,0.0728655755519867,0.018416574224829674,0.0074066659435629845,0.00030027024331502616,0.00020018016221001744,0.0004003603244200349,0.0005004503764212132,0.00010009008110500872,70.3979721069336,97.69154357910156,30.048175811767578
Green_131.jpg,Green,Green,63.25688934326172,13.173745155334473,82.19969177246094,22.7790470123291,35.82585525512695,10.264585494995117,0.002411751775071025,0.11101366579532623,0.35058102011680603,0.5291237235069275,0.005115837324410677,0.0013155009364709258,0.0004385003412608057,0.0,0.0,0.0,0.0,0.0,0.0,0.0,0.0,0.0,0.0012424176093190908,0.005700504407286644,0.008696923032402992,0.01666301302611828,0.024117518216371536,0.02506760135293007,0.021778849884867668,0.02324051782488823,0.021486517041921616,0.02864868752658367,0.03793027997016907,0.05028137192130089,0.062047798186540604,0.07359497249126434,0.13103851675987244,0.46846452355384827,0.0002923335414379835,0.01045092474669218,0.028429437428712845,0.04662720113992691,0.202367901802063,0.3661477863788605,0.21106483042240143,0.053643207997083664,0.020682599395513535,0.030256522819399834,0.0195863489061594,0.007893006317317486,0.0016078345943242311,0.000584667082875967,0.0002923335414379835,7.308338535949588e-05,66.80033111572266,97.04715728759766,32.72141647338867
Green_132.jpg,Green,Green,68.22600555419922,15.930222511291504,82.09700775146484,23.002422332763672,39.00920104980469,11.341788291931152,0.0066045415587723255,0.1058536171913147,0.15344250202178955,0.7065954804420471,0.02071835659444332,0.0038903465028852224,0.0018999367021024227,0.0007237853715196252,9.047317143995315e-05,0.0,9.047317143995315e-05,0.0,0.0,0.0,9.047317143995315e-05,0.0,0.0013570976443588734,0.0057902829721570015,0.012394824996590614,0.013028137385845184,0.025875328108668327,0.0285895224660635,0.026599112898111343,0.01565185934305191,0.019813625141978264,0.027865737676620483,0.03447027876973152,0.04677462950348854,0.06007418781518936,0.07219759374856949,0.14539039134979248,0.46412739157676697,0.0003618926857598126,0.007961639203131199,0.018727947026491165,0.03456075116991997,0.14439518749713898,0.23713019490242004,0.3250701129436493,0.14014294743537903,0.028046684339642525,0.019089840352535248,0.007871165871620178,0.011851985938847065,0.02225640043616295,0.002533248858526349,0.0,0.0,70.7573471069336,96.52789306640625,41.85056686401367
Green_133.jpg,Green,Green,64.82803344726562,13.780885696411133,77.02835083007812,26.89043617248535,39.74760437011719,10.201065063476562,0.005436600651592016,0.10153897851705551,0.2221478819847107,0.6673636436462402,0.0021746403072029352,0.0005854800692759454,0.0001672800281085074,0.0,0.0,0.0,0.0,0.0,8.36400140542537e-05,8.36400140542537e-05,0.0001672800281085074,0.0002509200421627611,0.003680160501971841,0.008865841664373875,0.021244563162326813,0.027601204812526703,0.030863165855407715,0.030779525637626648,0.032535966485738754,0.03939444571733475,0.05645700916647911,0.04240548610687256,0.03956172615289688,0.0352124460041523,0.034459684044122696,0.04424556717276573,0.08757109194993973,0.4651221036911011,0.013466042466461658,0.010455002076923847,0.016811642795801163,0.05252593010663986,0.07561057060956955,0.1283874213695526,0.3224322497844696,0.27827033400535583,0.08347273617982864,0.013466042466461658,0.004934760741889477,8.36400140542537e-05,8.36400140542537e-05,0.0,0.0,0.0,70.15046691894531,97.68119049072266,43.68953323364258
Green_134.jpg,Green,Green,63.60621643066406,13.31897258758545,81.72319030761719,22.564716339111328,37.44826126098633,10.492900848388672,0.005404593888670206,0.12235400080680847,0.29312416911125183,0.5757393836975098,0.003302807454019785,7.506380643462762e-05,0.0,0.0,0.0,0.0,0.0,0.0,0.0,0.0,0.0,0.0,0.0003002552257385105,0.0037531901616603136,0.009533103555440903,0.0156883355230093,0.021618375554680824,0.027323225513100624,0.02642245963215828,0.022068757563829422,0.024470800533890724,0.034454286098480225,0.04316168650984764,0.05629785358905792,0.05569734424352646,0.07551418989896774,0.12618225812911987,0.4575138986110687,0.0003002552257385105,0.008332082070410252,0.02432067319750786,0.037982285022735596,0.13286294043064117,0.3373367488384247,0.3014562427997589,0.07761597633361816,0.017715057358145714,0.024020416662096977,0.021618375554680824,0.0075814444571733475,0.005629785358905792,0.0011259571183472872,0.0017264675116166472,0.00037531901034526527,66.26070404052734,96.80797576904297,33.346946716308594
Green_135.jpg,Green,Green,66.03633880615234,13.529378890991211,84.11832427978516,24.499216079711914,35.89051055908203,9.852404594421387,0.0045418813824653625,0.1018429547548294,0.1457769274711609,0.7413747906684875,0.003144379472360015,0.0016595335910096765,0.0010481264907866716,0.0003493754775263369,0.00017468773876316845,0.0,0.0,0.0,0.0,0.0,8.734386938158423e-05,0.0,0.008472356013953686,0.008996418677270412,0.01275220513343811,0.01930299587547779,0.022360030561685562,0.01860424503684044,0.024630971252918243,0.024543628096580505,0.014149707742035389,0.014586426317691803,0.016857367008924484,0.0317058265209198,0.031880512833595276,0.0488252267241478,0.11974845081567764,0.5825836062431335,0.012926893308758736,0.011180015280842781,0.015721896663308144,0.0395667739212513,0.22089265286922455,0.27137741446495056,0.2759192883968353,0.08271464705467224,0.03589833155274391,0.02087518572807312,0.01275220513343811,0.00017468773876316845,0.0,0.0,0.0,0.0,69.77900695800781,97.1273193359375,32.06661605834961
Green_136.jpg,Green,Green,64.91526794433594,24.323837280273438,79.06584167480469,28.661561965942383,32.29166030883789,11.468526840209961,0.020424671471118927,0.1403437852859497,0.1593528836965561,0.6593528985977173,0.011425682343542576,0.0026289180386811495,0.00040444894693791866,0.0,0.00010111223673447967,0.000606673420406878,0.0010111223673447967,0.000910010130610317,0.00040444894693791866,0.000303336710203439,0.001213346840813756,0.001516683492809534,0.008088978938758373,0.01890798844397068,0.023862486705183983,0.038220424205064774,0.04519717022776604,0.025176946073770523,0.02244691550731659,0.016683518886566162,0.01729019172489643,0.020626895129680634,0.023255813866853714,0.023963600397109985,0.030535895377397537,0.05085945501923561,0.10788675397634506,0.5269969701766968,0.021941354498267174,0.0162790697067976,0.06653185188770294,0.08109201490879059,0.20930232107639313,0.4486349821090698,0.04357937350869179,0.039231546223163605,0.021941354498267174,0.01991911046206951,0.027603639289736748,0.0016177957877516747,0.0013144590193405747,0.0010111223673447967,0.0,0.0,70.40560150146484,97.10275268554688,32.447784423828125
Green_137.jpg,Green,Green,67.35292053222656,7.250084400177002,80.28570556640625,25.330474853515625,33.88898468017578,11.056568145751953,0.0010094891767948866,0.025540076196193695,0.2620633840560913,0.7109832167625427,0.0002018978411797434,0.0002018978411797434,0.0,0.0,0.0,0.0,0.0,0.0,0.0,0.0,0.0,0.0,0.0018170805415138602,0.0095901470631361,0.01907934620976448,0.022208763286471367,0.029174238443374634,0.03159701079130173,0.02271350659430027,0.019483141601085663,0.02644861675798893,0.03624066337943077,0.04017766937613487,0.03563496842980385,0.044821321964263916,0.06016555801033974,0.11397133022546768,0.48687663674354553,0.0030284675303846598,0.007773066870868206,0.04502321779727936,0.16151827573776245,0.2516656517982483,0.15848980844020844,0.17100746929645538,0.12053301185369492,0.05925701558589935,0.012719564139842987,0.0076721180230379105,0.0002018978411797434,0.0005047445883974433,0.0004037956823594868,0.0002018978411797434,0.0,70.15384674072266,97.60009765625,29.845497131347656
Green_138.jpg,Green,Green,65.2634506225586,16.20201873779297,76.98292541503906,26.704294204711914,38.7292366027832,10.049154281616211,0.008183876052498817,0.10090544819831848,0.21434789896011353,0.6708166599273682,0.001741250162012875,0.0008706250810064375,0.000348250032402575,0.0,0.0,0.0005223750486038625,0.0009576876182109118,0.0006094375858083367,0.0001741250162012875,0.0001741250162012875,0.0,0.000348250032402575,0.0022636253852397203,0.009663938544690609,0.021069128066301346,0.029775379225611687,0.03212606534361839,0.03125544264912605,0.028904752805829048,0.03386731818318367,0.04744906723499298,0.0545881949365139,0.04170294106006622,0.03656625375151634,0.03674038127064705,0.04562075436115265,0.09785826504230499,0.4505484998226166,0.013581751845777035,0.010708688758313656,0.018892565742135048,0.058680132031440735,0.07818213105201721,0.15888908505439758,0.34894654154777527,0.2406407743692398,0.053369320929050446,0.010534564033150673,0.007487375754863024,0.0,8.706250810064375e-05,0.0,0.0,0.0,69.99825286865234,97.5728988647461,43.178466796875
Green_139.jpg,Green,Green,66.80426025390625,17.010623931884766,84.66255187988281,24.051393508911133,34.073211669921875,9.823250770568848,0.00628472538664937,0.10565625131130219,0.1628563553094864,0.7130886316299438,0.0066490573808550835,0.0014573276275768876,0.0011840787483379245,0.0010929957497864962,0.00027324893744662404,0.00018216595344711095,0.00027324893744662404,0.0,0.0,0.00018216595344711095,0.00027324893744662404,0.0005464978748932481,0.004280900117009878,0.008470716886222363,0.01211403589695692,0.018307678401470184,0.025229984894394875,0.02003825455904007,0.026687312871217728,0.022406412288546562,0.01484652515500784,0.013571363873779774,0.017670096829533577,0.025867564603686333,0.030148465186357498,0.046452317386865616,0.10592950135469437,0.607978880405426,0.013571363873779774,0.012842699885368347,0.019673923030495644,0.0496402233839035,0.29720374941825867,0.30157575011253357,0.1880863457918167,0.04535932093858719,0.03871026635169983,0.02349940873682499,0.009745878167450428,9.108297672355548e-05,0.0,0.0,0.0,0.0,70.57722473144531,97.50350952148438,31.610097885131836
Green_14.jpg,Green,Green,84.77261352539062,9.789715766906738,60.53828048706055,17.952489852905273,38.7993278503418,7.908071517944336,0.0,0.010804439894855022,0.03506531938910484,0.6269521713256836,0.3266869783401489,0.0004911108990199864,0.0,0.0,0.0,0.0,0.0,0.0,0.0,0.0,0.0,0.0,0.001276888302527368,0.015420882031321526,0.020528435707092285,0.023966211825609207,0.03143109753727913,0.038503095507621765,0.047343090176582336,0.057361751794815063,0.0724879652261734,0.11059817671775818,0.19428347051143646,0.1929083615541458,0.1222866103053093,0.06924663484096527,0.002357332268729806,0.0,0.0,0.0,0.00019644435087684542,0.021117769181728363,0.14252038300037384,0.316668301820755,0.2611727714538574,0.1929083615541458,0.036145761609077454,0.01934976875782013,0.009232885204255581,0.0004911108990199864,0.00019644435087684542,0.0,0.0,0.0,82.38579559326172,80.40892791748047,42.74979782104492
Green_140.jpg,Green,Green,65.41513061523438,15.848618507385254,83.85636138916016,24.462966918945312,36.40919494628906,10.05929183959961,0.010060164146125317,0.11677680164575577,0.1885787546634674,0.6737350821495056,0.005917743314057589,0.0025643554981797934,0.0007890324341133237,0.0010849196696653962,0.00019725810852833092,0.0,0.0,0.0,0.0,0.0,9.862905426416546e-05,0.00019725810852833092,0.002268468262627721,0.008777986280620098,0.013808067888021469,0.022487424314022064,0.025939442217350006,0.02209290862083435,0.029490087181329727,0.02327645756304264,0.013216293416917324,0.015879277139902115,0.017062826082110405,0.023177828639745712,0.03175855427980423,0.05266791582107544,0.12368083745241165,0.5744156241416931,0.012624518945813179,0.014103954657912254,0.01617516577243805,0.034914687275886536,0.16589407622814178,0.32419371604919434,0.26817241311073303,0.08008679002523422,0.036098234355449677,0.03777492791414261,0.009961534291505814,0.0,0.0,0.0,0.0,0.0,69.44152069091797,97.17621612548828,32.65452575683594
Green_141.jpg,Green,Green,65.92151641845703,10.512677192687988,62.638038635253906,33.3222770690918,31.208372116088867,10.702383995056152,0.0009078987059183419,0.03480278328061104,0.274992436170578,0.6874811053276062,0.0006052657845430076,0.0006052657845430076,0.0,0.0,0.0,0.0,0.0,0.00010087763803312555,0.0002017552760662511,0.0,0.0002017552760662511,0.00010087763803312555,0.011903560720384121,0.05588620901107788,0.08352668583393097,0.06809240579605103,0.04559669271111488,0.044587913900613785,0.042166851460933685,0.03873701021075249,0.03197820857167244,0.03016241267323494,0.038333501666784286,0.040754564106464386,0.045294057577848434,0.04811863228678703,0.07152224332094193,0.30333906412124634,0.0073640672490000725,0.02844749391078949,0.08039947599172592,0.1568647176027298,0.2469484508037567,0.20286493003368378,0.15595681965351105,0.09391707926988602,0.011197417974472046,0.008372844196856022,0.005346514750272036,0.0010087763657793403,0.0009078987059183419,0.0004035105521325022,0.0,0.0,69.84049224853516,96.93236541748047,29.80518913269043
Green_142.jpg,Green,Green,56.93564987182617,19.603862762451172,68.36865234375,30.67760467529297,36.02032470703125,13.39643383026123,0.006797991693019867,0.31772884726524353,0.19860950112342834,0.47354191541671753,0.0006952491239644587,0.0006952491239644587,0.0,7.72499042795971e-05,0.0002317497128387913,7.72499042795971e-05,0.0002317497128387913,0.0,0.0001544998085591942,0.0001544998085591942,0.0004634994256775826,0.000540749344509095,0.0035534955095499754,0.014831981621682644,0.036461953073740005,0.0582464262843132,0.06056392565369606,0.06535341590642929,0.05461568012833595,0.04395519569516182,0.045500192791223526,0.046967942267656326,0.026728466153144836,0.022093473002314568,0.025646967813372612,0.04101970046758652,0.08945538848638535,0.3650057911872864,0.007261490914970636,0.018539976328611374,0.06249517202377319,0.1136346086859703,0.1949787586927414,0.17072229087352753,0.1847817748785019,0.05701042711734772,0.10421012341976166,0.06898416578769684,0.01135573536157608,0.0023947469890117645,0.0018539977027103305,0.0009269988513551652,0.0007724990136921406,7.72499042795971e-05,67.58055114746094,97.06874084472656,31.902366638183594
Green_143.jpg,Green,Green,65.76181030273438,9.950606346130371,70.59239959716797,34.558040618896484,30.978652954101562,9.400897979736328,0.0006310854805633426,0.03137396275997162,0.30409303307533264,0.6636314392089844,0.0,0.0,0.0,0.0,0.0,0.0,9.015506657306105e-05,0.0,0.0,0.0,0.0001803101331461221,0.0,0.0034258924424648285,0.04174179583787918,0.11134150624275208,0.08204110711812973,0.026325279846787453,0.012982329353690147,0.01090876292437315,0.011810313910245895,0.011810313910245895,0.012170934118330479,0.013433105312287807,0.022268300876021385,0.031193653121590614,0.054183196276426315,0.1293725222349167,0.4249909818172455,0.0004507753474172205,0.01334294956177473,0.058150019496679306,0.22042913734912872,0.20888929069042206,0.2837179899215698,0.13162639737129211,0.05923187732696533,0.008204110898077488,0.009736747480928898,0.005860079545527697,9.015506657306105e-05,0.0001803101331461221,9.015506657306105e-05,0.0,0.0,70.87186431884766,96.56423950195312,31.907453536987305
Green_144.jpg,Green,Green,67.42340850830078,7.938568115234375,64.67257690429688,34.60932159423828,30.681577682495117,10.18586254119873,0.00018623708456289023,0.030077287927269936,0.19340720772743225,0.7756774425506592,0.0006518297595903277,0.0,0.0,0.0,0.0,0.0,0.0,0.0,0.0,0.0,0.0,0.0,0.006704534869641066,0.061551354825496674,0.09544650465250015,0.05009777471423149,0.04348635673522949,0.05270509421825409,0.04693174362182617,0.03417450562119484,0.025328243151307106,0.028959866613149643,0.02281404286623001,0.0172269307076931,0.023652108386158943,0.03342955559492111,0.07766085863113403,0.3798305094242096,0.004842163994908333,0.019182419404387474,0.055498648434877396,0.229164719581604,0.27013689279556274,0.18595772981643677,0.10866933315992355,0.09498091042041779,0.01936865597963333,0.00782195758074522,0.003817860037088394,9.311854228144512e-05,0.00027935561956837773,9.311854228144512e-05,9.311854228144512e-05,0.0,71.62006378173828,97.3401870727539,30.629802703857422
Green_145.jpg,Green,Green,66.18998718261719,9.007793426513672,72.65485382080078,33.39967346191406,27.744895935058594,11.473206520080566,0.00026387543766759336,0.033512182533741,0.28859177231788635,0.6771923899650574,0.0004397924058139324,0.0,0.0,0.0,0.0,0.0,0.0,0.0,0.0,0.0,0.0,0.0,0.0078283054754138,0.04046090319752693,0.09780983626842499,0.05321488156914711,0.0291142575442791,0.013809481635689735,0.014864983968436718,0.011962354183197021,0.014249274507164955,0.012138270772993565,0.016624152660369873,0.0225173719227314,0.03263259679079056,0.058404434472322464,0.15744568407535553,0.4169232249259949,0.010379101149737835,0.030433636158704758,0.18981440365314484,0.28630486130714417,0.10370305180549622,0.1416131556034088,0.15331164002418518,0.057085055857896805,0.012753980234265327,0.009235640987753868,0.0036942563019692898,0.0010555017506703734,0.0006157094030641019,0.0,0.0,0.0,71.79057312011719,96.54299926757812,19.127477645874023
Green_146.jpg,Green,Green,70.517333984375,8.531734466552734,71.1114501953125,30.0518856048584,33.00191879272461,11.686868667602539,0.0007306974148377776,0.01721198298037052,0.14565235376358032,0.8316148519515991,0.004140618722885847,8.118859841488302e-05,0.00016237719682976604,0.0,0.0,8.118859841488302e-05,0.00032475439365953207,0.0,0.0,0.0,0.0,0.0,0.010392140597105026,0.04668344557285309,0.04822602868080139,0.04116262122988701,0.02922789566218853,0.02102784812450409,0.02005358412861824,0.02378826029598713,0.03109523467719555,0.03531704097986221,0.037752699106931686,0.054152797907590866,0.07217666506767273,0.09572136402130127,0.135260209441185,0.29796215891838074,0.0039782412350177765,0.0128277987241745,0.13298693299293518,0.1429731249809265,0.12957701086997986,0.1450028419494629,0.2758788764476776,0.10246001183986664,0.032313063740730286,0.015182268805801868,0.005845579318702221,0.0005683202180080116,0.0004059429920744151,0.0,0.0,0.0,71.82395935058594,95.90705871582031,40.86090850830078
Green_147.jpg,Green,Green,64.9729232788086,7.973780155181885,69.8315200805664,32.90336990356445,30.215620040893555,8.966116905212402,0.0,0.019316252321004868,0.3405802845954895,0.6388911604881287,0.0008890325552783906,0.00032328456290997565,0.0,0.0,0.0,0.0,0.0,0.0,0.0,0.0,0.0,0.0,0.008324577473104,0.03442980721592903,0.08857997506856918,0.06158570945262909,0.04186535254120827,0.02368059568107128,0.01850804127752781,0.01745736598968506,0.018831325694918633,0.01963953860104084,0.02440798468887806,0.03830922022461891,0.04485573247075081,0.07298149168491364,0.12276731431484222,0.36377596855163574,0.0035561302211135626,0.015275196172297001,0.048492684960365295,0.2299361526966095,0.27576175332069397,0.20908430218696594,0.170936718583107,0.02731754630804062,0.006708154920488596,0.007435545325279236,0.005495837889611721,0.0,0.0,0.0,0.0,0.0,69.69934844970703,96.36580657958984,30.29918098449707
Green_148.jpg,Green,Green,66.91620635986328,11.769892692565918,62.62525177001953,33.341285705566406,30.29228401184082,10.478246688842773,0.0008809710270725191,0.018500391393899918,0.2798551321029663,0.6968480944633484,0.0008809710270725191,0.0006851996877230704,0.000293657009024173,0.0,0.0,0.000293657009024173,0.000293657009024173,0.0007830853573977947,0.0004894283483736217,0.0,0.00019577133934944868,0.0,0.007928739301860332,0.05765466019511223,0.09387235343456268,0.05501174554228783,0.051096320152282715,0.045712608844041824,0.042188722640275955,0.039252154529094696,0.029169930145144463,0.030931871384382248,0.036805011332035065,0.03964369744062424,0.042580265551805496,0.05158574879169464,0.08222395926713943,0.2943422198295593,0.008613938465714455,0.03024667128920555,0.09074001759290695,0.17032106220722198,0.25567737221717834,0.20037196576595306,0.14800313115119934,0.0718480795621872,0.009788567200303078,0.007635082118213177,0.004502740688621998,0.0007830853573977947,0.0012725136475637555,0.00019577133934944868,0.0,0.0,70.2042236328125,96.59630584716797,29.34667205810547
Green_149.jpg,Green,Green,65.27151489257812,9.327507972717285,68.52638244628906,33.48598098754883,31.450279235839844,9.207368850708008,0.0005012531182728708,0.022974101826548576,0.3310776948928833,0.6432748436927795,0.0015037594130262733,0.000334168755216524,8.3542188804131e-05,0.0,0.0,0.0,0.0,0.0,0.0,0.0,0.000167084377608262,8.3542188804131e-05,0.003926482982933521,0.04845447093248367,0.08972430974245071,0.07577276229858398,0.04101921617984772,0.018629908561706543,0.01478696707636118,0.015956558287143707,0.0187134500592947,0.019799498841166496,0.027067668735980988,0.033166248351335526,0.04511278122663498,0.07226399332284927,0.12639933824539185,0.3492063581943512,0.0034252298064529896,0.012698412872850895,0.04477861151099205,0.19306600093841553,0.26466163992881775,0.21837928891181946,0.17176273465156555,0.07218044996261597,0.007685881573706865,0.005513784475624561,0.005847953259944916,0.0,0.0,0.0,0.0,0.0,69.8698959350586,96.25643920898438,30.425647735595703
Green_15.jpg,Green,Green,85.54569244384766,9.586307525634766,58.332393646240234,18.948251724243164,42.24912643432617,9.193582534790039,0.0002398656797595322,0.017030462622642517,0.01954905316233635,0.6633484959602356,0.29851284623146057,0.0009594627190381289,0.0001199328398797661,0.0001199328398797661,0.0,0.0,0.0,0.0,0.0,0.0,0.0,0.0001199328398797661,0.002158791059628129,0.022187575697898865,0.02482609823346138,0.030343007296323776,0.0390981063246727,0.05732789635658264,0.04629407450556755,0.04761333763599396,0.06440393626689911,0.11225713789463043,0.2207963466644287,0.177020862698555,0.0994243249297142,0.05301031470298767,0.0028783881571143866,0.0003597985196392983,0.0,0.0,0.0,0.009714559651911259,0.12952746450901031,0.20076757669448853,0.17570160329341888,0.25749579071998596,0.1789397895336151,0.02902374602854252,0.018229791894555092,0.0004797313595190644,0.0001199328398797661,0.0,0.0,0.0,84.27005004882812,69.36441802978516,45.39869689941406
Green_150.jpg,Green,Green,67.62993621826172,8.378923416137695,65.3530502319336,34.09978103637695,28.678560256958008,9.821451187133789,0.00029463760438375175,0.031919073313474655,0.20290708541870117,0.7640935182571411,0.0005892752087675035,0.00019642506958916783,0.0,0.0,0.0,0.0,0.0,0.0,0.0,0.0,0.0,0.0,0.008740914985537529,0.04959733039140701,0.09968572109937668,0.04321351274847984,0.04203496500849724,0.04557061567902565,0.05745433270931244,0.03682969883084297,0.02730308473110199,0.02700844593346119,0.02141033113002777,0.020428206771612167,0.026517383754253387,0.03643684834241867,0.07915929704904556,0.378609299659729,0.005499901715666056,0.02435670793056488,0.08603417873382568,0.26684343814849854,0.259182870388031,0.17805932462215424,0.10115890949964523,0.05647220462560654,0.009624828584492207,0.007857002317905426,0.004223139025270939,0.00039285013917833567,0.00029463760438375175,0.0,0.0,0.0,72.22276306152344,96.84205627441406,29.823719024658203
Green_151.jpg,Green,Green,64.76091003417969,8.563612937927246,69.55906677246094,33.02761459350586,31.59891128540039,9.131126403808594,0.0002538071130402386,0.02884940803050995,0.3274111747741699,0.6429780125617981,0.00033840947435237467,8.460236858809367e-05,0.0,0.0,0.0,0.0,8.460236858809367e-05,0.0,0.0,0.0,0.0,0.0,0.008291032165288925,0.03866328299045563,0.08401015400886536,0.0671742781996727,0.04467004910111427,0.020389171317219734,0.01641285978257656,0.017766498029232025,0.01878172531723976,0.02351945824921131,0.02614213153719902,0.0351099818944931,0.04619289189577103,0.06395938992500305,0.12072758376598358,0.3681895136833191,0.003299492411315441,0.012182741425931454,0.0387478843331337,0.19162435829639435,0.26912012696266174,0.21362097561359406,0.1862098127603531,0.06455160677433014,0.007275803945958614,0.00939086265861988,0.003976311534643173,0.0,0.0,0.0,0.0,0.0,69.66459655761719,96.48197937011719,30.370899200439453
Green_152.jpg,Green,Green,65.14746856689453,9.895217895507812,70.57627868652344,34.336952209472656,32.1987190246582,9.482986450195312,0.0,0.05699167400598526,0.27142608165740967,0.6715822219848633,0.0,0.0,0.0,0.0,0.0,0.0,0.0,0.0,0.0,0.0,0.0,0.0,0.0035565579310059547,0.0384281761944294,0.11727966368198395,0.07312630116939545,0.022033309563994408,0.016828591004014015,0.014746704138815403,0.01309854257851839,0.014226231724023819,0.011623872444033623,0.016655100509524345,0.024809161201119423,0.033223457634449005,0.052827898412942886,0.1204025000333786,0.4271339476108551,0.00043372658547014,0.00997571088373661,0.043719638139009476,0.2006419152021408,0.1983865350484848,0.26977792382240295,0.1588306725025177,0.0905621126294136,0.015267175622284412,0.007546842563897371,0.003730048658326268,0.0006072171963751316,0.00043372658547014,8.674531272845343e-05,0.0,0.0,70.73503112792969,96.69207000732422,31.923503875732422
Green_153.jpg,Green,Green,66.15974426269531,15.255256652832031,72.65445709228516,33.63026809692383,31.887516021728516,12.504422187805176,0.0019245910225436091,0.04400314763188362,0.2609570324420929,0.6903157830238342,0.0004374070558696985,0.0,0.0,0.0,0.0,0.0,0.0,0.0004374070558696985,0.0006123698549345136,8.748140680836514e-05,0.0006998512544669211,0.000524888455402106,0.006998512893915176,0.0583501011133194,0.08057037740945816,0.059924766421318054,0.025019682943820953,0.013384656049311161,0.013034730218350887,0.012422360479831696,0.008835622109472752,0.011635027825832367,0.013647099956870079,0.022220278158783913,0.03385530412197113,0.06281165033578873,0.15930365025997162,0.4179861843585968,0.005336366128176451,0.02195783331990242,0.07365934550762177,0.2881637513637543,0.16411513090133667,0.09194295853376389,0.12929752469062805,0.13909544050693512,0.06517364829778671,0.014609395526349545,0.004286589100956917,0.0004374070558696985,0.000874814111739397,0.0009622955112718046,8.748140680836514e-05,0.0,71.42023468017578,96.68504333496094,21.074642181396484
Green_154.jpg,Green,Green,65.89208221435547,9.782251358032227,51.28973388671875,27.58477783203125,41.52846145629883,16.250558853149414,0.0006040167063474655,0.04434489458799362,0.2102481573820114,0.7434942126274109,0.0007046861574053764,0.00020133890211582184,0.00020133890211582184,0.00020133890211582184,0.0,0.0,0.0,0.0,0.0,0.0,0.0,0.0,0.019580207765102386,0.11466250568628311,0.06322041898965836,0.032214224338531494,0.03332158923149109,0.04806966334581375,0.061559371650218964,0.08889112621545792,0.10036744177341461,0.0655861496925354,0.06598882377147675,0.07097196578979492,0.06744853407144547,0.06261640042066574,0.0493280328810215,0.05617355555295944,0.0002516736276447773,0.007298535201698542,0.06050233915448189,0.17999698221683502,0.1174309179186821,0.042281169444322586,0.06095535308122635,0.11984698474407196,0.18789952993392944,0.1665072739124298,0.04248251020908356,0.009362258948385715,0.0029194140806794167,0.000654351431876421,0.0012583681382238865,0.0003523430787026882,70.34674835205078,55.9038200378418,22.15557289123535
Green_155.jpg,Green,Green,66.01795196533203,10.030534744262695,62.42245101928711,33.258052825927734,31.183557510375977,10.751322746276855,0.0012681689113378525,0.03892303258180618,0.24621988832950592,0.7117354273796082,0.0009755145874805748,0.0004877572937402874,0.0,0.0,0.0,0.0,0.0,0.0,0.0,0.0,0.00039020582335069776,0.0,0.008096771314740181,0.05755535885691643,0.08730855584144592,0.0720905289053917,0.045849185436964035,0.03882548213005066,0.037167105823755264,0.0436055026948452,0.038045067340135574,0.02594868838787079,0.03736220672726631,0.03999609872698784,0.041069164872169495,0.056287191808223724,0.08916202932596207,0.2816310524940491,0.007511462084949017,0.028875231742858887,0.08145546913146973,0.15657009184360504,0.24602477252483368,0.20154131948947906,0.15169252455234528,0.09706369787454605,0.013559652492403984,0.008974733762443066,0.004682470113039017,0.0004877572937402874,0.001073066028766334,0.0004877572937402874,0.0,0.0,69.68080139160156,96.76078796386719,29.78019905090332
Green_156.jpg,Green,Green,68.12886810302734,9.598438262939453,64.01046752929688,30.376127243041992,37.414703369140625,9.895893096923828,0.0022218425292521715,0.02119295857846737,0.2105623036623001,0.7643992304801941,0.000427277380367741,0.0011109212646260858,0.0,0.0,0.0,0.0,0.0,0.0,0.0,0.0,0.0,8.545547461835667e-05,0.009314646944403648,0.041531361639499664,0.09007007628679276,0.05597333610057831,0.029054861515760422,0.021363869309425354,0.020423859357833862,0.028969407081604004,0.037258587777614594,0.0652879849076271,0.07844813168048859,0.08374636620283127,0.0760553777217865,0.06246795505285263,0.07220987975597382,0.22782430052757263,0.003845496568828821,0.008631003089249134,0.020594770088791847,0.07084259390830994,0.13920697569847107,0.21919329464435577,0.2989232540130615,0.16646726429462433,0.044522304087877274,0.017005639150738716,0.008374636992812157,0.0011963766301050782,0.0005981883150525391,0.0005127328913658857,8.545547461835667e-05,0.0,72.60554504394531,96.8311996459961,32.125877380371094
Green_157.jpg,Green,Green,57.06607437133789,17.50002098083496,68.68866729736328,30.47147560119629,37.65190887451172,13.606420516967773,0.004270749166607857,0.30854150652885437,0.19919419288635254,0.48573729395866394,0.0007252215873450041,0.00040290088509209454,0.00024174053396563977,0.0,0.00016116035112645477,0.00016116035112645477,0.00016116035112645477,0.0,8.058017556322739e-05,0.0,0.00024174053396563977,8.058017556322739e-05,0.0024979854933917522,0.011039484292268753,0.03062046691775322,0.06261079758405685,0.06704270839691162,0.05866236984729767,0.054955679923295975,0.05358581617474556,0.0481063649058342,0.03521353751420975,0.026672039180994034,0.024738114327192307,0.026994358748197556,0.03948428854346275,0.08855761587619781,0.3692183792591095,0.006849315017461777,0.014101531356573105,0.055358581244945526,0.09363416582345963,0.17074939608573914,0.1624496430158615,0.2038678526878357,0.09113617986440659,0.06784851104021072,0.10934729874134064,0.02062852494418621,0.0009669621358625591,0.0016921836649999022,0.0008058017701841891,0.0005640612216666341,0.0,69.34103393554688,97.07705688476562,41.432403564453125
Green_158.jpg,Green,Green,70.47433471679688,12.013566970825195,70.30045318603516,30.16794204711914,34.95469284057617,12.14870834350586,0.0038317234721034765,0.019637582823634148,0.12852239608764648,0.8347569108009338,0.011335515417158604,0.0003991378762293607,0.0001596551446709782,0.0,0.0,7.98275723354891e-05,7.98275723354891e-05,0.00047896543401293457,0.00023948271700646728,0.0,0.0003991378762293607,7.98275723354891e-05,0.009898618794977665,0.04510257765650749,0.057635508477687836,0.04135068133473396,0.024906203150749207,0.021792927756905556,0.024986030533909798,0.02586413361132145,0.03248982131481171,0.031691547483205795,0.03815757855772972,0.05284585431218147,0.07471860945224762,0.1011415347456932,0.13754290342330933,0.2798754572868347,0.0021553444676101208,0.011814480647444725,0.09523429721593857,0.15726031363010406,0.12141773849725723,0.11032170802354813,0.250099778175354,0.1734653115272522,0.04781671613454819,0.02059551328420639,0.007902929559350014,0.0016763790044933558,0.00023948271700646728,0.0,0.0,0.0,71.67610168457031,95.99956512451172,42.49169158935547
Green_159.jpg,Green,Green,69.61389923095703,8.508137702941895,66.88114166259766,31.132200241088867,34.76931381225586,11.788018226623535,0.0009672738960944116,0.024665484204888344,0.1305013746023178,0.8401579856872559,0.003143640235066414,0.00016121231601573527,0.00016121231601573527,0.0,0.0,0.0,0.00016121231601573527,0.0,0.0,0.0,8.060615800786763e-05,0.0,0.008060615509748459,0.04860551282763481,0.054006125777959824,0.03586973994970322,0.03530549630522728,0.04070610925555229,0.047315813601017,0.059487346559762955,0.04884733259677887,0.04489763081073761,0.03893277421593666,0.040222473442554474,0.03667580336332321,0.04852490872144699,0.08552313596010208,0.32701918482780457,0.003304852405562997,0.011204255744814873,0.06529098749160767,0.188860222697258,0.10357891023159027,0.17273899912834167,0.23472513258457184,0.1305013746023178,0.05811703950166702,0.022166693583130836,0.008060615509748459,0.0012896985281258821,0.00016121231601573527,0.0,0.0,0.0,71.52949523925781,97.0999755859375,41.74755096435547
Green_16.jpg,Green,Green,84.90171813964844,11.41301155090332,51.715843200683594,17.733802795410156,41.634098052978516,9.769996643066406,0.001963093876838684,0.02381887100636959,0.014003402553498745,0.5766261219978333,0.3831959068775177,0.00026174585218541324,0.00013087292609270662,0.0,0.0,0.0,0.0,0.0,0.0,0.0,0.0,0.0,0.0024865856394171715,0.02355712652206421,0.04201020672917366,0.04135584458708763,0.05025520175695419,0.055228374898433685,0.06766130030155182,0.11228896677494049,0.12419840693473816,0.1236749142408371,0.18898050487041473,0.14644679427146912,0.02120141312479973,0.0005234917043708265,0.0,0.00013087292609270662,0.0,0.0,0.004580552224069834,0.012040308676660061,0.1370239555835724,0.2290276139974594,0.17497709393501282,0.2317759394645691,0.1476246565580368,0.04279544577002525,0.016620861366391182,0.001963093876838684,0.0015704750549048185,0.0,0.0,0.0,91.50061798095703,68.93095397949219,32.26982879638672
Green_160.jpg,Green,Green,65.18169403076172,8.10840129852295,69.88524627685547,32.7765007019043,30.153797149658203,8.956128120422363,0.00025566728436388075,0.01619226112961769,0.3200102150440216,0.6625191569328308,0.000340889731887728,0.000681779463775456,0.0,0.0,0.0,0.0,0.0,0.0,0.0,0.0,0.0,0.0,0.0028123401571065187,0.03511163964867592,0.09962502121925354,0.05726947262883186,0.04107721149921417,0.023350946605205536,0.01661837473511696,0.01755581982433796,0.014743480831384659,0.021646497771143913,0.027356401085853577,0.039457984268665314,0.04380432888865471,0.06894494593143463,0.13388444483280182,0.3567411005496979,0.0034941197372972965,0.0149991475045681,0.05019601061940193,0.23359468579292297,0.2739048898220062,0.20717573165893555,0.1718084216117859,0.023095278069376945,0.009971024468541145,0.0072439066134393215,0.004516788758337498,0.0,0.0,0.0,0.0,0.0,69.5303955078125,96.09912872314453,30.359464645385742
Green_161.jpg,Green,Green,65.61114501953125,11.752766609191895,51.77819061279297,28.128459930419922,38.70133972167969,15.509757995605469,0.0008395476033911109,0.05990419164299965,0.18899698555469513,0.7489258646965027,9.877030970528722e-05,0.0,0.00034569608396850526,0.0,0.0,0.0,0.00014815546455793083,0.0006420069839805365,4.938515485264361e-05,0.0,4.938515485264361e-05,0.0,0.023457948118448257,0.10464714467525482,0.07012692093849182,0.03165588527917862,0.02869277447462082,0.052644576877355576,0.0710158497095108,0.09141191840171814,0.08494246751070023,0.06133636087179184,0.05595337972044945,0.06632426381111145,0.07131216675043106,0.0660773366689682,0.0566941574215889,0.06370685249567032,0.00034569608396850526,0.014914317056536674,0.09215269982814789,0.19309595227241516,0.08410292118787766,0.044249098747968674,0.09437502920627594,0.1696380078792572,0.20075064897537231,0.07684329897165298,0.022173933684825897,0.003703886643052101,0.0011852437164634466,0.000888932787347585,0.0011852437164634466,0.00039508123882114887,68.69304656982422,44.57865524291992,20.679914474487305
Green_162.jpg,Green,Green,69.49486541748047,14.190645217895508,73.32250213623047,29.17635154724121,34.68527603149414,11.016610145568848,0.005973492749035358,0.02473399229347706,0.11050961166620255,0.8557961583137512,0.0006533507839776576,0.00046667910646647215,0.0,0.0,0.0,0.0,0.0,9.333582420367748e-05,0.0,0.0,0.0014000373193994164,0.0003733432968147099,0.013627029955387115,0.039387717843055725,0.043027814477682114,0.03509426862001419,0.027440732344985008,0.01941385120153427,0.019787194207310677,0.018480492755770683,0.016800448298454285,0.025854023173451424,0.03416091203689575,0.05086802318692207,0.07989546656608582,0.12040320783853531,0.16231098771095276,0.2934478223323822,0.011480306275188923,0.011946985498070717,0.03416091203689575,0.09968265891075134,0.21308568120002747,0.24509987235069275,0.18984505534172058,0.13879036903381348,0.02968079224228859,0.013160350732505322,0.006906850729137659,0.0021467239130288363,0.00196005217730999,0.0005600149161182344,0.0007466865936294198,0.0007466865936294198,71.09819030761719,95.8165512084961,32.12596893310547
Green_163.jpg,Green,Green,65.57218933105469,10.49399471282959,72.97225952148438,33.41168212890625,30.32674217224121,12.071949005126953,0.004640770144760609,0.057236164808273315,0.23771055042743683,0.7000687718391418,0.0001718803687253967,0.0001718803687253967,0.0,0.0,0.0,0.0,0.0,0.0,0.0,0.0,0.0,0.0,0.006445514038205147,0.04941560700535774,0.08791680634021759,0.06153317168354988,0.02096940577030182,0.014180130325257778,0.015469233505427837,0.010914403945207596,0.011172223836183548,0.012719147838652134,0.013578549027442932,0.019766243174672127,0.03394637256860733,0.06393949687480927,0.15348917245864868,0.4245445132255554,0.007390855811536312,0.02406325191259384,0.10880027711391449,0.31136128306388855,0.12512890994548798,0.10218288004398346,0.1531454175710678,0.11206600069999695,0.03893090412020683,0.011687865480780602,0.0038673083763569593,0.0003437607374507934,0.0007734616519883275,0.00025782056036405265,0.0,0.0,71.66969299316406,96.7286376953125,20.51881980895996
Green_164.jpg,Green,Green,67.44027709960938,8.154024124145508,64.46822357177734,34.889984130859375,32.08542251586914,10.414986610412598,0.0016089343698695302,0.026310808956623077,0.2001703530550003,0.771247386932373,0.000567859155125916,9.464319737162441e-05,0.0,0.0,0.0,0.0,0.0,0.0,0.0,0.0,0.0,0.0,0.005300018936395645,0.0843270868062973,0.0799734964966774,0.04277872294187546,0.04542873427271843,0.05858413875102997,0.050539467483758926,0.029339389875531197,0.03085368126630783,0.01599469967186451,0.017792921513319016,0.019212568178772926,0.02612152136862278,0.03530191257596016,0.08167707920074463,0.37677454948425293,0.0036910846829414368,0.01788756437599659,0.042494796216487885,0.19808821380138397,0.2643384337425232,0.18663637340068817,0.13287904858589172,0.09568426758050919,0.04448230192065239,0.009180390276014805,0.004353587049990892,0.00018928639474324882,0.0,9.464319737162441e-05,0.0,0.0,71.6714859008789,97.06462860107422,30.827241897583008
Green_165.jpg,Green,Green,74.22187805175781,35.350677490234375,79.7160873413086,27.41885757446289,43.58878707885742,12.261507987976074,0.04778836667537689,0.04729057103395462,0.06570900231599808,0.8206514120101929,0.001564500038512051,0.0003555681905709207,0.00014222727622836828,7.111363811418414e-05,0.00028445455245673656,0.0003555681905709207,0.0014222727622836828,0.00042668182868510485,0.0017778410110622644,0.0018489545909687877,0.0029156592208892107,0.007395818363875151,0.01336936466395855,0.02240079641342163,0.02908547781407833,0.02311193197965622,0.025316456332802773,0.02247191034257412,0.017138388007879257,0.015502773225307465,0.014649409800767899,0.016711704432964325,0.02375195547938347,0.03321006894111633,0.050632912665605545,0.08796757459640503,0.13988052308559418,0.4647987484931946,0.0013511591823771596,0.0018489545909687877,0.013724932447075844,0.08739866316318512,0.08220736682415009,0.10482150316238403,0.14876973628997803,0.21248754858970642,0.21241644024848938,0.10987057536840439,0.019271796569228172,0.0027734318282455206,0.001066704629920423,0.0006400227430276573,0.000497795466799289,0.0008533636573702097,77.32506561279297,97.3074951171875,44.48685836791992
Green_166.jpg,Green,Green,91.69471740722656,70.60616302490234,75.36053466796875,34.10799026489258,39.76734924316406,16.05698013305664,0.03518470376729965,0.04656607657670975,0.06991415470838547,0.7483741044998169,0.0044875130988657475,0.0,0.0005202913889661431,0.0,0.0,0.0005202913889661431,0.009690426290035248,0.01300728414207697,0.020941726863384247,0.009560354053974152,0.017234651371836662,0.0239984393119812,0.059118106961250305,0.0576222687959671,0.03303850069642067,0.029591571539640427,0.015153486281633377,0.012356920167803764,0.01105619128793478,0.010080644860863686,0.011901664547622204,0.013592611998319626,0.016129031777381897,0.02373829297721386,0.03108740970492363,0.048582207411527634,0.10314776003360748,0.5238033533096313,0.00019510925631038845,0.00832466222345829,0.13690166175365448,0.1478928178548813,0.07693808525800705,0.044094692915678024,0.04929760843515396,0.12473985552787781,0.281282514333725,0.11589489877223969,0.010926119051873684,0.0013657648814842105,0.0007154006161727011,0.0011706555960699916,0.00026014569448307157,0.0,75.34918975830078,97.41749572753906,54.607635498046875
Green_167.jpg,Green,Green,93.90213775634766,66.50669860839844,66.87769317626953,35.016845703125,36.1566047668457,17.564302444458008,0.03591936454176903,0.021869273856282234,0.034086745232343674,0.7758094072341919,0.021075136959552765,0.000916310294996947,0.005681124050170183,0.0002443494158796966,0.00018326206190977246,0.009529626928269863,0.04068417847156525,0.005742211360484362,0.008735491894185543,0.0014050091849640012,0.01973121613264084,0.018387293443083763,0.06963958591222763,0.08368967473506927,0.04202809929847717,0.019853390753269196,0.019853390753269196,0.016737936064600945,0.01698228530585766,0.023335369303822517,0.028588881716132164,0.03115455061197281,0.03970678150653839,0.04850336164236069,0.05320708453655243,0.060476481914520264,0.10152718424797058,0.34471595287323,0.002443494275212288,0.06493585556745529,0.18387293815612793,0.11172877252101898,0.07116676867008209,0.05943799763917923,0.0867440477013588,0.13561393320560455,0.13799633085727692,0.09309712797403336,0.04654856398701668,0.005925473291426897,0.0004276114923413843,6.108735396992415e-05,0.0,0.0,77.13428497314453,97.13653564453125,44.85481643676758
Green_168.jpg,Green,Green,74.1391830444336,43.469600677490234,75.29768371582031,32.45984649658203,44.60536193847656,16.752126693725586,0.0333465151488781,0.06069592759013176,0.11625148355960846,0.7632133960723877,0.002240674803033471,0.0,0.0,0.0,0.0,0.0,0.0019111637957394123,0.0010544352699071169,0.0002636088174767792,0.0001977065985556692,0.005667589139193296,0.015157505869865417,0.034203242510557175,0.049756161868572235,0.03782786428928375,0.03130354732275009,0.023527085781097412,0.017661789432168007,0.016541453078389168,0.014432582072913647,0.021418215706944466,0.02563595585525036,0.03216027468442917,0.03216027468442917,0.02991960011422634,0.0374983511865139,0.07802820950746536,0.5179253816604614,0.005272176116704941,0.017727691680192947,0.11928298324346542,0.07328324764966965,0.035653091967105865,0.03657572343945503,0.04520890861749649,0.13002504408359528,0.24047712981700897,0.23388691246509552,0.05726901441812515,0.003888229839503765,0.0009885330218821764,0.0004613154160324484,0.0,0.0,75.10575103759766,97.89490509033203,56.07018280029297
Green_169.jpg,Green,Green,79.58077239990234,54.53970718383789,69.3813247680664,32.528892517089844,41.5344352722168,14.557337760925293,0.0468573160469532,0.049800045788288116,0.08247189223766327,0.7599788904190063,0.0006790915504097939,0.0,0.0005281823105178773,0.0,0.0,0.0006036369013600051,0.005810005124658346,0.024296386167407036,0.010639100335538387,0.0007545461412519217,0.008073643781244755,0.009507281705737114,0.049422770738601685,0.07515279203653336,0.04293367639183998,0.018863653764128685,0.015392741188406944,0.013204557821154594,0.012827284634113312,0.015996377915143967,0.020825473591685295,0.026937296614050865,0.03885912522673607,0.0632309690117836,0.0774918869137764,0.10601373016834259,0.14683467149734497,0.27601298689842224,0.002565456787124276,0.005055459216237068,0.02422093041241169,0.13363012671470642,0.1645665168762207,0.11454010754823685,0.06768278777599335,0.08820644021034241,0.1856183558702469,0.18637289106845856,0.027163660153746605,0.00030181845068000257,7.545461267000064e-05,0.0,0.0,0.0,72.43307495117188,95.20346069335938,56.52153015136719
Green_17.jpg,Green,Green,87.41976928710938,11.620268821716309,54.14512634277344,18.70730972290039,38.99922561645508,9.561437606811523,0.0007577033247798681,0.011449739336967468,0.04116854816675186,0.41926249861717224,0.5207947492599487,0.005640680436044931,0.0009260818478651345,0.0,0.0,0.0,0.0,0.0,0.0,0.0,0.0,0.0,0.004125273786485195,0.02079474739730358,0.03333894535899162,0.04453611746430397,0.042431384325027466,0.04108435660600662,0.06002693995833397,0.11104562878608704,0.10843576490879059,0.17570297420024872,0.13141943514347076,0.11020373553037643,0.07358141243457794,0.038053546100854874,0.004714598413556814,0.0005051355692557991,0.0,0.0,0.0027782456018030643,0.05253409594297409,0.22790032625198364,0.14430038630962372,0.19944435358047485,0.26999494433403015,0.08402087539434433,0.009681764990091324,0.007577033247798681,0.0011786496033892035,0.0005893248016946018,0.0,0.0,0.0,93.70703125,57.17147445678711,44.621212005615234
Green_170.jpg,Green,Green,66.70391845703125,12.499028205871582,84.32329559326172,21.429391860961914,40.390113830566406,10.981846809387207,0.0007073564920574427,0.07609134912490845,0.2832457423210144,0.6272231340408325,0.009902991354465485,0.002122069476172328,0.000505254662130028,0.0,0.0,0.0,0.0,0.0,0.0,0.0,0.0002021018590312451,0.0,0.0007073564920574427,0.005052546504884958,0.007275667041540146,0.009296685457229614,0.015056588687002659,0.025262732058763504,0.02475747838616371,0.028900565579533577,0.018795473501086235,0.022534357383847237,0.024555375799536705,0.037287794053554535,0.05588116496801376,0.08245755732059479,0.1301535964012146,0.5120250582695007,0.0002021018590312451,0.00414308812469244,0.01727970875799656,0.030113177374005318,0.07326192408800125,0.21877525746822357,0.43320533633232117,0.13500404357910156,0.014854487031698227,0.012328213080763817,0.01182295847684145,0.024454325437545776,0.024454325437545776,0.00010105092951562256,0.0,0.0,69.66510009765625,97.09391021728516,41.711483001708984
Green_171.jpg,Green,Green,75.0547103881836,54.36750030517578,68.46244049072266,32.68986129760742,36.31137466430664,14.956033706665039,0.060492001473903656,0.058005109429359436,0.16910874843597412,0.6700497269630432,0.0002016400103457272,0.000672133348416537,0.0,0.0,0.0,0.0,0.0,0.0020836133044213057,0.005981986876577139,0.000672133348416537,0.02365909330546856,0.009073800407350063,0.05195590853691101,0.03723618760704994,0.050073932856321335,0.041067346930503845,0.023188600316643715,0.02607877366244793,0.020163999870419502,0.02681812085211277,0.03273289278149605,0.04288210719823837,0.04476408287882805,0.046713266521692276,0.0526280403137207,0.05955101549625397,0.1096249520778656,0.33452075719833374,0.007998387329280376,0.030313214287161827,0.13220863044261932,0.12185777723789215,0.08482322841882706,0.1016937792301178,0.15452346205711365,0.16030380129814148,0.1137249618768692,0.07964780181646347,0.012904960662126541,0.0,0.0,0.0,0.0,0.0,73.13343048095703,96.53264617919922,43.70659255981445
Green_172.jpg,Green,Green,69.0113525390625,36.39293670654297,72.11125183105469,34.158660888671875,42.021114349365234,13.257460594177246,0.0920410007238388,0.06431863456964493,0.06569443643093109,0.7661140561103821,0.00013757996202912182,0.0,0.0,0.0,0.0,0.0,0.0,0.00020636995031964034,0.0006878998246975243,0.0013757996493950486,0.0004127399006392807,0.009011487476527691,0.028547843918204308,0.040586091578006744,0.05854027718305588,0.04581413045525551,0.03962302953004837,0.03645869344472885,0.02428286522626877,0.0211873147636652,0.018573295325040817,0.016784755513072014,0.016303226351737976,0.018779665231704712,0.022907065227627754,0.035151682794094086,0.07518745213747025,0.5012726187705994,0.0,0.001031849766150117,0.031299442052841187,0.11419137567281723,0.13702964782714844,0.07449955493211746,0.09197220951318741,0.20107312500476837,0.20272408425807953,0.13393409550189972,0.01190066710114479,0.00034394991234876215,0.0,0.0,0.0,0.0,76.10264587402344,97.7744140625,54.9639778137207
Green_173.jpg,Green,Green,68.409912109375,33.03556442260742,71.21888732910156,31.794010162353516,43.637298583984375,16.783546447753906,0.00013321787992026657,0.14354225993156433,0.3640844523906708,0.40631452202796936,0.003596882801502943,0.005328715313225985,0.0011323519283905625,0.05088922753930092,0.021581295877695084,0.0028641843236982822,0.0005328715196810663,0.0,0.0,0.0,0.0,0.0,0.08679144829511642,0.008858988992869854,0.010524212382733822,0.008659161627292633,0.022980084642767906,0.025577832013368607,0.07993073016405106,0.036568306386470795,0.02071538008749485,0.025644442066550255,0.029707586392760277,0.04722573608160019,0.059281956404447556,0.06121361628174782,0.09078798443078995,0.38553252816200256,0.0,0.0077932458370924,0.034436821937561035,0.05848264694213867,0.09798175096511841,0.19909411668777466,0.2234063744544983,0.14074468612670898,0.018783720210194588,0.009391860105097294,0.0933857336640358,0.022513821721076965,0.09185373038053513,0.0014653966063633561,0.0006660894141532481,0.0,64.70382690429688,97.35987091064453,42.47146224975586
Green_174.jpg,Green,Green,66.78981018066406,12.499531745910645,84.210205078125,21.515995025634766,39.961326599121094,10.909029006958008,0.0005055100773461163,0.07805075496435165,0.2883429527282715,0.6207663416862488,0.009099180810153484,0.002123142359778285,0.00040440805605612695,0.00010110201401403174,0.00010110201401403174,0.0003033060347661376,0.00020220402802806348,0.0,0.0,0.0,0.0,0.0,0.0009099181042984128,0.00424628471955657,0.007077140733599663,0.009200283326208591,0.015670811757445335,0.02871297113597393,0.02952178753912449,0.021635830402374268,0.019411586225032806,0.020624810829758644,0.026286523789167404,0.037609949707984924,0.050045497715473175,0.08270144462585449,0.14346376061439514,0.5028814077377319,0.00010110201401403174,0.004852896556258202,0.016479628160595894,0.03215043991804123,0.0772419348359108,0.23940956592559814,0.43180668354034424,0.11232433468103409,0.012536649592220783,0.011727833189070225,0.014154281467199326,0.030532807111740112,0.016479628160595894,0.00020220402802806348,0.0,0.0,69.75,96.88300323486328,41.46556091308594
Green_175.jpg,Green,Green,65.70155334472656,17.656829833984375,79.2372817993164,25.909900665283203,34.95724868774414,9.947443962097168,0.00802898220717907,0.13453441858291626,0.09997062385082245,0.7544306516647339,0.0008812298183329403,9.79144242592156e-05,0.0,0.0,0.0,0.0,0.0003916576970368624,0.0003916576970368624,0.0005874865455552936,0.0,0.000489572121296078,0.0001958288485184312,0.003133261576294899,0.008616468869149685,0.017330853268504143,0.02957015484571457,0.034074220806360245,0.047292664647102356,0.024576520547270775,0.01586213707923889,0.014001762494444847,0.01723293773829937,0.02702438086271286,0.04288651794195175,0.0600215420126915,0.09047292917966843,0.13903847336769104,0.4288651645183563,0.0061686085537076,0.015960050746798515,0.03162635862827301,0.07725448161363602,0.21071183681488037,0.25320670008659363,0.25242337584495544,0.0876334086060524,0.045530207455158234,0.014099677093327045,0.005091549828648567,0.0001958288485184312,9.79144242592156e-05,0.0,0.0,0.0,71.63822937011719,96.55281829833984,31.466629028320312
Green_176.jpg,Green,Green,192.21249389648438,53.00797653198242,37.136531829833984,22.378128051757812,76.91696166992188,22.79620933532715,0.0018830393673852086,0.0028643414843827486,0.015966052189469337,0.12979711592197418,0.01837952435016632,0.004588251002132893,0.0029969499446451664,0.0029704284388571978,0.006418246775865555,0.7892587184906006,0.01840604655444622,0.0025991247966885567,0.0011139105772599578,0.0005834769690409303,0.0007691287901252508,0.0014056491199880838,0.002201299648731947,0.00747911399230361,0.013950404711067677,0.04384034126996994,0.7547805309295654,0.013817796483635902,0.004004773683845997,0.004163904115557671,0.006020421627908945,0.005808248184621334,0.007558679208159447,0.010157804004848003,0.015090837143361568,0.017796048894524574,0.026017770171165466,0.06731202453374863,0.008168677799403667,0.010529107414186,0.013976925984025002,0.012491712346673012,0.024797772988677025,0.040365997701883316,0.039092957973480225,0.02824559062719345,0.013022145256400108,0.013685187324881554,0.016416920349001884,0.02418777346611023,0.048826415091753006,0.12213234603404999,0.5828934907913208,0.0011669539380818605,215.37173461914062,28.545534133911133,90.22576904296875
Green_177.jpg,Green,Green,195.1050567626953,47.32374954223633,37.551666259765625,22.322221755981445,76.54705047607422,23.76143455505371,0.000998957664705813,0.001780750579200685,0.006341209169477224,0.09118745476007462,0.046473246067762375,0.006037178449332714,0.00358321750536561,0.0034963516518473625,0.00566799845546484,0.8217077851295471,0.011270848102867603,0.0006732105393894017,0.000304030574625358,0.0001302988239331171,0.00019544822862371802,0.000152015287312679,0.0007600764511153102,0.002627692883834243,0.013551076874136925,0.03683113306760788,0.7728239893913269,0.022802293300628662,0.002844857517629862,0.002540827030315995,0.0028882904443889856,0.0037135162856429815,0.003952397499233484,0.006341209169477224,0.009663828648626804,0.015440410003066063,0.031336866319179535,0.07188151776790619,0.011357713490724564,0.011031966656446457,0.02117355726659298,0.02688498981297016,0.03641851991415024,0.02968641370534897,0.020478630438447,0.006232626736164093,0.006037178449332714,0.011987491510808468,0.018849896267056465,0.02807939611375332,0.0511205680668354,0.21770760416984558,0.5012595653533936,0.0016938846092671156,214.6312255859375,28.89967155456543,90.20873260498047
Green_178.jpg,Green,Green,189.64822387695312,49.63711166381836,38.6026496887207,23.253637313842773,77.04080963134766,20.70195198059082,0.0005127942422404885,0.0029742063488811255,0.006461207289248705,0.1363006979227066,0.01620429754257202,0.004692066926509142,0.004768986254930496,0.003435721155256033,0.008204707875847816,0.8154966235160828,0.0005897133378311992,7.691913197049871e-05,7.691913197049871e-05,5.127942131366581e-05,7.691913197049871e-05,7.691913197049871e-05,0.0011794266756623983,0.0020255371928215027,0.008461104705929756,0.017511922866106033,0.789831280708313,0.02125531993806362,0.0026408901903778315,0.003153684316202998,0.0036664786748588085,0.0032818829640746117,0.0038715964183211327,0.00510230241343379,0.007256038021296263,0.011768626980483532,0.024075688794255257,0.09491820633411407,0.004486949183046818,0.009409774094820023,0.014486436732113361,0.021409157663583755,0.015845341607928276,0.01330700982362032,0.028588278219103813,0.03128044679760933,0.028280600905418396,0.024306446313858032,0.014255679212510586,0.021870672702789307,0.0632018893957138,0.34339264035224915,0.36493000388145447,0.0009486692724749446,212.08526611328125,29.506145477294922,84.89566802978516
Green_179.jpg,Green,Green,187.94894409179688,51.62314987182617,38.56752014160156,23.688138961791992,75.55298614501953,23.48282814025879,0.0018016162794083357,0.005662222858518362,0.012122304178774357,0.13756626844406128,0.018041901290416718,0.005018788389861584,0.0030884849838912487,0.0039120810106396675,0.00839038472622633,0.799299955368042,0.003577495226636529,0.0007721212459728122,7.721212750766426e-05,7.721212750766426e-05,0.0002316363825229928,0.00036032326170243323,0.002445050748065114,0.006151232868432999,0.011170021258294582,0.0316312350332737,0.7628043293952942,0.01665208302438259,0.003577495226636529,0.0028568487614393234,0.0031656972132623196,0.00334585877135396,0.004504040814936161,0.007052041124552488,0.00905955582857132,0.017861738801002502,0.030061254277825356,0.0876615047454834,0.006768929772078991,0.012945899739861488,0.014850465580821037,0.026741134002804756,0.03783394396305084,0.03716477006673813,0.02733309380710125,0.016883717849850655,0.013743759132921696,0.01479899138212204,0.015236526727676392,0.022185618057847023,0.058809902518987656,0.22020898759365082,0.47418540716171265,0.00030884851003065705,211.88076782226562,29.00522804260254,89.64787292480469
Green_18.jpg,Green,Green,86.69872283935547,10.102551460266113,61.429161071777344,19.097434997558594,38.1157112121582,8.896007537841797,0.0,0.0057952855713665485,0.04362127184867859,0.46965306997299194,0.47740620374679565,0.003445845330134034,7.83146679168567e-05,0.0,0.0,0.0,0.0,0.0,0.0,0.0,0.0,0.0,0.001566293416544795,0.015349674969911575,0.019500352442264557,0.021536534652113914,0.025765525177121162,0.044247787445783615,0.06539274752140045,0.0780797228217125,0.06766387075185776,0.07815803587436676,0.12177930772304535,0.18654553592205048,0.16101495921611786,0.10047771781682968,0.011903829872608185,0.0010180906392633915,0.0,0.0,0.001566293416544795,0.07792309671640396,0.18380452692508698,0.18380452692508698,0.23690186440944672,0.25937819480895996,0.0426814928650856,0.007831466384232044,0.005482026841491461,0.00046988800750114024,0.0001566293358337134,0.0,0.0,0.0,92.7558822631836,68.35474395751953,42.949058532714844
Green_180.jpg,Green,Green,197.636962890625,43.3037223815918,37.700618743896484,20.023880004882812,81.25923156738281,21.24236297607422,0.00030596114811487496,0.001444816472940147,0.011694515123963356,0.07320970296859741,0.03268684819340706,0.003909503575414419,0.002532678423449397,0.002481684787198901,0.005388315767049789,0.8604137301445007,0.003926501143723726,0.0010368683142587543,0.0005609287763945758,0.00015298057405743748,0.00010198704694630578,0.00015298057405743748,0.0008668898954056203,0.003042613621801138,0.006629158277064562,0.017099827527999878,0.41501930356025696,0.4364875555038452,0.0027196547016501427,0.0019717495888471603,0.0026856588665395975,0.0026176676619797945,0.0031276028603315353,0.003875507740303874,0.005711274687200785,0.009722765535116196,0.021944213658571243,0.06647855788469315,0.0023626999463886023,0.005082354415208101,0.018374666571617126,0.01747378148138523,0.0294402614235878,0.023406026884913445,0.023236049339175224,0.010725637897849083,0.00569427665323019,0.005779265891760588,0.009501793421804905,0.013139331713318825,0.030069181695580482,0.09046251326799393,0.7056313753128052,0.009620778262615204,213.57598876953125,31.005632400512695,91.05731964111328
Green_181.jpg,Green,Green,194.95071411132812,48.20245361328125,37.682071685791016,22.929365158081055,80.45684814453125,21.02406883239746,0.0003359023539815098,0.0013249482726678252,0.012241775169968605,0.10131188482046127,0.031668130308389664,0.003321701195091009,0.0022766715846955776,0.0023326552473008633,0.004460036754608154,0.8350905776023865,0.0046279882080852985,0.0008397559286095202,1.8661243302631192e-05,3.7322486605262384e-05,7.464497321052477e-05,3.7322486605262384e-05,0.0008210946689359844,0.0030044601298868656,0.008061656728386879,0.016216618940234184,0.8033291697502136,0.023251907899975777,0.0013436094159260392,0.0013249482726678252,0.0015862055588513613,0.0018288018181920052,0.002463283948600292,0.0035083135589957237,0.004889245610684156,0.012876257300376892,0.028122492134571075,0.08737193793058395,0.0018288018181920052,0.010954149067401886,0.01218579150736332,0.017056375741958618,0.023606471717357635,0.018735887482762337,0.02502472698688507,0.022916005924344063,0.013380111195147038,0.013921286910772324,0.011980517767369747,0.015358202159404755,0.026144400238990784,0.0805792436003685,0.7044245600700378,0.0019034467404708266,215.09402465820312,28.63323402404785,90.66083526611328
Green_182.jpg,Green,Green,201.15899658203125,40.7490234375,35.99654006958008,18.492202758789062,80.58740997314453,21.422054290771484,0.0006097673904150724,0.0016999575309455395,0.0020325579680502415,0.07217428088188171,0.025868918746709824,0.005025961436331272,0.003289048094302416,0.0030118811409920454,0.005746595561504364,0.8718194961547852,0.008425876498222351,9.238899656338617e-05,9.238899656338617e-05,3.6955596442567185e-05,1.8477798221283592e-05,5.543339648284018e-05,0.00020325578225310892,0.000591289543081075,0.0057835509069263935,0.017498476430773735,0.6507141590118408,0.21824128925800323,0.0034738262183964252,0.0034183927346020937,0.0036401264369487762,0.0030857925303280354,0.002568413969129324,0.004508582875132561,0.006079195998609066,0.010476912371814251,0.019050611183047295,0.05066612362861633,0.010014967061579227,0.008388920687139034,0.010569301433861256,0.02579500712454319,0.02562870644032955,0.02283855900168419,0.011751879937946796,0.0028086253441870213,0.004139027092605829,0.007021563593298197,0.010070400312542915,0.021582068875432014,0.04394020512700081,0.1416877657175064,0.6518413424491882,0.0019216911168769002,215.1661834716797,29.906970977783203,90.57763671875
Green_183.jpg,Green,Green,199.7173309326172,40.732177734375,38.596778869628906,18.00174331665039,82.64054870605469,21.371103286743164,0.00015269273717422038,0.001221541897393763,0.0038173184730112553,0.07481943815946579,0.02719457633793354,0.004015819169580936,0.002290391130372882,0.0030385854188352823,0.006138247903436422,0.8715701103210449,0.00545113068073988,0.00013742345618084073,9.161564230453223e-05,1.526927371742204e-05,3.053854743484408e-05,1.526927371742204e-05,0.0002443083794787526,0.0015574658755213022,0.00545113068073988,0.013039959594607353,0.17327572405338287,0.6835137605667114,0.017162663862109184,0.0029011620208621025,0.003359240246936679,0.0035272021777927876,0.0035577407106757164,0.00494724465534091,0.005603823345154524,0.010047182440757751,0.018353667110204697,0.053457725793123245,0.005237360950559378,0.00819959957152605,0.010398375801742077,0.015330350957810879,0.03055381588637829,0.030065199360251427,0.014353116974234581,0.005237360950559378,0.0032676246482878923,0.00494724465534091,0.010749568231403828,0.01777343451976776,0.03675314038991928,0.07553709298372269,0.6299338936805725,0.10166282206773758,214.0076141357422,32.79585647583008,92.44586181640625
Green_184.jpg,Green,Green,202.59896850585938,38.78390121459961,38.058067321777344,17.26464080810547,83.26156616210938,21.540693283081055,0.000701904296875,0.001739501953125,0.00299072265625,0.057708740234375,0.0307464599609375,0.004119873046875,0.00238037109375,0.0021514892578125,0.0058135986328125,0.8828887939453125,0.0080413818359375,0.000274658203125,4.57763671875e-05,9.1552734375e-05,0.0001678466796875,0.0001373291015625,0.000335693359375,0.0018157958984375,0.005645751953125,0.01654052734375,0.1397552490234375,0.73577880859375,0.00640869140625,0.0021820068359375,0.0027618408203125,0.00262451171875,0.0031585693359375,0.0035858154296875,0.00518798828125,0.008453369140625,0.0159912109375,0.049774169921875,0.0059356689453125,0.0146484375,0.0119171142578125,0.019805908203125,0.034027099609375,0.00872802734375,0.005950927734375,0.0039825439453125,0.00341796875,0.0050048828125,0.0089111328125,0.01470947265625,0.027587890625,0.0821533203125,0.6395721435546875,0.1136474609375,215.07261657714844,33.049312591552734,92.30944061279297
Green_185.jpg,Green,Green,197.1480712890625,47.108272552490234,38.41716003417969,21.370569229125977,80.6000747680664,22.30276870727539,0.000829263823106885,0.0027826407458633184,0.011904542334377766,0.08104671537876129,0.04173961281776428,0.003077490022405982,0.0024325072299689054,0.0018796646036207676,0.0038514696061611176,0.8407444953918457,0.006763107143342495,0.0008661199826747179,0.0005344144301488996,0.00035013360320590436,0.000552842509932816,0.0006449829670600593,0.001142541179433465,0.00261678802780807,0.0051598637364804745,0.011425412259995937,0.5205934047698975,0.32168063521385193,0.0024693633895367384,0.0023587949108332396,0.0026720722671598196,0.002414079150184989,0.003114346181973815,0.004072606563568115,0.005804846528917551,0.012844374403357506,0.026112595573067665,0.07551828771829605,0.0033907676115632057,0.010282871313393116,0.01990233175456524,0.021137012168765068,0.02403022162616253,0.023993365466594696,0.017488252371549606,0.013765779323875904,0.01114899106323719,0.012236247770488262,0.015682300552725792,0.016585275530815125,0.02767898328602314,0.07391504943370819,0.6798304319381714,0.02893209271132946,215.7545928955078,30.343948364257812,91.5175552368164
Green_186.jpg,Green,Green,193.29876708984375,47.19609451293945,37.00782012939453,21.093172073364258,80.290283203125,21.655155181884766,0.0012182093923911452,0.0028487357776612043,0.0078527657315135,0.1010926365852356,0.029743051156401634,0.004329328890889883,0.0026613189838826656,0.0027925109025090933,0.005753696896135807,0.8344359397888184,0.004797870758920908,0.0009745675488375127,0.00046854207175783813,0.0001874168374342844,0.00029986692243255675,0.0005435087950900197,0.002136552007868886,0.007253031246364117,0.0075341565534472466,0.017261089757084846,0.7128586769104004,0.11486777663230896,0.0031486027874052525,0.0038045616820454597,0.005135221406817436,0.00425436208024621,0.004685421008616686,0.006447139196097851,0.008208856917917728,0.012257060967385769,0.02189028635621071,0.06825721263885498,0.0022302602883428335,0.010870176367461681,0.016773806884884834,0.019060291349887848,0.01907903328537941,0.018198175355792046,0.021477969363331795,0.02783139981329441,0.018966583535075188,0.012688119895756245,0.01349401194602251,0.017411023378372192,0.03600277379155159,0.07294262945652008,0.6899375915527344,0.0030361528042703867,212.3311004638672,29.39006996154785,91.25350952148438
Green_187.jpg,Green,Green,77.56561279296875,65.52236938476562,53.170101165771484,24.692251205444336,44.394737243652344,17.235227584838867,0.014565186575055122,0.07710981369018555,0.5686848759651184,0.2710981070995331,0.0,0.0,0.0,0.0,0.0,0.0,0.0026417248882353306,0.0029987148009240627,0.012708839029073715,0.021704982966184616,0.010138511657714844,0.01834927871823311,0.07668142020702362,0.040982436388731,0.028487790375947952,0.02934456616640091,0.03884049877524376,0.04026845470070839,0.048622019588947296,0.05526202917098999,0.06133085861802101,0.09310295432806015,0.13644152879714966,0.17942310869693756,0.12001999467611313,0.042124804109334946,0.00571183767169714,0.003355704713612795,7.139797526178882e-05,0.030701128765940666,0.053048692643642426,0.07232614606618881,0.10117092728614807,0.12087676674127579,0.08539197593927383,0.0949593037366867,0.1489361673593521,0.13201485574245453,0.10017135739326477,0.04119662940502167,0.016564330086112022,0.002570326905697584,0.0,0.0,63.42457962036133,70.22997283935547,56.7180290222168
Green_188.jpg,Green,Green,83.16682434082031,36.02511215209961,54.35384750366211,23.275720596313477,44.84706497192383,18.354084014892578,0.006263224873691797,0.009648751467466354,0.1393144279718399,0.7028353810310364,0.05289885774254799,0.014049936085939407,0.00880237016826868,0.018027931451797485,0.013118916191160679,0.013288193382322788,0.018535759299993515,0.002708421554416418,0.00016927634715102613,0.0,0.00033855269430205226,0.0,0.07321202009916306,0.03427845984697342,0.026068557053804398,0.029115531593561172,0.031062209978699684,0.025306813418865204,0.033516716212034225,0.04528142139315605,0.06999576836824417,0.11950910091400146,0.19229792058467865,0.2011849284172058,0.09420228749513626,0.015488785691559315,0.004570461343973875,0.0049090138636529446,0.0,0.04858231171965599,0.04299619048833847,0.05120609328150749,0.09894202649593353,0.16174355149269104,0.09775708615779877,0.07845958322286606,0.08150655776262283,0.11603893339633942,0.1286500245332718,0.06474819779396057,0.024968260899186134,0.00440118508413434,0.0,0.0,70.05583190917969,67.494873046875,65.71625518798828
Green_189.jpg,Green,Green,79.2117919921875,60.908599853515625,51.80043411254883,24.793193817138672,46.92198944091797,16.63089942932129,0.008222831413149834,0.06963478773832321,0.41410475969314575,0.44358840584754944,0.0003703978145495057,0.0,0.00022223868290893734,0.0,0.0,0.0,0.001407511648721993,0.008222831413149834,0.016890140250325203,0.0020742276683449745,0.03155789151787758,0.003703978145495057,0.11141566187143326,0.031483814120292664,0.0251870509237051,0.025927847251296043,0.024594414979219437,0.025409288704395294,0.03815097361803055,0.050448182970285416,0.07548706978559494,0.11778650432825089,0.18727312982082367,0.18460626900196075,0.07822801917791367,0.01563078723847866,0.004741091746836901,0.0036298984196037054,0.0,0.0031113415025174618,0.0267427209764719,0.07593154907226562,0.10763759911060333,0.14460329711437225,0.08185791224241257,0.0877842828631401,0.10860063880681992,0.13838061690330505,0.1468997746706009,0.0540039986371994,0.02133491449058056,0.0031113415025174618,0.0,0.0,67.11773681640625,69.60200500488281,57.463680267333984
Green_19.jpg,Green,Green,86.76870727539062,10.375744819641113,58.3353157043457,17.08196258544922,42.18523025512695,9.305201530456543,0.0,0.006169212516397238,0.039561301469802856,0.5355464220046997,0.41461026668548584,0.0011750881094485521,0.0016647081356495619,0.0008813160820864141,9.792401397135109e-05,0.00029377202736213803,0.0,0.0,0.0,0.0,0.0,0.0,0.006169212516397238,0.018018018454313278,0.02457892708480358,0.022424599155783653,0.027810418978333473,0.03035644255578518,0.03730904683470726,0.052193496376276016,0.09439874440431595,0.16705836355686188,0.2731100618839264,0.14502546191215515,0.06247551739215851,0.03701527789235115,0.002056404249742627,0.0,0.0,0.0,0.0009792400524020195,0.012925969436764717,0.13229534029960632,0.20779475569725037,0.1512925922870636,0.2643948197364807,0.1833137422800064,0.03574226424098015,0.009498628787696362,0.0013709361664950848,0.00039169605588540435,0.0,0.0,0.0,86.29337310791016,67.52588653564453,46.96255874633789
Green_190.jpg,Green,Green,102.17084503173828,66.70768737792969,42.981563568115234,29.86855697631836,52.417564392089844,14.706280708312988,0.01059450302273035,0.02403438650071621,0.4288654923439026,0.2624409794807434,0.009081002324819565,0.0025426808279007673,0.045041773468256,0.0024216007441282272,0.01870686560869217,0.16303426027297974,0.01283448375761509,0.01773822493851185,0.0008475602371618152,0.0004237801185809076,0.0008475602371618152,0.0005448601441457868,0.278423547744751,0.02500302717089653,0.02009928598999977,0.0170722845941782,0.021128466352820396,0.026032207533717155,0.025911128148436546,0.03269160911440849,0.05490979552268982,0.08633006364107132,0.14547766745090485,0.1872502714395523,0.06756266206502914,0.008354522287845612,0.0016951204743236303,0.002058360492810607,0.0,0.0018767404835671186,0.026334907859563828,0.03487104922533035,0.041469912976026535,0.07071074098348618,0.10007264465093613,0.09522944688796997,0.12362271547317505,0.17278121411800385,0.2691003680229187,0.04825039207935333,0.015256084501743317,0.0004237801185809076,0.0,0.0,65.76641845703125,70.07696533203125,57.06473159790039
Green_191.jpg,Green,Green,74.61213684082031,61.37189483642578,61.28871154785156,22.499759674072266,48.1003532409668,13.959830284118652,0.022112494334578514,0.052526120096445084,0.6384714245796204,0.22921139001846313,0.00014312294661067426,0.0,7.156147330533713e-05,0.0,0.0,0.0,0.0003578073519747704,0.0030771433375775814,0.00966079905629158,0.01803349144756794,0.005438671912997961,0.020895950496196747,0.05846572294831276,0.027408042922616005,0.014670101925730705,0.01173608098179102,0.014526979066431522,0.01567196287214756,0.022327179089188576,0.03041362576186657,0.06354658305644989,0.09159868210554123,0.15865178406238556,0.2185487300157547,0.16523543000221252,0.09016745537519455,0.014813224785029888,0.0022184057161211967,0.0002146844199160114,0.003721196437254548,0.02876771055161953,0.03420638293027878,0.04901960864663124,0.08816373348236084,0.15886646509170532,0.19378846883773804,0.14841848611831665,0.1210104450583458,0.10705596208572388,0.06061256676912308,0.006154286675155163,0.0,0.0,0.0,67.11014556884766,69.86334228515625,44.604923248291016
Green_192.jpg,Green,Green,65.11949920654297,43.57623291015625,63.33469009399414,23.431543350219727,46.0249137878418,13.688599586486816,0.01837499998509884,0.09318750351667404,0.6623125076293945,0.2017499953508377,0.0,0.0,0.0,0.0,0.0,0.0,0.0,0.0,0.003375000087544322,0.005687499884516001,0.0002500000118743628,0.015062499791383743,0.03543749824166298,0.04462499916553497,0.024312499910593033,0.01656249910593033,0.017124999314546585,0.016499999910593033,0.02174999937415123,0.031312499195337296,0.034687500447034836,0.050562500953674316,0.10975000262260437,0.2058124989271164,0.2525624930858612,0.09787499904632568,0.03343750163912773,0.007687500212341547,0.0,0.013062500394880772,0.03362499922513962,0.03556250035762787,0.05375000089406967,0.10074999928474426,0.1888750046491623,0.1693750023841858,0.15337499976158142,0.12300000339746475,0.1133124977350235,0.015187500044703484,0.0001250000059371814,0.0,0.0,0.0,63.31713104248047,80.1311264038086,44.231910705566406
Green_193.jpg,Green,Green,72.00475311279297,73.83238220214844,44.139892578125,32.380958557128906,49.12082290649414,14.989501953125,0.1900690793991089,0.034650661051273346,0.49598008394241333,0.1736496388912201,0.005039067007601261,0.0,0.0029441739898175,0.0,0.0,0.005548635497689247,0.04133167117834091,0.007813384756445885,0.004019929561764002,0.00011323746002744883,0.032329294830560684,0.006511154118925333,0.285075306892395,0.03487713634967804,0.021628353744745255,0.019476842135190964,0.017891518771648407,0.01794813759624958,0.019137131050229073,0.019646698608994484,0.028535839170217514,0.04280376061797142,0.10808515548706055,0.24000678956508636,0.11408673971891403,0.021798210218548775,0.005661873146891594,0.003340505063533783,0.0,0.01925036869943142,0.050617143511772156,0.026893896982073784,0.03459404408931732,0.061940889805555344,0.11018005013465881,0.15587136149406433,0.1550786942243576,0.12450458854436874,0.2575019896030426,0.0031140302307903767,0.00033971236553043127,0.00011323746002744883,0.0,0.0,63.74962615966797,70.7226791381836,55.70560073852539
Green_194.jpg,Green,Green,108.95794677734375,88.68500518798828,33.27830505371094,33.615177154541016,56.12422180175781,11.704413414001465,0.12231117486953735,0.04342552274465561,0.4085799753665924,0.09340126067399979,0.003962477669119835,0.00044476790935732424,0.010067928582429886,0.005579815711826086,0.009299692697823048,0.06744299083948135,0.17835193872451782,0.039463043212890625,0.007237587124109268,0.0008086689049378037,0.008248423226177692,0.0013747371267527342,0.47448650002479553,0.04431505873799324,0.013706938363611698,0.00792495533823967,0.008854924701154232,0.00853145681321621,0.008733624592423439,0.012372634373605251,0.0223596952855587,0.038573507219552994,0.08240336179733276,0.13508814573287964,0.1172165647149086,0.01775028370320797,0.003517709905281663,0.004164644982665777,0.00020216722623445094,0.0032751092221587896,0.01168526615947485,0.010997897014021873,0.015607310459017754,0.027252143248915672,0.08163512498140335,0.10629953444004059,0.11733786016702652,0.2439754158258438,0.33903443813323975,0.03598576784133911,0.005175481084734201,0.0014556040987372398,8.08668919489719e-05,0.0,231.9244384765625,3.4818737506866455,64.33949279785156
Green_195.jpg,Green,Green,128.51437377929688,91.23844909667969,38.78112030029297,36.916378021240234,51.03672409057617,16.37647247314453,0.03064155764877796,0.035110119730234146,0.4130226671695709,0.13689400255680084,0.0018441678257659078,0.0006738305673934519,0.006525516975671053,0.0008866191492415965,0.002127886051312089,0.04401177540421486,0.2133914977312088,0.0783771350979805,0.008937121368944645,0.0,0.02681136317551136,0.0007447600946761668,0.438131719827652,0.030712487176060677,0.018335284665226936,0.014611483551561832,0.010603965260088444,0.012058020569384098,0.013157428242266178,0.01925736851990223,0.022768380120396614,0.026563109830021858,0.04291236773133278,0.0585523284971714,0.09798914939165115,0.11015356332063675,0.057665709406137466,0.0265276450663805,0.00010639429820002988,0.010603965260088444,0.02489626593887806,0.057559315115213394,0.060573820024728775,0.07961840182542801,0.0841224268078804,0.08199454098939896,0.0841224268078804,0.23378373682498932,0.2129659205675125,0.029790403321385384,0.03188282623887062,0.007979572750627995,0.0,0.0,236.8533172607422,3.167083740234375,59.56831741333008
Green_196.jpg,Green,Green,37.85505294799805,40.909488677978516,27.5223331451416,31.406482696533203,55.19794464111328,12.768621444702148,0.49974769353866577,0.09467799961566925,0.3166414201259613,0.07546290755271912,0.0,0.0,0.0,0.0,0.0,0.0,0.0,0.00019409184460528195,0.003221924649551511,0.004037110134959221,0.0005434571648947895,0.005473390221595764,0.5865843892097473,0.014867435209453106,0.010403322987258434,0.0114514185115695,0.008967042900621891,0.011296145617961884,0.015604984015226364,0.019215092062950134,0.0246884822845459,0.040604013949632645,0.061992935836315155,0.08512867987155914,0.0687861517071724,0.03350025415420532,0.004697022493928671,0.0022126471158117056,0.0,0.0038042000960558653,0.007918947376310825,0.020457280799746513,0.03109351359307766,0.0546562634408474,0.08734133094549179,0.05535499379038811,0.08652614057064056,0.3206008970737457,0.28531500697135925,0.03346143290400505,0.011296145617961884,0.0020185550674796104,0.00015527347568422556,0.0,15.46117115020752,3.6936450004577637,59.140010833740234
Green_197.jpg,Green,Green,61.11931610107422,18.746553421020508,63.034542083740234,21.657155990600586,45.44315719604492,16.448585510253906,0.004605642054229975,0.053900402039289474,0.7686384320259094,0.16889752447605133,0.0,0.0,0.0,0.0,0.0,0.0,0.0,0.0,0.0005037420778535306,0.001223373576067388,0.00035981577821075916,0.001871042069979012,0.03310305252671242,0.027489924803376198,0.014032815583050251,0.013601035811007023,0.02259643003344536,0.025690846145153046,0.025043178349733353,0.04584052786231041,0.058362118899822235,0.07073978334665298,0.11967472732067108,0.21783247590065002,0.19717904925346375,0.09340817481279373,0.024539435282349586,0.010866436176002026,7.196315709734336e-05,0.013097294606268406,0.02511514164507389,0.04612838104367256,0.07736039161682129,0.25266262888908386,0.10369890928268433,0.09643062949180603,0.09340817481279373,0.10139608383178711,0.08354922384023666,0.07225100696086884,0.03166378661990166,0.0030944156460464,7.196315709734336e-05,0.0,67.44219207763672,69.73651885986328,33.11924362182617
Green_198.jpg,Green,Green,51.1367301940918,48.41347122192383,40.82445526123047,34.49839782714844,51.5063591003418,15.73414134979248,0.18587978184223175,0.23956182599067688,0.5437026619911194,0.0034411561209708452,0.0,0.0,5.73526049265638e-05,0.0,0.0,5.73526049265638e-05,0.0002294104197062552,0.00040146821993403137,0.0058499653823673725,0.004129387438297272,0.006767607294023037,0.009922000579535961,0.3692360520362854,0.03165863826870918,0.019786648452281952,0.022596925497055054,0.026554254814982414,0.020016059279441833,0.016460197046399117,0.01491167675703764,0.021335167810320854,0.02104840613901615,0.05809818580746651,0.11682725697755814,0.1568020135164261,0.08396421372890472,0.012273456901311874,0.008430832996964455,0.0001147052098531276,0.020474879071116447,0.023973388597369194,0.04571002349257469,0.06090846657752991,0.0471438392996788,0.06652902066707611,0.08958476781845093,0.12003900110721588,0.22774718701839447,0.24478091299533844,0.051387932151556015,0.0016058728797361255,0.0,0.0,0.0,24.572729110717773,2.929339647293091,64.64685821533203
Green_199.jpg,Green,Green,96.56208038330078,124.11222076416016,26.112136840820312,33.14738082885742,54.760643005371094,11.624114990234375,0.4038005471229553,0.05241313949227333,0.28056445717811584,0.057334281504154205,5.9290880017215386e-05,0.0,0.0,0.0,0.0,0.0,0.00011858176003443077,0.0010968813439831138,0.010346258990466595,0.002875607693567872,0.07017076015472412,0.12122020870447159,0.633374810218811,0.015889955684542656,0.009931222535669804,0.008063559420406818,0.006373769603669643,0.006373769603669643,0.006581287831068039,0.010731649585068226,0.01763903722167015,0.032254237681627274,0.04058460891246796,0.05101980268955231,0.06605004519224167,0.06993359327316284,0.02081109955906868,0.004387525375932455,2.9645440008607693e-05,0.003764970926567912,0.009101150557398796,0.01230285782366991,0.02721451409161091,0.04073283448815346,0.10064627230167389,0.06845132261514664,0.11926360428333282,0.3152199685573578,0.298737108707428,0.0044468161650002,8.893632184481248e-05,0.0,0.0,0.0,13.513734817504883,3.515775203704834,58.42649841308594
Green_2.jpg,Green,Green,93.1435317993164,19.254932403564453,55.211517333984375,19.74921226501465,41.62838363647461,7.465875625610352,0.0022671781480312347,0.0013951866421848536,0.0028775723185390234,0.4141088128089905,0.5190966129302979,0.03051970712840557,0.010376700200140476,0.008719916455447674,0.005231949966400862,0.0029647715855389833,0.000871991622261703,8.719916513655335e-05,8.719916513655335e-05,0.0,0.0006975933210924268,0.0006975933210924268,0.013690268620848656,0.042117197066545486,0.027903731912374496,0.02328217588365078,0.03191489353775978,0.037321243435144424,0.04830833524465561,0.09138472378253937,0.12722358107566833,0.11021973937749863,0.14693059027194977,0.17213115096092224,0.11318451166152954,0.01421346329152584,0.0001743983302731067,0.0,0.0,0.0001743983302731067,0.005755144637078047,0.01299267541617155,0.07045692205429077,0.15408092737197876,0.3846355080604553,0.2596791088581085,0.09164632111787796,0.015259853564202785,0.004883152898401022,0.0002615974808577448,0.0001743983302731067,0.0,0.0,0.0,86.03192138671875,68.48168182373047,43.7955322265625
Green_20.jpg,Green,Green,85.26984405517578,9.575870513916016,55.99483108520508,19.641496658325195,38.91761016845703,8.599557876586914,8.967805479187518e-05,0.0030490539502352476,0.04735001176595688,0.5897228717803955,0.3581741452217102,0.001434848876670003,8.967805479187518e-05,8.967805479187518e-05,0.0,0.0,0.0,0.0,0.0,0.0,0.0,0.0,0.005021971184760332,0.026096314191818237,0.027979552745819092,0.03999641165137291,0.05237198621034622,0.05013003200292587,0.054255224764347076,0.05255134031176567,0.07712312787771225,0.14061519503593445,0.19002780318260193,0.13747645914554596,0.0976594015955925,0.048605505377054214,8.967805479187518e-05,0.0,0.0,0.0,0.004125190433114767,0.03425701707601547,0.17271994054317474,0.2104744017124176,0.2916330397129059,0.1994439959526062,0.05918751657009125,0.018025288358330727,0.009236839599907398,0.00044839028851129115,0.00044839028851129115,0.0,0.0,0.0,85.76959228515625,80.17511749267578,41.313133239746094
Green_200.jpg,Green,Green,37.28045654296875,30.88602638244629,28.397705078125,33.366668701171875,55.990665435791016,13.367733001708984,0.5857555270195007,0.05516670271754265,0.3475368618965149,0.004327847622334957,2.671510992513504e-05,0.0,2.671510992513504e-05,0.0,0.0,0.0,5.343021985027008e-05,0.0,0.0007480230997316539,0.0007213079952634871,0.001469331094995141,0.0041675572283566,0.5879461169242859,0.05505984276533127,0.009323573671281338,0.007426800671964884,0.006972643546760082,0.007667236495763063,0.013117118738591671,0.01613592728972435,0.018513571470975876,0.019208164885640144,0.024123745039105415,0.035263944417238235,0.05976170301437378,0.09700256586074829,0.034836504608392715,0.007640521507710218,8.014532795641571e-05,0.0022974994499236345,0.01624278724193573,0.023108569905161858,0.03833618387579918,0.040259670466184616,0.03793545812368393,0.0637422502040863,0.13643406331539154,0.28026822209358215,0.2995298206806183,0.02748984843492508,0.02185296081006527,0.009751015342772007,0.0025913657154887915,8.014532795641571e-05,21.86793327331543,5.357248783111572,58.095638275146484
Green_201.jpg,Green,Green,64.8039321899414,76.85104370117188,39.72658157348633,36.96566390991211,50.496456146240234,14.811689376831055,0.11630453914403915,0.30531933903694153,0.5020014643669128,0.0021906676702201366,0.00011949097097385675,0.0,5.9745485486928374e-05,0.0,0.0,1.9915161828976125e-05,0.00021906677284277976,0.0014139764243736863,0.014219425618648529,0.003664389718323946,0.003425407689064741,0.05104256048798561,0.4072053134441376,0.08561527729034424,0.009360126219689846,0.006133869756013155,0.0071097128093242645,0.008165216073393822,0.013343158178031445,0.02923545613884926,0.023081671446561813,0.01993507705628872,0.02588970959186554,0.04805528372526169,0.07699201256036758,0.1283930391073227,0.09447752684354782,0.017007548362016678,0.0006970306276343763,0.012885109521448612,0.030629517510533333,0.02684563770890236,0.04996713995933533,0.08400215208530426,0.0783064141869545,0.10630713403224945,0.16919921338558197,0.24619121849536896,0.13604046404361725,0.04174217954277992,0.017186785116791725,0.0,0.0,0.0,22.42228126525879,4.884342670440674,57.36358642578125
Green_202.jpg,Green,Green,47.56793975830078,48.23551559448242,36.906219482421875,36.81611633300781,50.27779769897461,15.971992492675781,0.19644851982593536,0.268800288438797,0.5076477527618408,0.002074357820674777,0.0,0.0,0.0,0.0,0.0,0.0,0.0002735416928771883,0.00157286471221596,0.0031685244757682085,0.004559027962386608,0.0030317537020891905,0.012423351407051086,0.47965532541275024,0.04433654621243477,0.01714194566011429,0.013221180997788906,0.011693906970322132,0.01007545180618763,0.008137864992022514,0.011579930782318115,0.013198385946452618,0.019672205671668053,0.029154984280467033,0.039640747010707855,0.09206957370042801,0.12074586004018784,0.06678976118564606,0.02288632094860077,0.00038751738611608744,0.013973420485854149,0.03897969052195549,0.05311267822980881,0.06517130881547928,0.05897102877497673,0.061934396624565125,0.08238163590431213,0.12434748560190201,0.23036769032478333,0.2390754222869873,0.027308577671647072,0.003966354299336672,2.2795140466769226e-05,0.0,0.0,20.64483642578125,4.631443023681641,57.976341247558594
Green_203.jpg,Green,Green,66.81185150146484,89.34921264648438,29.647979736328125,33.83124542236328,53.74666976928711,13.892165184020996,0.21177613735198975,0.3132062256336212,0.3174140751361847,0.0643538162112236,0.0,0.0,5.885122300242074e-05,0.0,0.0,0.0,0.0010004708310589194,0.0031779659911990166,0.003501647850498557,0.0029425611719489098,0.005561440717428923,0.07700682431459427,0.5369585752487183,0.0657956674695015,0.015389595180749893,0.010504943318665028,0.01321209967136383,0.014212571084499359,0.01194679830223322,0.011152306571602821,0.013682909309864044,0.02189265564084053,0.033103812485933304,0.04457980394363403,0.08139124512672424,0.09492702782154083,0.02465866319835186,0.006591337267309427,0.0010593220358714461,0.020391948521137238,0.0173022598028183,0.020215395838022232,0.03201506659388542,0.050494350492954254,0.04690442606806755,0.08097928762435913,0.13868291676044464,0.26182910799980164,0.32288724184036255,0.006973870098590851,0.00026483050896786153,0.0,0.0,0.0,21.017288208007812,4.075318336486816,64.55821990966797
Green_204.jpg,Green,Green,44.94585037231445,31.33346939086914,30.512693405151367,32.982521057128906,50.45248794555664,13.57951545715332,0.012717732228338718,0.5869834423065186,0.26729100942611694,0.12506377696990967,0.0,0.0,0.0,0.0,0.0,0.0,0.0,0.0,3.644049138529226e-05,0.002441513119265437,0.0002915239310823381,0.005174549762159586,0.5251439213752747,0.06428103148937225,0.0121711241081357,0.011005029082298279,0.013118577189743519,0.01388382725417614,0.014503316022455692,0.015305006876587868,0.018001602962613106,0.023139713332057,0.040266744792461395,0.06548356264829636,0.08916988223791122,0.06289628893136978,0.025107499212026596,0.006522848270833492,3.644049138529226e-05,0.0033889657352119684,0.021499890834093094,0.025435464456677437,0.05385904759168625,0.09780628234148026,0.11209095269441605,0.08763938397169113,0.14430435001850128,0.21193790435791016,0.24185554683208466,0.0001093214814318344,3.644049138529226e-05,0.0,0.0,0.0,29.116788864135742,5.186144828796387,57.40013885498047
Green_205.jpg,Green,Green,39.552642822265625,31.852689743041992,33.0408821105957,33.56938552856445,53.42340087890625,13.92579174041748,0.4023832082748413,0.20326237380504608,0.38167551159858704,0.003269636072218418,0.0003269636072218418,0.00010898786422330886,3.632928928709589e-05,0.0,0.0,3.632928928709589e-05,7.265857857419178e-05,0.0,0.0011262079933658242,0.0018527937354519963,0.0010172200854867697,0.004831795580685139,0.45204535126686096,0.11556346714496613,0.010462835431098938,0.007411174941807985,0.00875535886734724,0.007156869862228632,0.009336627088487148,0.011552713811397552,0.01983579248189926,0.03164280951023102,0.05100632086396217,0.07480200380086899,0.11127661168575287,0.0606699138879776,0.018782243132591248,0.009699920192360878,3.632928928709589e-05,0.005522051826119423,0.02190656028687954,0.03236939758062363,0.03923563286662102,0.047300733625888824,0.062413718551397324,0.09274867177009583,0.14266511797904968,0.25368741154670715,0.2592094838619232,0.0265203807502985,0.014277410693466663,0.0018527937354519963,0.0002543050213716924,0.0,23.41187858581543,5.7299652099609375,57.54555130004883
Green_206.jpg,Green,Green,43.79969787597656,53.34791564941406,30.053882598876953,33.21205139160156,52.82627487182617,11.88387393951416,0.5227429866790771,0.08997101336717606,0.2504831552505493,0.11126449704170227,0.0,0.0,0.0,0.0,0.0,0.0,0.0,0.0,0.0007592490292154253,0.0020016564521938562,0.0006902263849042356,0.02208724431693554,0.5143567323684692,0.09683876484632492,0.011561292223632336,0.008420761674642563,0.007350910920649767,0.00866234116256237,0.009939259849488735,0.012320540845394135,0.017083102837204933,0.02087934873998165,0.03295831009745598,0.0755452811717987,0.0737161785364151,0.08458724617958069,0.023502208292484283,0.002277747029438615,0.00010353395919082686,0.0029679734725505114,0.010456929914653301,0.01566813886165619,0.023847321048378944,0.07706377655267715,0.09490612894296646,0.10636388510465622,0.181426003575325,0.2355397641658783,0.24896466732025146,0.0025193262845277786,0.0001725565962260589,0.0,0.0,0.0,19.32157325744629,5.247034549713135,57.22766876220703
Green_207.jpg,Green,Green,37.08797073364258,73.50765228271484,5.782474040985107,4.870970249176025,58.63353729248047,6.517987251281738,0.6163784861564636,0.32006460428237915,0.004987649619579315,0.0,0.0,0.0,0.0,0.0,0.0,0.0,0.0,0.0,0.01159034762531519,0.0022325669415295124,0.011400341987609863,0.03334600105881691,0.8601558208465576,0.07429222762584686,0.03363100811839104,0.02208816260099411,0.003895116737112403,0.000950028479564935,0.0017575527308508754,0.0008550256607122719,0.001520045567303896,0.0007125213742256165,9.50028479564935e-05,4.750142397824675e-05,0.0,0.0,0.0,0.0,0.0,0.0,0.001425042748451233,0.0026125784497708082,0.0016150485025718808,0.0035151054617017508,0.018335549160838127,0.05386661738157272,0.24239976704120636,0.3232946991920471,0.3529355823993683,0.0,0.0,0.0,0.0,0.0,19.980329513549805,5.109236717224121,57.3973503112793
Green_208.jpg,Green,Green,35.8077507019043,27.102705001831055,29.02886390686035,33.661338806152344,53.70001983642578,13.901975631713867,0.508277416229248,0.17347916960716248,0.3111720681190491,0.001387833384796977,0.0,0.0,0.0,0.0,0.0,0.0,6.608730473089963e-05,0.00019826189964078367,0.0006278293440118432,0.0007269603083841503,0.001189571456052363,0.0028747976757586002,0.6041370630264282,0.037702806293964386,0.0069391666911542416,0.005716551560908556,0.006377424579113722,0.006245249882340431,0.0072035156190395355,0.010078313760459423,0.013151372782886028,0.021874897181987762,0.031226249411702156,0.05475332960486412,0.07596735656261444,0.0793047621846199,0.026732312515378,0.012589630670845509,0.00013217460946179926,0.019264448434114456,0.016257476061582565,0.024650562554597855,0.02884710766375065,0.059610746800899506,0.052803754806518555,0.06093249097466469,0.15801474452018738,0.25027260184288025,0.3150711953639984,0.012920067645609379,0.0007930475985631347,0.00042956744437105954,0.0,0.0,22.421558380126953,5.436699867248535,57.7193717956543
Green_209.jpg,Green,Green,42.43572998046875,37.124107360839844,38.051002502441406,33.26328659057617,52.54550552368164,16.5908145904541,0.3621974587440491,0.12662382423877716,0.48054835200309753,0.018904689699411392,6.837139517301694e-05,0.0,0.0,0.0,0.0,0.0,0.00013674279034603387,0.00013674279034603387,0.0006153425201773643,0.0007520853541791439,0.0020511418115347624,0.0079652676358819,0.39060577750205994,0.06731163710355759,0.01808423362672329,0.013434979133307934,0.012956378981471062,0.014597292058169842,0.017981676384806633,0.018323533236980438,0.02868179976940155,0.06095309555530548,0.06170518323779106,0.08696841448545456,0.11147955805063248,0.06744837760925293,0.01815260574221611,0.011315465904772282,6.837139517301694e-05,0.022289074957370758,0.03268152475357056,0.036954738199710846,0.04693696275353432,0.05938055366277695,0.05691918358206749,0.08696841448545456,0.10720634460449219,0.21807056665420532,0.24555586278438568,0.044578149914741516,0.03586079552769661,0.006461096461862326,6.837139517301694e-05,0.0,18.11168098449707,5.211333751678467,58.82828140258789
Green_21.jpg,Green,Green,84.33451843261719,10.452851295471191,53.589569091796875,19.088090896606445,40.61905288696289,10.428337097167969,0.0005538325058296323,0.011962782591581345,0.0538325197994709,0.605671226978302,0.326982706785202,0.000996898510493338,0.0,0.0,0.0,0.0,0.0,0.0,0.0,0.0,0.0,0.0,0.003212228650227189,0.026805493980646133,0.035112980753183365,0.04286663606762886,0.04774036258459091,0.05793088302016258,0.07377049326896667,0.07742578536272049,0.10888347029685974,0.12284005433320999,0.15573769807815552,0.14643332362174988,0.0881701409816742,0.012295082211494446,0.0006645990069955587,0.00011076650116592646,0.0,0.0,0.0035445280373096466,0.026805493980646133,0.17645104229450226,0.2402525544166565,0.17512184381484985,0.15939299762248993,0.13535666465759277,0.06302613765001297,0.018498005345463753,0.001218431512825191,0.00033229950349777937,0.0,0.0,0.0,91.01176452636719,68.37911987304688,43.24628448486328
Green_210.jpg,Green,Green,40.063232421875,40.093868255615234,29.501876831054688,34.76113510131836,52.0505256652832,14.735542297363281,0.23991233110427856,0.4163980782032013,0.326801598072052,0.002352713607251644,0.0,0.0,0.0,0.0,0.0,0.0,0.00019337372214067727,0.0001611447660252452,0.00025783164892345667,0.0008057238883338869,0.0010313265956938267,0.012085857801139355,0.5161144733428955,0.1183769479393959,0.009797601960599422,0.011215676553547382,0.011699110269546509,0.007734949234873056,0.009378626011312008,0.011537965387105942,0.012440375983715057,0.016404537484049797,0.024042800068855286,0.03313136473298073,0.06255640089511871,0.07280521094799042,0.05253319442272186,0.03023075871169567,6.445791223086417e-05,0.0119891706854105,0.025622019544243813,0.04602294787764549,0.056819647550582886,0.04644192382693291,0.05175970122218132,0.05994585528969765,0.16079024970531464,0.2632138729095459,0.2652120590209961,0.011505736969411373,0.0005156632978469133,6.445791223086417e-05,3.2228956115432084e-05,0.0,23.645261764526367,5.209787845611572,57.62494659423828
Green_211.jpg,Green,Green,41.94502639770508,51.01469421386719,32.445159912109375,34.4745979309082,51.731014251708984,15.120966911315918,0.47335290908813477,0.10749755054712296,0.39341166615486145,0.0003147293464280665,0.0,0.0,0.0,0.0,0.0,0.0,0.0,0.00010490977729205042,0.001188977505080402,0.0011190376244485378,0.006749195512384176,0.016261015087366104,0.47254860401153564,0.1000489592552185,0.01437263935804367,0.014512519352138042,0.015246887691318989,0.011924744583666325,0.013987970538437366,0.016435865312814713,0.021366624161601067,0.022380752488970757,0.030004195868968964,0.04633515328168869,0.07123374193906784,0.07476570457220078,0.05091621354222298,0.023919429630041122,3.496992576401681e-05,0.009686669334769249,0.024793677031993866,0.05081130191683769,0.0436774380505085,0.0578402578830719,0.07032451778650284,0.08396279066801071,0.1599874049425125,0.25188836455345154,0.1934536248445511,0.02605259418487549,0.02384948916733265,0.0032172331120818853,0.0004196391091682017,0.0,18.013648986816406,5.548583030700684,57.684383392333984
Green_212.jpg,Green,Green,46.93916320800781,56.36201477050781,29.311790466308594,33.70754623413086,51.35107421875,15.998544692993164,0.256915420293808,0.3281833231449127,0.37070178985595703,0.012582503259181976,0.0,0.0,0.0,0.0,0.0,0.0,0.0,0.00032136059598997235,0.0010135219199582934,0.0037080068141222,0.00220008403994143,0.024373965337872505,0.49870219826698303,0.12584975361824036,0.011025140061974525,0.006328331772238016,0.007144093047827482,0.008775616064667702,0.01315106451511383,0.018787235021591187,0.028873013332486153,0.029614614322781563,0.030232615768909454,0.0359182246029377,0.046078164130449295,0.06256643682718277,0.05670778453350067,0.020245717838406563,0.0013843225315213203,0.016438830643892288,0.03740143030881882,0.03851383179426193,0.0694633275270462,0.057597704231739044,0.044866882264614105,0.05203569680452347,0.13754233717918396,0.2782735526561737,0.2318987399339676,0.01967715658247471,0.011000419966876507,0.0037574470043182373,0.0001483202795498073,0.0,22.410503387451172,5.270960807800293,58.05113983154297
Green_22.jpg,Green,Green,85.61482238769531,10.125760078430176,60.732662200927734,19.75503158569336,42.16962814331055,8.294300079345703,0.00012521912867669016,0.00876533892005682,0.03719008341431618,0.5907838940620422,0.3615076243877411,0.0007513148011639714,0.00012521912867669016,0.0003756574005819857,0.0,0.0002504382573533803,0.00012521912867669016,0.0,0.0,0.0,0.0,0.0,0.0035061356611549854,0.013523666188120842,0.025920361280441284,0.03130478411912918,0.03581267222762108,0.04670673608779907,0.04645629972219467,0.058477334678173065,0.059353869408369064,0.10568495094776154,0.13686451315879822,0.1620335578918457,0.164663165807724,0.09754570573568344,0.011520160362124443,0.0006260956870391965,0.0,0.0,0.00012521912867669016,0.007638367358595133,0.09529176354408264,0.1706736832857132,0.3183070421218872,0.25532180070877075,0.09516654163599014,0.04532932490110397,0.010267969220876694,0.0010017530294135213,0.0008765339152887464,0.0,0.0,0.0,82.40322875976562,80.86796569824219,41.962135314941406
Green_23.jpg,Green,Green,85.88518524169922,10.6123628616333,57.91625213623047,21.52155303955078,37.64956283569336,8.420365333557129,0.0005372217856347561,0.010821182280778885,0.05149654671549797,0.4545663893222809,0.4799692928791046,0.0023791249841451645,0.00023023791436571628,0.0,0.0,0.0,0.0,0.0,0.0,0.0,0.0,0.0,0.004221028182655573,0.028856484219431877,0.030161166563630104,0.04198004677891731,0.04689178988337517,0.046815041452646255,0.05717574805021286,0.053184956312179565,0.07935533672571182,0.10613967478275299,0.13914044201374054,0.11143515259027481,0.1234075203537941,0.11404450982809067,0.017191097140312195,0.0,0.0,0.0,0.0027628550305962563,0.07498081028461456,0.15755948424339294,0.22870299220085144,0.28618571162223816,0.21020720899105072,0.02187260240316391,0.008825786411762238,0.007981580682098866,0.0009209516574628651,0.0,0.0,0.0,0.0,91.26782989501953,67.44034576416016,44.017879486083984
Green_24.jpg,Green,Green,87.75007629394531,11.444082260131836,57.15079116821289,17.70140838623047,42.50254440307617,11.21142578125,0.0001562011893838644,0.02085285820066929,0.022492971271276474,0.44462668895721436,0.504061222076416,0.006638550665229559,0.0009372071363031864,0.0001562011893838644,7.81005946919322e-05,0.0,0.0,0.0,0.0,0.0,0.0,0.0,0.0040612309239804745,0.01819743774831295,0.02147766388952732,0.02928772196173668,0.03295845165848732,0.036707278341054916,0.03850359097123146,0.07044673711061478,0.14768822491168976,0.18712902069091797,0.1829896867275238,0.09223680198192596,0.07013433426618576,0.057794440537691116,0.009684473276138306,0.0007029053522273898,0.0,0.0,0.0012496095150709152,0.029600124806165695,0.22063417732715607,0.10887222737073898,0.12870977818965912,0.17236800491809845,0.24765698611736298,0.08005310595035553,0.010699781589210033,0.0001562011893838644,0.0,0.0,0.0,0.0,83.02649688720703,56.309654235839844,55.55571365356445
Green_25.jpg,Green,Green,88.18958282470703,9.4911527633667,55.96870803833008,18.781696319580078,40.96088790893555,8.323539733886719,0.0,0.0032500193919986486,0.02839897945523262,0.39719879627227783,0.5657355189323425,0.0036369264125823975,0.0010059584164991975,0.00038690707879140973,0.0002321442443644628,7.738140993751585e-05,0.0,0.0,7.738140993751585e-05,0.0,0.0,0.0,0.010446490719914436,0.023523949086666107,0.026387061923742294,0.0344347283244133,0.034047823399305344,0.034976400434970856,0.04735742509365082,0.09247078746557236,0.114679254591465,0.13781629502773285,0.19120946526527405,0.10949470102787018,0.10918517410755157,0.033196624368429184,0.0005416698986664414,0.0002321442443644628,0.0,0.0,7.738140993751585e-05,0.005029791966080666,0.13270913064479828,0.21898940205574036,0.29482316970825195,0.20490598678588867,0.10407800227403641,0.028708504512906075,0.009517913684248924,0.0006964327185414732,0.0003095256397500634,0.0001547628198750317,0.0,0.0,91.84940338134766,68.20246887207031,43.121578216552734
Green_26.jpg,Green,Green,89.66426086425781,10.468178749084473,55.99773025512695,19.57404136657715,35.942420959472656,8.267670631408691,0.0004241241840645671,0.010094155557453632,0.012723725289106369,0.36109933257102966,0.6057341694831848,0.0078038848005235195,0.000933073228225112,0.0005937738460488617,0.00016964967653620988,0.00025447452208027244,8.482483826810494e-05,0.0,0.0,0.0,0.0,8.482483826810494e-05,0.009754856117069721,0.026634998619556427,0.03274238854646683,0.03876494988799095,0.04911357909440994,0.04334549233317375,0.047077786177396774,0.05293069779872894,0.05912291258573532,0.11341080814599991,0.20849944651126862,0.23208075761795044,0.07863262295722961,0.006192212924361229,0.0011027228320017457,0.0005937738460488617,0.0,0.0,0.0020357961766421795,0.046992961317300797,0.28289082646369934,0.2975655198097229,0.1928916722536087,0.12392908334732056,0.028670795261859894,0.01577742025256157,0.008228009566664696,0.0004241241840645671,0.0005937738460488617,0.0,0.0,0.0,92.54655456542969,69.53474426269531,32.049156188964844
Green_27.jpg,Green,Green,89.74490356445312,8.960976600646973,53.770042419433594,20.805828094482422,37.41153335571289,8.929429054260254,0.00041377884917892516,0.008379021659493446,0.009930691681802273,0.37053894996643066,0.6084617972373962,0.001862004748545587,0.00020688942458946258,0.0,0.0,0.00020688942458946258,0.0,0.0,0.0,0.0,0.0,0.0,0.00672390591353178,0.02637840062379837,0.03765387460589409,0.03817109763622284,0.06910106539726257,0.08813489228487015,0.06341160833835602,0.06165304780006409,0.07458363473415375,0.09516913443803787,0.10727216303348541,0.18423502147197723,0.12134063988924026,0.023792283609509468,0.0017585600726306438,0.000620668230112642,0.0,0.0,0.001862004748545587,0.03775731846690178,0.254680871963501,0.24743974208831787,0.2419571727514267,0.1147201806306839,0.07158374041318893,0.018620047718286514,0.010654805228114128,0.00041377884917892516,0.000310334115056321,0.0,0.0,0.0,94.27816772460938,69.96354675292969,41.23756408691406
Green_28.jpg,Green,Green,88.44098663330078,9.77731990814209,54.62788391113281,18.89643669128418,40.60136032104492,8.768119812011719,0.0,0.01169379148632288,0.013381554745137691,0.4588306248188019,0.5087401866912842,0.006389391142874956,0.0003616636386141181,0.00048221819452010095,0.00012055454863002524,0.0,0.0,0.0,0.0,0.0,0.0,0.0,0.007112718652933836,0.019529838114976883,0.030138637870550156,0.03664858266711235,0.045207954943180084,0.05991561338305473,0.0765521377325058,0.06401446461677551,0.11259794980287552,0.11380349844694138,0.17769740521907806,0.15334539115428925,0.07920434325933456,0.021217601373791695,0.002411091001704335,0.0006027727504260838,0.0,0.0,0.00024110909726005048,0.008679927326738834,0.14273658394813538,0.27052441239356995,0.21169379353523254,0.20301386713981628,0.12706449627876282,0.020614828914403915,0.013381554745137691,0.0010849909158423543,0.0007233272772282362,0.00024110909726005048,0.0,0.0,91.82938385009766,67.77528381347656,41.61000061035156
Green_29.jpg,Green,Green,88.8040771484375,11.073202133178711,52.81740188598633,22.711444854736328,40.860206604003906,11.042569160461426,7.443799404427409e-05,0.011240136809647083,0.03446479141712189,0.3669048547744751,0.5809140801429749,0.004838469438254833,0.0008932559285312891,0.0006699419463984668,0.0,0.0,0.0,0.0,0.0,0.0,0.0,0.0,0.06394223868846893,0.02478785254061222,0.027914246544241905,0.03900550678372383,0.04161083698272705,0.03900550678372383,0.06758970022201538,0.0710882842540741,0.06550543755292892,0.12088730186223984,0.1744082123041153,0.11403900384902954,0.0966949537396431,0.051511090248823166,0.0017865118570625782,0.00022331398213282228,0.0,0.0,0.0009676939225755632,0.04496054723858833,0.1947297900915146,0.1671132892370224,0.1684531718492508,0.2623194754123688,0.08046746999025345,0.0128033347427845,0.06647312641143799,0.0014887598808854818,0.00022331398213282228,0.0,0.0,0.0,93.79409790039062,80.43753814697266,31.303348541259766
Green_3.jpg,Green,Green,88.4855728149414,19.740699768066406,49.575904846191406,20.26194953918457,37.592044830322266,10.243244171142578,0.0014323715586215258,0.01411909144371748,0.06343360245227814,0.40300798416137695,0.46071210503578186,0.031921423971652985,0.012175158597528934,0.007571107242256403,0.0035809290129691362,0.0011254348792135715,0.0,0.00020462452084757388,0.0,0.00020462452084757388,0.00020462452084757388,0.0003069367667194456,0.010947411879897118,0.04870063439011574,0.04245958849787712,0.04430120810866356,0.05719255283474922,0.07796193659305573,0.09586658328771591,0.07693881541490555,0.08133824169635773,0.1096787378191948,0.19306322932243347,0.0917740911245346,0.050133004784584045,0.016779210418462753,0.0027624310459941626,0.00010231226042378694,0.0,0.00010231226042378694,0.025475751608610153,0.08123593032360077,0.20769387483596802,0.17352159321308136,0.1845713108778,0.22109678387641907,0.08103130757808685,0.015142214484512806,0.009003479033708572,0.0003069367667194456,0.0006138735334388912,0.00020462452084757388,0.0,0.0,93.50482940673828,66.3763656616211,42.5153694152832
Green_30.jpg,Green,Green,90.81250762939453,9.874096870422363,52.1904411315918,20.23697280883789,37.71611404418945,10.669835090637207,0.0003652034210972488,0.010444818064570427,0.0147542180493474,0.25841793417930603,0.7140457034111023,0.0016799357254058123,0.00021912205556873232,0.0,0.0,7.304068276425824e-05,0.0,0.0,0.0,0.0,0.0,0.0,0.037615951150655746,0.021766124293208122,0.02534511685371399,0.03286830708384514,0.045358262956142426,0.061573296785354614,0.0955372154712677,0.07924914360046387,0.08209773153066635,0.125118687748909,0.16565626859664917,0.14060331881046295,0.07121466845273972,0.013585567474365234,0.001606895006261766,0.000803447503130883,0.0,0.00029216273105703294,0.00869184173643589,0.08969395607709885,0.2475348711013794,0.12855160236358643,0.25031042098999023,0.17778103053569794,0.045796509832143784,0.008764881640672684,0.04185231029987335,0.0007304068421944976,0.0,0.0,0.0,0.0,94.57913970947266,68.71685791015625,42.747833251953125
Green_31.jpg,Green,Green,88.5668716430664,9.685394287109375,56.2196159362793,17.26948356628418,37.0213623046875,7.152114391326904,0.0,0.0023447759449481964,0.02673044428229332,0.46792346239089966,0.4980303943157196,0.004033014643937349,0.000937910343054682,0.0,0.0,0.0,0.0,0.0,0.0,0.0,0.0,0.0,0.002250984776765108,0.016319639980793,0.02532357908785343,0.029075220227241516,0.037703994661569595,0.049240291118621826,0.05646220222115517,0.06612268090248108,0.11977115273475647,0.15916338562965393,0.19911836087703705,0.13974863290786743,0.08319264650344849,0.015569311566650867,0.0007503282395191491,0.00018758205987978727,0.0,9.379102993989363e-05,0.000562746194191277,0.015756893903017044,0.16797974705696106,0.3923279047012329,0.28334271907806396,0.08591258525848389,0.032264117151498795,0.012661789543926716,0.008816356770694256,0.0002813730970956385,0.0,0.0,0.0,0.0,95.9269790649414,68.06249237060547,33.79178237915039
Green_32.jpg,Green,Green,91.9579849243164,12.705521583557129,52.01399612426758,21.191585540771484,36.83855056762695,10.461472511291504,0.0009848173940554261,0.02322527766227722,0.008781288750469685,0.18194501101970673,0.7697168588638306,0.01042265072464943,0.0026261797174811363,0.002133771078661084,0.00016413623234257102,0.0,0.0,0.0,0.0,0.0,0.0,0.0,0.04694296419620514,0.030529338866472244,0.03258104249835014,0.0375051274895668,0.03939269483089447,0.04423471540212631,0.057037342339754105,0.08436602354049683,0.10045137256383896,0.12704144418239594,0.15108740329742432,0.16815757751464844,0.06754206120967865,0.012064012698829174,0.001066885539330542,0.0,0.0,0.0009848173940554261,0.007714402861893177,0.07033237814903259,0.255149781703949,0.20656545460224152,0.2969224452972412,0.08247845619916916,0.014279852621257305,0.010340582579374313,0.05096429958939552,0.0035289290826767683,0.000574476842302829,0.00016413623234257102,0.0,0.0,93.74242401123047,69.00873565673828,31.195417404174805
Green_33.jpg,Green,Green,89.25032806396484,13.267003059387207,53.9682502746582,21.516769409179688,37.926822662353516,10.09351921081543,0.00023943492851685733,0.03507721796631813,0.010175984352827072,0.33053991198539734,0.6140308976173401,0.008619657717645168,0.0007183048292063177,0.00047886985703371465,0.00011971746425842866,0.0,0.0,0.0,0.0,0.0,0.0,0.0,0.005147851072251797,0.02514066733419895,0.03735185042023659,0.046210940927267075,0.06608404219150543,0.075422003865242,0.08056985586881638,0.09062612056732178,0.07218962907791138,0.0662037581205368,0.09493595361709595,0.1273793876171112,0.14856937527656555,0.061295341700315475,0.0019154794281348586,0.0009577397140674293,0.0,0.00047886985703371465,0.008978810161352158,0.058781277388334274,0.14306236803531647,0.368849515914917,0.1818508356809616,0.10762600600719452,0.07470370084047318,0.033042021095752716,0.014366095885634422,0.002753501757979393,0.0046689813025295734,0.0008380222716368735,0.0,0.0,91.21647644042969,79.7402572631836,34.05678939819336
Green_34.jpg,Green,Green,87.96470642089844,8.456915855407715,52.0713005065918,20.067346572875977,39.393043518066406,10.585911750793457,0.0002192261308664456,0.0017538090469315648,0.02521100454032421,0.481859028339386,0.48810699582099915,0.002521100454032421,0.0,0.000328839203575626,0.0,0.0,0.0,0.0,0.0,0.0,0.0,0.0,0.0033980051521211863,0.01983996480703354,0.032993532717227936,0.04307793453335762,0.06193138286471367,0.10895539075136185,0.11333990842103958,0.07859256863594055,0.06839855015277863,0.10084401816129684,0.12090320885181427,0.11224377900362015,0.07585224509239197,0.05524498596787453,0.0035076180938631296,0.0008769045234657824,0.0,0.0004384522617328912,0.0028499397449195385,0.02751288004219532,0.27754029631614685,0.19379590451717377,0.1564178466796875,0.14775840938091278,0.11016113311052322,0.07311191409826279,0.009207497350871563,0.0009865176398307085,0.0002192261308664456,0.0,0.0,0.0,93.26741027832031,70.0172348022461,31.68198585510254
Green_35.jpg,Green,Green,89.96419525146484,10.14116096496582,54.835697174072266,19.61733055114746,37.15130615234375,9.281776428222656,0.0,0.0030099009163677692,0.02819802053272724,0.33156436681747437,0.6324752569198608,0.0045148516073822975,7.920792268123478e-05,7.920792268123478e-05,7.920792268123478e-05,0.0,0.0,0.0,0.0,0.0,0.0,0.0,0.002059405902400613,0.015841584652662277,0.027326732873916626,0.051009900867938995,0.0585346519947052,0.0662178248167038,0.06922772526741028,0.08459405601024628,0.08459405601024628,0.11984158307313919,0.11722772568464279,0.14320792257785797,0.11358416080474854,0.04435643553733826,0.0013465347001329064,0.0010297029512003064,0.0,0.00015841584536246955,0.0019009901443496346,0.08190099149942398,0.2312871217727661,0.2369108945131302,0.20174257457256317,0.14162376523017883,0.07992079108953476,0.01702970266342163,0.0066534653306007385,0.0006336633814498782,0.00023762376804370433,0.0,0.0,0.0,92.26262664794922,68.91986846923828,32.17926025390625
Green_36.jpg,Green,Green,92.81100463867188,12.880257606506348,50.43122482299805,22.108362197875977,38.7222900390625,11.981247901916504,0.002737101400271058,0.020938824862241745,0.0080060213804245,0.15348295867443085,0.8011496067047119,0.011564253829419613,0.0007527028792537749,0.001368550700135529,0.0,0.0,0.0,0.0,0.0,0.0,0.0,0.0,0.06322704255580902,0.027028877288103104,0.028055289760231972,0.04153551533818245,0.049062542617321014,0.05426303669810295,0.06911180913448334,0.08560284972190857,0.1087997779250145,0.12720678746700287,0.12275899946689606,0.0992199257016182,0.0896400734782219,0.03154509514570236,0.002942383987829089,0.0,0.0,6.842753646196797e-05,0.002873956458643079,0.09354043751955032,0.2583823800086975,0.130970299243927,0.12631723284721375,0.2815108895301819,0.0240180641412735,0.009785137139260769,0.06938552111387253,0.002189681166782975,0.0008211304084397852,0.00013685507292393595,0.0,0.0,94.7680435180664,56.9603271484375,45.59998321533203
Green_37.jpg,Green,Green,87.42105102539062,9.80512523651123,55.80936050415039,18.240310668945312,39.151153564453125,8.108054161071777,0.00027146865613758564,0.004976924974471331,0.034476518630981445,0.40231654047966003,0.5554248690605164,0.002171749249100685,9.048954962054268e-05,0.00018097909924108535,9.048954962054268e-05,0.0,0.0,0.0,0.0,0.0,0.0,0.0,0.0019907699897885323,0.017102524638175964,0.03130938485264778,0.0348384752869606,0.03818659111857414,0.0508551262319088,0.058999184519052505,0.07329653203487396,0.10623472929000854,0.18523210287094116,0.15193195641040802,0.11908424645662308,0.09085150808095932,0.037100713700056076,0.0019002804765477777,0.0010858746245503426,0.0,0.0,0.000814405910205096,0.01221608929336071,0.13428649306297302,0.32947245240211487,0.23807799816131592,0.1952764391899109,0.06098995730280876,0.018731337040662766,0.008867975324392319,0.0011763641377910972,9.048954962054268e-05,0.0,0.0,0.0,92.2445297241211,57.62868118286133,43.36707305908203
Green_38.jpg,Green,Green,85.81957244873047,11.754728317260742,53.566192626953125,18.44562530517578,39.68182373046875,8.41202163696289,0.0006726080318912864,0.015301832929253578,0.05515385791659355,0.455691933631897,0.47006893157958984,0.002270052209496498,0.0002522280265111476,0.0005885320133529603,0.0,0.0,0.0,0.0,0.0,0.0,0.0,0.0,0.004708256106823683,0.022111989557743073,0.025390952825546265,0.03472338989377022,0.042290229350328445,0.052295275032520294,0.09021355211734772,0.11753825098276138,0.12148983031511307,0.16344375908374786,0.12140575051307678,0.07339835166931152,0.08138557523488998,0.04430805519223213,0.004540104418992996,0.0007566840504296124,0.0,8.40760039864108e-05,0.0008407600689679384,0.01916932873427868,0.16100554168224335,0.2096014767885208,0.3071296513080597,0.19438372552394867,0.06995123624801636,0.03077181801199913,0.006305700168013573,0.0005044560530222952,0.0002522280265111476,0.0,0.0,0.0,92.30464172363281,57.491485595703125,43.6221809387207
Green_39.jpg,Green,Green,83.26094055175781,14.223657608032227,53.22417449951172,16.681318283081055,40.004547119140625,9.22513484954834,0.0004557885113172233,0.02643573470413685,0.07862351834774017,0.4886052906513214,0.4033728241920471,0.0011394713073968887,0.00011394712782930583,0.0005697356536984444,0.00022789425565861166,0.0,0.00011394712782930583,0.00011394712782930583,0.00011394712782930583,0.0,0.0,0.00011394712782930583,0.004443937912583351,0.016636280342936516,0.024840474128723145,0.03030993603169918,0.049225158989429474,0.07053327560424805,0.06779853999614716,0.08785323798656464,0.10927529633045197,0.16112123429775238,0.2121695578098297,0.14984047412872314,0.014357338659465313,0.0011394713073968887,0.0003418413980398327,0.00011394712782930583,0.0,0.00022789425565861166,0.0013673655921593308,0.021308112889528275,0.12716498970985413,0.27780309319496155,0.2887420356273651,0.16260255873203278,0.06198723614215851,0.03350045531988144,0.015268915332853794,0.005697356536984444,0.0037602551747113466,0.0005697356536984444,0.0,0.0,91.63457489013672,67.65086364746094,40.42033386230469
Green_4.jpg,Green,Green,92.51639556884766,21.909910202026367,57.868560791015625,19.510433197021484,39.265811920166016,8.317800521850586,0.002016342943534255,0.004881672561168671,0.005624535493552685,0.5062082409858704,0.42067283391952515,0.024408362805843353,0.00997559167444706,0.007747001945972443,0.009338852018117905,0.0054122889414429665,0.0016979729989543557,0.0005306165548972785,0.00010612331243464723,0.0,0.00042449324973858893,0.0009551098337396979,0.01294704433530569,0.04478403925895691,0.026530828326940536,0.019526690244674683,0.0217552799731493,0.023983869701623917,0.030775761231780052,0.048498354852199554,0.09360076487064362,0.1512257307767868,0.19325055181980133,0.20227104425430298,0.11026212573051453,0.01846545748412609,0.0008489864994771779,0.0012734797783195972,0.0,0.0024408362805843353,0.008277618326246738,0.018253210932016373,0.105804942548275,0.31083518266677856,0.24801018834114075,0.2362304925918579,0.04329831153154373,0.015175634063780308,0.00817149505019188,0.002334713004529476,0.0009551098337396979,0.00021224662486929446,0.0,0.0,91.0389175415039,69.25383758544922,42.272701263427734
Green_40.jpg,Green,Green,87.0866470336914,6.333646297454834,53.72074508666992,17.22159194946289,41.20634078979492,9.491721153259277,0.0,0.0003640776558313519,0.012742718681693077,0.6156553626060486,0.3696601986885071,0.0013349514920264482,0.00024271845177281648,0.0,0.0,0.0,0.0,0.0,0.0,0.0,0.0,0.0,0.0014563106233254075,0.014320388436317444,0.02196601964533329,0.03616504743695259,0.04150485619902611,0.0625,0.10728155076503754,0.09684465825557709,0.12063106894493103,0.12730582058429718,0.13555824756622314,0.15655340254306793,0.07123786211013794,0.006432038731873035,0.00024271845177281648,0.0,0.0,0.0,0.00012135922588640824,0.004490291234105825,0.16152912378311157,0.2557038962841034,0.1893203854560852,0.17378640174865723,0.15084952116012573,0.050485435873270035,0.013228155672550201,0.00048543690354563296,0.0,0.0,0.0,0.0,85.67294311523438,70.17308807373047,31.210155487060547
Green_41.jpg,Green,Green,87.21329498291016,8.918994903564453,59.09510803222656,18.556732177734375,37.77000045776367,8.672690391540527,0.0,0.002251727506518364,0.04961565509438515,0.4314776062965393,0.5156456232070923,0.00046587467659264803,0.00023293733829632401,0.00031058312742970884,0.0,0.0,0.0,0.0,0.0,0.0,0.0,0.0,0.0014752697898074985,0.014286823570728302,0.021896110847592354,0.02166317217051983,0.027797188609838486,0.04542278125882149,0.07446230202913284,0.08137277513742447,0.09402903914451599,0.14706110954284668,0.12462147325277328,0.11336284130811691,0.13751067221164703,0.08673033863306046,0.006522245705127716,0.0017858529463410378,0.0,0.00015529156371485442,0.0020964359864592552,0.029971271753311157,0.2480006217956543,0.24155601859092712,0.19372622668743134,0.20296606421470642,0.061262521892786026,0.012889199890196323,0.0060563706792891026,0.0010093951132148504,0.00031058312742970884,0.0,0.0,0.0,86.65650939941406,81.01824188232422,31.48615837097168
Green_42.jpg,Green,Green,85.93280029296875,12.969589233398438,55.1058349609375,21.0611629486084,39.236148834228516,10.581463813781738,0.00179729622323066,0.015003516338765621,0.06274908035993576,0.4070485234260559,0.5115261673927307,0.00179729622323066,0.0,7.814331183908507e-05,0.0,0.0,0.0,0.0,0.0,0.0,0.0,0.0,0.021333124488592148,0.020786121487617493,0.02719387412071228,0.03485191985964775,0.04297882318496704,0.05665390193462372,0.08330077677965164,0.08056575804948807,0.0872860848903656,0.1363600790500641,0.12370086461305618,0.09119325131177902,0.0990857258439064,0.07712744921445847,0.015316089615225792,0.0022661560215055943,0.0,0.0,0.002578729297965765,0.05751347914338112,0.24529185891151428,0.14425255358219147,0.15636476874351501,0.233335942029953,0.12143471091985703,0.01000234391540289,0.02766273356974125,0.0011721496703103185,0.000390716566471383,0.0,0.0,0.0,92.68888854980469,81.6359634399414,29.710365295410156
Green_43.jpg,Green,Green,88.06065368652344,6.397483825683594,61.672119140625,16.731868743896484,41.97347640991211,8.376331329345703,0.0,0.0004168837913312018,0.013027618639171124,0.5997915863990784,0.38436686992645264,0.0012506514322012663,0.0002084418956656009,0.000521104724612087,0.0002084418956656009,0.0002084418956656009,0.0,0.0,0.0,0.0,0.0,0.0,0.0033350703306496143,0.009171443060040474,0.022199062630534172,0.016779571771621704,0.021677957847714424,0.02261594496667385,0.03199583292007446,0.05575820803642273,0.09296508878469467,0.14882750809192657,0.23324647545814514,0.15028661489486694,0.10057321190834045,0.08483584970235825,0.00437727989628911,0.0013548723654821515,0.0,0.0,0.0,0.004689942579716444,0.09932256489992142,0.23251692950725555,0.2279312163591385,0.26128190755844116,0.14570088684558868,0.014695153571665287,0.01146430429071188,0.0012506514322012663,0.0008337675826624036,0.00031266285805031657,0.0,0.0,91.84722137451172,67.71344757080078,44.97903823852539
Green_44.jpg,Green,Green,88.62418365478516,8.394790649414062,59.04846954345703,18.413856506347656,40.1562614440918,8.290443420410156,0.0,0.0023395095486193895,0.02414373867213726,0.3622496724128723,0.609395444393158,0.0014972861390560865,9.358038369100541e-05,0.00028074116562493145,0.0,0.0,0.0,0.0,0.0,0.0,0.0,0.0,0.0017780272755771875,0.01375631708651781,0.019090399146080017,0.027044732123613358,0.03284671530127525,0.05193711444735527,0.06457046419382095,0.07486430555582047,0.0974171832203865,0.09227026253938675,0.13980910181999207,0.18397903442382812,0.12895376980304718,0.06915590167045593,0.002433090005069971,9.358038369100541e-05,0.0,0.0,0.00028074116562493145,0.01581508480012417,0.12071869522333145,0.26595544815063477,0.2819577157497406,0.19558300077915192,0.08001122623682022,0.029197080060839653,0.010013101622462273,0.00037432153476402164,9.358038369100541e-05,0.0,0.0,0.0,92.91973114013672,69.79631805419922,43.54555892944336
Green_45.jpg,Green,Green,87.27299499511719,7.370596408843994,56.96241760253906,19.89342498779297,43.03934860229492,8.922760009765625,0.0006856359541416168,0.006170723121613264,0.008456176146864891,0.5915895104408264,0.39161238074302673,0.0011427265126258135,0.0003428179770708084,0.0,0.0,0.0,0.0,0.0,0.0,0.0,0.0,0.0,0.0002285453083459288,0.010741629637777805,0.026739800348877907,0.03679579496383667,0.04330933466553688,0.07564849406480789,0.0750771313905716,0.09107530862092972,0.09804593771696091,0.10455948114395142,0.09541766345500946,0.0962175726890564,0.14775453507900238,0.09027539938688278,0.008113358169794083,0.0,0.0,0.0,0.0004570906166918576,0.009598903357982635,0.0703919529914856,0.20351959764957428,0.29482343792915344,0.17449434101581573,0.1590675413608551,0.07427722215652466,0.012684264220297337,0.0002285453083459288,0.0002285453083459288,0.0002285453083459288,0.0,0.0,85.9144058227539,43.70000457763672,54.867305755615234
Green_46.jpg,Green,Green,88.0694808959961,7.495970249176025,56.64261245727539,19.68561363220215,41.456573486328125,10.369834899902344,0.0,0.0007921240176074207,0.016068801283836365,0.48987212777137756,0.4908905625343323,0.002376371994614601,0.0,0.0,0.0,0.0,0.0,0.0,0.0,0.0,0.0,0.0,0.00033948171767406166,0.016747765243053436,0.02715853787958622,0.037569310516119,0.04865904897451401,0.07061219960451126,0.05759873241186142,0.06914111226797104,0.09403643757104874,0.14620345830917358,0.12153445929288864,0.10829467326402664,0.11791332066059113,0.07581758499145508,0.0063369921408593655,0.002036890247836709,0.0,0.0,0.000905284599866718,0.015050356276333332,0.15321941673755646,0.24951906502246857,0.2095733880996704,0.14246916770935059,0.12277922034263611,0.07593074440956116,0.028629625216126442,0.0013579268706962466,0.00033948171767406166,0.0002263211499666795,0.0,0.0,93.33097839355469,57.75196075439453,44.46638488769531
Green_47.jpg,Green,Green,89.01970672607422,7.549673080444336,54.42106628417969,16.915128707885742,40.84455490112305,8.934855461120605,0.0006032575620338321,0.001709229894913733,0.010758093558251858,0.3777397871017456,0.607882559299469,0.0012065151240676641,0.00010054292943095788,0.0,0.0,0.0,0.0,0.0,0.0,0.0,0.0,0.0,0.000904886401258409,0.013573295436799526,0.01849989965558052,0.022219987586140633,0.03448622673749924,0.06434747576713562,0.0984315276145935,0.14397747814655304,0.12075205892324448,0.1299014687538147,0.1416649967432022,0.08717072010040283,0.08877941220998764,0.033480796962976456,0.001809772802516818,0.0,0.0,0.0,0.0,0.009451035410165787,0.1477981060743332,0.26603659987449646,0.158757284283638,0.2420068383216858,0.15041223168373108,0.018902070820331573,0.006334204692393541,0.00030162878101691604,0.0,0.0,0.0,0.0,93.46060943603516,56.70823669433594,45.89397048950195
Green_48.jpg,Green,Green,88.29730224609375,9.959352493286133,57.72802734375,18.70834732055664,41.00324249267578,10.115913391113281,0.0,0.006423196755349636,0.03340062499046326,0.4308129847049713,0.5224812030792236,0.006881996523588896,0.0,0.0,0.0,0.0,0.0,0.0,0.0,0.0,0.0,0.0,0.001651679165661335,0.016883831471204758,0.021747110411524773,0.028629105538129807,0.03184070438146591,0.04936685785651207,0.07643604278564453,0.08524499833583832,0.10506515204906464,0.12378417700529099,0.14057625830173492,0.12405946105718613,0.1124977096915245,0.080656997859478,0.0012846393510699272,0.00027527986094355583,0.0,0.0,0.0011928793974220753,0.018260231241583824,0.19168654084205627,0.26023122668266296,0.09047531336545944,0.16672784090042114,0.2395852506160736,0.022022388875484467,0.008258395828306675,0.0007340796291828156,0.0006423196755349636,0.0001835199072957039,0.0,0.0,93.16503143310547,81.11421203613281,32.76735305786133
Green_49.jpg,Green,Green,83.68463134765625,8.881234169006348,53.718223571777344,17.378793716430664,43.29608917236328,7.861329555511475,0.0,0.004650179762393236,0.03424223139882088,0.6965757608413696,0.2641090750694275,0.0003170577110722661,0.0,0.00010568590369075537,0.0,0.0,0.0,0.0,0.0,0.0,0.0,0.0,0.0024307756684720516,0.015007398091256618,0.025470301508903503,0.03942083939909935,0.057387445122003555,0.07197210192680359,0.06499683111906052,0.059606850147247314,0.09205242246389389,0.1753329038619995,0.22352568805217743,0.11562037467956543,0.05062354728579521,0.005918410606682301,0.00042274361476302147,0.00021137180738151073,0.0,0.0,0.00010568590369075537,0.007080955430865288,0.05654195696115494,0.155886709690094,0.3073346018791199,0.26727965474128723,0.16349609196186066,0.0247305016964674,0.015747198835015297,0.0016909744590520859,0.00010568590369075537,0.0,0.0,0.0,82.12712097167969,69.09073638916016,44.18770217895508
Green_5.jpg,Green,Green,96.6471939086914,26.140316009521484,54.460853576660156,21.513742446899414,41.350830078125,9.429299354553223,0.001131461700424552,0.002192207146435976,0.006223039235919714,0.4305211901664734,0.46198996901512146,0.028781557455658913,0.013082525692880154,0.013648256659507751,0.036489639431238174,0.004101548809558153,0.0007778799044899642,0.000565730850212276,0.000141432712553069,7.07163562765345e-05,7.07163562765345e-05,0.0002121490688296035,0.013436107896268368,0.06718053668737411,0.03274167329072952,0.023902129381895065,0.022912099957466125,0.034297432750463486,0.04257124662399292,0.07474718987941742,0.1236121878027916,0.14751431345939636,0.1506965607404709,0.09780072420835495,0.1089739054441452,0.056290220469236374,0.0031822361052036285,0.000141432712553069,0.0,0.0003535817959345877,0.011102467775344849,0.02425570972263813,0.09978077560663223,0.21964500844478607,0.2001980096101761,0.33526623249053955,0.06336185336112976,0.00792023167014122,0.03684322163462639,0.0010607453295961022,0.0002121490688296035,0.0,0.0,0.0,85.10612487792969,56.80836486816406,46.87704849243164
Green_50.jpg,Green,Green,84.38215637207031,13.398694038391113,53.935325622558594,19.756345748901367,42.5831413269043,9.330710411071777,0.0006360167171806097,0.020534254610538483,0.09467563033103943,0.4807377755641937,0.3998728096485138,0.0019989097490906715,0.0002725785889197141,0.0011811739532276988,0.0,9.08595320652239e-05,0.0,0.0,0.0,0.0,0.0,0.0,0.008995093405246735,0.021261129528284073,0.03016536496579647,0.04552062600851059,0.053788840770721436,0.06351081281900406,0.08486279845237732,0.07532255351543427,0.07614028453826904,0.1027621328830719,0.16836270689964294,0.13610757887363434,0.11448300629854202,0.017081592231988907,0.0009994548745453358,0.0006360167171806097,0.0,0.0009994548745453358,0.007177902851253748,0.03334544971585274,0.08795202523469925,0.12347809970378876,0.2634926438331604,0.3088315427303314,0.10921315848827362,0.04670180007815361,0.018081046640872955,0.0003634381282608956,0.0001817190641304478,0.0001817190641304478,0.0,0.0,91.33125305175781,67.76466369628906,44.409706115722656
Green_51.jpg,Green,Green,82.42071533203125,12.965645790100098,56.316497802734375,19.704132080078125,41.94443130493164,9.9825439453125,0.0003855050017591566,0.025700334459543228,0.08365458995103836,0.7219223976135254,0.1643536388874054,0.0035980467218905687,0.00025700335390865803,0.00012850167695432901,0.0,0.0,0.0,0.0,0.0,0.0,0.0,0.0,0.0020560268312692642,0.018118735402822495,0.040863532572984695,0.03765099123120308,0.039707016199827194,0.05782575160264969,0.06142379716038704,0.06977640837430954,0.08622462302446365,0.09637625515460968,0.16730917990207672,0.1738627552986145,0.09689026325941086,0.0443330779671669,0.005140066612511873,0.0024415317457169294,0.0,0.0017990233609452844,0.012850167229771614,0.032253921031951904,0.06759187579154968,0.21742482483386993,0.2631714344024658,0.215882807970047,0.10627087950706482,0.05846825987100601,0.01966075599193573,0.0025700333062559366,0.0008995116804726422,0.0008995116804726422,0.00025700335390865803,0.0,87.09927368164062,69.11835479736328,44.102542877197266
Green_52.jpg,Green,Green,84.70947265625,8.223530769348145,50.79353332519531,17.378156661987305,44.58099365234375,9.712296485900879,0.0,0.0019377341959625483,0.012789045460522175,0.802221953868866,0.18033845722675323,0.0012918227585032582,0.00025836454005911946,0.00025836454005911946,0.00012918227002955973,0.00012918227002955973,0.00025836454005911946,0.00025836454005911946,0.00012918227002955973,0.0,0.0,0.0,0.005554838106036186,0.01666451431810856,0.03991732373833656,0.04017568752169609,0.04934762790799141,0.07221288979053497,0.11148430407047272,0.10890065878629684,0.08784394711256027,0.12440253049135208,0.19596950709819794,0.13331611454486847,0.013047410175204277,0.001162640517577529,0.0,0.0,0.0,0.0,0.0,0.004133832640945911,0.04818498715758324,0.25125953555107117,0.19338586926460266,0.16173620522022247,0.2050122767686844,0.11884769052267075,0.01330577488988638,0.0012918227585032582,0.0025836455170065165,0.00025836454005911946,0.0,0.0,85.9262466430664,68.0230941772461,44.75690841674805
Green_53.jpg,Green,Green,84.10247039794922,13.360017776489258,53.181671142578125,20.17713737487793,43.321449279785156,9.695034980773926,0.0027718169149011374,0.021459227427840233,0.08637338876724243,0.5029506683349609,0.38501429557800293,0.0006258941139094532,0.0003576538001652807,8.941345004132017e-05,0.0003576538001652807,0.0,0.0,0.0,0.0,0.0,0.0,0.0,0.003844778286293149,0.0202968530356884,0.02905937097966671,0.04658440500497818,0.07349785417318344,0.08038268983364105,0.08485335856676102,0.07948855310678482,0.08208154141902924,0.11024677753448486,0.1212446317076683,0.11820457875728607,0.0817238911986351,0.06697066873311996,0.0015200285706669092,0.0,0.0,0.0015200285706669092,0.00706366216763854,0.02825464867055416,0.07698497921228409,0.16264306008815765,0.1970672458410263,0.27154862880706787,0.1965307593345642,0.036033619195222855,0.020922746509313583,0.0011623748578131199,8.941345004132017e-05,0.00017882690008264035,0.0,0.0,91.40577697753906,68.06143951416016,45.67582321166992
Green_54.jpg,Green,Green,83.47229766845703,9.208818435668945,56.07048034667969,18.352130889892578,42.16086959838867,8.862003326416016,0.0,0.007375537883490324,0.0507507249712944,0.7378171682357788,0.20256388187408447,0.0014048643643036485,8.780402276897803e-05,0.0,0.0,0.0,0.0,0.0,0.0,0.0,0.0,0.0,0.0019316885154694319,0.015541311353445053,0.02590218558907509,0.02616559900343418,0.03793133795261383,0.061287205666303635,0.09913074225187302,0.07393098622560501,0.07559926062822342,0.1366230547428131,0.19439810514450073,0.10422337055206299,0.09632100909948349,0.04653613269329071,0.0041267890483140945,0.0003512160910759121,0.0,0.0,0.0007902361685410142,0.01914127729833126,0.09526736289262772,0.23083677887916565,0.19641759991645813,0.23373430967330933,0.19114935398101807,0.023707086220383644,0.008692597970366478,0.0002634120755828917,0.0,0.0,0.0,0.0,83.5404281616211,80.4228515625,41.151100158691406
Green_55.jpg,Green,Green,85.11068725585938,9.515216827392578,59.41378402709961,18.0734920501709,42.20590591430664,8.10138988494873,0.0021508934441953897,0.006452680565416813,0.03342157602310181,0.6661151647567749,0.2886333465576172,0.002729980042204261,0.000496360007673502,0.0,0.0,0.0,0.0,0.0,0.0,0.0,0.0,0.0,0.0036399734672158957,0.011333554051816463,0.019027134403586388,0.024073461070656776,0.030526140704751015,0.04061879590153694,0.06551952660083771,0.07354401051998138,0.09133024513721466,0.10977829247713089,0.19647584855556488,0.14642620086669922,0.10282925516366959,0.07536399364471436,0.008272667415440083,0.001240900019183755,0.0,0.0,0.0,0.007279946934431791,0.0900893434882164,0.16379880905151367,0.3303276002407074,0.24147915840148926,0.12276638299226761,0.03515883535146713,0.007941760122776031,0.000248180003836751,0.0006618133629672229,0.000248180003836751,0.0,0.0,86.20449829101562,68.53446197509766,45.414222717285156
Green_56.jpg,Green,Green,86.87117004394531,9.07764720916748,53.3528938293457,16.307811737060547,43.69880676269531,8.122757911682129,0.0,0.003914227243512869,0.03403675928711891,0.5182947516441345,0.44035059213638306,0.002808032790198922,0.0003403676091693342,0.0001701838045846671,0.0,8.509190229233354e-05,0.0,0.0,0.0,0.0,0.0,0.0,0.006211708765476942,0.022634444758296013,0.02859087847173214,0.02782505191862583,0.03199455514550209,0.04433288052678108,0.057692307978868484,0.09402655065059662,0.15520761907100677,0.1934138834476471,0.20319946110248566,0.11546970903873444,0.01829475909471512,0.0005956433014944196,0.0004254594969097525,8.509190229233354e-05,0.0,0.0,0.0,0.004594962578266859,0.05394826456904411,0.19537100195884705,0.22855684161186218,0.26369979977607727,0.2151123285293579,0.0247617419809103,0.012338325381278992,0.0010211027693003416,0.0005956433014944196,0.0,0.0,0.0,91.6433334350586,67.40453338623047,43.836097717285156
Green_57.jpg,Green,Green,86.52374267578125,6.168672561645508,57.456512451171875,18.916208267211914,41.38410568237305,9.237024307250977,0.0,0.0,0.01978239417076111,0.7260138392448425,0.2533382773399353,0.0008654796984046698,0.0,0.0,0.0,0.0,0.0,0.0,0.0,0.0,0.0,0.0,0.003090999089181423,0.017062313854694366,0.027324430644512177,0.03907022625207901,0.0416666679084301,0.04364490509033203,0.04982690513134003,0.05724530294537544,0.08926805108785629,0.1568991094827652,0.17705242335796356,0.10583580285310745,0.1445351094007492,0.046488624066114426,0.0009891196386888623,0.0,0.0,0.0,0.0001236399548361078,0.0160731952637434,0.0990356057882309,0.30415430665016174,0.21439169347286224,0.1635756641626358,0.12870919704437256,0.05563798174262047,0.01792779378592968,0.0003709198790602386,0.0,0.0,0.0,0.0,85.20499420166016,79.74171447753906,35.44319534301758
Green_58.jpg,Green,Green,85.87767028808594,8.483420372009277,55.95004653930664,17.13100814819336,43.41213607788086,10.14319896697998,0.0,0.005066956393420696,0.025817347690463066,0.5985040664672852,0.3688020408153534,0.001327059930190444,0.00012064181646564975,0.00012064181646564975,0.0002412836329312995,0.0,0.0,0.0,0.0,0.0,0.0,0.0,0.003619254333898425,0.015562794171273708,0.03003981150686741,0.030763663351535797,0.03981179744005203,0.04150078445672989,0.05066956207156181,0.06985160708427429,0.10061527043581009,0.15405960381031036,0.23561346530914307,0.16648569703102112,0.05730486288666725,0.003619254333898425,0.0002412836329312995,0.0002412836329312995,0.0,0.0,0.000482567265862599,0.009410061873495579,0.09446254372596741,0.22366993129253387,0.1879599541425705,0.21836169064044952,0.13342984020709991,0.10568223148584366,0.02328387089073658,0.0008444926934316754,0.001327059930190444,0.0010857763700187206,0.0,0.0,85.95744323730469,66.72333526611328,44.74614715576172
Green_59.jpg,Green,Green,86.67367553710938,10.077723503112793,55.36030578613281,17.24551010131836,41.56840515136719,10.828999519348145,0.0011238660663366318,0.006100987549871206,0.02833748050034046,0.5186641812324524,0.43983301520347595,0.004656016826629639,0.0006422091973945498,0.0004816568980459124,0.00016055229934863746,0.0,0.0,0.0,0.0,0.0,0.0,0.0,0.004174359608441591,0.016536887735128403,0.023440636694431305,0.023681463673710823,0.03612426668405533,0.04607851058244705,0.08332664519548416,0.096893310546875,0.1312514990568161,0.12354499846696854,0.17588505148887634,0.13879746198654175,0.08974873274564743,0.009633137844502926,0.0003211045986972749,0.0005619330331683159,0.0,8.027614967431873e-05,0.0017660752637311816,0.027293890714645386,0.20350004732608795,0.1558160036802292,0.16625191271305084,0.1834309995174408,0.1599903702735901,0.09183591604232788,0.009151481091976166,0.0007224853616207838,0.00016055229934863746,0.0,0.0,0.0,91.66297912597656,68.20282745361328,42.84431838989258
Green_6.jpg,Green,Green,87.8740234375,19.28911781311035,50.28232192993164,21.896385192871094,35.47562789916992,8.815505027770996,0.0029498524963855743,0.020215164870023727,0.07799757272005081,0.3240499794483185,0.5229914784431458,0.02646191231906414,0.011105326935648918,0.011799409985542297,0.0019087280379608274,8.676036668475717e-05,0.00017352073336951435,8.676036668475717e-05,8.676036668475717e-05,0.0,8.676036668475717e-05,0.0,0.012580253183841705,0.04572271555662155,0.05882352963089943,0.0544855110347271,0.06784661114215851,0.05743536353111267,0.05795592442154884,0.08311643451452255,0.10220371186733246,0.10862398147583008,0.09292035549879074,0.11721325665712357,0.12068367004394531,0.017959395423531532,0.0013881658669561148,0.001041124458424747,0.0,0.0,0.01162588968873024,0.07851812988519669,0.2772861421108246,0.2471802830696106,0.17690439522266388,0.16310949623584747,0.02897796221077442,0.009630400687456131,0.006767308805137873,0.0,0.0,0.0,0.0,0.0,93.12542724609375,78.56241607666016,32.966793060302734
Green_60.jpg,Green,Green,89.81075286865234,11.192420959472656,57.02522659301758,18.346935272216797,39.166419982910156,8.225470542907715,0.0,0.004539406858384609,0.03678484633564949,0.30359238386154175,0.6485090255737305,0.003991547506302595,0.001017453265376389,0.000547859410289675,0.00015653127047698945,0.00015653127047698945,0.0003913281543646008,0.00023479689843952656,0.0,0.0,7.826563523849472e-05,0.0,0.003913281485438347,0.014479142613708973,0.02214917354285717,0.03623698651790619,0.03983720764517784,0.05040306970477104,0.05885575711727142,0.08483994752168655,0.08210065215826035,0.11841590702533722,0.17570634186267853,0.17406277358531952,0.10495421290397644,0.03161931410431862,0.0018783751875162125,0.000547859410289675,0.0,0.0,0.002661031438037753,0.047663770616054535,0.13422556221485138,0.2153087556362152,0.27009469270706177,0.28183454275131226,0.02833215892314911,0.012835564091801643,0.006652578711509705,0.0003913281543646008,0.0,0.0,0.0,0.0,94.21116638183594,67.56927490234375,42.43598937988281
Green_61.jpg,Green,Green,82.68592834472656,11.828226089477539,57.33049392700195,17.529014587402344,43.72692108154297,9.668745040893555,0.0010585370473563671,0.01503122691065073,0.0698634460568428,0.6141632199287415,0.2985074520111084,0.001270244480110705,0.0,0.00010585370910121128,0.0,0.0,0.0,0.0,0.0,0.0,0.0,0.0,0.002434635302051902,0.011538054794073105,0.018841959536075592,0.025299036875367165,0.03609611466526985,0.044670265167951584,0.0558907575905323,0.08447126299142838,0.1396210491657257,0.17180056869983673,0.15962739288806915,0.10638298094272614,0.06975759565830231,0.05282100290060043,0.01863025315105915,0.0021170740947127342,0.0,0.0,0.0030697574838995934,0.01725415512919426,0.0910341888666153,0.17592886090278625,0.14374934136867523,0.31163331866264343,0.1652376353740692,0.07356832921504974,0.0174658615142107,0.0005292685236781836,0.0003175611200276762,0.00021170741820242256,0.0,0.0,80.00420379638672,56.40462112426758,54.408851623535156
Green_62.jpg,Green,Green,79.9047622680664,12.046843528747559,58.70762252807617,18.949474334716797,42.861915588378906,7.8100385665893555,0.0007374631240963936,0.020332911983132362,0.08091024309396744,0.7486304044723511,0.14591234922409058,0.0029498524963855743,0.00010535187175264582,0.0004214074870105833,0.0,0.0,0.0,0.0,0.0,0.0,0.0,0.0,0.0009481668821536005,0.012010113336145878,0.025495152920484543,0.04077117517590523,0.04214074835181236,0.048672568053007126,0.04888327047228813,0.05520438402891159,0.07490518689155579,0.1152549535036087,0.1782553791999817,0.16424357891082764,0.13695743680000305,0.04951538145542145,0.004846186377108097,0.001896333764307201,0.0,0.0,0.0016856299480423331,0.009587020613253117,0.04930467903614044,0.18931731581687927,0.29877790808677673,0.25948166847229004,0.15686894953250885,0.027602192014455795,0.0067425197921693325,0.00021070374350529164,0.0004214074870105833,0.0,0.0,0.0,79.00885009765625,69.62667083740234,44.05685806274414
Green_63.jpg,Green,Green,81.39308166503906,10.644606590270996,55.004783630371094,19.321916580200195,43.85908889770508,9.593886375427246,0.001133086159825325,0.016687268391251564,0.05119489133358002,0.7734857797622681,0.1565718948841095,0.0009270704467780888,0.0,0.0,0.0,0.0,0.0,0.0,0.0,0.0,0.0,0.0,0.003193242708221078,0.017408322542905807,0.02709105983376503,0.02698805183172226,0.039245981723070145,0.05902348458766937,0.11763493716716766,0.11073341220617294,0.10177173465490341,0.11547177284955978,0.11588380485773087,0.09847548604011536,0.0704573541879654,0.08117017149925232,0.012669962830841541,0.0027812113985419273,0.0,0.0,0.0002060156548395753,0.007313556037843227,0.07004532217979431,0.266069233417511,0.15430572628974915,0.1931396722793579,0.18840131163597107,0.1094973236322403,0.010609806515276432,0.0004120313096791506,0.0,0.0,0.0,0.0,75.76534271240234,43.43136978149414,57.409934997558594
Green_64.jpg,Green,Green,78.75558471679688,11.20899486541748,58.4088134765625,20.029117584228516,43.00079345703125,8.908367156982422,0.0002839833323378116,0.022907989099621773,0.09163195639848709,0.8254449367523193,0.058973874896764755,0.0005679666646756232,0.0,0.00018932222155854106,0.0,0.0,0.0,0.0,0.0,0.0,0.0,0.0,0.0021772056352347136,0.013820522464811802,0.02470654994249344,0.03720181807875633,0.04089359939098358,0.058216582983732224,0.06976523995399475,0.0808405876159668,0.07506626099348068,0.08292313665151596,0.11804240942001343,0.16840212047100067,0.1365959793329239,0.07478228211402893,0.013820522464811802,0.002745172241702676,0.0,0.0005679666646756232,0.003786444431170821,0.013063233345746994,0.07336236536502838,0.18137069046497345,0.25833016633987427,0.20531995594501495,0.20939038693904877,0.048371829092502594,0.00615297257900238,0.0002839833323378116,0.0,0.0,0.0,0.0,80.84185028076172,80.55484008789062,42.14232635498047
Green_65.jpg,Green,Green,83.0448226928711,12.122849464416504,59.2094612121582,18.300134658813477,41.57406234741211,10.645631790161133,0.0013455554144456983,0.01875367946922779,0.06475485861301422,0.6572197675704956,0.25716927647590637,0.0005886805010959506,0.0,0.0,0.0,0.0,8.409721340285614e-05,0.0,0.0,0.0,8.409721340285614e-05,0.0,0.0009250693838112056,0.010175763629376888,0.021528886631131172,0.023883609101176262,0.030359094962477684,0.03750735893845558,0.06298881769180298,0.08594735711812973,0.11496089398860931,0.15154318511486053,0.15145908296108246,0.09730047732591629,0.1003279760479927,0.07888318598270416,0.02867715060710907,0.0035320830065757036,0.0,0.0006727777072228491,0.004120763391256332,0.04078714922070503,0.18265914916992188,0.16693297028541565,0.12009082734584808,0.1729038804769516,0.27768900990486145,0.024808678776025772,0.008325624279677868,0.0005045832949690521,0.00016819442680571228,0.00033638885361142457,0.0,0.0,84.5879135131836,56.4399528503418,53.10070037841797
Green_66.jpg,Green,Green,81.87102508544922,11.962785720825195,59.02485275268555,18.470754623413086,42.789710998535156,8.38370418548584,0.0032419171184301376,0.018925786018371582,0.060282133519649506,0.6610006093978882,0.25470954179763794,0.0012266713893041015,0.0003504775231704116,0.0002628581423778087,0.0,0.0,0.0,0.0,0.0,0.0,0.0,0.0,0.004380968865007162,0.01209147460758686,0.018838167190551758,0.03119250014424324,0.03320774435997009,0.05204591155052185,0.05791641026735306,0.06746692210435867,0.08560413867235184,0.11337947845458984,0.14842723309993744,0.16367299854755402,0.17103303968906403,0.03837728872895241,0.0016647682059556246,0.0007009550463408232,0.0,0.0,0.0006133356946520507,0.005695259664207697,0.07806886732578278,0.17655305564403534,0.29527732729911804,0.2351704239845276,0.15613773465156555,0.03864014893770218,0.013493385165929794,0.0003504775231704116,0.0,0.0,0.0,0.0,83.5240707397461,79.50077056884766,42.990474700927734
Green_67.jpg,Green,Green,88.87118530273438,8.942301750183105,52.03696823120117,17.17163848876953,44.251564025878906,7.4649882316589355,0.00032182797440327704,0.003620564704760909,0.033952850848436356,0.31394320726394653,0.647678792476654,0.00032182797440327704,0.0,0.00016091398720163852,0.0,0.0,0.0,0.0,0.0,0.0,0.0,0.0,0.0034596507903188467,0.01786145381629467,0.03202188387513161,0.04119398072361946,0.04923968017101288,0.05760720744729042,0.08295116573572159,0.09968622028827667,0.13492637872695923,0.16010941565036774,0.1636495292186737,0.11449030786752701,0.040872152894735336,0.0019309679046273232,0.0,0.0,0.0,0.0,0.00016091398720163852,0.0034596507903188467,0.03274599835276604,0.1593853086233139,0.27918577194213867,0.28602463006973267,0.19285541772842407,0.038780272006988525,0.007080215495079756,8.045699360081926e-05,0.0002413709880784154,0.0,0.0,0.0,93.6072998046875,68.51081085205078,43.47030258178711
Green_68.jpg,Green,Green,88.15435028076172,10.944084167480469,55.692447662353516,17.79226303100586,41.265594482421875,8.184937477111816,0.0017515051877126098,0.01412151101976633,0.02824302203953266,0.32742199301719666,0.6273672580718994,0.0008757525938563049,0.0,0.00010946907423203811,0.0,0.0,0.0,0.0,0.0,0.0,0.0,0.00010946907423203811,0.0016420361353084445,0.016858236864209175,0.031198685988783836,0.03886152058839798,0.033935412764549255,0.044663380831480026,0.062068965286016464,0.08089764416217804,0.11340995877981186,0.11713191121816635,0.19518336653709412,0.18347017467021942,0.06392993777990341,0.015763547271490097,0.0005473453784361482,0.00043787629692815244,0.0,0.0,0.0006568144308403134,0.007772304117679596,0.0833059623837471,0.26808977127075195,0.29589492082595825,0.2067870795726776,0.07892720401287079,0.04794745519757271,0.010399562306702137,0.00021893814846407622,0.0,0.0,0.0,0.0,92.54273223876953,68.63127136230469,42.21342468261719
Green_69.jpg,Green,Green,81.31364440917969,10.925700187683105,56.09956741333008,18.117965698242188,44.22727584838867,10.430160522460938,0.0006815858068875968,0.01669885218143463,0.06759059429168701,0.7586050033569336,0.15403839945793152,0.0019311598734930158,0.0003407929034437984,0.00011359763448126614,0.0,0.0,0.0,0.0,0.0,0.0,0.0,0.0,0.0017039645463228226,0.013063727878034115,0.026468249037861824,0.027831420302391052,0.028285810723900795,0.03169374167919159,0.0933772549033165,0.14665454626083374,0.1246166080236435,0.10962171852588654,0.13336361944675446,0.10246507078409195,0.08996932953596115,0.05759400129318237,0.010791775770485401,0.002499148016795516,0.0,0.0,0.0009087810758501291,0.00965579878538847,0.07872316241264343,0.2432125359773636,0.19993184506893158,0.12757015228271484,0.17584913969039917,0.1369987577199936,0.025900261476635933,0.00022719526896253228,0.0006815858068875968,0.0003407929034437984,0.0,0.0,76.99349975585938,44.586483001708984,57.06411361694336
Green_7.jpg,Green,Green,84.77494812011719,9.986313819885254,54.5104866027832,18.775985717773438,42.18241882324219,9.353468894958496,0.004244306590408087,0.00683229835703969,0.015113871544599533,0.765320897102356,0.20248447358608246,0.004865424241870642,0.0007246377062983811,0.00020703933842014521,0.0,0.00010351966921007261,0.0,0.0,0.0,0.0,0.00010351966921007261,0.0,0.006418219301849604,0.02401656284928322,0.02981366403400898,0.039958592504262924,0.04668737202882767,0.04627329111099243,0.06356107443571091,0.07184264808893204,0.09616976976394653,0.16345755755901337,0.1874741166830063,0.11884058266878128,0.07443064451217651,0.03084886074066162,0.00020703933842014521,0.0,0.0,0.0,0.0003105590003542602,0.018840579316020012,0.14834368228912354,0.15714286267757416,0.17308488488197327,0.314078688621521,0.13157349824905396,0.039958592504262924,0.014699793420732021,0.0014492754125967622,0.0005175983533263206,0.0,0.0,0.0,85.66413879394531,67.37736511230469,45.17145919799805
Green_70.jpg,Green,Green,82.58193969726562,12.852664947509766,54.907257080078125,18.233753204345703,45.1627197265625,8.457476615905762,0.003275934373959899,0.02099958062171936,0.06694666296243668,0.5967240929603577,0.30844181776046753,0.0026039478834718466,0.0006719865486957133,0.00033599327434785664,0.0,0.0,0.0,0.0,0.0,0.0,0.0,0.0,0.0031919360626488924,0.011255774646997452,0.020495589822530746,0.026879461482167244,0.051238976418972015,0.08189836144447327,0.09063418954610825,0.0846703052520752,0.1177656427025795,0.12162956595420837,0.12028559297323227,0.11877362430095673,0.11390171945095062,0.03569928556680679,0.0009239815408363938,0.0007559848600067198,0.0,0.0,8.399831858696416e-05,0.006131877191364765,0.0542629137635231,0.14271314442157745,0.21931961178779602,0.22771944105625153,0.2832423448562622,0.05879882350564003,0.007223855704069138,0.00033599327434785664,0.00016799663717392832,0.0,0.0,0.0,83.63247680664062,79.3863296508789,43.191165924072266
Green_71.jpg,Green,Green,89.57172393798828,10.523404121398926,55.69863510131836,18.466522216796875,40.214622497558594,8.273063659667969,0.000540749344509095,0.00857473909854889,0.03901120275259018,0.26303592324256897,0.6858246326446533,0.0028582464437931776,0.0001544998085591942,0.0,0.0,0.0,0.0,0.0,0.0,0.0,0.0,0.0,0.0020084974821656942,0.014600231312215328,0.023483971133828163,0.03144071251153946,0.05168018490076065,0.06303592026233673,0.06944766640663147,0.07941289991140366,0.10730011761188507,0.16346079111099243,0.10544611513614655,0.1353418380022049,0.11224410682916641,0.039397452026605606,0.0010042487410828471,0.0006952491239644587,0.0,0.0001544998085591942,0.003012746339663863,0.018539976328611374,0.14492082595825195,0.20888373255729675,0.2766318917274475,0.23769795894622803,0.0903051346540451,0.011741985566914082,0.006257242057472467,0.00108149868901819,0.0006179992342367768,0.0001544998085591942,0.0,0.0,95.66056060791016,57.57828140258789,45.3626594543457
Green_72.jpg,Green,Green,81.26822662353516,13.080928802490234,53.847599029541016,19.037187576293945,43.62580871582031,9.781434059143066,0.0008049369207583368,0.015651552006602287,0.06582595407962799,0.724443256855011,0.19050174951553345,0.000983811798505485,0.0002683123166207224,0.00035774975549429655,0.0002683123166207224,8.943743887357414e-05,8.943743887357414e-05,0.00017887487774714828,8.943743887357414e-05,8.943743887357414e-05,0.0002683123166207224,8.943743887357414e-05,0.005187371280044317,0.01815580017864704,0.024148108437657356,0.03192916512489319,0.04525534436106682,0.08246131986379623,0.08746981620788574,0.09077899903059006,0.14676684141159058,0.14318934082984924,0.0869331881403923,0.07781057059764862,0.0832662582397461,0.06859851628541946,0.00733387004584074,0.0007154995109885931,0.0,0.0,0.0008049369207583368,0.013326178304851055,0.08031482249498367,0.21965834498405457,0.18272069096565247,0.2500670850276947,0.13084697723388672,0.09757624566555023,0.024684732779860497,0.0,0.0,0.0,0.0,0.0,81.66857147216797,56.432865142822266,45.595489501953125
Green_73.jpg,Green,Green,83.31714630126953,10.21159839630127,53.31802749633789,18.068767547607422,42.188385009765625,8.713400840759277,9.521088941255584e-05,0.007236027624458075,0.05703132599592209,0.6348662376403809,0.2992478311061859,0.0011425307020545006,9.521088941255584e-05,0.00028563267551362514,0.0,0.0,0.0,0.0,0.0,0.0,0.0,0.0,0.0018090069061145186,0.016471484676003456,0.030753118917346,0.04712939262390137,0.055603161454200745,0.052365992218256,0.06207749992609024,0.0899742916226387,0.1404360681772232,0.15652669966220856,0.14662477374076843,0.10635056346654892,0.06826621294021606,0.021803293377161026,0.002665905049070716,0.0011425307020545006,0.0,9.521088941255584e-05,0.002285061404109001,0.012282204814255238,0.0835951641201973,0.21536703407764435,0.2608778476715088,0.23669427633285522,0.13262876868247986,0.04674854874610901,0.008664190769195557,0.0001904217788251117,0.00047605446889065206,9.521088941255584e-05,0.0,0.0,82.213134765625,69.56547546386719,42.586341857910156
Green_74.jpg,Green,Green,82.19583892822266,11.202940940856934,53.83251190185547,18.281131744384766,42.28129196166992,8.8388032913208,0.0024776472710072994,0.007432941813021898,0.06398793309926987,0.7139933109283447,0.21081547439098358,0.001077238004654646,0.0,0.0,0.0,0.0,0.0,0.0,0.0,0.0,0.0,0.0002154475951101631,0.0014004093827679753,0.019390283152461052,0.026823224499821663,0.0456748902797699,0.054292794317007065,0.05569320172071457,0.060756221413612366,0.08876440674066544,0.12560594081878662,0.15706129372119904,0.15189054608345032,0.1052461490035057,0.0784229263663292,0.024668749421834946,0.003662609029561281,0.0006463427562266588,0.0,0.0,0.0023699235171079636,0.011418722569942474,0.08370138704776764,0.21393945813179016,0.2589679956436157,0.2321447879076004,0.13465474545955658,0.049122050404548645,0.012388236820697784,0.0011849617585539818,0.00010772379755508155,0.0,0.0,0.0,83.59149932861328,68.47714233398438,43.408687591552734
Green_75.jpg,Green,Green,83.6968994140625,9.35098648071289,49.00433349609375,17.316974639892578,45.07838821411133,9.343911170959473,0.0006432522786781192,0.007204425521194935,0.016338607296347618,0.7937732934951782,0.17766627669334412,0.0019297568360343575,0.0012865045573562384,0.0009005531901493669,0.0002573009114712477,0.0,0.0,0.0,0.0,0.0,0.0,0.0,0.0028303100261837244,0.01968351937830448,0.04155409708619118,0.051460184156894684,0.06792744249105453,0.08297954499721527,0.07950598001480103,0.10394956916570663,0.14370256662368774,0.16531583666801453,0.1286504566669464,0.0804065391421318,0.028303099796175957,0.003730863332748413,0.0,0.0,0.0,0.0,0.0002573009114712477,0.0034735624212771654,0.053132638335227966,0.18680046498775482,0.21021485328674316,0.22282259166240692,0.20905698835849762,0.0858098566532135,0.021098675206303596,0.0048887175507843494,0.002187057863920927,0.0002573009114712477,0.0,0.0,83.24801635742188,67.81422424316406,44.021488189697266
Green_76.jpg,Green,Green,80.53120422363281,13.757177352905273,55.33724594116211,16.566429138183594,43.17877197265625,8.84694766998291,0.0003392130311112851,0.012098598293960094,0.07417458295822144,0.7337177991867065,0.17571234703063965,0.001922207185998559,0.00045228403178043664,0.0006784260622225702,0.0,0.0,0.0,0.0,0.0,0.0,0.00011307100794510916,0.0007914970628917217,0.006671189330518246,0.012777023948729038,0.019900497049093246,0.027476254850625992,0.02702397108078003,0.04477611929178238,0.08242876827716827,0.09871099144220352,0.12109904736280441,0.16644053161144257,0.17186793684959412,0.154341921210289,0.05461329594254494,0.00927182286977768,0.0018091361271217465,0.0007914970628917217,0.0,0.0,0.0007914970628917217,0.0061058346182107925,0.06614653766155243,0.2035278081893921,0.3021257221698761,0.168815016746521,0.17797376215457916,0.06060606241226196,0.009950248524546623,0.0011307101231068373,0.0010176390642300248,0.0018091361271217465,0.0,0.0,79.86198425292969,68.7176742553711,42.470149993896484
Green_77.jpg,Green,Green,83.11198425292969,10.614377975463867,55.77455520629883,19.896142959594727,40.5794792175293,9.418127059936523,0.0024471418000757694,0.005873139947652817,0.056675802916288376,0.6761941909790039,0.25685200095176697,0.0018598276656121016,0.0,9.788566967472434e-05,0.0,0.0,0.0,0.0,0.0,0.0,0.0,0.0,0.003132341429591179,0.01889193430542946,0.02505873143672943,0.03895849734544754,0.046495694667100906,0.07037979364395142,0.08251761645078659,0.0778191089630127,0.09328504651784897,0.09994126856327057,0.14007438719272614,0.11814800649881363,0.11393892019987106,0.0571652315557003,0.011452623642981052,0.0027407987508922815,9.788566967472434e-05,0.0009788566967472434,0.006851996760815382,0.029561473056674004,0.14575175940990448,0.20467893779277802,0.20056773722171783,0.23228269815444946,0.15377838909626007,0.01634690724313259,0.00871182419359684,0.00039154267869889736,0.0,0.0,0.0,0.0,82.12138366699219,68.8160171508789,43.83464813232422
Green_78.jpg,Green,Green,81.82424926757812,11.842074394226074,55.20169448852539,20.169450759887695,42.74470901489258,10.51988697052002,0.00057542126160115,0.014878750778734684,0.07513357698917389,0.662885308265686,0.24364981055259705,0.002877106424421072,0.0,0.0,0.0,0.0,0.0,0.0,0.0,0.0,0.0,0.0,0.0016440608305856586,0.0175914503633976,0.03271681070327759,0.04044389724731445,0.05417180433869362,0.0595972053706646,0.06354295462369919,0.09395807981491089,0.11557747423648834,0.15355528891086578,0.10357583314180374,0.06789971143007278,0.08631319552659988,0.08351828902959824,0.02408549189567566,0.0018084668554365635,0.0,0.0,0.0029593093786388636,0.03033292293548584,0.12544183433055878,0.2073160707950592,0.1407316029071808,0.16900944709777832,0.23822441697120667,0.07809288799762726,0.006905055604875088,0.00057542126160115,0.0003288121661171317,8.220304152928293e-05,0.0,0.0,76.83891296386719,56.65060043334961,54.10511779785156
Green_79.jpg,Green,Green,84.90149688720703,8.469698905944824,60.112361907958984,18.241907119750977,44.44621276855469,7.370937347412109,0.0005319620249792933,0.0034577534534037113,0.04468481242656708,0.7414664626121521,0.20764252543449402,0.0015958861913532019,0.000354641379090026,0.0002659810124896467,0.0,0.0,0.0,0.0,0.0,0.0,0.0,0.0,0.0010639240499585867,0.009220675565302372,0.01790938898921013,0.030765138566493988,0.043975528329610825,0.04370955005288124,0.043177586048841476,0.060466352850198746,0.08484794944524765,0.1238584965467453,0.13875342905521393,0.18627537786960602,0.15089990198612213,0.05842716619372368,0.005496941041201353,0.0011525844456627965,0.0,8.86603447725065e-05,0.0020391878206282854,0.004876318853348494,0.03918787091970444,0.10958418250083923,0.2846883535385132,0.35375475883483887,0.15169784426689148,0.046546678990125656,0.006472204811871052,0.0005319620249792933,0.000177320689545013,0.000354641379090026,0.0,0.0,85.84635162353516,69.8980941772461,44.427032470703125
Green_8.jpg,Green,Green,84.34727478027344,7.9127726554870605,58.827945709228516,19.054481506347656,41.667747497558594,8.586732864379883,0.0,0.0,0.01378239318728447,0.7713287472724915,0.2102300226688385,0.003882364369928837,9.705910633783787e-05,0.0006794137880206108,0.0,0.0,0.0,0.0,0.0,0.0,0.0,0.0,0.0010676501551643014,0.019994176924228668,0.02834125980734825,0.029020672664046288,0.03086479753255844,0.03901776298880577,0.053770747035741806,0.07793846726417542,0.09502086788415909,0.11540327966213226,0.1440357118844986,0.14393866062164307,0.1415121853351593,0.07939434796571732,0.0004852955462411046,0.00019411821267567575,0.0,9.705910633783787e-05,0.0004852955462411046,0.01475298497825861,0.07318256795406342,0.2486654371023178,0.3090361952781677,0.1893623173236847,0.10191206634044647,0.04406483471393585,0.01543239876627922,0.0029117732774466276,9.705910633783787e-05,0.0,0.0,0.0,82.06277465820312,68.32006072998047,43.665924072265625
Green_80.jpg,Green,Green,77.06731414794922,15.998950958251953,54.268218994140625,18.10622215270996,45.923641204833984,10.835404396057129,0.006323541048914194,0.02321299910545349,0.12062755227088928,0.7274473905563354,0.11710558086633682,0.003121748100966215,0.000320179300615564,0.00048026893637143075,0.000160089650307782,0.0,8.0044825153891e-05,8.0044825153891e-05,0.00024013446818571538,8.0044825153891e-05,8.0044825153891e-05,0.000640358601231128,0.008004482835531235,0.02025134116411209,0.027455374598503113,0.02897622622549534,0.032578244805336,0.05755222961306572,0.07252061367034912,0.11062195152044296,0.12326902896165848,0.13791723549365997,0.16481229662895203,0.12350916862487793,0.05619146674871445,0.028656046837568283,0.007444168906658888,0.00024013446818571538,0.0,0.0,0.0005603137542493641,0.011926678940653801,0.06899864226579666,0.172416552901268,0.19675017893314362,0.198751300573349,0.12398943305015564,0.16105018556118011,0.06315536797046661,0.0016809413209557533,0.0007204034482128918,0.0,0.0,0.0,78.27229309082031,68.27665710449219,56.72298049926758
Green_81.jpg,Green,Green,75.60858154296875,12.896316528320312,55.278076171875,19.34882926940918,46.457820892333984,9.867552757263184,0.006249349098652601,0.028538694605231285,0.13071554899215698,0.7613790035247803,0.07145088911056519,0.0008332465658895671,0.00031246745493263006,0.0005207791109569371,0.0,0.0,0.0,0.0,0.0,0.0,0.0,0.0,0.0038537653163075447,0.011873763054609299,0.022705968469381332,0.04468284547328949,0.05832725763320923,0.07832517474889755,0.07884595543146133,0.06697218865156174,0.07613790035247803,0.13071554899215698,0.11936256289482117,0.13956879079341888,0.12915320694446564,0.03780855983495712,0.0016664931317791343,0.0,0.0,0.0,0.0007290907087735832,0.012811165302991867,0.056660763919353485,0.13227789103984833,0.18518903851509094,0.21476928889751434,0.21789397299289703,0.1475887894630432,0.031246745958924294,0.00020831164147239178,0.0005207791109569371,0.00010415582073619589,0.0,0.0,78.80561065673828,69.37920379638672,43.73570251464844
Green_82.jpg,Green,Green,82.96661376953125,8.80032730102539,60.782779693603516,20.248952865600586,44.992469787597656,8.815469741821289,0.0009965122444555163,0.016068758442997932,0.02491280436515808,0.8624812960624695,0.09454409778118134,0.0009965122444555163,0.0,0.0,0.0,0.0,0.0,0.0,0.0,0.0,0.0,0.0,0.0002491280611138791,0.01245640218257904,0.02142501249909401,0.035500746220350266,0.03400597721338272,0.045216742902994156,0.06302939355373383,0.06066267937421799,0.08320876955986023,0.11895864456892014,0.15284006297588348,0.09828101843595505,0.08657199889421463,0.1300448477268219,0.05318883806467056,0.004359740763902664,0.0,0.00012456403055693954,0.0032386647071689367,0.005979073233902454,0.03300946578383446,0.11547084897756577,0.3572496175765991,0.2041604369878769,0.15122072398662567,0.10463377833366394,0.022296961396932602,0.0017438963986933231,0.000622820109128952,0.0002491280611138791,0.0,0.0,83.360107421875,82.40825653076172,40.910919189453125
Green_83.jpg,Green,Green,77.87846374511719,14.420051574707031,57.82331848144531,17.48982810974121,43.67597579956055,12.07806396484375,0.0028323750011622906,0.024890568107366562,0.13809973001480103,0.6656081080436707,0.1636769324541092,0.004205647390335798,0.0003433181846048683,8.582954615121707e-05,0.0,0.0,0.0,0.0,0.0,0.0,0.0,0.0002574886311776936,0.003347352147102356,0.01793837361037731,0.020599089562892914,0.020856579765677452,0.021800704300403595,0.03398849815130234,0.04591880366206169,0.08574371039867401,0.16050124168395996,0.1852201521396637,0.15217578411102295,0.10883186012506485,0.06342802941799164,0.05407261103391647,0.022058192640542984,0.0035190111957490444,0.0,0.0022315680980682373,0.006694704294204712,0.0271221362054348,0.10325293987989426,0.2348296344280243,0.18504849076271057,0.09604325890541077,0.1290876269340515,0.1608445644378662,0.053214315325021744,0.0011157840490341187,0.0005149772623553872,0.0,0.0,0.0,77.00191497802734,56.820701599121094,57.14229202270508
Green_84.jpg,Green,Green,84.48007202148438,8.884157180786133,60.241458892822266,18.88770866394043,42.34849166870117,9.748408317565918,0.0006265173433348536,0.009476074948906898,0.028428224846720695,0.7685018181800842,0.1903829574584961,0.002114495960995555,0.00046988800750114024,0.0,0.0,0.0,0.0,0.0,0.0,0.0,0.0,0.0,0.0025843840558081865,0.013313493691384792,0.016602709889411926,0.02380765974521637,0.029368000105023384,0.036964524537324905,0.0483984649181366,0.10267052799463272,0.123032346367836,0.11786357313394547,0.11574908345937729,0.10674289613962173,0.12240582704544067,0.11747200042009354,0.020126869902014732,0.0028976427856832743,0.0,0.0006265173433348536,0.004855509381741285,0.02850653976202011,0.10823087394237518,0.19429869949817657,0.20972667634487152,0.1704910397529602,0.23846817016601562,0.037199467420578,0.006030229385942221,0.0008614613325335085,0.0007048320258036256,0.0,0.0,0.0,84.88319396972656,55.70282745361328,52.89314270019531
Green_85.jpg,Green,Green,85.22156524658203,8.328092575073242,55.40559768676758,16.414213180541992,46.30057144165039,8.206645011901855,0.0,0.0014347202377393842,0.030026644468307495,0.6389629244804382,0.32762861251831055,0.0012297602370381355,0.0003074400592595339,0.0002049600298050791,0.0002049600298050791,0.0,0.0,0.0,0.0,0.0,0.0,0.0,0.0005124000599607825,0.009325681254267693,0.021725762635469437,0.032486166805028915,0.042119286954402924,0.05585160851478577,0.057798728346824646,0.08833777159452438,0.1366058588027954,0.1542324274778366,0.16253331303596497,0.17677803337574005,0.054621849209070206,0.006148801185190678,0.0006148801185190678,0.0003074400592595339,0.0,0.0,0.0,0.0006148801185190678,0.0246976837515831,0.10657921433448792,0.2999590039253235,0.22863291203975677,0.20065587759017944,0.11795450001955032,0.02029104344546795,0.0,0.0003074400592595339,0.0003074400592595339,0.0,0.0,86.22422790527344,69.65184020996094,43.314212799072266
Green_86.jpg,Green,Green,87.760986328125,10.349132537841797,53.20973205566406,17.600671768188477,42.76137924194336,7.868409156799316,8.716875890968367e-05,0.007235006894916296,0.029986053705215454,0.48230475187301636,0.47515690326690674,0.004358437843620777,0.0003486750356387347,0.000435843801824376,0.0,0.0,0.0,8.716875890968367e-05,0.0,0.0,0.0,0.0,0.005578800570219755,0.02083333395421505,0.027022315189242363,0.0425383560359478,0.04672245308756828,0.054480474442243576,0.06372036039829254,0.08228731155395508,0.11741631478071213,0.17895746231079102,0.18688981235027313,0.10922245681285858,0.06188981980085373,0.00226638768799603,8.716875890968367e-05,8.716875890968367e-05,0.0,0.0,0.00226638768799603,0.00976290088146925,0.06127963587641716,0.1736401617527008,0.3096234202384949,0.24433402717113495,0.17459902167320251,0.015167363919317722,0.00880404468625784,8.716875890968367e-05,0.00017433751781936735,0.0002615062694530934,0.0,0.0,92.2322006225586,67.8172836303711,41.61319351196289
Green_87.jpg,Green,Green,85.82843780517578,9.42873764038086,54.71484375,17.543926239013672,44.3876838684082,9.297628402709961,0.0,0.011859269812703133,0.02898932620882988,0.6265647411346436,0.33087363839149475,0.000527078693266958,0.0,0.001185926957987249,0.0,0.0,0.0,0.0,0.0,0.0,0.0,0.0,0.0017130057094618678,0.014231123961508274,0.03241533786058426,0.03491896018385887,0.04466991871595383,0.0596916601061821,0.06865199655294418,0.0768217146396637,0.10330741852521896,0.1220187097787857,0.20951376855373383,0.17406773567199707,0.054420873522758484,0.0035577809903770685,0.0,0.0,0.0,0.0,0.002371853915974498,0.010541573166847229,0.059559889137744904,0.2016075849533081,0.21386216580867767,0.18829885125160217,0.20845961570739746,0.10264857113361359,0.012649888172745705,0.0,0.0,0.0,0.0,0.0,86.63888549804688,69.1636734008789,45.0096435546875
Green_88.jpg,Green,Green,84.21772766113281,9.17988109588623,57.564144134521484,19.44871711730957,42.84762954711914,9.633698463439941,0.0,0.005531112663447857,0.03544940426945686,0.7649277448654175,0.19107478857040405,0.0027655563317239285,0.000251414196100086,0.0,0.0,0.0,0.0,0.0,0.0,0.0,0.0,0.0,0.0007542425883002579,0.02350722812116146,0.039472028613090515,0.03356379643082619,0.034695159643888474,0.033689502626657486,0.037837836891412735,0.061470773071050644,0.11967316269874573,0.15876807272434235,0.13714644312858582,0.13563796877861023,0.11200502514839172,0.06096794456243515,0.008548082783818245,0.0022627278231084347,0.0,0.0,0.0,0.005782526917755604,0.08812067657709122,0.3098680078983307,0.12294154614210129,0.1876807063817978,0.20050282776355743,0.06813324987888336,0.01508485246449709,0.0013827781658619642,0.000502828392200172,0.0,0.0,0.0,85.06456756591797,80.45619201660156,33.89626693725586
Green_89.jpg,Green,Green,87.36509704589844,11.365915298461914,55.3722038269043,19.508752822875977,40.3036003112793,8.82192325592041,0.0014491440961137414,0.01068743783980608,0.042296893894672394,0.4401775300502777,0.4995924234390259,0.004166289232671261,0.001268001040443778,0.00036228602402843535,0.0,0.0,0.0,0.0,0.0,0.0,0.0,0.0,0.007698577828705311,0.024635449051856995,0.027805453166365623,0.0353228859603405,0.04365546628832817,0.05461461842060089,0.0636717677116394,0.07553663849830627,0.11085952073335648,0.12498867511749268,0.13132868707180023,0.16574585437774658,0.08712978661060333,0.043746039271354675,0.0030794311314821243,0.00018114301201421767,0.0,0.0,0.000996286515146494,0.0220994483679533,0.1680101454257965,0.20967303216457367,0.1871207356452942,0.3234308362007141,0.05561090633273125,0.01766144298017025,0.014038583263754845,0.0008151435758918524,0.0005434290505945683,0.0,0.0,0.0,85.16831970214844,69.72633361816406,45.93084716796875
Green_9.jpg,Green,Green,84.52825927734375,7.509268283843994,57.3101692199707,19.861520767211914,42.70487976074219,9.595637321472168,0.0,0.0003223726525902748,0.007199656218290329,0.8430045247077942,0.14528261125087738,0.003223726525902748,0.0,0.0009671180159784853,0.0,0.0,0.0,0.0,0.0,0.0,0.0,0.0,0.0017193208914250135,0.014076939783990383,0.027509134262800217,0.026542015373706818,0.043842680752277374,0.05942402780056,0.07285622507333755,0.11712873727083206,0.1046636551618576,0.07962604612112045,0.09972061216831207,0.1220717802643776,0.12121212482452393,0.09542230516672134,0.013109821826219559,0.001074575586244464,0.0,0.0,0.00010745755571406335,0.00526542030274868,0.08005587756633759,0.295938104391098,0.19030733406543732,0.17203953862190247,0.1550612449645996,0.08327960222959518,0.01740812323987484,0.000537287793122232,0.0,0.0,0.0,0.0,81.90111541748047,69.02684783935547,44.70273971557617
Green_90.jpg,Green,Green,86.41560363769531,10.374921798706055,55.79395294189453,18.567861557006836,40.67156982421875,9.333549499511719,0.0,0.003415423445403576,0.03891785070300102,0.5383785963058472,0.4110192358493805,0.0060219308361411095,0.0008987956098280847,0.000719036499504,0.0006291569443419576,0.0,0.0,0.0,0.0,0.0,0.0,0.0,0.006201689597219229,0.023997843265533447,0.024447239935398102,0.03181736543774605,0.034873269498348236,0.03954700753092766,0.04386122524738312,0.11810174584388733,0.13931332528591156,0.12690994143486023,0.14353765547275543,0.11801186203956604,0.10929355025291443,0.03747977688908577,0.0021571095567196608,0.00044939780491404235,0.0,8.9879562438e-05,0.003415423445403576,0.04781592637300491,0.1712205708026886,0.1135178878903389,0.2045658826828003,0.3521481156349182,0.0801725685596466,0.01653783954679966,0.00880819745361805,0.001707711722701788,0.0,0.0,0.0,0.0,81.23817443847656,68.57781982421875,45.222900390625
Green_91.jpg,Green,Green,89.4478759765625,11.267759323120117,59.348453521728516,18.2011775970459,37.583831787109375,7.400293827056885,0.0,0.017582256346940994,0.025680309161543846,0.35135331749916077,0.6007879376411438,0.0045961919240653515,0.0,0.0,0.0,0.0,0.0,0.0,0.0,0.0,0.0,0.0,0.0016779747093096375,0.013496753759682178,0.018968410789966583,0.026118041947484016,0.038009777665138245,0.04041730612516403,0.054424747824668884,0.06310644000768661,0.10527467727661133,0.12489968538284302,0.16473335027694702,0.1664842814207077,0.10191872715950012,0.06879696249961853,0.008535784669220448,0.0031370832584798336,0.0,0.00014591084618587047,0.0035748158115893602,0.050412196666002274,0.12161669135093689,0.31662654876708984,0.3175019919872284,0.16159626841545105,0.014080396853387356,0.008827606216073036,0.004669147077947855,0.0007295542163774371,0.00021886627655476332,0.0,0.0,0.0,92.56580352783203,68.70459747314453,43.48523712158203
Green_92.jpg,Green,Green,88.18656921386719,7.496548652648926,57.60914611816406,17.158615112304688,39.63139724731445,7.19425630569458,0.0,0.004883396439254284,0.011760015971958637,0.5410603880882263,0.43980467319488525,0.002391867572441697,9.966114885173738e-05,0.0,0.0,0.0,0.0,0.0,0.0,0.0,0.0,0.0,0.002391867572441697,0.011461032554507256,0.02192545309662819,0.020430536940693855,0.026210883632302284,0.03458242118358612,0.05461431294679642,0.09378114342689514,0.1497907042503357,0.23898744583129883,0.09597369283437729,0.07335060834884644,0.07604146003723145,0.09906318783760071,0.0013952561421319842,0.0,0.0,0.0,0.0,0.005880007985979319,0.08501096069812775,0.3177197575569153,0.3181183934211731,0.20968706905841827,0.03617699816823006,0.016942396759986877,0.009069165214896202,0.0013952561421319842,0.0,0.0,0.0,0.0,92.49119567871094,57.77958679199219,43.465919494628906
Green_93.jpg,Green,Green,87.4117431640625,7.512808799743652,57.41413497924805,16.499507904052734,42.374202728271484,8.344793319702148,0.0,0.002072027651593089,0.026936359703540802,0.5229402780532837,0.4469659626483917,0.0009866798063740134,0.0,9.866798063740134e-05,0.0,0.0,0.0,0.0,0.0,0.0,0.0,0.0,0.0006906758644618094,0.009866798296570778,0.020029600709676743,0.024568326771259308,0.03285643830895424,0.05633941665291786,0.05979279801249504,0.08041440695524216,0.0847557932138443,0.1409965455532074,0.22298963367938995,0.17138628661632538,0.07784903794527054,0.017168229445815086,0.00019733596127480268,9.866798063740134e-05,0.0,0.0,0.0,0.004045387264341116,0.09373458474874496,0.20907744765281677,0.21647755801677704,0.29699063301086426,0.13043907284736633,0.03907252103090286,0.008682782761752605,0.0005920078838244081,0.0006906758644618094,9.866798063740134e-05,9.866798063740134e-05,0.0,90.67118072509766,67.88158416748047,43.3939094543457
Green_94.jpg,Green,Green,89.41194152832031,15.861828804016113,53.84501647949219,19.121227264404297,39.70589065551758,8.716991424560547,0.004976200871169567,0.015685850754380226,0.015685850754380226,0.3051709234714508,0.6501514315605164,0.006166161969304085,0.00021635655139107257,0.0,0.0,0.0,0.0,0.0,0.0,0.0,0.00010817827569553629,0.0018390307668596506,0.00854608416557312,0.02293379418551922,0.028126351535320282,0.030073560774326324,0.042838599532842636,0.0836218073964119,0.09249242395162582,0.08686715364456177,0.08254002779722214,0.08621808886528015,0.16205106675624847,0.17405885457992554,0.08751622587442398,0.009519688785076141,0.0022717437241226435,0.00032453483436256647,0.0,0.0,0.003353526582941413,0.04143228009343147,0.10028126090765,0.28256165981292725,0.24902640283107758,0.1909346580505371,0.10861098766326904,0.013522285036742687,0.007788836024701595,0.0012981393374502659,0.0011899610981345177,0.0,0.0,0.0,90.81729125976562,68.90321350097656,42.706581115722656
Green_95.jpg,Green,Green,89.17514038085938,11.301210403442383,57.90330123901367,19.66596031188965,37.4495964050293,9.384712219238281,0.0016191418981179595,0.019249796867370605,0.02113879658281803,0.3123144805431366,0.6402806639671326,0.00467752106487751,0.0002698569733183831,0.000449761631898582,0.0,0.0,0.0,0.0,0.0,0.0,0.0,0.0,0.002698569791391492,0.014932085759937763,0.019339749589562416,0.03535126522183418,0.04623549431562424,0.06674462556838989,0.07106233388185501,0.06170729547739029,0.0680939108133316,0.11954663693904877,0.15759646892547607,0.12206530570983887,0.12395430356264114,0.07394081354141235,0.014302419498562813,0.0024287127889692783,0.0,0.0003598092880565673,0.007016281597316265,0.08284609019756317,0.2174147665500641,0.2013133019208908,0.2017630636692047,0.20113340020179749,0.07133219391107559,0.009804803878068924,0.006026805844157934,0.000899523263797164,8.995232201414183e-05,0.0,0.0,0.0,93.20478820800781,67.4683837890625,43.37870407104492
Green_96.jpg,Green,Green,88.81614685058594,8.630547523498535,59.00313186645508,18.796005249023438,40.47503662109375,8.171699523925781,0.0008464533602818847,0.00533265620470047,0.021923141553997993,0.3186050355434418,0.6498222351074219,0.003047232050448656,0.00016929066623561084,0.0002539360139053315,0.0,0.0,0.0,0.0,0.0,0.0,0.0,0.0,0.002031488111242652,0.01159641146659851,0.01946842670440674,0.02183849737048149,0.03064161166548729,0.04740138724446297,0.07262569665908813,0.08836972713470459,0.09742677956819534,0.18825122714042664,0.10140511393547058,0.0865921750664711,0.08963941037654877,0.11748772859573364,0.024801082909107208,0.00042322668014094234,0.0,0.0,8.464533311780542e-05,0.006686981767416,0.13433215022087097,0.27484339475631714,0.16082613170146942,0.3491620123386383,0.05586592108011246,0.010749957524240017,0.007364144083112478,0.0,8.464533311780542e-05,0.0,0.0,0.0,91.21052551269531,58.642086029052734,47.727535247802734
Green_97.jpg,Green,Green,78.66622924804688,10.379966735839844,56.03988265991211,16.469003677368164,44.43547058105469,10.69904613494873,0.002620373386889696,0.013647777959704399,0.035265859216451645,0.8815372586250305,0.0654001533985138,0.0010918222833424807,0.000327546673361212,0.0,0.0,0.0,0.0,0.0,0.0,0.0,0.0,0.00010918222687905654,0.0015285511035472155,0.017687520012259483,0.022382356226444244,0.025985369458794594,0.03690359368920326,0.042581066489219666,0.05022382363677025,0.08155912160873413,0.09400589764118195,0.22950103878974915,0.17938639223575592,0.14674091339111328,0.061687957495450974,0.00818866677582264,0.0015285511035472155,0.00010918222687905654,0.0,0.0,0.005022382363677025,0.014412053860723972,0.0674746185541153,0.2385631650686264,0.1792772114276886,0.1874658763408661,0.11606070399284363,0.15940605103969574,0.030352657660841942,0.001965280156582594,0.0,0.0,0.0,0.0,74.44853973388672,58.6250114440918,57.49015808105469
Green_98.jpg,Green,Green,86.12882232666016,9.993721961975098,58.09263610839844,19.113779067993164,39.64841842651367,7.024104118347168,0.0003408025950193405,0.0036636278964579105,0.030331430956721306,0.594870924949646,0.3670443892478943,0.003237624652683735,0.00017040129750967026,8.520064875483513e-05,0.0,0.0,0.0,0.0,0.0,0.0,8.520064875483513e-05,0.00017040129750967026,0.004174831788986921,0.02300417423248291,0.02760501019656658,0.029053421691060066,0.03527306765317917,0.03851069137454033,0.035102665424346924,0.06952372938394547,0.12405214458703995,0.12865297496318817,0.16724887490272522,0.1343614161014557,0.09653233736753464,0.0828150287270546,0.00332282530143857,0.0007668058387935162,0.0,0.0002556019462645054,0.001959614921361208,0.005367640871554613,0.08767146617174149,0.322995662689209,0.30595552921295166,0.19366107881069183,0.07054613530635834,0.00664565060287714,0.004771236330270767,0.00017040129750967026,0.0,0.0,0.0,0.0,82.99066162109375,68.26255798339844,43.94136047363281
Green_99.jpg,Green,Green,86.28753662109375,7.947940826416016,58.72270965576172,18.965816497802734,40.335838317871094,8.029035568237305,0.0002621919265948236,0.0019227408338338137,0.025170424953103065,0.5858241319656372,0.3841985762119293,0.002621919149532914,0.0,0.0,0.0,0.0,0.0,0.0,0.0,0.0,0.0,0.0,0.0018353434279561043,0.016081104055047035,0.025432616472244263,0.025170424953103065,0.03618248552083969,0.04876769706606865,0.06677154451608658,0.06694633513689041,0.08110470324754715,0.12690089643001556,0.1466526836156845,0.1554798185825348,0.12838664650917053,0.06109071895480156,0.010575074702501297,0.002621919149532914,0.0,0.0004369865346234292,0.004020276013761759,0.017479462549090385,0.10854745656251907,0.25563713908195496,0.22277574241161346,0.29793742299079895,0.07743401825428009,0.008914525620639324,0.006380003411322832,0.0003495892451610416,8.73973112902604e-05,0.0,0.0,0.0,79.06787109375,69.62027740478516,32.81578826904297
Semi_ripe_1.jpeg,Semi-ripe,Semi-ripe,51.622764587402344,49.94652557373047,30.177608489990234,26.37347412109375,50.5678596496582,11.826759338378906,0.1770169883966446,0.18585076928138733,0.5942902565002441,0.009175007231533527,0.002919320482760668,0.001099484390579164,0.0003033060347661376,3.79132543457672e-05,0.000189566271728836,0.0006824386073276401,0.0023885350674390793,0.00034121930366382003,0.0027297544293105602,0.005990294273942709,0.004132544621825218,0.012852593325078487,0.40237337350845337,0.03180922195315361,0.020094024017453194,0.029913557693362236,0.03855777904391289,0.042500756680965424,0.0367758572101593,0.04591295123100281,0.05971337482333183,0.13508492708206177,0.14319835603237152,0.013269638642668724,0.0006824386073276401,7.58265086915344e-05,3.79132543457672e-05,0.0,0.0,0.0,0.0006066120695322752,0.009288747794926167,0.05410221591591835,0.07965574413537979,0.15491355955600739,0.2256217747926712,0.10251744091510773,0.10354109853506088,0.2661510407924652,0.0021610555704683065,0.0011373976012691855,0.0003033060347661376,0.0,0.0,18.250097274780273,3.0119152069091797,64.84090423583984
Semi_ripe_10.jpeg,Semi-ripe,Semi-ripe,42.528507232666016,39.770652770996094,26.48204231262207,24.574989318847656,51.909297943115234,11.417338371276855,0.2750537395477295,0.1992015540599823,0.5113112926483154,0.0005118231056258082,0.0,0.0,0.0,0.0,0.0,0.0,0.0,0.0,5.118231274536811e-05,0.0009724639239721,0.0030709386337548494,0.009827003814280033,0.44712868332862854,0.044375065714120865,0.01878390833735466,0.03117002733051777,0.03649298846721649,0.04068993777036667,0.048213738948106766,0.04647354036569595,0.06612754613161087,0.15093663334846497,0.06858430057764053,0.0006653700256720185,5.118231274536811e-05,0.00010236462549073622,5.118231274536811e-05,0.00015354693459812552,5.118231274536811e-05,0.00010236462549073622,0.0014842870878055692,0.004708772525191307,0.041815947741270065,0.05409970134496689,0.16311801970005035,0.22504861652851105,0.06505271792411804,0.16188965737819672,0.2822704613208771,0.00010236462549073622,5.118231274536811e-05,0.00010236462549073622,0.00010236462549073622,0.0,15.894596099853516,3.3855509757995605,64.87372589111328
Semi_ripe_100.jpg,Semi-ripe,Semi-ripe,56.58309555053711,14.455951690673828,70.61625671386719,19.359392166137695,50.772926330566406,14.737861633300781,0.0016014234861359,0.012277579866349697,0.8709964156150818,0.08709964156150818,0.024466192349791527,0.0015124555211514235,0.0004448398540262133,0.0004448398540262133,0.0,0.0,0.0,0.0,0.0,0.0,0.0006227758130989969,0.0005338078481145203,0.004626334644854069,0.013523131608963013,0.013167260214686394,0.013879003934562206,0.01708185113966465,0.02500000037252903,0.02722419984638691,0.03318505361676216,0.037811387330293655,0.041903913021087646,0.06539145857095718,0.14635230600833893,0.2505338191986084,0.2101423442363739,0.07010675966739655,0.03007117472589016,0.0007117437780834734,0.005427046213299036,0.013967971317470074,0.053914591670036316,0.06841637194156647,0.04564056918025017,0.07731316983699799,0.14795373380184174,0.19813166558742523,0.14555160701274872,0.13976868987083435,0.102224200963974,0.000978647731244564,0.0,0.0,0.0,52.77772903442383,81.46456146240234,55.992408752441406
Semi_ripe_101.jpg,Semi-ripe,Semi-ripe,53.9500732421875,9.664546966552734,70.10823822021484,16.07652473449707,57.952789306640625,15.412973403930664,0.0,0.018491124734282494,0.8955251574516296,0.07627588510513306,0.008783283643424511,0.000369822490029037,0.0,0.00027736686752177775,0.00027736686752177775,0.0,0.0,0.0,0.0,0.0,0.0,0.0,0.002588757313787937,0.007858728058636189,0.008783283643424511,0.010817307978868484,0.011464497074484825,0.011556952260434628,0.018028846010565758,0.027459319680929184,0.04317677393555641,0.08441197872161865,0.12888313829898834,0.19073595106601715,0.23021449148654938,0.16327662765979767,0.05011094734072685,0.010632396675646305,0.0,0.0001849112450145185,0.0035133135970681906,0.01997041329741478,0.04826183617115021,0.06240754574537277,0.05954141914844513,0.08635354787111282,0.12999260425567627,0.15717455744743347,0.1321190893650055,0.16078032553195953,0.1345229297876358,0.005177514627575874,0.0,0.0,51.106544494628906,80.91111755371094,68.8791275024414
Semi_ripe_102.jpg,Semi-ripe,Semi-ripe,53.99925231933594,10.985247611999512,70.35355377197266,17.155826568603516,56.19523239135742,14.77075481414795,0.00018661939247976989,0.022860875353217125,0.8868153691291809,0.08463189005851746,0.0037323879078030586,0.00037323878495953977,9.330969623988494e-05,0.0002799290814436972,0.0007464775699190795,0.0,0.0,0.0,9.330969623988494e-05,9.330969623988494e-05,0.0,9.330969623988494e-05,0.0034524586517363787,0.006345059257000685,0.012876737862825394,0.01259680837392807,0.013436595909297466,0.01567602902650833,0.019408416002988815,0.021461229771375656,0.03219184651970863,0.08967061340808868,0.12830083072185516,0.1747690588235855,0.21750490367412567,0.15638704597949982,0.07828683406114578,0.017635531723499298,0.0,0.00046654848847538233,0.005225342698395252,0.01744891330599785,0.04189605265855789,0.061864327639341354,0.08015302568674088,0.13763180375099182,0.12811420857906342,0.13641877472400665,0.1340860277414322,0.1682373732328415,0.08845759183168411,0.0,0.0,0.0,51.21511459350586,80.0933609008789,68.1640853881836
Semi_ripe_103.jpg,Semi-ripe,Semi-ripe,90.79654693603516,47.66619873046875,44.391258239746094,36.39897918701172,55.0781135559082,14.517539024353027,0.0012054648250341415,0.009442807175219059,0.545071005821228,0.06529600918292999,0.059536565095186234,0.003281543031334877,0.1633404791355133,0.15148673951625824,0.00026788105606101453,0.0005357621121220291,0.00040182159864343703,0.0,0.0,0.0,0.00013394052803050727,0.0,0.3682025074958801,0.011652826331555843,0.012657379731535912,0.011786766350269318,0.012724350206553936,0.019019555300474167,0.019019555300474167,0.021162603050470352,0.021832305938005447,0.04105277359485626,0.06027323752641678,0.07051968574523926,0.1284489631652832,0.12161800265312195,0.059000805020332336,0.021028663963079453,0.0010045539820566773,0.00569247268140316,0.0212965440005064,0.03890972584486008,0.029734797775745392,0.036632735282182693,0.06944816559553146,0.0850522369146347,0.10541119426488876,0.10983123630285263,0.44749531149864197,0.04895526543259621,0.0005357621121220291,0.0,0.0,0.0,158.50662231445312,1.8200626373291016,64.86811065673828
Semi_ripe_104.jpg,Semi-ripe,Semi-ripe,56.99081802368164,12.126626014709473,71.19178009033203,20.59009552001953,51.137908935546875,15.490099906921387,0.0015799348475411534,0.027451368048787117,0.8479312658309937,0.08294657617807388,0.03752345219254494,0.0013824430061504245,0.0002962377911899239,0.0006912215030752122,0.0,0.00019749185594264418,0.0,0.0,0.0,0.0,0.0,0.0,0.004246074706315994,0.013626937754452229,0.01974918507039547,0.018366742879152298,0.01974918507039547,0.02004542388021946,0.02142786607146263,0.027846351265907288,0.04157203435897827,0.056087687611579895,0.07376320660114288,0.11118791252374649,0.1627332866191864,0.24844475090503693,0.13399821519851685,0.027155129238963127,9.874592797132209e-05,0.006122247315943241,0.02053915336728096,0.054803989827632904,0.05105164274573326,0.056482668966054916,0.10476943105459213,0.1548336148262024,0.10427569597959518,0.14871136844158173,0.19709686934947968,0.08511898666620255,0.015799349173903465,0.0002962377911899239,0.0,0.0,53.03721237182617,82.56865692138672,66.24287414550781
Semi_ripe_105.jpg,Semi-ripe,Semi-ripe,56.103885650634766,13.060165405273438,70.79551696777344,20.291433334350586,52.35618209838867,16.474720001220703,0.0022015823051333427,0.03818369284272194,0.8457516431808472,0.07911936938762665,0.03323013335466385,0.0008255934226326644,0.0,6.879944703541696e-05,0.0,0.0,0.0,6.879944703541696e-05,6.879944703541696e-05,0.0,6.879944703541696e-05,0.0004127967113163322,0.004884760826826096,0.011627106927335262,0.014035088010132313,0.017131062224507332,0.023391813039779663,0.02428620494902134,0.02765737846493721,0.03171654790639877,0.03962848335504532,0.05565875396132469,0.07533539831638336,0.11427588760852814,0.16945303976535797,0.24430684745311737,0.1196422427892685,0.026969384402036667,0.0,0.004678362514823675,0.0169246643781662,0.056965943425893784,0.06288269907236099,0.056346748024225235,0.1014791876077652,0.12149982899427414,0.10443756729364395,0.12452700734138489,0.1775713860988617,0.13003095984458923,0.041830066591501236,0.0008255934226326644,0.0,0.0,52.81746292114258,82.26647186279297,68.10905456542969
Semi_ripe_106.jpg,Semi-ripe,Semi-ripe,53.84717559814453,9.086461067199707,72.97200012207031,16.452354431152344,56.560874938964844,15.014612197875977,0.000348918343661353,0.03593859076499939,0.8647592663764954,0.09734822064638138,0.0015352407936006784,0.0,0.0,6.978367309784517e-05,0.0,0.0,0.0,0.0,0.0,0.0,0.0,0.0,0.002581995911896229,0.006978366989642382,0.008374040015041828,0.010048848576843739,0.011444522067904472,0.01493370532989502,0.014515003189444542,0.019399860873818398,0.03321702778339386,0.057850662618875504,0.08953244984149933,0.15233775973320007,0.24263782799243927,0.22526168823242188,0.09713886678218842,0.013747382909059525,0.0,0.00027913469239138067,0.004466155078262091,0.020516399294137955,0.041870202869176865,0.05722260847687721,0.10034891963005066,0.09658060222864151,0.12805303931236267,0.13859036564826965,0.15031403303146362,0.17550593614578247,0.08422888815402985,0.0020237264689058065,0.0,0.0,51.22144317626953,81.1697006225586,69.00896453857422
Semi_ripe_107.jpg,Semi-ripe,Semi-ripe,53.137168884277344,11.66938304901123,70.87215423583984,18.447954177856445,53.845176696777344,13.609829902648926,0.0011320754420012236,0.09452830255031586,0.8216037750244141,0.06075471639633179,0.020943395793437958,0.0002830188605003059,0.0,0.0005660377210006118,0.0,0.0,0.0,0.0,0.0,0.0,0.0,0.00018867924518417567,0.0019811319652944803,0.008962264284491539,0.013018867932260036,0.015188679099082947,0.01405660342425108,0.015754716470837593,0.025566037744283676,0.03386792540550232,0.04235849156975746,0.06066037714481354,0.10462263971567154,0.16981132328510284,0.18018868565559387,0.1773584932088852,0.10349056869745255,0.033113207668066025,0.0,0.0004716981202363968,0.0030188679229468107,0.024150943383574486,0.05858490616083145,0.05349056422710419,0.0745282992720604,0.11839623004198074,0.1836792379617691,0.20594339072704315,0.15094339847564697,0.08981131762266159,0.03698113188147545,0.0,0.0,0.0,50.726905822753906,81.98998260498047,67.98580932617188
Semi_ripe_108.jpg,Semi-ripe,Semi-ripe,56.113433837890625,12.977795600891113,71.1752700805664,21.93865203857422,49.57533645629883,14.47927188873291,0.0004814636486116797,0.0779971107840538,0.7941261529922485,0.0889744833111763,0.03485796973109245,0.002214732812717557,0.0002888781891670078,0.0007703418377786875,0.0002888781891670078,0.0,0.0,0.0,0.0,0.0,0.0,0.0,0.005681271199136972,0.013288396410644054,0.016754934564232826,0.022628791630268097,0.028021184727549553,0.0266730859875679,0.03023591637611389,0.031006259843707085,0.04053923860192299,0.04342802241444588,0.055946074426174164,0.08435243368148804,0.16042368113994598,0.2333172857761383,0.1671641767024994,0.04053923860192299,0.001348098274320364,0.011458834633231163,0.012229176238179207,0.06596051901578903,0.055368319153785706,0.04891670495271683,0.07674530893564224,0.1580163687467575,0.20491093397140503,0.1792970597743988,0.1257583051919937,0.059220027178525925,0.000674049137160182,9.629272972233593e-05,0.0,0.0,51.760101318359375,82.50043487548828,56.19729995727539
Semi_ripe_109.jpg,Semi-ripe,Semi-ripe,56.7839241027832,18.237060546875,69.83782196044922,22.28247833251953,48.54734802246094,15.479890823364258,0.0016788465436547995,0.06261110305786133,0.793403148651123,0.10843373835086823,0.029725458472967148,0.0003950227110181004,0.0002962670405395329,0.0003950227110181004,0.0005925340810790658,9.87556777545251e-05,9.87556777545251e-05,0.0001975113555090502,9.87556777545251e-05,9.87556777545251e-05,0.0009875567629933357,0.0008888011216185987,0.009974323213100433,0.015405885875225067,0.016294686123728752,0.024787675589323044,0.025972742587327957,0.022516295313835144,0.032589372247457504,0.031009282916784286,0.040588583797216415,0.059450916945934296,0.07623938471078873,0.09480544924736023,0.14349199831485748,0.23059451580047607,0.1306537687778473,0.045625124126672745,0.0010863124625757337,0.015208374708890915,0.014813351444900036,0.061228521168231964,0.06903021782636642,0.06962275505065918,0.12077819555997849,0.15524393320083618,0.1390479952096939,0.1374679058790207,0.1299624741077423,0.0829547718167305,0.003456448670476675,9.87556777545251e-05,0.0,0.0,52.32884979248047,83.07585144042969,56.57959747314453
Semi_ripe_11.jpeg,Semi-ripe,Semi-ripe,102.13056182861328,121.03081512451172,24.325809478759766,24.62052345275879,54.97307586669922,10.766387939453125,0.25947877764701843,0.08579234778881073,0.4174863398075104,0.00571668753400445,0.0,0.0,0.0,0.0,0.0,0.0,0.0044136191718280315,0.008953341282904148,0.06145439296960831,0.013072719797492027,0.03888188302516937,0.104749895632267,0.5031946301460266,0.027070198208093643,0.018158890306949615,0.023245060816407204,0.02942412719130516,0.03497267886996269,0.05077763646841049,0.06754939258098602,0.06906262785196304,0.10697772353887558,0.06452290713787079,0.0033207230735570192,0.0006305170245468616,0.00046237916103564203,0.00021017233666498214,0.0004203446733299643,0.0,4.203446951578371e-05,0.00025220680981874466,0.006094997748732567,0.032450608909130096,0.04968474060297012,0.09226565808057785,0.10891130566596985,0.11660361289978027,0.26952502131462097,0.3226986229419708,0.0013030684785917401,0.00016813787806313485,0.0,0.0,0.0,12.490740776062012,3.1203067302703857,64.7086181640625
Semi_ripe_110.jpg,Semi-ripe,Semi-ripe,53.95530319213867,14.781209945678711,72.0339584350586,20.72226333618164,50.939083099365234,13.216355323791504,0.0019213267369195819,0.10688643902540207,0.7912832498550415,0.08079684525728226,0.01395489927381277,0.0014157143887132406,0.0012134695425629616,0.0009101021569222212,0.0007078571943566203,0.0001011224594549276,0.0001011224594549276,0.0001011224594549276,0.0,0.0001011224594549276,0.0003033673856407404,0.0002022449189098552,0.009101021103560925,0.011123470962047577,0.016482960432767868,0.01496612373739481,0.01638183929026127,0.018707655370235443,0.025685105472803116,0.03094347193837166,0.039437759667634964,0.04611184075474739,0.07422388345003128,0.11345940083265305,0.1640206277370453,0.2223682850599289,0.15229041874408722,0.044696126133203506,0.0001011224594549276,0.001516836928203702,0.007786429487168789,0.0496511273086071,0.04732530936598778,0.05956112965941429,0.0953584760427475,0.1406613439321518,0.19253715872764587,0.20082920789718628,0.17029021680355072,0.03175245225429535,0.0022246940061450005,0.0004044898378197104,0.0,0.0,50.89790725708008,82.05121612548828,56.42222595214844
Semi_ripe_111.jpg,Semi-ripe,Semi-ripe,53.57326126098633,10.204729080200195,70.15111541748047,18.976715087890625,52.90049743652344,12.915632247924805,0.00029362825443968177,0.1045316606760025,0.7932857275009155,0.09552706032991409,0.006361945997923613,0.0,0.0,0.0,0.0,0.0,0.0,0.0,0.0,0.0,0.0,0.0,0.0008808848215267062,0.0062640695832669735,0.01477928925305605,0.020749730989336967,0.022315748035907745,0.020064597949385643,0.023490261286497116,0.03073309175670147,0.045316629111766815,0.06763237714767456,0.10688068717718124,0.14289909601211548,0.18479005992412567,0.18782421946525574,0.09503768384456635,0.030341587960720062,0.0,0.0007830086979083717,0.004404424224048853,0.017226191237568855,0.06205344200134277,0.05862777680158615,0.09347166121006012,0.12420475482940674,0.17421944439411163,0.20593129098415375,0.17617696523666382,0.08064989745616913,0.0022511500865221024,0.0,0.0,0.0,50.912384033203125,81.91730499267578,56.990196228027344
Semi_ripe_112.jpg,Semi-ripe,Semi-ripe,53.53316116333008,10.87696361541748,71.59017181396484,19.692394256591797,51.715091705322266,12.873597145080566,0.0013888889225199819,0.10928819328546524,0.7868923544883728,0.09279514104127884,0.00946180522441864,0.0,0.0,8.680555765749887e-05,0.0,8.680555765749887e-05,0.0,0.0,0.0,0.0,0.0,0.0,0.0023437500931322575,0.008593750186264515,0.013628472574055195,0.01979166641831398,0.02178819477558136,0.01857638917863369,0.02378472313284874,0.0290798619389534,0.0390625,0.05052083358168602,0.09921874850988388,0.14244791865348816,0.14609375596046448,0.19956597685813904,0.1432291716337204,0.04227430373430252,0.00017361111531499773,0.0010416667209938169,0.005642361007630825,0.01805555634200573,0.07022569328546524,0.0698784738779068,0.09965277463197708,0.12786458432674408,0.1744791716337204,0.20494791865348816,0.1783854216337204,0.04921875149011612,0.0004340277810115367,0.0,0.0,0.0,50.953826904296875,82.22081756591797,56.629844665527344
Semi_ripe_113.jpg,Semi-ripe,Semi-ripe,56.06639099121094,12.40131664276123,71.72305297851562,21.900888442993164,48.55561447143555,13.32750129699707,0.0028782500885427,0.07205219566822052,0.7882567644119263,0.11052480340003967,0.024465125054121017,0.0012472416274249554,9.594166476745158e-05,0.00047970833838917315,0.0,0.0,0.0,0.0,0.0,0.0,0.0,0.0,0.00316607509739697,0.014487192034721375,0.018996451050043106,0.018996451050043106,0.025424541905522346,0.028206849470734596,0.03309987485408783,0.029262209311127663,0.03434711694717407,0.04547635093331337,0.05756499990820885,0.09373500943183899,0.13681282103061676,0.22392785549163818,0.18919697403907776,0.04729924350976944,9.594166476745158e-05,0.013335891999304295,0.013527775183320045,0.03127698227763176,0.06495250761508942,0.0984361544251442,0.09661325812339783,0.12155809253454208,0.21135948598384857,0.24186894297599792,0.09104864299297333,0.015446608886122704,0.00038376665906980634,9.594166476745158e-05,0.0,0.0,52.010066986083984,82.93388366699219,56.90724182128906
Semi_ripe_114.jpg,Semi-ripe,Semi-ripe,49.2674446105957,11.237403869628906,64.19659423828125,19.06732177734375,53.45420455932617,13.1787748336792,0.004367226734757423,0.19946834444999695,0.7442324161529541,0.0473749153316021,0.0040824078023433685,0.0,0.0,0.0,0.0,0.0,0.0,0.0,0.0,0.0,0.0,0.00047469857963733375,0.001898794318549335,0.01395613793283701,0.01613975130021572,0.0179436057806015,0.02734263800084591,0.033608660101890564,0.04234311357140541,0.046710338443517685,0.0716794803738594,0.10471850633621216,0.1316813826560974,0.17022690176963806,0.1613025665283203,0.11174404621124268,0.028766732662916183,0.019937340170145035,0.0,0.0030380708631128073,0.01433589681982994,0.02031709812581539,0.041963353753089905,0.044811543077230453,0.062185510993003845,0.14430835843086243,0.22757048904895782,0.17725244164466858,0.1613975167274475,0.08563562482595444,0.01661445014178753,0.0005696382722817361,0.0,0.0,49.169708251953125,80.94291687011719,57.15274429321289
Semi_ripe_115.jpg,Semi-ripe,Semi-ripe,49.94793701171875,10.116374969482422,63.828369140625,18.215150833129883,58.80083084106445,14.189573287963867,0.0016333197709172964,0.18436096608638763,0.7558187246322632,0.052674561738967896,0.0050020418129861355,0.0,0.00020416497136466205,0.00010208248568233103,0.0,0.0,0.0,0.0,0.0,0.0,0.00010208248568233103,0.00010208248568233103,0.0020416495390236378,0.007554103620350361,0.016129031777381897,0.02113107405602932,0.023070640861988068,0.027562269940972328,0.04195589944720268,0.056757859885692596,0.08687219023704529,0.10851367563009262,0.1528174728155136,0.16496528685092926,0.140771746635437,0.09810126572847366,0.037668436765670776,0.014087382704019547,0.0,0.00030624744249507785,0.0045937118120491505,0.010616578161716461,0.03542262315750122,0.06502654403448105,0.05002041533589363,0.05930992215871811,0.1304614096879959,0.1809922456741333,0.19936709105968475,0.16496528685092926,0.08176806569099426,0.016333196312189102,0.0008166598854586482,0.0,49.012577056884766,81.06707000732422,68.23657989501953
Semi_ripe_116.jpg,Semi-ripe,Semi-ripe,50.175270080566406,13.720175743103027,66.35771942138672,19.519527435302734,53.35261917114258,13.017200469970703,0.001919819274917245,0.171993225812912,0.7622811794281006,0.056352343410253525,0.005872388370335102,0.00011293054558336735,0.0,0.0,0.0,0.0,0.0,0.00033879163675010204,0.0002258610911667347,0.0,0.0005646527279168367,0.00033879163675010204,0.006098249461501837,0.010163749568164349,0.013777527026832104,0.013890457339584827,0.019649915397167206,0.024392997846007347,0.03963862359523773,0.056352343410253525,0.07250141352415085,0.09949181228876114,0.12422360479831696,0.14398644864559174,0.14443817734718323,0.12027103453874588,0.07645398378372192,0.034669678658246994,0.0,0.0015810276381671429,0.010163749568164349,0.019875776022672653,0.04923771694302559,0.0765669122338295,0.056013550609350204,0.07950310409069061,0.20248447358608246,0.2750988006591797,0.1514398604631424,0.06380575895309448,0.014229249209165573,0.0,0.0,0.0,49.334407806396484,69.2708511352539,56.722068786621094
Semi_ripe_117.jpg,Semi-ripe,Semi-ripe,49.344322204589844,9.863700866699219,65.69970703125,19.063152313232422,53.78617858886719,13.155153274536133,0.001987606752663851,0.20261897146701813,0.7329592108726501,0.05822518467903137,0.003507541259750724,0.00046767215826548636,0.0,0.00011691803956637159,0.0,0.0,0.0,0.0,0.0,0.0,0.00011691803956637159,0.0,0.0038582952693104744,0.010171869769692421,0.014965509064495564,0.02162983827292919,0.02303285337984562,0.024903543293476105,0.03145095333456993,0.04513036459684372,0.06769554316997528,0.11118905991315842,0.13059745728969574,0.15479949116706848,0.16543902456760406,0.1269729882478714,0.04466269165277481,0.023500526323914528,0.0,0.004559803754091263,0.01321173831820488,0.020577576011419296,0.04127206653356552,0.03530924767255783,0.06418800354003906,0.13363732397556305,0.22191044688224792,0.20788027346134186,0.14451070129871368,0.09926341474056244,0.013679410330951214,0.0,0.0,0.0,48.84468078613281,81.18675231933594,57.597137451171875
Semi_ripe_118.jpg,Semi-ripe,Semi-ripe,55.77143859863281,12.000977516174316,68.22596740722656,18.249309539794922,56.84477233886719,15.716421127319336,0.0018307958962395787,0.021680478006601334,0.8581615090370178,0.09799575805664062,0.01956060901284218,0.0005781460786238313,0.0,0.0,0.0,0.0,0.0,0.0,0.0,0.0,0.0,0.0001927153643919155,0.0009635767783038318,0.006552322302013636,0.012622855603694916,0.013971863314509392,0.02177683636546135,0.029196377843618393,0.034688763320446014,0.03526690974831581,0.058970898389816284,0.07612256705760956,0.1067643091082573,0.15185970067977905,0.20553092658519745,0.18067064881324768,0.044420890510082245,0.020620543509721756,0.0,0.000770861457567662,0.006937752943485975,0.034688763320446014,0.05752553418278694,0.05925997346639633,0.04760069400072098,0.0686066672205925,0.1145692840218544,0.18519945442676544,0.18047793209552765,0.14694546163082123,0.08864906430244446,0.00876854918897152,0.0,0.0,52.02128601074219,81.24197387695312,67.354736328125
Semi_ripe_119.jpg,Semi-ripe,Semi-ripe,57.02515411376953,11.746140480041504,70.67453002929688,19.809011459350586,55.13898468017578,14.916437149047852,0.0020343998912721872,0.015997780486941338,0.8569446802139282,0.10042537748813629,0.02284076251089573,0.0007397817680612206,0.00018494544201530516,0.000832254474516958,0.0,0.0,0.0,0.0,0.0,0.0,0.0,0.0,0.006380617618560791,0.013870907947421074,0.014888107776641846,0.019049379974603653,0.01470316294580698,0.018771963194012642,0.019604217261075974,0.02367301657795906,0.04420195892453194,0.07259108871221542,0.0898834839463234,0.11568337678909302,0.17209173738956451,0.23931939899921417,0.12261882424354553,0.012668762356042862,0.00018494544201530516,0.002866654423996806,0.007397817447781563,0.031440723687410355,0.06177177652716637,0.06463842839002609,0.05409654229879379,0.07481043040752411,0.12714998424053192,0.1816164255142212,0.21851304173469543,0.1614573746919632,0.013870907947421074,0.00018494544201530516,0.0,0.0,52.63178634643555,82.23107147216797,67.62242126464844
Semi_ripe_12.jpeg,Semi-ripe,Semi-ripe,74.91832733154297,87.68598175048828,45.17365646362305,21.113388061523438,50.68671417236328,10.622352600097656,0.028927680104970932,0.20897755026817322,0.6615336537361145,0.0,0.0,0.0,0.0,0.0,0.0,0.0,0.0,0.0011845387052744627,0.007605984807014465,0.002930174581706524,0.02219451405107975,0.06664588302373886,0.13877806067466736,0.02076059766113758,0.01465087290853262,0.014152119867503643,0.02905236929655075,0.04039900377392769,0.04625935107469559,0.08110972493886948,0.21321696043014526,0.2395261824131012,0.15386533737182617,0.007107231765985489,0.0009351620683446527,6.234413740457967e-05,6.234413740457967e-05,6.234413740457967e-05,0.0,0.0,0.00018703241948969662,0.003241895232349634,0.021134663373231888,0.08235660940408707,0.1797381490468979,0.22562344372272491,0.1410224437713623,0.14376558363437653,0.19981296360492706,0.00311720697209239,0.0,0.0,0.0,0.0,47.274391174316406,58.23856735229492,57.264312744140625
Semi_ripe_120.jpg,Semi-ripe,Semi-ripe,56.746456146240234,10.307002067565918,73.88867950439453,17.89160919189453,55.164398193359375,14.412215232849121,0.0004081216175109148,0.01132537517696619,0.8728700876235962,0.10203040391206741,0.013161921873688698,0.0,0.0001020304043777287,0.0,0.0,0.0001020304043777287,0.0,0.0,0.0,0.0,0.0,0.0,0.0017345169326290488,0.008978676050901413,0.011019283905625343,0.011631466448307037,0.012243648990988731,0.016835017129778862,0.015916742384433746,0.025303540751338005,0.03785328194499016,0.04193449765443802,0.07172737270593643,0.12549740076065063,0.18549127876758575,0.25497397780418396,0.16120803356170654,0.017651259899139404,0.0,0.0022446690127253532,0.008672584779560566,0.03632282465696335,0.04050607234239578,0.05897357314825058,0.06183042377233505,0.08897051215171814,0.13325171172618866,0.21212121844291687,0.19467401504516602,0.1346801370382309,0.027038058266043663,0.0007142128306441009,0.0,0.0,53.29291915893555,82.69527435302734,57.20269012451172
Semi_ripe_121.jpg,Semi-ripe,Semi-ripe,56.335716247558594,12.982308387756348,71.83099365234375,17.999298095703125,52.069950103759766,14.707488059997559,0.0002342743391636759,0.01967904344201088,0.8449103832244873,0.11022607237100601,0.024481667205691338,0.00011713716958183795,0.0,0.0,0.0,0.0,0.0,0.0,0.0,0.0,0.0,0.00035141149419359863,0.0004685486783273518,0.007262504193931818,0.015813518315553665,0.01417359709739685,0.0163992028683424,0.018039124086499214,0.018741946667432785,0.023427434265613556,0.028464332222938538,0.06079418957233429,0.10378353297710419,0.1512240767478943,0.2101440727710724,0.20323298871517181,0.09663816541433334,0.03139276057481766,0.0,0.0022256062366068363,0.011947991326451302,0.04978329688310623,0.06512826681137085,0.06079418957233429,0.06325407326221466,0.12639100849628448,0.15907227993011475,0.1630549430847168,0.19280777871608734,0.10483776777982712,0.0007028229883871973,0.0,0.0,0.0,51.909515380859375,81.4698486328125,57.035194396972656
Semi_ripe_122.jpg,Semi-ripe,Semi-ripe,56.356929779052734,12.881433486938477,72.85120391845703,18.0778751373291,51.07380676269531,13.240983963012695,0.0018445930909365416,0.03712243586778641,0.8136960864067078,0.11056029796600342,0.036430712789297104,0.0003458611899986863,0.0,0.0,0.0,0.0,0.0,0.0,0.0,0.0,0.0,0.0,0.001268157735466957,0.007839520461857319,0.012681577354669571,0.012566289864480495,0.012220429256558418,0.01625547558069229,0.020059948787093163,0.025824302807450294,0.03377911075949669,0.05891168862581253,0.10906156152486801,0.13211897015571594,0.1616324633359909,0.20198293030261993,0.17062485218048096,0.02317270077764988,0.0,0.004380908329039812,0.010836984030902386,0.01510260533541441,0.050956882536411285,0.10871570557355881,0.10249020159244537,0.12047497928142548,0.1429559588432312,0.23933593928813934,0.14837445318698883,0.05568365380167961,0.0004611482727341354,0.0002305741363670677,0.0,0.0,52.13212585449219,83.0696029663086,56.83640670776367
Semi_ripe_123.jpg,Semi-ripe,Semi-ripe,56.08796691894531,12.776496887207031,74.2459487915039,16.82322120666504,54.95962142944336,15.161731719970703,0.0007367567741312087,0.0376482717692852,0.8172842860221863,0.13018491864204407,0.013261622749269009,0.0002210270322393626,0.0,0.0,0.00014735135482624173,7.367567741312087e-05,0.00029470270965248346,7.367567741312087e-05,0.0,0.0,0.0,7.367567741312087e-05,0.001252486603334546,0.005894054193049669,0.01075664907693863,0.010314594954252243,0.013482649810612202,0.011272379197180271,0.01517719030380249,0.023281514644622803,0.029986001551151276,0.04457378759980202,0.07036027312278748,0.1471303254365921,0.22065865993499756,0.23856185376644135,0.13298460841178894,0.024312974885106087,0.0,0.0011788108386099339,0.00869373045861721,0.01945037953555584,0.04700508341193199,0.09069476276636124,0.09489427506923676,0.09179989993572235,0.12429086863994598,0.12355411797761917,0.1478670835494995,0.24077212810516357,0.009798865765333176,0.0,0.0,0.0,52.237525939941406,82.13970184326172,70.11760711669922
Semi_ripe_124.jpeg,Semi-ripe,Semi-ripe,56.03631591796875,51.75279235839844,50.964107513427734,22.43252944946289,51.93716049194336,12.427319526672363,0.05162104219198227,0.17049755156040192,0.7422239184379578,0.00038400350604206324,0.0,0.0,0.0,0.0,0.0,0.0,0.000274288235232234,0.002797739813104272,0.0012068682117387652,0.0032914585899561644,0.02397279068827629,0.003730319906026125,0.1149267628788948,0.01601843163371086,0.013330407440662384,0.02578309364616871,0.019200176000595093,0.031268857419490814,0.03318887576460838,0.05463821440935135,0.11300674825906754,0.16259805858135223,0.24098962545394897,0.15733171999454498,0.016621865332126617,0.0009325799765065312,0.00010971528536174446,5.485764268087223e-05,0.0,5.485764268087223e-05,0.00021943057072348893,0.016457293182611465,0.045312415808439255,0.10093806684017181,0.11465247720479965,0.1190410852432251,0.17192386090755463,0.17219814658164978,0.2145482450723648,0.04465412348508835,0.0,0.0,0.0,0.0,50.047706604003906,69.40518188476562,55.9908332824707
Semi_ripe_125.jpeg,Semi-ripe,Semi-ripe,133.90875244140625,117.77204895019531,17.84815216064453,24.670948028564453,56.73784637451172,9.933611869812012,0.1248670369386673,0.11393452435731888,0.28155654668807983,0.010134736075997353,0.036254581063985825,0.0019501240458339453,0.0952606052160263,0.0018319347873330116,0.002009218791499734,0.030256470665335655,0.09062167257070541,0.016398770734667778,0.018644368276000023,0.0007682307041250169,0.16844935715198517,0.007061813026666641,0.6501891016960144,0.02195367030799389,0.016221486032009125,0.015157782472670078,0.014862309210002422,0.017698854207992554,0.021628649905323982,0.029370050877332687,0.0448528528213501,0.10628176480531693,0.04686207324266434,0.014419099316000938,0.00044321001041680574,5.90946692682337e-05,0.0,0.0,0.0,0.0,0.0001181893385364674,0.0025115234311670065,0.029163219034671783,0.05061458423733711,0.0500236377120018,0.061340268701314926,0.11810069531202316,0.340533047914505,0.3447583019733429,0.002688807435333729,0.00014773667498957366,0.0,0.0,0.0,330.38970947265625,1.219398856163025,64.55901336669922
Semi_ripe_126.jpeg,Semi-ripe,Semi-ripe,77.99833679199219,90.55384063720703,45.41004180908203,21.118274688720703,50.73946762084961,10.5291109085083,0.018200930207967758,0.1912480592727661,0.6794091463088989,0.001051117549650371,0.0,0.0,0.0,0.0,0.0,0.0,5.5321972467936575e-05,0.0014383713714778423,0.00619606114923954,0.0019362691091373563,0.04232130944728851,0.05814339593052864,0.1389687955379486,0.020247843116521835,0.012945341877639294,0.0118942242115736,0.022682009264826775,0.04292985051870346,0.05023235082626343,0.08768533170223236,0.20413808524608612,0.24131445586681366,0.15777826309204102,0.008408940397202969,0.0006638636696152389,0.00011064394493587315,0.0,0.0,0.0,0.0,0.0,0.0017703031189739704,0.020801061764359474,0.07955300062894821,0.18903519213199615,0.21658553183078766,0.14593936502933502,0.14361584186553955,0.19832926988601685,0.004093826282769442,0.0002766098768915981,0.0,0.0,0.0,47.368873596191406,58.02579116821289,56.88806915283203
Semi_ripe_127.jpeg,Semi-ripe,Semi-ripe,130.70916748046875,109.86798858642578,23.72022247314453,27.12700080871582,56.53519058227539,10.581998825073242,0.0955921933054924,0.1900136023759842,0.28085941076278687,0.0017403410747647285,0.0032908269204199314,0.0,0.003480682149529457,0.0,0.0020251241512596607,0.025155840441584587,0.23570546507835388,0.04252760857343674,0.06812644004821777,0.00639179814606905,0.04448944702744484,0.0006012087687849998,0.5484289526939392,0.024269847199320793,0.018162833526730537,0.01708698458969593,0.018732398748397827,0.022213080897927284,0.028794733807444572,0.03585102781653404,0.05382400378584862,0.0864158496260643,0.1162547841668129,0.023605354130268097,0.005410878919064999,0.0006961364415474236,0.0001898553891805932,6.32851297268644e-05,0.0,0.0,0.0,0.0012973451521247625,0.04866626486182213,0.05075467377901077,0.04806505888700485,0.05527956038713455,0.10286998003721237,0.3437648415565491,0.3487643599510193,0.0005379235954023898,0.0,0.0,0.0,0.0,237.60153198242188,2.3562846183776855,61.1973876953125
Semi_ripe_128.jpeg,Semi-ripe,Semi-ripe,101.14775848388672,116.66786193847656,31.979053497314453,24.55087661743164,50.79373550415039,11.767470359802246,0.09805251657962799,0.28102895617485046,0.40887510776519775,0.0002906695008277893,0.00024222458887379616,9.688983845990151e-05,0.0005328941042535007,0.0,0.0,0.00014533475041389465,0.0014049026649445295,0.00218002125620842,0.03972483426332474,0.0034395891707390547,0.087007075548172,0.07697897404432297,0.31900978088378906,0.03231276199221611,0.020589090883731842,0.03831993043422699,0.0516422837972641,0.06661175936460495,0.08182346820831299,0.07121402770280838,0.08298614621162415,0.09461292624473572,0.12571455538272858,0.013903691433370113,0.0009688983554951847,0.00019377967691980302,9.688983845990151e-05,0.0,0.0,0.0,9.688983845990151e-05,0.0031489196699112654,0.06365662068128586,0.09800407290458679,0.12866970896720886,0.1601104587316513,0.15667086839675903,0.14446274936199188,0.244598388671875,0.00043600425124168396,9.688983845990151e-05,4.8444919229950756e-05,0.0,0.0,335.2095031738281,1.5959899425506592,64.82749938964844
Semi_ripe_129.jpeg,Semi-ripe,Semi-ripe,161.41529846191406,123.63436126708984,24.85213851928711,25.66411018371582,55.846553802490234,11.296218872070312,0.023882079869508743,0.17217621207237244,0.31954288482666016,0.0012255713809281588,9.937064896803349e-05,0.0,3.3123549656011164e-05,0.0,0.0,0.0008943358552642167,0.012553825974464417,0.15939052402973175,0.14703543484210968,0.03454786539077759,0.11927790939807892,0.009340841323137283,0.5012255907058716,0.027591917663812637,0.019244782626628876,0.028651870787143707,0.026995694264769554,0.0315336212515831,0.0377277247607708,0.04696919396519661,0.06999006122350693,0.1173236146569252,0.07220934331417084,0.019079165533185005,0.0009937065187841654,0.00023186486214399338,0.00013249419862404466,9.937064896803349e-05,0.0,6.624709931202233e-05,9.937064896803349e-05,0.008314011618494987,0.051341503858566284,0.06078171730041504,0.04249751567840576,0.06575024873018265,0.10361046344041824,0.28042396903038025,0.3858893811702728,0.0007949651917442679,0.00039748259587213397,3.3123549656011164e-05,0.0,0.0,284.48187255859375,2.1719796657562256,64.37053680419922
Semi_ripe_13.jpg,Semi-ripe,Semi-ripe,58.75221633911133,11.0481538772583,67.38707733154297,18.86147117614746,55.36244201660156,14.768776893615723,0.00015564201748929918,0.05540855973958969,0.8190661668777466,0.10256808996200562,0.021945524960756302,0.0005447471048682928,0.0,0.00015564201748929918,7.782100874464959e-05,7.782100874464959e-05,0.0,0.0,0.0,0.0,0.0,0.0,0.0016342411981895566,0.008171206340193748,0.014241245575249195,0.01719844341278076,0.023424124345183372,0.02217898890376091,0.03618676960468292,0.04964980483055115,0.05595330893993378,0.07175097614526749,0.1256031095981598,0.18560311198234558,0.16420233249664307,0.11603112518787384,0.08412451297044754,0.02404669299721718,0.0,0.0010894942097365856,0.0043579768389463425,0.015486381016671658,0.06210116669535637,0.06972762942314148,0.0768093392252922,0.09564202278852463,0.13595330715179443,0.17315174639225006,0.17548638582229614,0.11478599160909653,0.07027237117290497,0.005136186722666025,0.0,0.0,56.74360656738281,80.84587860107422,67.87100982666016
Semi_ripe_130.jpeg,Semi-ripe,Semi-ripe,46.99197769165039,52.34166717529297,34.15133285522461,22.03759765625,47.91874694824219,11.579180717468262,0.17872057855129242,0.38203513622283936,0.4090818762779236,0.0014584023738279939,0.0,0.0,0.0,0.0,0.0,0.0,0.0,0.0,0.00013258203398436308,0.0036460058763623238,0.001856148475781083,0.023069273680448532,0.24401722848415375,0.03115677833557129,0.02877030149102211,0.042691417038440704,0.05336426943540573,0.08246602863073349,0.09148160368204117,0.10699370503425598,0.10865097492933273,0.16155120730400085,0.042558833956718445,0.004971826449036598,0.0009280742378905416,0.00013258203398436308,0.00013258203398436308,0.00013258203398436308,0.0,0.0,0.00013258203398436308,0.009214451536536217,0.0539608895778656,0.12270466983318329,0.21929068863391876,0.21796487271785736,0.10023202002048492,0.07842227071523666,0.19734835624694824,0.00026516406796872616,6.629101699218154e-05,0.0003314550849609077,6.629101699218154e-05,0.0,15.913250923156738,3.5724875926971436,64.82131958007812
Semi_ripe_131.jpeg,Semi-ripe,Semi-ripe,133.43951416015625,127.99015808105469,23.114641189575195,26.883766174316406,54.63709259033203,11.110344886779785,0.1646728813648224,0.11830900609493256,0.3397201895713806,0.0017910245805978775,0.0038861853536218405,3.37929159286432e-05,0.000743444194085896,0.0,0.0,6.75858318572864e-05,0.07076236605644226,0.06217896565794945,0.06079345941543579,0.0007096512708812952,0.0942484438419342,0.08208299428224564,0.5621451735496521,0.0248377937823534,0.01780886761844158,0.01622059941291809,0.02206677570939064,0.023722628131508827,0.02892673760652542,0.0350770466029644,0.05025006830692291,0.07593268156051636,0.09614084661006927,0.04416734352707863,0.002061367966234684,0.00043930791434831917,0.0001351716637145728,6.75858318572864e-05,0.0,0.0001351716637145728,0.00023655041877646,0.0029061909299343824,0.05660313740372658,0.05758313089609146,0.05349418893456459,0.08302919566631317,0.20268991589546204,0.19917544722557068,0.3423560559749603,0.0015544742345809937,0.00023655041877646,0.0,0.0,0.0,338.7377014160156,1.82475745677948,64.63339233398438
Semi_ripe_132.jpeg,Semi-ripe,Semi-ripe,51.56389617919922,26.470882415771484,61.41496658325195,20.686359405517578,45.40351104736328,14.293036460876465,0.009253828786313534,0.16878461837768555,0.8016943335533142,0.005734766833484173,0.00039100684807635844,0.0,0.0003258390352129936,0.0,0.0,0.0009775171056389809,0.005669599398970604,0.002411208814010024,0.0021505376789718866,0.0002606712223496288,0.001824698643758893,0.0005213424446992576,0.03975236415863037,0.012707722373306751,0.010817855596542358,0.012968393974006176,0.015249267220497131,0.03356141969561577,0.03825350105762482,0.052916258573532104,0.07761485874652863,0.09716519713401794,0.16767676174640656,0.18325187265872955,0.159921795129776,0.06992505490779877,0.017399804666638374,0.010817855596542358,0.0,0.0,0.04320625588297844,0.06138807535171509,0.06888236850500107,0.1278592348098755,0.16871945559978485,0.10687520354986191,0.1152166798710823,0.18149234354496002,0.124600850045681,0.0017595307435840368,0.0,0.0,0.0,0.0,49.85652542114258,68.74331665039062,57.767059326171875
Semi_ripe_133.jpeg,Semi-ripe,Semi-ripe,59.798004150390625,68.8038330078125,45.22936248779297,20.093456268310547,46.30195236206055,12.045890808105469,0.06054776534438133,0.3498202860355377,0.5353617072105408,0.0,0.0,0.0,0.0,0.0,0.0,0.0,0.0,0.0,0.0,0.0034931402187794447,0.000506252225022763,0.050270844250917435,0.10899610072374344,0.01837695576250553,0.01665569841861725,0.01868070662021637,0.036703284829854965,0.05913025885820389,0.09694729745388031,0.14175061881542206,0.16458259522914886,0.15653318166732788,0.1308155655860901,0.037715788930654526,0.007543157786130905,0.0028350125066936016,0.001265630591660738,0.0014681314351037145,0.0,0.0,0.001265630591660738,0.015744443982839584,0.10433857887983322,0.17182199656963348,0.12084240466356277,0.1689363569021225,0.17966891825199127,0.1252467930316925,0.10509795695543289,0.006480028387159109,0.0005568774649873376,0.0,0.0,0.0,49.91611862182617,56.56352615356445,55.147804260253906
Semi_ripe_134.jpeg,Semi-ripe,Semi-ripe,133.59181213378906,134.2259979248047,24.116474151611328,26.25706672668457,55.80659866333008,11.130474090576172,0.11454080790281296,0.19630661606788635,0.3441184461116791,0.003968102391809225,0.0,0.0,0.0,0.0,0.0,0.0,0.04616734758019447,0.0008012515027076006,0.004960128106176853,0.0009920255979523063,0.2799038589000702,0.008241443894803524,0.5091381072998047,0.022511351853609085,0.0217482540756464,0.02350337617099285,0.026975465938448906,0.033576253801584244,0.04021519422531128,0.04441222548484802,0.0699378103017807,0.1087794303894043,0.08321569114923477,0.012476630508899689,0.0020985158625990152,0.0007630966720171273,0.00038154833600856364,0.0002670838148333132,0.0,0.001068335259333253,0.00022892899869475514,0.003166851121932268,0.02502956986427307,0.07943835854530334,0.07600442320108414,0.06612232327461243,0.14254646003246307,0.1821511685848236,0.42283186316490173,0.0014117287937551737,0.0,0.0,0.0,0.0,330.062255859375,1.1849567890167236,65.15586853027344
Semi_ripe_135.jpeg,Semi-ripe,Semi-ripe,128.16189575195312,126.85247802734375,31.423603057861328,25.827173233032227,52.132816314697266,11.596203804016113,0.04852762073278427,0.14602093398571014,0.4966658651828766,0.004818690475076437,0.0,0.0,0.0,0.0,0.0,0.0,0.004380628000944853,0.045120466500520706,0.03280603513121605,0.035823799669742584,0.05548795312643051,0.13034801185131073,0.3630567193031311,0.03076174296438694,0.03188123553991318,0.034801654517650604,0.03446093946695328,0.03115113079547882,0.03509369492530823,0.06220491603016853,0.09325870126485825,0.16451691091060638,0.10800681263208389,0.009880749508738518,0.0006327573792077601,0.00014602093142457306,0.00014602093142457306,0.0,9.734728519106284e-05,0.0007301046280190349,0.0015575565630570054,0.007447067182511091,0.03149184584617615,0.07198832184076309,0.15604770183563232,0.175127774477005,0.10644926130771637,0.16169384121894836,0.2842540740966797,0.002092966577038169,0.0008274519350379705,0.00019469457038212568,0.0,0.0,341.8210144042969,2.106881856918335,64.91081237792969
Semi_ripe_136.jpeg,Semi-ripe,Semi-ripe,57.109554290771484,54.15543746948242,47.60283279418945,17.648906707763672,50.01987075805664,10.62093448638916,0.020109688863158226,0.28073304891586304,0.660766065120697,0.0,0.0,0.0,0.000624247535597533,0.0,0.0,4.458911280380562e-05,0.0008471931214444339,0.0037454853300005198,0.0042359656654298306,0.002363222884014249,0.000490480219013989,0.02604004181921482,0.07517724484205246,0.019708387553691864,0.01172693632543087,0.01903955079615116,0.028982922434806824,0.038569580763578415,0.061845097690820694,0.15855887532234192,0.2314174920320511,0.19204530119895935,0.14923974871635437,0.01302002090960741,0.000535069324541837,4.458911280380562e-05,4.458911280380562e-05,4.458911280380562e-05,0.0,0.0,8.917822560761124e-05,0.0022294556256383657,0.028492441400885582,0.10572078078985214,0.176439106464386,0.19565701484680176,0.1554376482963562,0.1873188614845276,0.14210550487041473,0.006153297144919634,0.00017835645121522248,8.917822560761124e-05,8.917822560761124e-05,0.0,48.930110931396484,55.873538970947266,56.479976654052734
Semi_ripe_137.jpeg,Semi-ripe,Semi-ripe,46.11565017700195,18.559614181518555,34.42251968383789,23.44623565673828,47.56396484375,11.948369979858398,0.02853676863014698,0.3411703407764435,0.6279244422912598,0.0,0.0,0.0,0.0,0.0,0.0,0.0,0.0,0.0,0.0,0.0,0.0,0.0023684361949563026,0.26578477025032043,0.058748774230480194,0.029923170804977417,0.03523771092295647,0.04020565003156662,0.04869735985994339,0.06036623939871788,0.08041130006313324,0.10889030247926712,0.1895904392004013,0.07752296328544617,0.0033504709135740995,0.0006354341167025268,0.00040436716517433524,0.00017330021364614367,5.776673788204789e-05,0.0,0.00011553347576409578,0.0017907689325511456,0.00947374477982521,0.06712494790554047,0.10657963156700134,0.26133671402931213,0.20362775027751923,0.05499393492937088,0.08820980787277222,0.2058228850364685,0.0008087343303486705,0.00011553347576409578,0.0,0.0,0.0,52.20258712768555,57.794898986816406,43.18976974487305
Semi_ripe_138.jpeg,Semi-ripe,Semi-ripe,114.68180847167969,124.97476959228516,28.439348220825195,23.43538475036621,52.55319595336914,10.520109176635742,0.10518746078014374,0.11723864078521729,0.5253918170928955,0.007240626960992813,0.0,0.0,0.0,0.0,0.0,0.0,0.0016365800984203815,0.006645506713539362,0.016762547194957733,0.022564968094229698,0.05455266684293747,0.14277921617031097,0.378000408411026,0.0304007139056921,0.02439992129802704,0.034616146236658096,0.04671692103147507,0.054403889924287796,0.05886728689074516,0.0803907960653305,0.13325728476047516,0.13186867535114288,0.0264828409999609,0.0005455266800709069,4.9593334551900625e-05,0.0,0.0,0.0,0.0,0.00014878000365570188,0.0004959333455190063,0.0027276333421468735,0.023259274661540985,0.07220789790153503,0.10751835256814957,0.20224161446094513,0.1902400255203247,0.13553857803344727,0.26388612389564514,0.0012398334220051765,0.00029756000731140375,0.0001983733382076025,0.0,0.0,342.2790222167969,2.0816822052001953,65.20780181884766
Semi_ripe_139.jpeg,Semi-ripe,Semi-ripe,96.7327880859375,112.00753021240234,30.720050811767578,24.616069793701172,51.27949142456055,11.436089515686035,0.11111615598201752,0.13018019497394562,0.5824974179267883,0.0007262493600137532,0.0,0.0,0.0,0.0,0.0,0.0,0.0,0.0,0.006627025548368692,0.01575053296983242,0.037492625415325165,0.11560982465744019,0.3509146273136139,0.036221686750650406,0.023557713255286217,0.03150106593966484,0.04144160449504852,0.05460487678647041,0.06345603615045547,0.07879805564880371,0.08969179540872574,0.12959012389183044,0.09014570713043213,0.008805773220956326,0.0009985929355025291,9.078117000171915e-05,0.0,0.0001815623400034383,0.0,0.0,0.00031773411319591105,0.007307884283363819,0.03200036287307739,0.07493985444307327,0.19803912937641144,0.1645408719778061,0.11093459278345108,0.15691526234149933,0.25364258885383606,0.0012709364527836442,9.078117000171915e-05,0.0,0.0,0.0,341.6180114746094,2.038783073425293,64.99649810791016
Semi_ripe_14.jpg,Semi-ripe,Semi-ripe,57.9699821472168,11.668743133544922,67.71270751953125,18.940134048461914,52.7401123046875,14.593387603759766,0.0,0.03806063532829285,0.8251236081123352,0.11025075614452362,0.0248972550034523,0.0007743164896965027,0.00023825123207643628,0.0002978140546474606,0.0001786884240573272,0.0001786884240573272,0.0,0.0,0.0,0.0,0.0,0.0,0.00524152722209692,0.011257370933890343,0.012806003913283348,0.012806003913283348,0.015188516117632389,0.02662457525730133,0.03418905287981033,0.04502948373556137,0.06545952707529068,0.0821966752409935,0.10459229350090027,0.14455893635749817,0.18446601927280426,0.1757102906703949,0.061647508293390274,0.018226219341158867,0.0,0.0001786884240573272,0.004765024874359369,0.03085353597998619,0.06367263942956924,0.07594258338212967,0.08636607229709625,0.13002561032772064,0.1697539985179901,0.17630591988563538,0.11293108761310577,0.09017809480428696,0.058788493275642395,0.00023825123207643628,0.0,0.0,54.782955169677734,81.71749877929688,57.217960357666016
Semi_ripe_140.jpeg,Semi-ripe,Semi-ripe,120.43834686279297,127.18001556396484,29.81593894958496,26.057958602905273,53.33195114135742,10.846025466918945,0.10027472674846649,0.1098497062921524,0.5232304334640503,0.004565287847071886,0.0,0.0,0.0,0.0,0.0,0.0,0.0,0.003959276247769594,0.021048804745078087,0.04229961335659027,0.03543148189783096,0.15934066474437714,0.4088558554649353,0.03179541230201721,0.02076599933207035,0.023190045729279518,0.02521008439362049,0.0355122834444046,0.054783452302217484,0.05526826158165932,0.07457983493804932,0.1331205517053604,0.127908855676651,0.008282159455120564,0.0005252101109363139,0.00012120232713641599,8.080155384959653e-05,0.0,4.0400776924798265e-05,0.0,0.00048480930854566395,0.005938914138823748,0.029290562495589256,0.0672672912478447,0.09106335043907166,0.18883322179317474,0.12722204625606537,0.21622495353221893,0.2718164324760437,0.0013736264081671834,0.00040400776197202504,4.0400776924798265e-05,0.0,0.0,342.8979187011719,2.1248555183410645,64.50760650634766
Semi_ripe_141.jpeg,Semi-ripe,Semi-ripe,83.96443939208984,97.0611572265625,39.81116485595703,23.915407180786133,50.01284408569336,10.571006774902344,0.0699794813990593,0.08329154551029205,0.7111465930938721,0.0009117848239839077,4.5589240471599624e-05,0.0,0.000501481641549617,0.0,0.0,0.00013676771777682006,0.00027353543555364013,0.002644175896421075,0.027535902336239815,0.005653066094964743,0.009710508398711681,0.08816958963871002,0.21176202595233917,0.032186005264520645,0.017187144607305527,0.026852063834667206,0.04144062101840973,0.05338500067591667,0.06865739822387695,0.08397538214921951,0.10471848398447037,0.14761796593666077,0.19699111580848694,0.014178253710269928,0.0008206063648685813,9.117848094319925e-05,4.5589240471599624e-05,9.117848094319925e-05,0.0,0.0,0.00022794620599597692,0.003419192973524332,0.03948028385639191,0.07152952253818512,0.20031912624835968,0.20378391444683075,0.157556414604187,0.1515386402606964,0.17077729105949402,0.0013220879482105374,4.5589240471599624e-05,0.0,0.0,0.0,49.70864486694336,56.83707046508789,43.566627502441406
Semi_ripe_142.jpeg,Semi-ripe,Semi-ripe,51.13713836669922,63.85506057739258,32.85884475708008,25.903423309326172,50.29328536987305,13.275303840637207,0.21784307062625885,0.2818882167339325,0.45221248269081116,0.0003135077131446451,0.0,0.0,4.478681512409821e-05,0.0,0.0,0.0004030813288409263,0.0004926549736410379,0.0,0.0011644571786746383,0.0,0.04518989473581314,0.0004478681366890669,0.36425116658210754,0.029828019440174103,0.01872088946402073,0.011913293041288853,0.019885346293449402,0.050385165959596634,0.06314940750598907,0.05898423492908478,0.09897886216640472,0.1433178037405014,0.10601039230823517,0.03054460696876049,0.003135076956823468,0.0003582945209927857,0.00026872087619267404,0.00026872087619267404,0.0,0.0,0.0012988175731152296,0.0554460771381855,0.06646363437175751,0.07116624712944031,0.09821748733520508,0.1322554647922516,0.16391974687576294,0.17068254947662354,0.23822106420993805,0.002060193568468094,0.00026872087619267404,0.0,0.0,0.0,15.386280059814453,3.3093578815460205,64.75347137451172
Semi_ripe_143.jpeg,Semi-ripe,Semi-ripe,58.23211669921875,63.85470962524414,24.796533584594727,22.63680648803711,50.14606857299805,12.499757766723633,0.13574844598770142,0.2758725881576538,0.5166887044906616,0.020046809688210487,0.0,0.0,0.0,0.0,0.0,0.0,0.0,0.0035616159439086914,0.004426579922437668,0.0027475322131067514,0.032461583614349365,0.008446117863059044,0.4489671289920807,0.022641701623797417,0.018367761746048927,0.030273735523223877,0.0455378033220768,0.05917370691895485,0.08089955896139145,0.10181133449077606,0.07347104698419571,0.10135341435670853,0.016332553699612617,0.0007632034248672426,0.00015264068497344851,0.0,0.0,0.000254401151323691,0.00020352091814856976,0.00020352091814856976,0.0014755266020074487,0.004223058931529522,0.043299075216054916,0.11875445395708084,0.23191207647323608,0.13544316589832306,0.043044671416282654,0.13600285351276398,0.2848784029483795,0.0005596824921667576,0.0,0.0,0.0,0.0,27.165300369262695,2.7420785427093506,64.90636444091797
Semi_ripe_144.jpeg,Semi-ripe,Semi-ripe,69.26004028320312,77.82035827636719,36.72513198852539,23.497407913208008,48.1086311340332,11.062677383422852,0.11652462184429169,0.11406250298023224,0.6784564256668091,0.002698863623663783,0.00014204545004758984,0.0,0.00018939393339678645,4.734848334919661e-05,0.0,0.0003314393979962915,0.007717803120613098,0.013825757429003716,0.005539772566407919,0.0012310605961829424,0.025284091010689735,0.033948864787817,0.24550189077854156,0.0260890144854784,0.024337120354175568,0.030066287145018578,0.04483901336789131,0.04786931723356247,0.05681818351149559,0.08551136404275894,0.1647253781557083,0.1899147778749466,0.07826704531908035,0.005445075687021017,0.0005681818001903594,4.734848334919661e-05,0.0,0.0,0.0,0.0,0.00014204545004758984,0.004261363763362169,0.04152462258934975,0.10587121546268463,0.280303031206131,0.19431817531585693,0.09379734843969345,0.08607954531908035,0.19332386553287506,0.0003787878667935729,0.0,0.0,0.0,0.0,52.74625015258789,56.805686950683594,42.68861389160156
Semi_ripe_145.jpg,Semi-ripe,Semi-ripe,71.4013671875,49.946346282958984,58.22560501098633,31.477760314941406,42.8585090637207,14.835850715637207,0.0017798872431740165,0.05665974318981171,0.7609018087387085,0.025511717423796654,0.017205577343702316,0.0050430139526724815,0.01868881657719612,0.020468704402446747,0.04776030778884888,0.028181549161672592,0.014239097945392132,0.0014832393499091268,0.0002966478932648897,0.0,0.0011865915730595589,0.0005932957865297794,0.0480569563806057,0.09878374636173248,0.03886087238788605,0.03559774532914162,0.03856422379612923,0.032334618270397186,0.03945416957139969,0.04331059008836746,0.05250667408108711,0.04271729290485382,0.04894689843058586,0.06526253372430801,0.07831504195928574,0.123108871281147,0.11569267511367798,0.09848709404468536,0.0014832393499091268,0.010975971817970276,0.03322456404566765,0.05072678625583649,0.13556808233261108,0.1768021285533905,0.1287451833486557,0.12696529924869537,0.12340551614761353,0.11242954432964325,0.0536932647228241,0.03589439392089844,0.008602788671851158,0.0014832393499091268,0.0,0.0,50.95466613769531,94.00160217285156,55.902732849121094
Semi_ripe_146.jpg,Semi-ripe,Semi-ripe,72.64160919189453,50.49186325073242,59.53023910522461,31.158851623535156,48.57369613647461,18.588727951049805,0.0021046302281320095,0.05532170832157135,0.734515905380249,0.05141310766339302,0.013830427080392838,0.01172579638659954,0.005111244507133961,0.03126879036426544,0.03968731313943863,0.040889956057071686,0.01202645804733038,0.0,0.0009019843419082463,0.0,0.0,0.0012026458280161023,0.027059530839323997,0.09771497547626495,0.04359591007232666,0.03878532722592354,0.034576065838336945,0.03818400576710701,0.03968731313943863,0.04028863459825516,0.05291641503572464,0.05532170832157135,0.06794948875904083,0.06614551693201065,0.07877330482006073,0.07426337897777557,0.07546602189540863,0.16927239298820496,0.0003006614570040256,0.01563439518213272,0.02405291609466076,0.055021047592163086,0.09260372817516327,0.13499699532985687,0.13078773021697998,0.09951893985271454,0.09049909561872482,0.08147925138473511,0.08929645270109177,0.08268190175294876,0.07937462627887726,0.023752255365252495,0.0,0.0,50.93877410888672,96.72537231445312,69.02357482910156
Semi_ripe_147.jpg,Semi-ripe,Semi-ripe,51.31587219238281,33.18524932861328,48.00387954711914,28.190916061401367,53.98463439941406,25.4168643951416,0.03151186555624008,0.40644288063049316,0.45100104808807373,0.0842490866780281,0.0017060565296560526,5.0178132369183004e-05,0.009834913536906242,0.0009032064117491245,0.000602137588430196,0.0026594409719109535,0.0022078377660363913,0.0009032064117491245,0.0011039188830181956,0.0,0.0046163881197571754,0.0022078377660363913,0.09729539602994919,0.03457273170351982,0.029304029420018196,0.08304481208324432,0.14998243749141693,0.033870238810777664,0.02037232182919979,0.028149932622909546,0.053088463842868805,0.07973305135965347,0.09809824824333191,0.0886145830154419,0.07120276987552643,0.06498067826032639,0.04631441459059715,0.021375885233283043,0.0016558783827349544,0.0046163881197571754,0.00863063894212246,0.23684078454971313,0.06362587213516235,0.0430026575922966,0.04029304161667824,0.03853680565953255,0.04922474920749664,0.07180491089820862,0.08730994910001755,0.0629233792424202,0.08379748463630676,0.11867128312587738,0.08409854769706726,0.004967635031789541,53.582496643066406,26.84523582458496,22.659996032714844
Semi_ripe_148.jpg,Semi-ripe,Semi-ripe,57.64450454711914,37.25260925292969,47.469764709472656,29.183313369750977,46.389007568359375,24.84004783630371,0.06443588435649872,0.3385200798511505,0.24018341302871704,0.256865531206131,0.05760694667696953,0.0054631480015814304,0.014535875990986824,0.007658163085579872,0.00395102659240365,0.0038046925328671932,0.0011218964355066419,0.00019511242862790823,0.0004390029644127935,0.0004390029644127935,0.0009755621431395411,0.0038046925328671932,0.09999512135982513,0.03326667100191116,0.05770450085401535,0.1275547593832016,0.08248378336429596,0.03726647421717644,0.028193745762109756,0.036339689046144485,0.0524364672601223,0.055216819047927856,0.06565533578395844,0.08316667377948761,0.0799473226070404,0.09219062328338623,0.05170479416847229,0.016877224668860435,0.0007316716364584863,0.014291985891759396,0.05936295911669731,0.19491732120513916,0.14287108182907104,0.06614311784505844,0.053607139736413956,0.05033900961279869,0.061021413654088974,0.06521633267402649,0.062484756112098694,0.049119554460048676,0.04897322133183479,0.041607726365327835,0.08077654987573624,0.008536169305443764,69.04427337646484,20.88141441345215,21.813440322875977
Semi_ripe_149.JPG,Semi-ripe,Semi-ripe,55.36839294433594,59.53072738647461,66.1822509765625,34.21851348876953,55.04827880859375,14.501455307006836,0.2409229427576065,0.09351328015327454,0.6203743815422058,0.008707009255886078,0.0,0.0,0.0,0.0,0.0,0.0,0.0,0.0,0.0,0.0005224205669946969,0.0028733129147440195,0.033086635172367096,0.043012626469135284,0.10204614698886871,0.041793644428253174,0.03230300545692444,0.02664344757795334,0.0222028736025095,0.018720069900155067,0.022899433970451355,0.023770134896039963,0.02551153674721718,0.02568567730486393,0.025250326842069626,0.037265997380018234,0.09847627580165863,0.22185459733009338,0.23256421089172363,0.0,0.0012189812259748578,0.00757509795948863,0.019416630268096924,0.08097518235445023,0.05468001589179039,0.05511536821722984,0.07148454338312149,0.12659990787506104,0.20670439302921295,0.2444928139448166,0.0951676070690155,0.036221157759428024,0.00034828035859391093,0.0,0.0,57.653133392333984,93.05128479003906,67.64547729492188
Semi_ripe_15.jpg,Semi-ripe,Semi-ripe,57.44852828979492,12.517253875732422,62.088504791259766,17.897207260131836,53.48497009277344,15.533634185791016,0.00116695836186409,0.05959823355078697,0.7836959362030029,0.13019922375679016,0.024256063625216484,0.00041677086846902966,0.0,0.00041677086846902966,0.0,8.335417078342289e-05,8.335417078342289e-05,0.0,0.0,0.0,8.335417078342289e-05,0.0,0.00233391672372818,0.010252563282847404,0.014753688126802444,0.016920896247029305,0.0258397925645113,0.04926231503486633,0.04992914944887161,0.0560973584651947,0.06993415206670761,0.11652912944555283,0.15153788030147552,0.18304575979709625,0.1638742983341217,0.07093439996242523,0.012503125704824924,0.006251562852412462,0.0,8.335417078342289e-05,0.008002000860869884,0.03650912642478943,0.06993415206670761,0.05893139913678169,0.0771859660744667,0.14770358800888062,0.14795365929603577,0.12736517190933228,0.1356172412633896,0.11486204713582993,0.0750187560915947,0.0008335417369380593,0.0,0.0,53.31501007080078,68.81073760986328,68.86325073242188
Semi_ripe_150.JPG,Semi-ripe,Semi-ripe,64.41041564941406,80.40424346923828,69.35285186767578,33.39336395263672,55.7404899597168,17.094585418701172,0.17098508775234222,0.1766071915626526,0.5747983455657959,0.0032999266404658556,0.0,0.00012221951328683645,0.0,0.0,0.0,0.0,0.0,0.0,0.0007333170506171882,0.0018332925392314792,0.004644341301172972,0.06697628647089005,0.020043998956680298,0.10351992398500443,0.040087997913360596,0.031043754890561104,0.026643851771950722,0.02517721801996231,0.021755071356892586,0.015032999217510223,0.011610853485763073,0.009288682602345943,0.023099485784769058,0.0337325818836689,0.05255438759922981,0.10400880128145218,0.2039843499660492,0.2784160375595093,0.001955512212589383,0.014421901665627956,0.016621852293610573,0.01686629094183445,0.02908824197947979,0.08347592502832413,0.08543143421411514,0.07870936393737793,0.11451967805624008,0.17428500950336456,0.17905157804489136,0.09728672355413437,0.05829870328307152,0.02749938890337944,0.02224395051598549,0.0002444390265736729,51.906646728515625,94.06482696533203,68.65241241455078
Semi_ripe_151.JPG,Semi-ripe,Semi-ripe,61.868553161621094,70.2741928100586,68.32420349121094,35.435508728027344,57.244232177734375,15.39304256439209,0.09978237003087997,0.15244831144809723,0.683569073677063,0.00043525570072233677,0.0,0.0,0.0003264417755417526,0.0,0.00021762785036116838,0.0003264417755417526,0.003590859705582261,0.0015233949525281787,0.009575625881552696,0.00010881392518058419,0.010446136817336082,0.037649620324373245,0.09118606895208359,0.0813928171992302,0.03144722431898117,0.02002176269888878,0.013601740822196007,0.01273122988641262,0.012513602152466774,0.01153427641838789,0.01218715962022543,0.017519041895866394,0.02611534297466278,0.03949945420026779,0.05157780274748802,0.07780195772647858,0.1920565813779831,0.3088139295578003,0.0018498367862775922,0.006093579810112715,0.009140370413661003,0.01969532109797001,0.035255711525678635,0.03949945420026779,0.057671383023262024,0.09532099962234497,0.13906419277191162,0.22850924730300903,0.1704026162624359,0.08182807266712189,0.06572361290454865,0.03971708193421364,0.010228509083390236,0.0,48.550994873046875,95.98030090332031,57.00266647338867
Semi_ripe_152.JPG,Semi-ripe,Semi-ripe,66.87066650390625,82.98970031738281,69.44830322265625,34.91260528564453,54.535221099853516,16.832212448120117,0.12555746734142303,0.20891937613487244,0.5827329754829407,0.0018296169582754374,0.0,0.0,0.0,0.0,0.0,0.0,0.0003430531651247293,0.0024013721849769354,0.0005717552849091589,0.00045740423956885934,0.00708976574242115,0.07009720057249069,0.06986849755048752,0.09159519523382187,0.025157231837511063,0.024356774985790253,0.017038308084011078,0.013836477883160114,0.015894796699285507,0.011206403374671936,0.017610063776373863,0.016466552391648293,0.020011434331536293,0.032818753272295,0.04448256269097328,0.08084619790315628,0.20160090923309326,0.3172098398208618,0.0017152659129351377,0.008004574105143547,0.03041738085448742,0.03361921012401581,0.025500286370515823,0.054202400147914886,0.10543167591094971,0.08770725876092911,0.10314465314149857,0.19473984837532043,0.19542595744132996,0.08107490092515945,0.03441966697573662,0.030989136546850204,0.013607775792479515,0.0,52.352684020996094,94.0910415649414,67.87029266357422
Semi_ripe_153.JPG,Semi-ripe,Semi-ripe,98.6213150024414,108.583740234375,56.35922622680664,40.24520492553711,49.94998550415039,17.037715911865234,0.1037503182888031,0.13155880570411682,0.5581256747245789,0.013436516746878624,0.0001700824941508472,0.0,0.0,0.0,0.0,0.0001700824941508472,0.014286928810179234,0.010204949416220188,0.014542052522301674,0.040139466524124146,0.02721319906413555,0.08640190213918686,0.19440428912639618,0.11761204153299332,0.036822859197854996,0.01802874356508255,0.012586104683578014,0.011055361479520798,0.010204949416220188,0.01148056797683239,0.015052299946546555,0.014712135307490826,0.01853899098932743,0.025852538645267487,0.035717323422431946,0.07415596395730972,0.17867165803909302,0.2251041829586029,0.005782804451882839,0.02627774514257908,0.04320095106959343,0.04906879737973213,0.04115996137261391,0.06054936721920967,0.07534654438495636,0.09898801147937775,0.13215409219264984,0.18734586238861084,0.21898120641708374,0.041330043226480484,0.01904923841357231,0.0007653711945749819,0.0,0.0,56.5308952331543,95.22647094726562,43.75331497192383
Semi_ripe_154.JPG,Semi-ripe,Semi-ripe,65.41771697998047,73.06595611572266,66.15614318847656,35.3527946472168,52.85856246948242,16.874279022216797,0.1686023622751236,0.08385826647281647,0.6756889820098877,0.0023622047156095505,0.0,0.0,0.002952755894511938,0.0,0.0,0.0,0.0004921259824186563,0.0013779527507722378,0.007677165325731039,0.005807086825370789,0.010826772078871727,0.04035433009266853,0.09370078891515732,0.07293307036161423,0.03080708719789982,0.02539370022714138,0.024114172905683517,0.019783465191721916,0.016633858904242516,0.023129921406507492,0.026673227548599243,0.020472440868616104,0.020570866763591766,0.03681102395057678,0.04448818787932396,0.08307086676359177,0.18553149700164795,0.27588582038879395,0.0002952755894511938,0.011811023578047752,0.03198818862438202,0.03700787574052811,0.04340551048517227,0.05659448727965355,0.08602362126111984,0.10885826498270035,0.13425196707248688,0.18129920959472656,0.17923228442668915,0.05187007784843445,0.04094488173723221,0.030610235407948494,0.005807086825370789,0.0,56.48797607421875,94.95586395263672,56.65994644165039
Semi_ripe_155.JPG,Semi-ripe,Semi-ripe,59.75247573852539,54.455997467041016,65.64356231689453,35.70193862915039,51.97904586791992,16.630250930786133,0.07688535749912262,0.16083161532878876,0.7001078724861145,0.014219868928194046,0.0021574972197413445,0.000490340287797153,0.000980680575594306,0.00019613611220847815,0.00029420419014059007,0.000980680575594306,0.007060900330543518,0.005884083453565836,0.004805334843695164,0.0026478376239538193,0.010101010091602802,0.012356575578451157,0.11150338500738144,0.059919584542512894,0.03657938539981842,0.023830538615584373,0.021574972197413445,0.018044522032141685,0.014317936263978481,0.014612141065299511,0.015200548805296421,0.019907815381884575,0.04069824516773224,0.053054820746183395,0.052858684211969376,0.07413945347070694,0.16259683668613434,0.2811611294746399,0.0,0.0027459056582301855,0.015298617072403431,0.04628812521696091,0.0698244571685791,0.07796410471200943,0.08737864345312119,0.11738746613264084,0.1573992371559143,0.16092967987060547,0.13347062468528748,0.0354025699198246,0.05040698125958443,0.04197312891483307,0.003530450165271759,0.0,55.669960021972656,95.13229370117188,55.66720962524414
Semi_ripe_156.JPG,Semi-ripe,Semi-ripe,52.69489288330078,6.021556377410889,88.38050079345703,16.781917572021484,63.660911560058594,11.158090591430664,0.003917432390153408,0.05755612626671791,0.9302395582199097,0.008286876603960991,0.0,0.0,0.0,0.0,0.0,0.0,0.0,0.0,0.0,0.0,0.0,0.0,0.0,0.0006026819464750588,0.003616091562435031,0.006478830706328154,0.009492240846157074,0.015669729560613632,0.013409673236310482,0.014012355357408524,0.01084827445447445,0.015971072018146515,0.018381798639893532,0.018532469868659973,0.03103812038898468,0.07804731279611588,0.24408617615699768,0.5198131799697876,0.0,0.0007533524185419083,0.0013560343068093061,0.004369444213807583,0.006177489645779133,0.012053638696670532,0.02998342551290989,0.0687057375907898,0.08588217198848724,0.17417508363723755,0.27572697401046753,0.20521320402622223,0.1119481697678566,0.02365526556968689,0.0,0.0,53.46440124511719,94.91497802734375,68.4652099609375
Semi_ripe_157.JPG,Semi-ripe,Semi-ripe,52.41783142089844,23.233123779296875,72.91417694091797,32.70954132080078,48.57798767089844,14.036674499511719,0.05171165615320206,0.14717137813568115,0.7551970481872559,0.03133726492524147,0.0065156687051057816,0.0003102699411101639,0.0019650429021567106,0.00020684662740677595,0.0008273865096271038,0.0003102699411101639,0.0004136932548135519,0.0,0.00010342331370338798,0.0003102699411101639,0.0010342331370338798,0.0025855829007923603,0.07901541143655777,0.040438514202833176,0.026166098192334175,0.01799565553665161,0.015823766589164734,0.015616919845342636,0.014479263685643673,0.017375117167830467,0.016444306820631027,0.01727169379591942,0.020477816462516785,0.0284414105117321,0.04405833035707474,0.11159375309944153,0.21677526831626892,0.31802669167518616,0.0016547730192542076,0.008687558583915234,0.014272416941821575,0.036715276539325714,0.05419381707906723,0.08956458419561386,0.15813423693180084,0.15410073101520538,0.14603371918201447,0.1611335128545761,0.124418243765831,0.03930085897445679,0.011583411134779453,0.00020684662740677595,0.0,0.0,53.528465270996094,95.39170837402344,43.83417892456055
Semi_ripe_158.JPG,Semi-ripe,Semi-ripe,67.11677551269531,73.77075958251953,67.69194030761719,37.104007720947266,51.51445770263672,14.786051750183105,0.11520283669233322,0.08871603012084961,0.6963371634483337,0.035151634365320206,0.0014769594417884946,9.846396278589964e-05,0.0002953918883576989,0.0,0.0,0.0,0.00019692792557179928,0.0,0.0,0.0005907837767153978,0.0008861756650730968,0.06104765832424164,0.11008270829916,0.07256793975830078,0.042241040617227554,0.0282591562718153,0.017034266144037247,0.009649468585848808,0.010437180288136005,0.007483261171728373,0.010338716208934784,0.01142181921750307,0.013784954324364662,0.01723119430243969,0.03200078755617142,0.08674675226211548,0.2076604962348938,0.3230602741241455,0.002953918883576989,0.015064986422657967,0.01860968954861164,0.01526191458106041,0.03790862485766411,0.10821189731359482,0.10506104677915573,0.08517132699489594,0.11717211455106735,0.22282394766807556,0.2118944525718689,0.052087437361478806,0.0066955494694411755,0.001083103590644896,0.0,0.0,54.49604034423828,95.19916534423828,57.103275299072266
Semi_ripe_159.JPG,Semi-ripe,Semi-ripe,57.469482421875,62.184112548828125,69.59786987304688,34.314369201660156,54.79551315307617,13.33149528503418,0.1623327136039734,0.16363833844661713,0.6002611517906189,0.029050158336758614,0.00010880208719754592,0.0,0.0,0.0,0.0,0.0,0.0009792187483981252,0.001632031286135316,0.00359046901576221,0.0017408333951607347,0.0029376563616096973,0.033728647977113724,0.06560765951871872,0.0726797953248024,0.031987812370061874,0.025350887328386307,0.02458927221596241,0.02110760472714901,0.017843542620539665,0.015123490244150162,0.017190730199217796,0.02230442874133587,0.02230442874133587,0.022957241162657738,0.03155260533094406,0.07735828310251236,0.2324012666940689,0.299640953540802,0.00359046901576221,0.005657708737999201,0.004896094091236591,0.01925797015428543,0.0328582301735878,0.05461864918470383,0.07278859615325928,0.10085953772068024,0.13524100184440613,0.24034380912780762,0.23675334453582764,0.0816015675663948,0.011315417475998402,0.00021760417439509183,0.0,0.0,53.696311950683594,95.32044982910156,57.67079162597656
Semi_ripe_16.jpg,Semi-ripe,Semi-ripe,56.28529739379883,13.936365127563477,66.16669464111328,21.947101593017578,52.86622619628906,16.589841842651367,0.0019876156002283096,0.10197997093200684,0.7789160013198853,0.09005427360534668,0.02346915379166603,0.0012231480795890093,0.0004586805298458785,0.0004586805298458785,0.0004586805298458785,0.0003057870198972523,0.0003822337603196502,0.00022934026492293924,0.0,0.0,0.0,7.644675497431308e-05,0.005809953436255455,0.014907117001712322,0.0192645825445652,0.021405091509222984,0.03692378103733063,0.038911398500204086,0.04724409431219101,0.06031648814678192,0.05144866555929184,0.04472135007381439,0.053054049611091614,0.11658129841089249,0.1804143488407135,0.21924929320812225,0.07629386335611343,0.013454629108309746,0.0003822337603196502,0.006650867871940136,0.024615855887532234,0.05511811003088951,0.0683434009552002,0.03715312108397484,0.054735876619815826,0.10083326697349548,0.158244788646698,0.17919118702411652,0.1536579728126526,0.09884565323591232,0.06222765892744064,0.0,0.0,0.0,54.121089935302734,81.86036682128906,68.02882385253906
Semi_ripe_160.JPG,Semi-ripe,Semi-ripe,59.93544006347656,58.725669860839844,68.15997314453125,35.300697326660156,48.947147369384766,15.813066482543945,0.07437870651483536,0.19005925953388214,0.6846201419830322,0.010259131900966167,0.0005306447274051607,0.0,0.0003537631419021636,0.0,0.0,0.0,0.0,0.0008844078984111547,0.0013266118476167321,0.0015034934040158987,0.006633059121668339,0.029450783506035805,0.06809940934181213,0.08074644207954407,0.03997523710131645,0.03060051240026951,0.022375520318746567,0.021756434813141823,0.022906163707375526,0.016449986025691032,0.013619881123304367,0.01476961188018322,0.016361545771360397,0.01972229592502117,0.029981426894664764,0.07915450632572174,0.22216325998306274,0.3013177812099457,0.0008844078984111547,0.007340585347265005,0.030688954517245293,0.064827099442482,0.07800477743148804,0.07906606793403625,0.07508622854948044,0.10002653300762177,0.14371627569198608,0.19076678156852722,0.17847351729869843,0.04634297266602516,0.004068276379257441,0.0007075262838043272,0.0,0.0,55.66081237792969,94.8701171875,56.34638977050781
Semi_ripe_161.JPG,Semi-ripe,Semi-ripe,57.020957946777344,31.15377426147461,76.48558044433594,31.36107063293457,54.34560775756836,16.516157150268555,0.050679538398981094,0.08789534121751785,0.798043966293335,0.04864727705717087,0.0010161311365664005,0.0006350819021463394,0.00012701639207080007,0.00025403278414160013,0.00025403278414160013,0.00038104914710856974,0.0005080655682832003,0.0025403276085853577,0.00190524582285434,0.0008891146862879395,0.00215927860699594,0.004064524546265602,0.033278293907642365,0.05817350372672081,0.030229900032281876,0.020195605233311653,0.016004065051674843,0.01625809818506241,0.015114950016140938,0.019306490197777748,0.013082687743008137,0.016512129455804825,0.023243999108672142,0.021719802170991898,0.021338753402233124,0.05449002981185913,0.20119395852088928,0.43985775113105774,0.016004065051674843,0.016893180087208748,0.012828654609620571,0.012955671176314354,0.029848851263523102,0.06249206140637398,0.07481265068054199,0.11621998995542526,0.11926838755607605,0.14848215878009796,0.20614759624004364,0.13133494555950165,0.05220373347401619,0.00038104914710856974,0.00012701639207080007,0.0,60.43042755126953,95.03581237792969,69.18821716308594
Semi_ripe_162.JPG,Semi-ripe,Semi-ripe,63.64116668701172,64.96361541748047,63.32868576049805,38.07059860229492,52.557106018066406,16.672691345214844,0.16885095834732056,0.10068068653345108,0.6283653378486633,0.031494464725255966,0.0018287107814103365,0.00030478512053377926,0.004774967208504677,0.0021334958728402853,0.00030478512053377926,0.003962206654250622,0.00863557867705822,0.008026008494198322,0.005892512388527393,0.00020319008035585284,0.010870669968426228,0.023671645671129227,0.1494463086128235,0.0676622986793518,0.029868941754102707,0.02377323992550373,0.02082698419690132,0.01777913235127926,0.01777913235127926,0.01920146308839321,0.017169561237096786,0.017169561237096786,0.02377323992550373,0.02052219770848751,0.025601951405405998,0.07071015238761902,0.19099867343902588,0.28771716356277466,0.0019303058506920934,0.01269938051700592,0.028446611016988754,0.04348267987370491,0.06837346404790878,0.061972975730895996,0.05293101817369461,0.07873615622520447,0.12049172073602676,0.17169561982154846,0.2223915457725525,0.11835822463035583,0.017880726605653763,0.0006095702410675585,0.0,0.0,58.81687545776367,94.06500244140625,68.22624969482422
Semi_ripe_163.JPG,Semi-ripe,Semi-ripe,50.51314926147461,10.527950286865234,78.79835510253906,24.013103485107422,59.473758697509766,16.84038543701172,0.029216468334197998,0.11713147163391113,0.8528552651405334,0.0005312085268087685,0.0,0.0,0.0,0.0,0.0,0.0,0.0,0.0,0.0,0.0,0.0,0.00026560426340438426,0.0018592297565191984,0.011952191591262817,0.019123505800962448,0.02443559095263481,0.02629482001066208,0.022576361894607544,0.02018592320382595,0.016467463225126266,0.022709162905812263,0.03731739893555641,0.04515272378921509,0.04661354422569275,0.06454183161258698,0.10146082192659378,0.2139442265033722,0.32536521553993225,0.0,0.0009296148782595992,0.002390438225120306,0.0054448870941996574,0.03320053219795227,0.0549800805747509,0.0988047793507576,0.10159362852573395,0.13479416072368622,0.16653385758399963,0.11301460862159729,0.07290836423635483,0.08353253453969955,0.07782204449176788,0.05219123512506485,0.0018592297565191984,54.17487716674805,95.70829772949219,57.09668731689453
Semi_ripe_164.JPG,Semi-ripe,Semi-ripe,53.28132629394531,12.919195175170898,71.10447692871094,34.3115119934082,50.96089172363281,14.562891006469727,0.02639583870768547,0.12138161063194275,0.7746050357818604,0.0750662311911583,0.0015700127696618438,9.812579810386524e-05,0.00019625159620773047,9.812579810386524e-05,0.0,0.0,0.0,0.0,0.0,0.0,0.0005887547740712762,0.0,0.05249730125069618,0.08536944538354874,0.03817093372344971,0.022765185683965683,0.018840152770280838,0.015896379947662354,0.015896379947662354,0.01334510836750269,0.013541360385715961,0.016190756112337112,0.018938278779387474,0.022176429629325867,0.031105877831578255,0.06839367747306824,0.22608183324337006,0.34079089760780334,0.0,0.00323815131559968,0.010891963727772236,0.027965852990746498,0.06878618150949478,0.11902659386396408,0.09577077627182007,0.10087332129478455,0.11755470186471939,0.19448533654212952,0.18555587530136108,0.0643705204129219,0.010205082595348358,0.0012756353244185448,0.0,0.0,54.924983978271484,95.69435119628906,57.314125061035156
Semi_ripe_165.JPG,Semi-ripe,Semi-ripe,47.89244842529297,37.96104431152344,71.6334228515625,33.02347183227539,54.14247512817383,13.062884330749512,0.18423843383789062,0.15146373212337494,0.6504030823707581,0.0012728044530376792,0.0,0.0,0.0,0.0,0.0,0.0,0.0,0.0,0.0003182011132594198,0.00010606703290250152,0.0,0.012197708711028099,0.02831989899277687,0.08368688821792603,0.04221468046307564,0.026622826233506203,0.02471361868083477,0.02184980921447277,0.014849385246634483,0.013152312487363815,0.01983453519642353,0.014637250453233719,0.018773864954710007,0.02344081550836563,0.03701739385724068,0.07785320281982422,0.2282562553882599,0.3247772455215454,0.00010606703290250152,0.001378871500492096,0.002863809932023287,0.015591854229569435,0.03998727351427078,0.07445906102657318,0.0889902412891388,0.11508273333311081,0.14775137603282928,0.2126644104719162,0.19484513998031616,0.0805048793554306,0.025774288922548294,0.0,0.0,0.0,54.4295539855957,93.83721160888672,67.85456085205078
Semi_ripe_166.JPG,Semi-ripe,Semi-ripe,49.623477935791016,35.34986877441406,68.55360412597656,34.833641052246094,50.22542953491211,14.42108154296875,0.15470397472381592,0.12479723989963531,0.6868410110473633,0.021289538592100143,0.0019261962734162807,0.0,0.0,0.0,0.0,0.0,0.0,0.0,0.00010137874778592959,0.0,0.00040551499114371836,0.009935117326676846,0.025952959433197975,0.1235806941986084,0.046127330511808395,0.025243308395147324,0.02382400631904602,0.020681265741586685,0.015409570187330246,0.014902676455676556,0.014497161842882633,0.016727494075894356,0.015510949306190014,0.025243308395147324,0.0343673974275589,0.08454988151788712,0.20944850146770477,0.3039335012435913,0.00040551499114371836,0.009935117326676846,0.022404704242944717,0.025648824870586395,0.051804542541503906,0.08890916407108307,0.12175588309764862,0.11293593049049377,0.1403081864118576,0.2045823186635971,0.1689983755350113,0.04703973978757858,0.005170316435396671,0.00010137874778592959,0.0,0.0,55.55229949951172,94.93466186523438,56.392879486083984
Semi_ripe_167.JPG,Semi-ripe,Semi-ripe,52.46403884887695,12.240445137023926,88.71989440917969,16.328624725341797,61.685791015625,14.502931594848633,0.016508830711245537,0.11108267307281494,0.8539800643920898,0.017532633617520332,0.0,0.0,0.0,0.0,0.0,0.0,0.0,0.0,0.0,0.0,0.0,0.0008958280086517334,0.0,0.0011517788516357541,0.0051190173253417015,0.006270796060562134,0.00998208299279213,0.010110058821737766,0.012925518676638603,0.0110058868303895,0.009598157368600368,0.01266956701874733,0.01676478050649166,0.019196314737200737,0.03890452906489372,0.08471973240375519,0.24443307518959045,0.5171487331390381,0.0,0.0008958280086517334,0.0035833120346069336,0.0107499361038208,0.01740465871989727,0.0376247763633728,0.06104427948594093,0.09738930314779282,0.1058356761932373,0.09930893033742905,0.15638597309589386,0.2126951664686203,0.18965958058834076,0.007294599432498217,0.00012797542149201035,0.0,54.21428680419922,95.60425567626953,69.62036895751953
Semi_ripe_168.JPG,Semi-ripe,Semi-ripe,49.512508392333984,12.462100982666016,73.96952819824219,32.29453659057617,59.63394546508789,13.542319297790527,0.054762162268161774,0.15580371022224426,0.7852464318275452,0.003865564242005348,0.0,0.0,0.0,0.0,0.0,0.0,0.0,0.0,0.0,0.0,0.0,0.0003221303632017225,0.017287662252783775,0.07162031531333923,0.05959411710500717,0.026736820116639137,0.01782454550266266,0.01589176431298256,0.014173735864460468,0.011811446398496628,0.00891227275133133,0.012777836993336678,0.015999140217900276,0.020186835899949074,0.031031891703605652,0.07376784831285477,0.2367658168077469,0.365617960691452,0.0,0.0002147535706171766,0.0027917963452637196,0.010093417949974537,0.02415977604687214,0.03962203487753868,0.0627080425620079,0.0846129059791565,0.11038333177566528,0.18758724629878998,0.23826909065246582,0.11167185753583908,0.10737678408622742,0.01997208222746849,0.0005368839483708143,0.0,54.91304397583008,94.40496063232422,68.54633331298828
Semi_ripe_169.JPG,Semi-ripe,Semi-ripe,50.4340705871582,21.874361038208008,70.72673034667969,34.66017150878906,55.79864501953125,15.965265274047852,0.06406541168689728,0.14572551846504211,0.7709583640098572,0.015007244423031807,0.0003104947099927813,0.0003104947099927813,0.0,0.0,0.0,0.0,0.0,0.0,0.0,0.0,0.0,0.0036224385257810354,0.04357276111841202,0.10060028731822968,0.042744774371385574,0.02722003683447838,0.01583523117005825,0.012419789098203182,0.012212792411446571,0.009107844904065132,0.011591803282499313,0.01231629028916359,0.018629683181643486,0.024218589067459106,0.03529290109872818,0.07824467122554779,0.22262471914291382,0.33336782455444336,0.002794452477246523,0.005795901641249657,0.019768163561820984,0.024839578196406364,0.02711653895676136,0.058062512427568436,0.08424756675958633,0.08600703626871109,0.11426205933094025,0.19985510408878326,0.1884702891111374,0.09159594029188156,0.06841233372688293,0.028255019336938858,0.000517491193022579,0.0,54.0876350402832,95.48213958740234,56.9437141418457
Semi_ripe_17.jpg,Semi-ripe,Semi-ripe,56.69559097290039,15.636797904968262,66.98242950439453,22.408130645751953,51.56574249267578,15.600290298461914,0.0009187423274852335,0.09575337171554565,0.7851163744926453,0.09636586159467697,0.018885258585214615,0.0005104123847559094,0.00020416497136466205,0.00020416497136466205,0.0,0.00020416497136466205,0.00030624744249507785,0.00020416497136466205,0.0004083299427293241,0.00020416497136466205,0.0004083299427293241,0.00030624744249507785,0.006737444084137678,0.011433238163590431,0.023070640861988068,0.02929767221212387,0.03777051717042923,0.035524703562259674,0.044507961720228195,0.04634544625878334,0.03940383717417717,0.04226214811205864,0.05645161122083664,0.10106165707111359,0.20130665600299835,0.22233565151691437,0.0791139230132103,0.023376887664198875,0.00020416497136466205,0.009697835892438889,0.027970600873231888,0.061147406697273254,0.05369538441300392,0.03807676583528519,0.059616170823574066,0.1158636212348938,0.1489383429288864,0.20416496694087982,0.19650878012180328,0.08187015354633331,0.0019395671552047133,0.00030624744249507785,0.0,0.0,54.111515045166016,81.1717529296875,67.46710205078125
Semi_ripe_170.JPG,Semi-ripe,Semi-ripe,49.763938903808594,29.540035247802734,73.36399841308594,33.87504577636719,51.51264190673828,13.66238021850586,0.12307046353816986,0.11750499159097672,0.747138500213623,0.004725401755422354,0.0,0.0,0.0,0.0,0.0,0.0,0.0,0.0,0.0001050089267664589,0.0007350624655373394,0.0004200357070658356,0.0063005355186760426,0.015331302769482136,0.10290874540805817,0.0465189553797245,0.023101963102817535,0.019216634333133698,0.016696419566869736,0.018481571227312088,0.013126115314662457,0.011340963654220104,0.011550981551408768,0.014281214214861393,0.016906436532735825,0.022366901859641075,0.04525884613394737,0.1981518417596817,0.4247611165046692,0.0031502677593380213,0.009135776199400425,0.01407119631767273,0.027092302218079567,0.021841855719685555,0.06846582144498825,0.13451643288135529,0.13126115500926971,0.13273128867149353,0.21127796173095703,0.1998319923877716,0.044628795236349106,0.0016801428282633424,0.0003150267875753343,0.0,0.0,54.30704879760742,95.81892395019531,43.33064270019531
Semi_ripe_171.JPG,Semi-ripe,Semi-ripe,93.12203216552734,109.62510681152344,58.8154296875,40.12274169921875,51.207855224609375,14.28078556060791,0.1507822424173355,0.09674418717622757,0.5731924176216125,0.022156449034810066,0.0,0.0,0.0,0.0,0.0,0.0,0.0,0.0,0.00016913318540900946,0.0007610993925482035,0.009048625826835632,0.14714588224887848,0.08202959597110748,0.21564482152462006,0.037293870002031326,0.026384778320789337,0.017167018726468086,0.011247357353568077,0.010317124426364899,0.010232558473944664,0.008794926106929779,0.011162790469825268,0.013699788600206375,0.017674418166279793,0.02528541162610054,0.04498942941427231,0.16245242953300476,0.3056236803531647,0.0010993657633662224,0.004143763333559036,0.010401691310107708,0.021226216107606888,0.06410147994756699,0.1134038046002388,0.09699788689613342,0.10088794678449631,0.12600423395633698,0.18427062034606934,0.22824524343013763,0.031881608068943024,0.013868921436369419,0.0034672303590923548,0.0,0.0,58.60329055786133,95.44049835205078,43.51704025268555
Semi_ripe_172.JPG,Semi-ripe,Semi-ripe,49.034339904785156,20.490739822387695,71.3223648071289,34.648460388183594,55.73881530761719,14.038800239562988,0.08902763575315475,0.11619840562343597,0.772343635559082,0.019192969426512718,0.0,0.0,0.0,0.0,0.0,0.00023124059953261167,0.0,0.00023124059953261167,0.00023124059953261167,0.0,0.0008093421347439289,0.0017343045910820365,0.04925424978137016,0.09850849956274033,0.030870620161294937,0.024742744863033295,0.019192969426512718,0.014683778397738934,0.012371372431516647,0.01075268816202879,0.011793270707130432,0.015261880122125149,0.017458666115999222,0.025436466559767723,0.030061278492212296,0.06867846101522446,0.19817319512367249,0.3727598488330841,0.0028905074577778578,0.004277951084077358,0.00716845877468586,0.01699618436396122,0.031101861968636513,0.0491386279463768,0.08579026162624359,0.0942305475473404,0.12533241510391235,0.2341311126947403,0.2253439724445343,0.05861949175596237,0.05318534001708031,0.01075268816202879,0.0010405827779322863,0.0,53.146934509277344,95.73783111572266,56.947486877441406
Semi_ripe_173.JPG,Semi-ripe,Semi-ripe,47.37934494018555,18.63455581665039,63.70444107055664,37.161468505859375,52.73211669921875,12.462010383605957,0.16451489925384521,0.16470476984977722,0.617429256439209,0.051167648285627365,0.0009493069956079125,0.00028479209868237376,0.0,0.00028479209868237376,0.0,0.0,0.0,0.0,0.0,0.0,9.493069956079125e-05,0.0005695841973647475,0.07803303748369217,0.12293525785207748,0.050977785140275955,0.021739130839705467,0.02088475413620472,0.019555725157260895,0.015663566067814827,0.017752040177583694,0.01509398128837347,0.018606416881084442,0.020979685708880424,0.02211885340511799,0.034554775804281235,0.07812796533107758,0.17600151896476746,0.2869755029678345,0.0,0.00047465349780395627,0.0010442377533763647,0.00379722798243165,0.046326182782649994,0.10622745752334595,0.11163850128650665,0.09863299876451492,0.1732485294342041,0.22033415734767914,0.1698310226202011,0.047750141471624374,0.01965065486729145,0.0010442377533763647,0.0,0.0,56.171722412109375,95.32030487060547,55.995201110839844
Semi_ripe_174.JPG,Semi-ripe,Semi-ripe,57.49220275878906,36.30078125,66.41310119628906,36.1370735168457,50.02763366699219,14.314190864562988,0.07067938894033432,0.11216101050376892,0.7077388167381287,0.08664839714765549,0.005008031614124775,0.0006614381563849747,0.0007559293298982084,0.0018898233538493514,9.449116623727605e-05,0.0,0.0007559293298982084,0.001700841006822884,0.0007559293298982084,0.0001889823324745521,0.0013228763127699494,0.009638098999857903,0.1008220762014389,0.06557686626911163,0.041103657335042953,0.029953699558973312,0.0232448261231184,0.02116602100431919,0.021732967346906662,0.015118586830794811,0.010960974730551243,0.017008408904075623,0.015969006344676018,0.027496928349137306,0.03656807914376259,0.07379759848117828,0.2088254690170288,0.29065483808517456,0.0003779646649491042,0.004913540557026863,0.013701219111680984,0.039024852216243744,0.07521496713161469,0.07776623219251633,0.10365680605173111,0.11886988580226898,0.1631862372159958,0.18463574349880219,0.16866673529148102,0.0378909558057785,0.011716904118657112,0.0003779646649491042,0.0,0.0,58.27098846435547,94.80377197265625,56.38096237182617
Semi_ripe_175.JPG,Semi-ripe,Semi-ripe,58.79245376586914,66.27243041992188,71.38378143310547,32.75058364868164,52.721214294433594,12.401527404785156,0.20323163270950317,0.12294259667396545,0.5904255509376526,0.03733440488576889,0.0,0.0,0.0,0.0,0.0,0.0,0.00010036129970103502,0.00020072259940207005,0.00010036129970103502,0.00010036129970103502,0.003813729388639331,0.04175030067563057,0.026595745235681534,0.08119229227304459,0.04014452174305916,0.030409473925828934,0.02549177035689354,0.019971899688243866,0.01625853031873703,0.01655961386859417,0.014552388340234756,0.01977117545902729,0.029506223276257515,0.026896828785538673,0.036531511694192886,0.062625452876091,0.23604978621006012,0.31744280457496643,0.00020072259940207005,0.0006021677982062101,0.0027097552083432674,0.006623846013098955,0.05349257215857506,0.10297069698572159,0.08259735256433487,0.10859093070030212,0.1503412276506424,0.23544761538505554,0.21818546950817108,0.036230430006980896,0.0017061420949175954,0.00030108389910310507,0.0,0.0,57.158721923828125,94.86177825927734,57.133018493652344
Semi_ripe_176.JPG,Semi-ripe,Semi-ripe,118.63644409179688,122.4576187133789,60.75349426269531,39.262908935546875,49.8575325012207,16.16554069519043,0.09327354282140732,0.05332246050238609,0.5672237873077393,0.044027719646692276,0.0009783938294276595,0.0,0.0004891969147138298,0.0,0.0,0.00016306563338730484,0.006522625219076872,0.001222992199473083,0.008560946211218834,0.0050550345331430435,0.06359560042619705,0.15556462109088898,0.07378719747066498,0.16999591886997223,0.06856910139322281,0.025275172665715218,0.02144313044846058,0.013615980744361877,0.011088463477790356,0.008397880010306835,0.009131675586104393,0.01288218516856432,0.013371381908655167,0.014105177484452724,0.02111699990928173,0.04965348541736603,0.19013452529907227,0.29743170738220215,0.0009783938294276595,0.011903791688382626,0.025275172665715218,0.06278026849031448,0.08430493623018265,0.057888299226760864,0.06620464473962784,0.10664492100477219,0.13012637197971344,0.19559723138809204,0.1939665675163269,0.04908275604248047,0.015002038329839706,0.0002445984573569149,0.0,0.0,57.152687072753906,94.79610443115234,55.985084533691406
Semi_ripe_177.JPG,Semi-ripe,Semi-ripe,60.60497283935547,64.69514465332031,62.57621383666992,37.74620819091797,49.28122329711914,15.550315856933594,0.15755973756313324,0.13699568808078766,0.6316098570823669,0.02506854757666588,0.0005875440547242761,0.00029377202736213803,0.0,0.0,0.0,9.792401397135109e-05,9.792401397135109e-05,0.0,0.0,0.0015667842235416174,0.020368194207549095,0.025754014030098915,0.13640815019607544,0.07393262535333633,0.041715629398822784,0.03182530403137207,0.022326674312353134,0.01576576568186283,0.014101057313382626,0.013023893348872662,0.015667840838432312,0.01605953834950924,0.02281629480421543,0.0299647469073534,0.0375048965215683,0.08666274696588516,0.18164904415607452,0.2605758011341095,0.00029377202736213803,0.01576576568186283,0.029279278591275215,0.03936545178294182,0.05366235971450806,0.10487661510705948,0.10869564861059189,0.09547591209411621,0.135918527841568,0.18537014722824097,0.17538189888000488,0.040050920099020004,0.014492753893136978,0.0013709361664950848,0.0,0.0,56.812110900878906,95.47161102294922,43.32358932495117
Semi_ripe_178.JPG,Semi-ripe,Semi-ripe,60.61343765258789,65.10343170166016,69.14985656738281,35.55509948730469,47.94236755371094,14.277181625366211,0.1371465027332306,0.11684031784534454,0.6912608742713928,0.008292579092085361,0.00010631512122927234,0.0,0.0,0.0,0.0,0.0,0.0,0.0,0.0,0.0012757814256474376,0.003933659289032221,0.04114395007491112,0.0728258565068245,0.08930470049381256,0.032957687973976135,0.024558791890740395,0.018924091011285782,0.017223048955202103,0.015840953215956688,0.0123325539752841,0.013608335517346859,0.014352540485560894,0.016797788441181183,0.02487773820757866,0.03752923756837845,0.07335743308067322,0.19870296120643616,0.3368062973022461,0.00042526048491708934,0.007867318578064442,0.015096746385097504,0.049223899841308594,0.08452051877975464,0.08749733865261078,0.12066765874624252,0.13587072491645813,0.14777801930904388,0.17223049700260162,0.1547948122024536,0.023283010348677635,0.0005315755843184888,0.00010631512122927234,0.00010631512122927234,0.0,54.3564338684082,95.56629180908203,44.22364807128906
Semi_ripe_179.JPG,Semi-ripe,Semi-ripe,44.59043502807617,44.78425216674805,63.43205642700195,37.39628219604492,55.70571517944336,15.768762588500977,0.2320457398891449,0.2904755175113678,0.44415006041526794,0.008227583020925522,0.0008367034024558961,0.0005578022683039308,0.0008367034024558961,0.0001394505670759827,0.0011156045366078615,0.0009761539404280484,0.00153395626693964,0.00041835170122794807,0.00041835170122794807,0.0,0.009622088633477688,0.008645934984087944,0.10375121980905533,0.08673825114965439,0.0503416545689106,0.034862641245126724,0.025798354297876358,0.02175428718328476,0.016734067350625992,0.014781760051846504,0.01241109985858202,0.013805605471134186,0.016594616696238518,0.022033188492059708,0.03653604909777641,0.08116022497415543,0.18560869991779327,0.2770882844924927,0.00850648432970047,0.009482637979090214,0.01004044059664011,0.020220331847667694,0.03332868590950966,0.031515829265117645,0.060382094234228134,0.1372193545103073,0.16134430468082428,0.16120485961437225,0.18839772045612335,0.09817320108413696,0.04448473080992699,0.02621670626103878,0.009482637979090214,0.0,51.18584060668945,94.2699203491211,69.08450317382812
Semi_ripe_18.jpg,Semi-ripe,Semi-ripe,58.767059326171875,12.565534591674805,61.131752014160156,18.612857818603516,55.39145278930664,15.68472671508789,0.0004154117777943611,0.050057120621204376,0.7614498138427734,0.16772250831127167,0.020147470757365227,0.0,0.00010385294444859028,0.0,0.0,0.0,0.0,0.0,0.0,0.0,0.00010385294444859028,0.0,0.006335029378533363,0.015058676712214947,0.01391629409044981,0.02523626573383808,0.03531000018119812,0.04019108787178993,0.043929796665906906,0.05119950324296951,0.05223803222179413,0.13054315745830536,0.18205420672893524,0.1692803055047989,0.1528715342283249,0.06625817716121674,0.012462353333830833,0.0031155883334577084,0.0,0.0,0.004984941333532333,0.026067089289426804,0.06553120911121368,0.07352788746356964,0.06231176480650902,0.1032298281788826,0.1268044412136078,0.18485824763774872,0.13355489075183868,0.10021809488534927,0.11475750058889389,0.004154117777943611,0.0,0.0,53.61592483520508,68.96542358398438,69.38671112060547
Semi_ripe_180.JPG,Semi-ripe,Semi-ripe,68.67565155029297,96.11148071289062,60.81476974487305,36.97608184814453,55.42631530761719,15.720874786376953,0.23963269591331482,0.2803613841533661,0.3695201277732849,0.00029620854184031487,0.0,0.0,0.00029620854184031487,0.0,0.00014810427092015743,0.0,0.0,0.0005924170836806297,0.0011848341673612595,0.0072571090422570705,0.022067535668611526,0.07864336669445038,0.061759479343891144,0.12811018526554108,0.062055688351392746,0.0433945506811142,0.033027250319719315,0.022808056324720383,0.017772512510418892,0.020438387989997864,0.01643957383930683,0.02132701501250267,0.022215640172362328,0.030805686488747597,0.03865521401166916,0.06486966460943222,0.14203199744224548,0.2742891013622284,0.00044431278365664184,0.0029620854184031487,0.007553317584097385,0.016735782846808434,0.044283173978328705,0.07286729663610458,0.10337677597999573,0.08501184731721878,0.14721563458442688,0.16691350936889648,0.17491114139556885,0.07345971465110779,0.05879739299416542,0.030657583847641945,0.01436611358076334,0.00044431278365664184,52.273529052734375,94.7624740600586,68.4192886352539
Semi_ripe_181.JPG,Semi-ripe,Semi-ripe,76.84937286376953,104.2815933227539,63.194190979003906,35.05599594116211,54.888980865478516,18.03986167907715,0.23532243072986603,0.15483638644218445,0.48147258162498474,0.0001203079882543534,0.0002406159765087068,0.0,0.0,0.0002406159765087068,0.0,0.0,0.0,0.0,0.0,0.0002406159765087068,0.011068334802985191,0.11645813286304474,0.041265640407800674,0.12812800705432892,0.047281038016080856,0.03609239682555199,0.02779114618897438,0.02321944199502468,0.01864773780107498,0.01828681491315365,0.016482194885611534,0.021414821967482567,0.024663137272000313,0.05919152870774269,0.06929740309715271,0.09299807250499725,0.13438402116298676,0.2408565878868103,0.005654475651681423,0.009504331275820732,0.02069297432899475,0.0378970168530941,0.05173243582248688,0.05064966157078743,0.05582290515303612,0.09155438095331192,0.15122714638710022,0.16927334666252136,0.18587584793567657,0.06159768998622894,0.03946102038025856,0.03476900979876518,0.02430221438407898,0.009985563345253468,51.509742736816406,95.3736343383789,56.6137809753418
Semi_ripe_182.JPG,Semi-ripe,Semi-ripe,67.78646087646484,92.3057632446289,62.972293853759766,36.903900146484375,55.204322814941406,14.962678909301758,0.20245479047298431,0.3514583706855774,0.3440675735473633,0.0013197835069149733,0.0,0.0,0.0,0.0,0.0,0.0,0.0,0.0009238484781235456,0.0026395670138299465,0.003035502275452018,0.01478157564997673,0.07931899279356003,0.0444767065346241,0.13435396552085876,0.06572522222995758,0.04579649120569229,0.028507323935627937,0.01808103546500206,0.012010030448436737,0.01069024670869112,0.012669921852648258,0.015309489332139492,0.018608948215842247,0.027319518849253654,0.045400552451610565,0.0816946029663086,0.1562623679637909,0.28309357166290283,0.000263956724666059,0.0031674804631620646,0.012010030448436737,0.01979675330221653,0.02481193095445633,0.06097400188446045,0.07971492409706116,0.10875016450881958,0.19823148846626282,0.19875940680503845,0.17196780443191528,0.035370200872421265,0.02969513088464737,0.027715453878045082,0.027055563405156136,0.0017157186521217227,49.95892333984375,95.8302230834961,57.81272506713867
Semi_ripe_183.JPG,Semi-ripe,Semi-ripe,92.74996948242188,119.05517578125,61.163089752197266,37.429481506347656,52.47882843017578,16.01076316833496,0.18549014627933502,0.2674975097179413,0.36052075028419495,0.0,0.0,0.0,0.0,0.0,0.0,0.0,0.0,0.0,0.00022254367650020868,0.008679203689098358,0.046845443546772,0.13074441254138947,0.04517636448144913,0.1627907007932663,0.06743073463439941,0.03282519057393074,0.02425726130604744,0.016690775752067566,0.01457661110907793,0.014910425990819931,0.016913319006562233,0.014131523668766022,0.016134416684508324,0.023255813866853714,0.03516190126538277,0.08523422479629517,0.19238901138305664,0.23812173306941986,0.0023367085959762335,0.009124290198087692,0.014465338550508022,0.0342717245221138,0.055858463048934937,0.09636141359806061,0.07766774296760559,0.09001891314983368,0.11928340792655945,0.18215200304985046,0.1932791769504547,0.07466340065002441,0.04662289842963219,0.0034494269639253616,0.00044508735300041735,0.0,50.044525146484375,92.89712524414062,68.39500427246094
Semi_ripe_184.JPG,Semi-ripe,Semi-ripe,74.0640640258789,102.86881256103516,61.13539123535156,35.703067779541016,53.9268684387207,16.02143669128418,0.24856899678707123,0.19839240610599518,0.42881500720977783,0.00024357569054700434,0.0,0.0,0.0,0.0,0.0,0.0,0.00036536355037242174,0.0,0.00024357569054700434,0.0013396663125604391,0.015223480761051178,0.10680793970823288,0.01534526888281107,0.1510169357061386,0.06174643710255623,0.04701010882854462,0.041651442646980286,0.026915114372968674,0.019973207265138626,0.018998904153704643,0.022896114736795425,0.02204360067844391,0.029107294976711273,0.03349165618419647,0.04652295634150505,0.06771404296159744,0.14163926243782043,0.25392764806747437,0.00012178784527350217,0.0010960906511172652,0.006332967896014452,0.028254780918359756,0.05797101557254791,0.06978443264961243,0.09426379203796387,0.10571184754371643,0.17306052148342133,0.19303373992443085,0.1435878723859787,0.03105590119957924,0.031543053686618805,0.030446961522102356,0.027889417484402657,0.005845816805958748,52.29106140136719,95.39237976074219,56.119632720947266
Semi_ripe_185.JPG,Semi-ripe,Semi-ripe,76.20372772216797,105.09306335449219,62.77179718017578,36.41265869140625,58.29767608642578,14.531437873840332,0.21223124861717224,0.3076923191547394,0.34773051738739014,0.0006688963039778173,0.0,0.0,9.555661381455138e-05,0.0,0.0,0.00019111322762910277,0.00038222645525820553,0.0009555661818012595,0.00047778309090062976,0.00047778309090062976,0.01595795527100563,0.11313903331756592,0.036693740636110306,0.12623028457164764,0.064405158162117,0.054276157170534134,0.03105590119957924,0.026182513684034348,0.017104635015130043,0.014524606056511402,0.015289058908820152,0.01624462567269802,0.01777353137731552,0.024558050557971,0.032680362462997437,0.06650740653276443,0.1905398964881897,0.2659340798854828,0.0007644529105164111,0.0012422360014170408,0.0021022455766797066,0.00554228387773037,0.019780220463871956,0.059722885489463806,0.0690874308347702,0.11763019859790802,0.16903965175151825,0.16340181231498718,0.1548972725868225,0.07443860173225403,0.10444338619709015,0.056378405541181564,0.0015289058210328221,0.0,49.31433868408203,92.59770202636719,79.52852630615234
Semi_ripe_186.JPG,Semi-ripe,Semi-ripe,86.21336364746094,117.25272369384766,57.415916442871094,35.843536376953125,55.667972564697266,14.709758758544922,0.25934314727783203,0.24801811575889587,0.3212910592556,0.0018120044842362404,0.0007927519618533552,0.00033975084079429507,0.00011325028026476502,0.00011325028026476502,0.00033975084079429507,0.00033975084079429507,0.00011325028026476502,0.0,0.00022650056052953005,0.0007927519618533552,0.020271800458431244,0.14609286189079285,0.01778029464185238,0.15300112962722778,0.08323895931243896,0.06557191163301468,0.03227633237838745,0.033975083380937576,0.028199320659041405,0.02208380587399006,0.0228765569627285,0.03001132421195507,0.030351076275110245,0.030464326962828636,0.033861834555864334,0.05866364762187004,0.12197055667638779,0.23567384481430054,0.00396376010030508,0.004530011210590601,0.005436013452708721,0.008833521977066994,0.017440544441342354,0.0653454139828682,0.10147225111722946,0.12480181455612183,0.17315968871116638,0.15571914613246918,0.17610418796539307,0.05979615077376366,0.05707814171910286,0.04133635386824608,0.004983012564480305,0.0,8.439146995544434,19.013957977294922,55.08354568481445
Semi_ripe_187.JPG,Semi-ripe,Semi-ripe,65.45429992675781,96.5907211303711,64.33673095703125,35.638553619384766,58.776092529296875,15.190893173217773,0.2672361135482788,0.29530200362205505,0.33361807465553284,0.0009762049885466695,0.00012202562356833369,0.0,0.00024405124713666737,0.00012202562356833369,0.00048810249427333474,0.00012202562356833369,0.0,0.0,0.0,0.0,0.006223306991159916,0.09554606676101685,0.011470409110188484,0.12251372635364532,0.07370347529649734,0.051494814455509186,0.03465527668595314,0.023917023092508316,0.024161074310541153,0.01903599686920643,0.016107382252812386,0.019402073696255684,0.017083587124943733,0.02123245969414711,0.03136058524250984,0.06699206680059433,0.17840147018432617,0.2884685695171356,0.0006101281032897532,0.0020744355861097574,0.00829774234443903,0.010372177697718143,0.02440512552857399,0.03941427543759346,0.08639414608478546,0.08370958268642426,0.14765100181102753,0.1753508299589157,0.1819402128458023,0.08212324231863022,0.08700427412986755,0.05967053025960922,0.01098230667412281,0.0,49.61833953857422,92.06302642822266,80.15784454345703
Semi_ripe_188.JPG,Semi-ripe,Semi-ripe,100.53218841552734,128.09515380859375,57.088260650634766,36.417518615722656,58.14509963989258,16.050554275512695,0.24066437780857086,0.22726231813430786,0.3117983937263489,0.0,0.00011454753985162824,0.0,0.0002290950797032565,0.00011454753985162824,0.00011454753985162824,0.001374570420011878,0.00011454753985162824,0.000687285210005939,0.000458190159406513,0.004925543908029795,0.052004583179950714,0.16013745963573456,0.02703321911394596,0.16975945234298706,0.07182130217552185,0.05349370092153549,0.0383734256029129,0.030355097725987434,0.033447880297899246,0.024971362203359604,0.018442153930664062,0.016380297020077705,0.019473081454634666,0.023711340501904488,0.036884307861328125,0.08728522062301636,0.12497135996818542,0.22359679639339447,0.0005727377138100564,0.002978235948830843,0.006643757224082947,0.009621992707252502,0.018098510801792145,0.06666667014360428,0.08694157749414444,0.10698740184307098,0.14295533299446106,0.1687285155057907,0.1760595589876175,0.043757159262895584,0.06151202693581581,0.07605956494808197,0.032073311507701874,0.0003436426050029695,334.4272155761719,8.532190322875977,64.62702178955078
Semi_ripe_189.JPG,Semi-ripe,Semi-ripe,81.16706848144531,112.15962982177734,62.97011947631836,37.340606689453125,55.07839584350586,14.658247947692871,0.20191943645477295,0.36532390117645264,0.2789493501186371,0.0008839499787427485,0.00012627856631297618,0.0,0.0,0.0,0.0,0.00037883571349084377,0.00037883571349084377,0.00037883571349084377,0.00012627856631297618,0.0007576714269816875,0.025003157556056976,0.12577345967292786,0.044071219861507416,0.1337290108203888,0.061750221997499466,0.049627479165792465,0.030938249081373215,0.024371763691306114,0.014143199659883976,0.011743906885385513,0.012627856805920601,0.012501578778028488,0.017805278301239014,0.02159363590180874,0.03182220086455345,0.06187649816274643,0.16214168071746826,0.3092562258243561,0.00012627856631297618,0.0023992927744984627,0.003283242927864194,0.010102286003530025,0.03712590038776398,0.07993433624505997,0.1135244369506836,0.109104685485363,0.14395757019519806,0.1650460958480835,0.15507008135318756,0.07955549657344818,0.08448036015033722,0.014522035606205463,0.001767899957485497,0.0,47.68632125854492,95.59099578857422,69.30638122558594
Semi_ripe_19.jpg,Semi-ripe,Semi-ripe,58.7415885925293,12.585166931152344,60.94491195678711,18.10899543762207,53.91714859008789,15.369112014770508,0.0,0.05729372054338455,0.7482858896255493,0.17251162230968475,0.021593505516648293,0.0001576168288011104,7.88084144005552e-05,7.88084144005552e-05,0.0,0.0,0.0,0.0,0.0,0.0,0.0,0.0,0.0022066356614232063,0.010166285559535027,0.016155725345015526,0.02750413678586483,0.03577902168035507,0.037985656410455704,0.04862479493021965,0.057845376431941986,0.08243360370397568,0.12002521753311157,0.14571675658226013,0.16801954805850983,0.19268657267093658,0.04271416366100311,0.009851052425801754,0.002285444177687168,0.0,0.0,0.003940420690923929,0.02238159067928791,0.061234138906002045,0.08771377056837082,0.0912601500749588,0.1418551504611969,0.1465836614370346,0.09543699026107788,0.11537551879882812,0.16534005105495453,0.06872093677520752,0.0001576168288011104,0.0,0.0,53.23927688598633,69.39685821533203,69.29276275634766
Semi_ripe_190.JPG,Semi-ripe,Semi-ripe,52.01911926269531,22.537342071533203,69.34346771240234,28.72051239013672,44.61722946166992,16.466596603393555,0.006985294166952372,0.12904411554336548,0.796875,0.04797794297337532,0.006066176574677229,0.001102941227145493,0.0005514706135727465,0.002573529491201043,0.0029411765281111,0.0018382353009656072,0.0003676470660138875,0.0003676470660138875,0.000735294132027775,0.00018382353300694376,0.0009191176504828036,0.00147058826405555,0.013970588333904743,0.04485294222831726,0.043014705181121826,0.035661764442920685,0.0314338244497776,0.0233455877751112,0.02297794073820114,0.029963234439492226,0.03602941334247589,0.029044117778539658,0.041360292583703995,0.05661764740943909,0.07683823257684708,0.13915440440177917,0.22113969922065735,0.15459558367729187,0.0009191176504828036,0.025183822959661484,0.03547793999314308,0.07352941483259201,0.10220587998628616,0.10588235408067703,0.12647059559822083,0.1402573585510254,0.11709558963775635,0.11029411852359772,0.09595588594675064,0.05349264666438103,0.01194852963089943,0.001102941227145493,0.00018382353300694376,0.0,49.01859664916992,93.4931411743164,56.5900993347168
Semi_ripe_191.JPG,Semi-ripe,Semi-ripe,50.06827926635742,15.67243766784668,65.69959259033203,28.16453742980957,47.98452377319336,14.703028678894043,0.0015676711918786168,0.17871451377868652,0.7786099910736084,0.03152760863304138,0.002612785203382373,0.0008709284011274576,0.0010451141279190779,0.0012192997382953763,0.0006967427325434983,0.0010451141279190779,0.0008709284011274576,0.00034837136627174914,0.00017418568313587457,0.0,0.00017418568313587457,0.0005225570639595389,0.011844626627862453,0.03396620973944664,0.05330082029104233,0.05643616244196892,0.038669221103191376,0.03205016627907753,0.027869708836078644,0.03501132130622864,0.03309527784585953,0.032224349677562714,0.035533878952264786,0.053126633167266846,0.09179585427045822,0.21686117351055145,0.18620449304580688,0.06201010197401047,0.00017418568313587457,0.012367183342576027,0.016025083139538765,0.024734366685152054,0.09057655185461044,0.1344713419675827,0.11356906592845917,0.12349765002727509,0.13481971621513367,0.1689601093530655,0.11287232488393784,0.06584218889474869,0.0020902282558381557,0.0,0.0,0.0,49.36871337890625,91.68534851074219,56.7652587890625
Semi_ripe_192.JPG,Semi-ripe,Semi-ripe,50.60142517089844,14.790528297424316,73.0170669555664,25.768280029296875,52.264556884765625,13.8655366897583,0.002911678981035948,0.11371724307537079,0.8578130006790161,0.013102555647492409,0.004529278725385666,0.0001617599482415244,0.002911678981035948,0.0003235198964830488,0.0006470397929660976,0.0025881591718643904,0.0009705596603453159,0.0,0.0,0.0,0.0003235198964830488,0.0,0.009220317006111145,0.030249109491705894,0.03202847018837929,0.03267550840973854,0.027013910934329033,0.019249433651566505,0.017146553844213486,0.018764153122901917,0.02054351381957531,0.026690391823649406,0.037690069526433945,0.05160142481327057,0.07748301327228546,0.23487544059753418,0.27402135729789734,0.09074733406305313,0.0001617599482415244,0.00501455832272768,0.00841151736676693,0.010676156729459763,0.06664510071277618,0.07958589494228363,0.09107085317373276,0.13943707942962646,0.16936266422271729,0.16531866788864136,0.1449369192123413,0.1150113195180893,0.004205758683383465,0.0001617599482415244,0.0,0.0,49.46638488769531,91.97595977783203,56.01340866088867
Semi_ripe_193.JPG,Semi-ripe,Semi-ripe,50.226741790771484,11.761626243591309,71.27652740478516,26.95384979248047,50.743408203125,16.269969940185547,0.002602472435683012,0.13077422976493835,0.8383213877677917,0.02228366956114769,0.0022771633230149746,0.00016265452723018825,0.0011385816615074873,0.000650618108920753,0.0008132726070471108,0.00016265452723018825,0.0003253090544603765,0.0,0.0,0.0,0.0004879635525867343,0.0,0.009921926073729992,0.027813922613859177,0.04554326459765434,0.03919973969459534,0.02927781455218792,0.021307742223143578,0.018542615696787834,0.02098243311047554,0.01968119665980339,0.030741704627871513,0.03838646784424782,0.06522446125745773,0.10003253072500229,0.16769681870937347,0.24300585687160492,0.12264151126146317,0.0014638906577602029,0.01008458063006401,0.01203643437474966,0.03464541211724281,0.104912169277668,0.09531555324792862,0.08360442519187927,0.07726089656352997,0.11873780190944672,0.1774560809135437,0.1502927839756012,0.11337020248174667,0.02049447037279606,0.0003253090544603765,0.0,0.0,49.806514739990234,93.11278533935547,57.299564361572266
Semi_ripe_194.JPG,Semi-ripe,Semi-ripe,51.182220458984375,11.5706205368042,69.80530548095703,28.60999870300293,48.841514587402344,14.981498718261719,0.0,0.11119898408651352,0.8615944385528564,0.01850680075585842,0.0017399557400494814,0.0012654223246499896,0.0007908889674581587,0.0020563113503158092,0.002847200259566307,0.0,0.0,0.0,0.0,0.0,0.0,0.0,0.003954445011913776,0.02989560179412365,0.04286618158221245,0.06153116002678871,0.051091425120830536,0.025782980024814606,0.01929769106209278,0.025150269269943237,0.020879467949271202,0.023252135142683983,0.03448275849223137,0.047295160591602325,0.06469471752643585,0.1297057867050171,0.27760201692581177,0.14251819252967834,0.0014236001297831535,0.013919645920395851,0.00964884553104639,0.030211959034204483,0.10329009592533112,0.09237582981586456,0.10914267599582672,0.11436254531145096,0.1255931705236435,0.20784561336040497,0.12844036519527435,0.06216387078166008,0.0015817779349163175,0.0,0.0,0.0,50.482547760009766,93.23616790771484,57.402748107910156
Semi_ripe_195.JPG,Semi-ripe,Semi-ripe,50.92688751220703,14.064306259155273,72.06851196289062,26.38214111328125,53.36375427246094,16.435380935668945,0.0024255025200545788,0.11278586089611053,0.8560290932655334,0.020270269364118576,0.0020790020935237408,0.0006930006784386933,0.0005197505233809352,0.0012127512600272894,0.0006930006784386933,0.0012127512600272894,0.0008662508917041123,0.0008662508917041123,0.00017325016960967332,0.0,0.0,0.00017325016960967332,0.005024255253374577,0.020097021013498306,0.04954954981803894,0.04261954128742218,0.032744280993938446,0.022349271923303604,0.015072764828801155,0.01749826781451702,0.018191268667578697,0.030665280297398567,0.0341302827000618,0.04989605024456978,0.0933818444609642,0.20166319608688354,0.262474000453949,0.10464310646057129,0.0006930006784386933,0.006237006280571222,0.011088010855019093,0.007623007521033287,0.07865557819604874,0.12785862386226654,0.10533610731363297,0.06947331875562668,0.08212058246135712,0.12404712289571762,0.1498613953590393,0.20616771280765533,0.030838530510663986,0.0,0.0,0.0,50.84764862060547,91.80807495117188,69.0518569946289
Semi_ripe_196.JPG,Semi-ripe,Semi-ripe,49.822635650634766,7.249117851257324,69.47520446777344,27.722925186157227,48.7146110534668,14.724472045898438,0.004937783814966679,0.10033576935529709,0.8668773174285889,0.025281453505158424,0.0011850681621581316,0.0007900454220362008,0.0001975113555090502,0.0001975113555090502,0.0001975113555090502,0.0,0.0,0.0,0.0,0.0,0.0,0.0,0.01422081794589758,0.030021727085113525,0.0416748970746994,0.03950227051973343,0.02844163589179516,0.02488643117249012,0.02863914705812931,0.0367371141910553,0.03515702113509178,0.039107248187065125,0.03871222585439682,0.05174797400832176,0.0693264827132225,0.15089868009090424,0.24708670377731323,0.12383962422609329,0.0001975113555090502,0.008295477367937565,0.01836855709552765,0.037329647690057755,0.08137468248605728,0.10507604479789734,0.1424056887626648,0.08394232392311096,0.09381789714097977,0.20422674715518951,0.21350978314876556,0.0092830341309309,0.0019751135259866714,0.0001975113555090502,0.0,0.0,50.43333435058594,92.71893310546875,58.22452163696289
Semi_ripe_197.JPG,Semi-ripe,Semi-ripe,51.60251235961914,18.095672607421875,72.82087707519531,27.8187255859375,48.42145919799805,16.400970458984375,0.0012884523021057248,0.09341278672218323,0.8510227203369141,0.044934771955013275,0.0028990176506340504,0.0008052826742641628,0.0001610565377632156,0.0,0.0,0.0,0.0009663391974754632,0.002737961011007428,0.0008052826742641628,0.0001610565377632156,0.0006442261510528624,0.0001610565377632156,0.012240296229720116,0.028345949947834015,0.03929779306054115,0.0322113074362278,0.03092285431921482,0.023836366832256317,0.026091158390045166,0.028829118236899376,0.024641649797558784,0.025930101051926613,0.026896441355347633,0.043163150548934937,0.07473023235797882,0.12755677103996277,0.24255113303661346,0.21275568008422852,0.0,0.009341279044747353,0.025607988238334656,0.07086487114429474,0.08568207174539566,0.09727814793586731,0.08938637375831604,0.09454018622636795,0.143179252743721,0.1422129124403,0.14672249555587769,0.08842003345489502,0.005636978428810835,0.0011273956624791026,0.0,0.0,48.882301330566406,94.25926208496094,56.51677322387695
Semi_ripe_198.JPG,Semi-ripe,Semi-ripe,51.14635467529297,18.28859519958496,72.08149719238281,27.25155258178711,49.146854400634766,14.76850414276123,0.003960396163165569,0.09486948698759079,0.8750675320625305,0.01674167439341545,0.0025202520191669464,0.0005400539957918227,0.0005400539957918227,0.00036003600689582527,0.00018001800344791263,0.0009000900317914784,0.0010801079915836453,0.001440144027583301,0.0,0.0,0.00018001800344791263,0.001620162045583129,0.004680468235164881,0.02736273594200611,0.034743472933769226,0.044284429401159286,0.03600360080599785,0.025202520191669464,0.020342033356428146,0.02844284474849701,0.02844284474849701,0.03600360080599785,0.042664267122745514,0.044284429401159286,0.05544554442167282,0.12781278789043427,0.27560755610466003,0.16867686808109283,0.00036003600689582527,0.010081008076667786,0.015661565586924553,0.030423041433095932,0.09504950791597366,0.08298829942941666,0.11161115765571594,0.1211521178483963,0.14815481007099152,0.15931592881679535,0.16345635056495667,0.060846082866191864,0.0009000900317914784,0.0,0.0,0.0,49.585601806640625,93.12342834472656,56.18178176879883
Semi_ripe_199.JPG,Semi-ripe,Semi-ripe,53.48949432373047,25.403186798095703,68.42906188964844,28.8640079498291,47.85169219970703,19.968725204467773,0.005407910794019699,0.14493201673030853,0.778430163860321,0.0352286770939827,0.007571075577288866,0.005716934334486723,0.004480840638279915,0.004171817097812891,0.005562422797083855,0.004171817097812891,0.0020086525473743677,0.00030902348225936294,0.00015451174112968147,0.0,0.0015451174695044756,0.00030902348225936294,0.01004326343536377,0.027348577976226807,0.04728059470653534,0.05129789933562279,0.05006180331110954,0.028893696144223213,0.0326019786298275,0.02611248381435871,0.028430160135030746,0.033529046922922134,0.03646477311849594,0.05361557379364967,0.06891223788261414,0.11990111321210861,0.22651422023773193,0.15899258852005005,0.00030902348225936294,0.05268850550055504,0.05268850550055504,0.06427688151597977,0.07540173083543777,0.08606304228305817,0.08173671364784241,0.06365884095430374,0.08266378194093704,0.13195303082466125,0.14029666781425476,0.12917181849479675,0.03878244757652283,0.00030902348225936294,0.0,0.0,50.07577896118164,93.29035949707031,68.94823455810547
Semi_ripe_2.jpeg,Semi-ripe,Semi-ripe,61.53837203979492,62.52381896972656,33.03857421875,25.1402530670166,50.7379035949707,10.3063325881958,0.053803957998752594,0.250655859708786,0.6212735772132874,0.017219174653291702,0.0,0.0,0.0,0.0,0.0,0.0,0.0038158835377544165,0.01178154069930315,0.0009539708844386041,0.00014309563266579062,0.03262580558657646,0.007727164309471846,0.32578107714653015,0.0313856415450573,0.022418316453695297,0.026806581765413284,0.036393988877534866,0.04407345503568649,0.07169091701507568,0.079274982213974,0.08084903657436371,0.15015502274036407,0.1211543083190918,0.009301216341555119,0.00038158835377544165,0.00019079417688772082,9.539708844386041e-05,4.7698544221930206e-05,0.0,4.7698544221930206e-05,0.0004292869125492871,0.002528022974729538,0.0336751714348793,0.057476747781038284,0.18068209290504456,0.2041020691394806,0.19165275990962982,0.1308371126651764,0.19804435968399048,0.0004292869125492871,9.539708844386041e-05,0.0,0.0,0.0,32.601722717285156,2.399855136871338,64.5274887084961
Semi_ripe_20.jpg,Semi-ripe,Semi-ripe,56.35826873779297,13.085017204284668,66.37273406982422,22.011873245239258,51.13297653198242,15.84463119506836,0.0010182501282542944,0.09446228295564651,0.7909454107284546,0.07668206840753555,0.035873737186193466,0.00023498080554418266,0.00023498080554418266,0.0,0.0,7.832693518139422e-05,0.00015665387036278844,0.00015665387036278844,0.0,0.0,0.00015665387036278844,0.0,0.00438630860298872,0.01135740615427494,0.020365003496408463,0.025377927348017693,0.031957391649484634,0.04245319962501526,0.06109501048922539,0.047074489295482635,0.04362810403108597,0.05224406719207764,0.06297485530376434,0.10730790346860886,0.1953473836183548,0.18673141300678253,0.07989347726106644,0.027806062251329422,0.0003133077407255769,0.009947520680725574,0.023576408624649048,0.049580950289964676,0.06548132002353668,0.05772695317864418,0.0674394890666008,0.1340957134962082,0.1633116602897644,0.14466984570026398,0.16041356325149536,0.11623717099428177,0.00657946290448308,0.00054828857537359,7.832693518139422e-05,0.0,53.60203552246094,80.7223129272461,67.93344116210938
Semi_ripe_200.JPG,Semi-ripe,Semi-ripe,51.1414909362793,16.793899536132812,71.30908966064453,28.010868072509766,48.63108825683594,17.0145320892334,0.002971768146380782,0.12316328287124634,0.8329206109046936,0.030873369425535202,0.005118045024573803,0.0009905893821269274,0.0006603929214179516,0.0008254911517724395,0.0,0.0,0.0,0.0,0.0,0.0004952946910634637,0.0004952946910634637,0.001485884073190391,0.016179626807570457,0.039293378591537476,0.03219415619969368,0.030047878623008728,0.022783556953072548,0.024104341864585876,0.03285454958677292,0.030378075316548347,0.03780749440193176,0.027571404352784157,0.04044906795024872,0.04853888228535652,0.07445930689573288,0.11193659901618958,0.25243520736694336,0.1789664924144745,0.0,0.0049529471434652805,0.026580816134810448,0.057619284838438034,0.10615816712379456,0.10995542258024216,0.09955423325300217,0.1078091487288475,0.0959220752120018,0.13604094088077545,0.11028561741113663,0.11672445386648178,0.02806670032441616,0.0003301964607089758,0.0,0.0,49.03462600708008,94.33606719970703,57.366844177246094
Semi_ripe_201.JPG,Semi-ripe,Semi-ripe,52.131290435791016,13.430254936218262,74.77025604248047,26.269548416137695,49.15342712402344,15.106575012207031,0.001666111289523542,0.08930356800556183,0.8843718767166138,0.013328890316188335,0.004554037470370531,0.0013328890781849623,0.001110740820877254,0.0008885926799848676,0.001221815007738769,0.0009996667504310608,0.000555370410438627,0.0002221481699962169,0.0002221481699962169,0.0,0.00011107408499810845,0.00011107408499810845,0.003998667001724243,0.018993668258190155,0.028212817385792732,0.05064978450536728,0.028546040877699852,0.020104410126805305,0.021659446880221367,0.018882595002651215,0.022436965256929398,0.028879262506961823,0.033877596259117126,0.044540707021951675,0.07019881904125214,0.11518383026123047,0.3008997142314911,0.19293569028377533,0.0,0.010885260067880154,0.032655782997608185,0.02399200201034546,0.047095414251089096,0.11096300929784775,0.1523936539888382,0.11740531027317047,0.11107409000396729,0.15894702076911926,0.15650339424610138,0.0767521932721138,0.0013328890781849623,0.0,0.0,0.0,51.215599060058594,92.32823944091797,67.29313659667969
Semi_ripe_202.jpg,Semi-ripe,Semi-ripe,135.77769470214844,94.15846252441406,40.67546081542969,36.026397705078125,52.20054626464844,15.404114723205566,0.009297040291130543,0.07122565805912018,0.4475491940975189,0.025050358846783638,0.005216672550886869,0.002840762259438634,0.0017561076674610376,0.001911058323457837,0.002272609854117036,0.028355972841382027,0.15887609124183655,0.2428593635559082,0.0003099013410974294,0.0004132018075324595,0.0003615515597630292,0.0017044574487954378,0.434636652469635,0.011879551224410534,0.011311398819088936,0.010381694883108139,0.00996849313378334,0.009245390072464943,0.009761892259120941,0.013222457841038704,0.017302826046943665,0.033262744545936584,0.06445948034524918,0.10273229330778122,0.14937244355678558,0.06890139728784561,0.020505139604210854,0.033056143671274185,0.00717938132584095,0.015804968774318695,0.01843913085758686,0.028769174590706825,0.04664015397429466,0.06487268209457397,0.06884974986314774,0.07432467490434647,0.16342131793498993,0.2521047592163086,0.1893497258424759,0.04297298565506935,0.023655802011489868,0.003615515772253275,0.0,0.0,241.71583557128906,3.377249002456665,57.514163970947266
Semi_ripe_203.jpg,Semi-ripe,Semi-ripe,44.96921157836914,11.64134407043457,49.574684143066406,25.453269958496094,51.342628479003906,14.660971641540527,0.024853475391864777,0.36775726079940796,0.6067215800285339,0.00014837895287200809,0.0,0.0,0.0,0.0,0.0,0.0,0.0,0.0,0.0,0.0,0.0,0.0005193263641558588,0.042213812470436096,0.1457081437110901,0.042213812470436096,0.022479413077235222,0.023147117346525192,0.024853475391864777,0.02982417121529579,0.04666518419981003,0.06142888963222504,0.10572000592947006,0.1895541250705719,0.17338082194328308,0.06840270012617111,0.013502485118806362,0.005267452914267778,0.005638400558382273,0.0,0.013799243606626987,0.027821054682135582,0.02329549752175808,0.025521181523799896,0.05141330882906914,0.12745752930641174,0.15883967280387878,0.1928926408290863,0.1302025318145752,0.12293196469545364,0.11306476593017578,0.012760590761899948,0.0,0.0,0.0,52.86692810058594,68.23503112792969,68.84565734863281
Semi_ripe_204.jpg,Semi-ripe,Semi-ripe,50.13933563232422,31.123491287231445,60.47233200073242,24.201875686645508,53.90660095214844,12.956897735595703,0.06662395596504211,0.18057334423065186,0.7387091517448425,0.0015214605955407023,0.0,0.0,0.00040038436418399215,0.0,0.0,0.0008808455895632505,0.0006406150059774518,0.0009609225089661777,0.0018417680403217673,0.0011210762895643711,0.0012011531507596374,0.0055253044702112675,0.04051889851689339,0.05757527053356171,0.02930813655257225,0.017696989700198174,0.01737668178975582,0.020179372280836105,0.024103138595819473,0.029868673533201218,0.042280588299036026,0.06526265293359756,0.14373798668384552,0.1748078167438507,0.20491671562194824,0.12043561786413193,0.009929532185196877,0.0020019218791276217,0.0,0.00040038436418399215,0.0034433056134730577,0.03859705477952957,0.04075912758708,0.04508328065276146,0.06558296084403992,0.09425047785043716,0.20067264139652252,0.26561498641967773,0.15550929307937622,0.07174888253211975,0.01833760365843773,0.0,0.0,0.0,53.35905075073242,80.35831451416016,57.2313346862793
Semi_ripe_21.jpg,Semi-ripe,Semi-ripe,59.29018783569336,11.645233154296875,62.3173942565918,22.87521743774414,52.926239013671875,16.0264835357666,0.002174669411033392,0.04184063896536827,0.8223729729652405,0.12656576931476593,0.0033924842718988657,0.0006089074304327369,0.0006089074304327369,0.0006958942394703627,0.00043493389966897666,0.0009568545501679182,0.000260960339801386,0.0,0.0,0.0,8.698677993379533e-05,0.0,0.01661447435617447,0.01948503777384758,0.026009047403931618,0.030184412375092506,0.03566458076238632,0.04062282666563988,0.05193110555410385,0.05767223238945007,0.05862908810377121,0.06315240263938904,0.09142310172319412,0.11630132049322128,0.1478775292634964,0.19241474568843842,0.04549408331513405,0.006524008233100176,0.0006089074304327369,0.006002087611705065,0.020615866407752037,0.03914405032992363,0.05662839114665985,0.05715031176805496,0.07480862736701965,0.12830549478530884,0.16405706107616425,0.13004523515701294,0.15170493721961975,0.11229993402957916,0.05497564375400543,0.0035664578899741173,8.698677993379533e-05,0.0,56.199222564697266,82.11582946777344,67.47674560546875
Semi_ripe_22.jpg,Semi-ripe,Semi-ripe,57.02078628540039,9.98891544342041,63.38367462158203,23.224279403686523,49.7684211730957,16.851985931396484,0.0051969364285469055,0.05078409984707832,0.8277717232704163,0.1104121059179306,0.003099926980212331,0.001823486527428031,0.0006382202845998108,0.00027352297911420465,0.0,0.0,0.0,0.0,0.0,0.0,0.0,0.0,0.014770240522921085,0.025255288928747177,0.02571116015315056,0.025984682142734528,0.0387490876019001,0.036196205765008926,0.035284463316202164,0.04804886877536774,0.057986870408058167,0.06901896744966507,0.09080962836742401,0.1601932942867279,0.1389496773481369,0.11506199836730957,0.09527716785669327,0.022702407091856003,0.0037381474394351244,0.022975929081439972,0.043034281581640244,0.04257841035723686,0.044675420969724655,0.061177972704172134,0.07795404642820358,0.13594092428684235,0.16858132183551788,0.1556345671415329,0.1300145834684372,0.0906272828578949,0.020423049107193947,0.002461706753820181,0.0001823486527428031,0.0,55.90810012817383,81.6366958618164,56.29308319091797
Semi_ripe_23.jpg,Semi-ripe,Semi-ripe,56.22718811035156,13.436919212341309,62.40522766113281,23.00636863708496,52.500465393066406,16.301294326782227,0.005967234261333942,0.06759249418973923,0.8369317650794983,0.08386676758527756,0.001952913124114275,0.0007594662019982934,0.0003254855109844357,0.00021699034550692886,0.0003254855109844357,0.0004339806910138577,0.0007594662019982934,0.0003254855109844357,0.00010849517275346443,0.0,0.0003254855109844357,0.00010849517275346443,0.02321796678006649,0.021916024386882782,0.023326462134718895,0.026255831122398376,0.030053162947297096,0.0312466099858284,0.03602039813995361,0.054573070257902145,0.07182380557060242,0.08733861148357391,0.13876532018184662,0.12900075316429138,0.11554735898971558,0.08603667467832565,0.09547574818134308,0.029402190819382668,0.0006509710219688714,0.011066507548093796,0.03081262856721878,0.04057719558477402,0.04621894285082817,0.04817185550928116,0.07030487060546875,0.1316046416759491,0.1543886363506317,0.17977650463581085,0.1316046416759491,0.09873060882091522,0.05164370313286781,0.004448302090167999,0.0,0.0,54.006614685058594,68.11425018310547,68.86092376708984
Semi_ripe_24.jpg,Semi-ripe,Semi-ripe,58.13522720336914,10.518292427062988,62.44133758544922,22.65091323852539,51.31160354614258,15.715774536132812,0.005107138771563768,0.060286443680524826,0.8339069485664368,0.09104029834270477,0.007771733216941357,0.0001110247612814419,0.0,0.0017763961805030704,0.0,0.0,0.0,0.0,0.0,0.0,0.0,0.0,0.011324525810778141,0.020983679220080376,0.031197957694530487,0.02953258529305458,0.0334184505045414,0.03941378742456436,0.050405241549015045,0.05851004645228386,0.06095259264111519,0.06894637644290924,0.08515598624944687,0.10547351837158203,0.16997890174388885,0.1937382072210312,0.03230820596218109,0.008659930899739265,0.0004440990451257676,0.008215832524001598,0.03164205700159073,0.05318085849285126,0.05440213158726692,0.0398578867316246,0.06472743302583694,0.13944709300994873,0.17641833424568176,0.1406683623790741,0.19995559751987457,0.07116687297821045,0.019207283854484558,0.0006661485531367362,0.0,0.0,58.179080963134766,82.05384063720703,56.586185455322266
Semi_ripe_25.jpg,Semi-ripe,Semi-ripe,58.7009391784668,13.186166763305664,61.34636306762695,23.27928924560547,53.38351058959961,16.12748146057129,0.0005657937144860625,0.07678629457950592,0.8060135841369629,0.10434852540493011,0.006627869326621294,0.0008891044417396188,0.0004849660617765039,0.0016973811434581876,0.00226317485794425,8.082767453743145e-05,8.082767453743145e-05,0.0,0.0,0.0,0.0001616553490748629,0.0,0.01818622648715973,0.021823473274707794,0.024329129606485367,0.03402845188975334,0.03726155683398247,0.04186873510479927,0.06086323782801628,0.06126737967133522,0.061509862542152405,0.06441965699195862,0.08317168056964874,0.11194632947444916,0.15195603668689728,0.16593921184539795,0.05366957560181618,0.007759456988424063,0.0005657937144860625,0.004364694468677044,0.02206595614552498,0.04890074208378792,0.05391205847263336,0.052053023129701614,0.059004202485084534,0.09004203230142593,0.193097323179245,0.14565147459506989,0.18558034300804138,0.07727126032114029,0.055932752788066864,0.010669252835214138,0.0008082767599262297,8.082767453743145e-05,56.475677490234375,81.53506469726562,66.91380310058594
Semi_ripe_26.jpg,Semi-ripe,Semi-ripe,56.325042724609375,9.212599754333496,63.2180290222168,22.476966857910156,51.10208511352539,16.381460189819336,0.0009149130783043802,0.07086417824029922,0.8190135359764099,0.10421691834926605,0.0041586956940591335,0.000748565245885402,8.317391620948911e-05,0.0,0.0,0.0,0.0,0.0,0.0,0.0,0.0,0.0,0.008982783183455467,0.01996174082159996,0.022290609776973724,0.025368044152855873,0.04200282692909241,0.04449804499745369,0.04740913212299347,0.054894786328077316,0.05888713151216507,0.05888713151216507,0.08716626465320587,0.17167095839977264,0.12875322997570038,0.12517674267292023,0.0838393047451973,0.02021126262843609,0.0002495217486284673,0.00723613053560257,0.03460035100579262,0.05406304448843002,0.05173417553305626,0.05447891727089882,0.0891624391078949,0.12160026282072067,0.16268818080425262,0.13873408734798431,0.1563669592142105,0.09456874430179596,0.03002578392624855,0.0036596523132175207,0.0008317391620948911,0.0,54.27149200439453,70.54058074951172,68.73389434814453
Semi_ripe_27.jpg,Semi-ripe,Semi-ripe,55.32822036743164,11.42204761505127,65.3555908203125,20.364538192749023,57.70655059814453,14.979501724243164,0.00025572176673449576,0.12479222565889359,0.7621787786483765,0.10088223963975906,0.011891062371432781,0.0,0.0,0.0,0.0,0.0,0.0,0.0,0.0,0.0,0.0,0.0,0.0011507479939609766,0.005498018115758896,0.019818438217043877,0.03234880417585373,0.03592890873551369,0.03848612681031227,0.03976473584771156,0.04551847651600838,0.05434087663888931,0.0708349347114563,0.10024293512105942,0.15790820121765137,0.1790052354335785,0.14691215753555298,0.04820355400443077,0.02403784729540348,0.0,0.0,0.00025572176673449576,0.009078122675418854,0.02390998601913452,0.05024932697415352,0.12095639854669571,0.12057282030582428,0.13783404231071472,0.16046541929244995,0.1417977213859558,0.07185781747102737,0.09563994407653809,0.06648766249418259,0.0005114435334689915,0.00038358266465365887,54.64410400390625,80.74359130859375,80.81981658935547
Semi_ripe_28.jpg,Semi-ripe,Semi-ripe,58.541526794433594,9.25439167022705,68.0931167602539,18.51380157470703,55.79075241088867,14.253538131713867,0.00030534350662492216,0.006946565117686987,0.8786259293556213,0.10038167983293533,0.012671755626797676,0.00015267175331246108,7.633587665623054e-05,0.0006106870132498443,0.0,0.00015267175331246108,0.0,0.0,0.0,0.0,7.633587665623054e-05,0.0,0.0048854961059987545,0.011068702675402164,0.01534351147711277,0.01931297779083252,0.018854962661862373,0.018702290952205658,0.024198472499847412,0.034274809062480927,0.04519084095954895,0.07152672111988068,0.11786259710788727,0.16503816843032837,0.2217557281255722,0.19030533730983734,0.0330534353852272,0.008625954389572144,0.0,0.0026717556174844503,0.008320610970258713,0.01648855023086071,0.04480915889143944,0.060381680727005005,0.05748091638088226,0.10305343568325043,0.18183206021785736,0.14801526069641113,0.17526717483997345,0.150839701294899,0.05076335743069649,7.633587665623054e-05,0.0,0.0,55.54800796508789,81.12283325195312,68.17668914794922
Semi_ripe_29.jpg,Semi-ripe,Semi-ripe,58.447898864746094,11.08052921295166,68.8207778930664,18.687576293945312,54.562015533447266,12.364513397216797,0.0018928073113784194,0.008965929038822651,0.8704921007156372,0.1091850996017456,0.006973500829190016,0.001295078662224114,0.0004981071688234806,0.0,0.00019924287335015833,0.0,0.0,0.0,0.0,0.0,0.00029886432457715273,0.00019924287335015833,0.007670850958675146,0.012552301399409771,0.01265192311257124,0.014743972569704056,0.0195258017629385,0.014943215996026993,0.01882845163345337,0.02809324488043785,0.05758119001984596,0.08378162980079651,0.10151424258947372,0.1631799191236496,0.2139868438243866,0.16965530812740326,0.06834030896425247,0.01295078732073307,0.0,0.0030882644932717085,0.01185495126992464,0.012851165607571602,0.029886431992053986,0.046523213386535645,0.07770472019910812,0.12392906844615936,0.13259613513946533,0.2679816782474518,0.22484558820724487,0.06754333525896072,0.0006973500712774694,0.0004981071688234806,0.0,0.0,55.482177734375,81.31608581542969,58.15190505981445
Semi_ripe_3.jpeg,Semi-ripe,Semi-ripe,96.47761535644531,99.57964324951172,38.558616638183594,23.982891082763672,50.28530502319336,11.63481616973877,0.008353222161531448,0.1273031085729599,0.6681622862815857,0.0035322196781635284,0.0,0.0,0.0,0.0,0.0,9.546539513394237e-05,0.004534606356173754,0.04023866355419159,0.04381861537694931,0.04472553730010986,0.05174224451184273,0.0074940333142876625,0.2180906981229782,0.027303103357553482,0.027780430391430855,0.03794749453663826,0.05031026154756546,0.052505966275930405,0.054606206715106964,0.07150357961654663,0.12758949398994446,0.15789976716041565,0.16109785437583923,0.01193317398428917,0.0008114558295346797,0.0002863961854018271,0.00014319809270091355,0.00019093079026788473,0.0,0.0,0.0008114558295346797,0.013460620306432247,0.04534606263041496,0.08625297993421555,0.14844869077205658,0.21374700963497162,0.1372314989566803,0.1341288834810257,0.21665871143341064,0.0038663484156131744,4.773269756697118e-05,0.0,0.0,0.0,50.51303482055664,57.039573669433594,44.0230827331543
Semi_ripe_30.jpg,Semi-ripe,Semi-ripe,56.16250228881836,14.883864402770996,70.94087219238281,22.60247802734375,46.16682815551758,14.621498107910156,0.0012606005184352398,0.13339444994926453,0.7250744700431824,0.12732064723968506,0.011803804896771908,0.00022920008632354438,0.0,0.0,0.0,0.0,0.0,0.0,0.0,0.0,0.00011460004316177219,0.000802200345788151,0.0025212010368704796,0.012606005184352398,0.023263810202479362,0.0215448085218668,0.029223011806607246,0.03094201162457466,0.034036215394735336,0.03518221527338028,0.03816181421279907,0.04205821827054024,0.059592023491859436,0.09443043917417526,0.13454045355319977,0.22518908977508545,0.13327986001968384,0.08342882990837097,0.0,0.0005730002303607762,0.014439606107771397,0.05432042106986046,0.102223239839077,0.14187484979629517,0.14118725061416626,0.1488654613494873,0.14027045667171478,0.08342882990837097,0.09397203475236893,0.06944762915372849,0.009397204034030437,0.0,0.0,0.0,54.10758972167969,83.3619155883789,68.97183990478516
Semi_ripe_31.jpg,Semi-ripe,Semi-ripe,56.290931701660156,11.59349250793457,69.88275146484375,22.169408798217773,49.0269775390625,15.00783634185791,0.0004732159723062068,0.1111111119389534,0.7547794580459595,0.12540222704410553,0.007855385541915894,0.00037857278948649764,0.0,0.0,0.0,0.0,0.0,0.0,0.0,0.0,0.0,0.0,0.0024607230443507433,0.010410751216113567,0.01836078055202961,0.028866173699498177,0.03104296885430813,0.03463941067457199,0.03227332979440689,0.0335036925971508,0.03672156110405922,0.05744842067360878,0.0728752613067627,0.09199318289756775,0.14830589294433594,0.21181146800518036,0.12833617627620697,0.06095021590590477,0.0,0.0004732159723062068,0.019496498629450798,0.04003407061100006,0.06151807680726051,0.10742002725601196,0.14679159224033356,0.15067197382450104,0.1504826843738556,0.12653794884681702,0.07647170126438141,0.07779670506715775,0.04230550676584244,0.0,0.0,0.0,54.06902313232422,82.3583755493164,56.36975860595703
Semi_ripe_32.jpg,Semi-ripe,Semi-ripe,58.52360153198242,8.399688720703125,67.18658447265625,17.673336029052734,57.92628479003906,13.134941101074219,0.0,0.012420866638422012,0.8727462291717529,0.1038544774055481,0.010657905600965023,0.00024040388234425336,8.013462502276525e-05,0.0,0.0,0.0,0.0,0.0,0.0,0.0,0.0,0.0,0.002564308000728488,0.010978443548083305,0.014023559167981148,0.013622886501252651,0.013302347622811794,0.020514464005827904,0.023399310186505318,0.04383363947272301,0.06274541467428207,0.10449555516242981,0.15626251697540283,0.13622885942459106,0.18487058579921722,0.16331437230110168,0.041750140488147736,0.008093597367405891,0.0,0.0020033656619489193,0.007773058954626322,0.015065309591591358,0.02099527232348919,0.03357640653848648,0.05625450611114502,0.09143360704183578,0.1673211008310318,0.20482410490512848,0.17260998487472534,0.17421267926692963,0.05377033352851868,0.0001602692500455305,0.0,0.0,55.67190170288086,81.10086822509766,68.2415771484375
Semi_ripe_33.jpg,Semi-ripe,Semi-ripe,55.558475494384766,9.585856437683105,67.59980773925781,19.3404483795166,51.85444259643555,14.270309448242188,0.0005019240197725594,0.06700685620307922,0.8397189378738403,0.0821482315659523,0.00945290271192789,0.0009201940847560763,0.0002509620098862797,0.0,0.0,0.0,0.0,0.0,0.0,0.0,0.0,0.0,0.0036807763390243053,0.012046176940202713,0.014555796980857849,0.015894262120127678,0.028944285586476326,0.031621214002370834,0.028107745572924614,0.02710389904677868,0.041492387652397156,0.06474819779396057,0.14112430810928345,0.17734649777412415,0.18721766769886017,0.1351848691701889,0.06842897832393646,0.022502927109599113,8.365400572074577e-05,0.002342312131077051,0.0051865484565496445,0.02016061544418335,0.06759243458509445,0.07896938174962997,0.08708382397890091,0.16195416450500488,0.23966872692108154,0.10916847735643387,0.06934916973114014,0.09770788252353668,0.06056550145149231,0.00016730801144149154,0.0,0.0,53.723289489746094,81.07951354980469,55.15441131591797
Semi_ripe_34.jpg,Semi-ripe,Semi-ripe,55.46039962768555,9.90520191192627,72.70143127441406,17.176240921020508,54.74452590942383,14.183951377868652,0.00024958403082564473,0.04775374382734299,0.8634775280952454,0.0683860257267952,0.019966721534729004,8.319467451656237e-05,0.0,8.319467451656237e-05,0.0,0.0,0.0,0.0,0.0,0.0,0.0,0.0,0.0028286189772188663,0.0059900167398154736,0.011148086749017239,0.014309484511613846,0.012978369370102882,0.016389351338148117,0.01955074816942215,0.02171381004154682,0.026705490425229073,0.03693843632936478,0.09151414036750793,0.17071548104286194,0.22712145745754242,0.22687187790870667,0.0985024943947792,0.01672212965786457,0.0,8.319467451656237e-05,0.0011647253995761275,0.022795341908931732,0.054575707763433456,0.06539101153612137,0.08419301360845566,0.10399334132671356,0.13361065089702606,0.23485857248306274,0.12612313032150269,0.12371048331260681,0.04592346027493477,0.0018302828539162874,0.0008319467306137085,0.0009151414269581437,53.06395721435547,82.00433349609375,57.96147155761719
Semi_ripe_35.jpg,Semi-ripe,Semi-ripe,55.66549301147461,10.668241500854492,72.40385437011719,17.128263473510742,56.0264892578125,13.42310619354248,0.0007624130230396986,0.051176976412534714,0.846183180809021,0.08453254401683807,0.016487181186676025,9.530162787996233e-05,9.530162787996233e-05,9.530162787996233e-05,0.000285904883639887,0.000285904883639887,0.0,0.0,0.0,0.0,0.0,0.0,0.004097970202565193,0.006289907731115818,0.00791003555059433,0.014962355606257915,0.013437530025839806,0.017535500228405,0.02106166072189808,0.02106166072189808,0.028304584324359894,0.03812065348029137,0.09072715044021606,0.17249594628810883,0.2329171895980835,0.23482321202754974,0.08138759434223175,0.014867054298520088,0.0,0.0,0.0012389211915433407,0.01763080060482025,0.03821595385670662,0.06204136088490486,0.08014866709709167,0.0878681018948555,0.14819402992725372,0.2068045437335968,0.18841132521629333,0.12046126276254654,0.048508528620004654,0.0004765081393998116,0.0,0.0,53.21353530883789,81.47362518310547,57.7161750793457
Semi_ripe_36.jpg,Semi-ripe,Semi-ripe,56.989742279052734,10.439201354980469,70.1878433227539,17.25384521484375,56.47208023071289,15.018693923950195,0.0,0.031187955290079117,0.8515056371688843,0.09430840611457825,0.02291528880596161,8.272667037090287e-05,0.0,0.0,0.0,0.0,0.0,0.0,0.0,0.0,0.0,0.0,0.0016545334365218878,0.009761746972799301,0.010589013807475567,0.011747187003493309,0.014642620459198952,0.01869622804224491,0.023659827187657356,0.029367968440055847,0.0341661162674427,0.07842488586902618,0.1026638001203537,0.17347782850265503,0.23113831877708435,0.18125413358211517,0.06767041981220245,0.011085374280810356,0.0,0.0,0.0014063534326851368,0.014146260917186737,0.051869623363018036,0.07155857235193253,0.07503309100866318,0.12136002629995346,0.13153541088104248,0.12971541285514832,0.14799802005290985,0.13641628623008728,0.11887822300195694,8.272667037090287e-05,0.0,0.0,53.35824203491211,79.96272277832031,67.8323974609375
Semi_ripe_37.jpg,Semi-ripe,Semi-ripe,55.9332160949707,10.822881698608398,71.495361328125,18.125516891479492,54.16653060913086,13.732994079589844,0.0012660231441259384,0.04518119990825653,0.8449121713638306,0.0909954085946083,0.01653742603957653,0.0007912644650787115,7.912644650787115e-05,7.912644650787115e-05,0.0,0.0,7.912644650787115e-05,0.0,0.0,0.0,0.0,7.912644650787115e-05,0.0029276784043759108,0.009336920455098152,0.010840322822332382,0.010444690473377705,0.018357334658503532,0.021522393450140953,0.02405443973839283,0.026744738221168518,0.032441843301057816,0.06622883677482605,0.0902041494846344,0.1293717324733734,0.18832093477249146,0.2757556438446045,0.08126285672187805,0.012185472063720226,0.0,0.0,0.0027694255113601685,0.0253995880484581,0.04913752153515816,0.06045260280370712,0.08909637480974197,0.12043044716119766,0.15595822036266327,0.17771799862384796,0.17866751551628113,0.11330907046794891,0.02690299041569233,0.0001582528930157423,0.0,0.0,53.506019592285156,83.2596206665039,57.154762268066406
Semi_ripe_38.jpg,Semi-ripe,Semi-ripe,79.18312072753906,33.495338439941406,49.772220611572266,38.15321731567383,53.33354949951172,15.187957763671875,0.0077472408302128315,0.02912789396941662,0.5459424257278442,0.048863884061574936,0.1524345427751541,0.2079203575849533,0.0007357714930549264,0.005583207122981548,0.0009954555425792933,0.0003895260742865503,8.656134741613641e-05,0.0,8.656134741613641e-05,0.0,4.328067370806821e-05,4.328067370806821e-05,0.3499675393104553,0.008006924763321877,0.007660679519176483,0.008785977028310299,0.013114044442772865,0.017139147967100143,0.01765851490199566,0.01761523447930813,0.01887037418782711,0.01887037418782711,0.02094784751534462,0.05886171758174896,0.10045444965362549,0.1365938037633896,0.18022073805332184,0.02523263357579708,0.00025968404952436686,0.012421553954482079,0.03150833025574684,0.04380004480481148,0.030123349279165268,0.043410517275333405,0.06193464621901512,0.09543389081954956,0.10543172806501389,0.1437351256608963,0.4177883565425873,0.01415278110653162,0.0,0.0,0.0,0.0,122.64144897460938,2.8195836544036865,64.88507080078125
Semi_ripe_39.jpg,Semi-ripe,Semi-ripe,99.57410430908203,48.23377227783203,36.27324295043945,35.01866149902344,55.157188415527344,13.101866722106934,0.000877535087056458,0.03085998445749283,0.4355011582374573,0.07020280510187149,0.012821762822568417,0.20602573454380035,0.005947737954556942,0.23249804973602295,0.0039489078335464,0.0009750389726832509,0.00024375974317081273,0.0,0.0,0.0,9.750390017870814e-05,0.0,0.4675312042236328,0.014576832763850689,0.00960413459688425,0.010042902082204819,0.013943057507276535,0.019062012434005737,0.024619733914732933,0.029787441715598106,0.03051871992647648,0.03222503885626793,0.04806942120194435,0.06503510475158691,0.10096529126167297,0.07897815853357315,0.043876755982637405,0.011164196766912937,0.0001462558429921046,0.005313962697982788,0.009214118123054504,0.024619733914732933,0.03549141809344292,0.044169265776872635,0.07312792539596558,0.1164684072136879,0.06708268076181412,0.12748634815216064,0.4921509325504303,0.004728939384222031,0.0,0.0,0.0,0.0,165.2905731201172,2.494805335998535,64.67159271240234
Semi_ripe_4.jpeg,Semi-ripe,Semi-ripe,78.34588623046875,94.23126220703125,36.995426177978516,23.40729522705078,51.35629653930664,11.951695442199707,0.10407348722219467,0.16101571917533875,0.6140528321266174,0.0028374933172017336,0.0,0.0,0.0,0.0,0.0,0.0,0.0,0.0007213966455310583,0.008416294120252132,0.02260376140475273,0.012744673527777195,0.07353436201810837,0.24767950177192688,0.026547396555542946,0.0195258017629385,0.021401433274149895,0.03866685926914215,0.050064925104379654,0.07228393852710724,0.12076179683208466,0.1251382678747177,0.1705862581729889,0.10070697218179703,0.005530707538127899,0.000432837987318635,0.00024046553880907595,0.0001923724339576438,0.00024046553880907595,0.0,0.0,4.809310848941095e-05,0.0041360072791576385,0.039532534778118134,0.08671187609434128,0.20170249044895172,0.15158948302268982,0.11297070980072021,0.12109844386577606,0.2571057677268982,0.023854181170463562,0.00086567597463727,0.0001923724339576438,9.61862169788219e-05,9.61862169788219e-05,51.45313262939453,56.48915100097656,42.62999725341797
Semi_ripe_40.jpg,Semi-ripe,Semi-ripe,57.32583236694336,10.50578784942627,68.1730728149414,18.54376983642578,50.51914978027344,13.506250381469727,0.0,0.03961010277271271,0.8307487964630127,0.11298183351755142,0.016393441706895828,0.0002658395969774574,0.0,0.0,0.0,0.0,0.0,0.0,0.0,0.0,0.0,0.0,0.0015950376400724053,0.009570226073265076,0.01391227263957262,0.018254319205880165,0.02002658322453499,0.023128045722842216,0.028887905180454254,0.03145768865942955,0.050863977521657944,0.09224634617567062,0.11599468439817429,0.17235268652439117,0.1731501966714859,0.16163048148155212,0.06840939074754715,0.018520159646868706,0.0,0.0006202924414537847,0.00965883955359459,0.03119184821844101,0.07106778770685196,0.08684094250202179,0.0914488285779953,0.1199822798371315,0.21754541993141174,0.16579529643058777,0.14089499413967133,0.06433318555355072,0.0005316791939549148,8.861320384312421e-05,0.0,0.0,53.882293701171875,82.15552520751953,55.755531311035156
Semi_ripe_41.jpg,Semi-ripe,Semi-ripe,102.69901275634766,49.31077575683594,36.012672424316406,35.95513153076172,56.62200164794922,12.126729011535645,0.0006186842801980674,0.0160857904702425,0.41988039016723633,0.06449783593416214,0.07408744096755981,0.1007939800620079,0.027583006769418716,0.29475149512290955,0.001392039586789906,0.0003093421400990337,0.0,0.0,0.0,0.0,0.0,0.0,0.4968034625053406,0.008455351926386356,0.006238399539142847,0.008455351926386356,0.008610022254288197,0.010930088348686695,0.011497216299176216,0.015054650604724884,0.022375747561454773,0.044596824795007706,0.05181480571627617,0.07259228825569153,0.10533099621534348,0.08733759820461273,0.03918333724141121,0.010723860934376717,0.0,0.0014435966731980443,0.007475768215954304,0.01670447550714016,0.040833160281181335,0.04170963168144226,0.053155288100242615,0.058310993015766144,0.09501959383487701,0.18436791002750397,0.49860796332359314,0.0022685090079903603,0.0001031140418490395,0.0,0.0,0.0,165.13304138183594,2.289724588394165,64.80113220214844
Semi_ripe_42.jpg,Semi-ripe,Semi-ripe,57.207855224609375,11.4722900390625,66.93242645263672,19.405542373657227,49.1897087097168,13.08681869506836,0.0011051602195948362,0.04726685211062431,0.8140780329704285,0.11578679084777832,0.020743006840348244,0.001020147930830717,0.0,0.0,0.0,0.0,0.0,0.0,0.0,0.0,0.0,0.0,0.002635382115840912,0.012666836380958557,0.01572727970778942,0.018787724897265434,0.01793760061264038,0.021168069913983345,0.030604436993598938,0.047946952283382416,0.07974155992269516,0.09725410491228104,0.11425656825304031,0.13771997392177582,0.14154551923274994,0.15931309759616852,0.08365213125944138,0.019042761996388435,0.0,0.0005100739654153585,0.0112216267734766,0.02915922738611698,0.07166539132595062,0.088582843542099,0.12037745118141174,0.16789934039115906,0.19119271636009216,0.11782708764076233,0.17087477445602417,0.029924338683485985,0.0007651109481230378,0.0,0.0,0.0,53.7547607421875,82.28253173828125,55.13544464111328
Semi_ripe_43.jpg,Semi-ripe,Semi-ripe,67.31488037109375,23.67262840270996,54.440589904785156,30.97482681274414,52.84181213378906,12.933055877685547,0.0,0.044378861784935,0.6525976061820984,0.092098668217659,0.1625368893146515,0.04488000273704529,0.0003897767164744437,0.0023943425621837378,0.0006125062354840338,0.0001113647740567103,0.0,0.0,0.0,0.0,0.0,0.0,0.20106910169124603,0.012083077803254128,0.013475137762725353,0.010913748294115067,0.011359207332134247,0.012472854927182198,0.022607048973441124,0.038699258118867874,0.05584943667054176,0.07227574288845062,0.09939306229352951,0.12962859869003296,0.11921599507331848,0.1332479566335678,0.05506988242268562,0.012639901600778103,0.0,0.0002227295481134206,0.007461439818143845,0.03029121831059456,0.038977671414613724,0.07121777534484863,0.08023831993341446,0.14410601556301117,0.155465230345726,0.1204410046339035,0.3324795365333557,0.01809677667915821,0.0008352358127012849,0.00016704716836102307,0.0,0.0,108.01730346679688,2.3487603664398193,64.72210693359375
Semi_ripe_44.jpg,Semi-ripe,Semi-ripe,107.3196792602539,55.48139953613281,38.25809097290039,37.431663513183594,54.0278434753418,14.450689315795898,0.0033267673570662737,0.05103961378335953,0.3997373580932617,0.05178375914692879,0.028496388345956802,0.00525279063731432,0.024600569158792496,0.42779600620269775,0.005515430122613907,0.0014007441932335496,0.00065659882966429,8.754651207709685e-05,0.0,0.0,0.00013131975720170885,0.0001750930241541937,0.4769096076488495,0.0150142265483737,0.00857955776154995,0.007616546470671892,0.006565988063812256,0.008185598999261856,0.011862551793456078,0.015451958402991295,0.02337491884827614,0.03418691083788872,0.048544541001319885,0.061195008456707,0.08308164030313492,0.1045743077993393,0.06907419860363007,0.025782447308301926,0.0,0.0024075289256870747,0.019435325637459755,0.05016414821147919,0.04110308736562729,0.044123440980911255,0.06846137344837189,0.08325672894716263,0.08478879183530807,0.13884876668453217,0.45743051171302795,0.009848982095718384,0.00013131975720170885,0.0,0.0,0.0,165.03102111816406,2.3065567016601562,64.57431030273438
Semi_ripe_45.jpg,Semi-ripe,Semi-ripe,93.3841323852539,48.860511779785156,39.834835052490234,35.87922286987305,54.71854019165039,13.36314582824707,0.0009161457419395447,0.05539987236261368,0.47089889645576477,0.04144212231040001,0.009107566438615322,0.22380900382995605,0.0032334555871784687,0.18543867766857147,0.0084608756005764,0.001077818451449275,0.0,0.0,0.0,0.0,0.0,0.00021556370484177023,0.429726243019104,0.014658331871032715,0.014281095005571842,0.012718258425593376,0.012610476464033127,0.01460444089025259,0.01735287718474865,0.016760077327489853,0.02042466029524803,0.030286699533462524,0.06202845275402069,0.09619530290365219,0.09905152022838593,0.09409355372190475,0.04850183054804802,0.016706187278032303,0.0,0.0022095278836786747,0.012233239598572254,0.02430480718612671,0.03955593705177307,0.04893295839428902,0.08509377390146255,0.10196162760257721,0.1022849753499031,0.11015304923057556,0.4412049949169159,0.031795646995306015,0.00026945461286231875,0.0,0.0,0.0,131.3698272705078,3.1882388591766357,64.526611328125
Semi_ripe_46.jpg,Semi-ripe,Semi-ripe,110.68541717529297,49.45986557006836,26.557767868041992,34.5634880065918,57.831390380859375,11.723677635192871,0.00021917007688898593,0.023195499554276466,0.2948933243751526,0.11963033676147461,0.09015195816755295,0.08635301142930984,0.010118352249264717,0.37448859214782715,0.00029222675948403776,0.00010958503844449297,0.00010958503844449297,0.00014611337974201888,7.305668987100944e-05,3.652834493550472e-05,0.00014611337974201888,3.652834493550472e-05,0.6465882658958435,0.005954120308160782,0.006246346980333328,0.006648159120231867,0.005223553627729416,0.006355931982398033,0.00975306797772646,0.010995032265782356,0.013880771584808826,0.02250146120786667,0.030355054885149002,0.05501168966293335,0.06081969663500786,0.06691993027925491,0.038391292095184326,0.014355639927089214,0.00010958503844449297,0.0011323787039145827,0.008474576286971569,0.01884862594306469,0.024693161249160767,0.029441846534609795,0.05329485610127449,0.07769579440355301,0.04982466250658035,0.16423144936561584,0.5624269247055054,0.009826124645769596,0.0,0.0,0.0,0.0,165.82424926757812,2.3571300506591797,64.55523681640625
Semi_ripe_47.jpg,Semi-ripe,Semi-ripe,83.43601989746094,37.03094482421875,43.66769027709961,36.68274688720703,52.21379852294922,14.242955207824707,0.0016234564827755094,0.062232498079538345,0.460766464471817,0.06065823882818222,0.12451419234275818,0.27303585410118103,0.0009347173618152738,0.01328282617032528,0.000885521702002734,0.00142667384352535,0.0004919565399177372,9.83913050731644e-05,0.0,0.0,0.0,4.91956525365822e-05,0.39779603481292725,0.010675456374883652,0.00792049989104271,0.006936586927622557,0.006838195491582155,0.011216608807444572,0.018546760082244873,0.030894868075847626,0.041078370064496994,0.03788065165281296,0.05057312920689583,0.06582377851009369,0.08368179947137833,0.12072613090276718,0.08077926188707352,0.028631869703531265,4.91956525365822e-05,0.003148521762341261,0.015152260661125183,0.045014020055532455,0.053770847618579865,0.056033845990896225,0.09243863075971603,0.10970630496740341,0.10926353931427002,0.13750185072422028,0.37516602873802185,0.0027549564838409424,0.0,0.0,0.0,0.0,125.17913818359375,2.9134063720703125,64.91218566894531
Semi_ripe_48.jpg,Semi-ripe,Semi-ripe,79.6871337890625,45.08413314819336,55.62895965576172,32.79545593261719,54.09098815917969,13.603066444396973,0.00027504641911946237,0.016640307381749153,0.6997180581092834,0.06381076574325562,0.015952691435813904,0.0014439936494454741,0.00013752320955973119,0.18881936371326447,0.013202227652072906,0.0,0.0,0.0,0.0,0.0,0.0,0.0,0.20717871189117432,0.012102042324841022,0.011620710603892803,0.016158977523446083,0.024135323241353035,0.022347521036863327,0.025029223412275314,0.024135323241353035,0.03176786005496979,0.053083956241607666,0.0651172399520874,0.09358454495668411,0.11778862774372101,0.18201196193695068,0.0997043251991272,0.01423365157097578,6.876160477986559e-05,0.0023378946352750063,0.012033280916512012,0.032868046313524246,0.043869901448488235,0.03802516683936119,0.06573609262704849,0.14274908602237701,0.13174723088741302,0.14178642630577087,0.3270301818847656,0.06044144928455353,0.0013064704835414886,0.0,0.0,0.0,165.9810791015625,2.3537096977233887,65.24725341796875
Semi_ripe_49.jpg,Semi-ripe,Semi-ripe,56.340091705322266,9.230195045471191,68.12832641601562,17.2346248626709,54.13372802734375,14.21558952331543,0.0015593672869727015,0.04670676589012146,0.8495581746101379,0.09608673304319382,0.006014702375978231,7.425558578688651e-05,0.0,0.0,0.0,0.0,0.0,0.0,0.0,0.0,0.0,0.0,0.0003712779434863478,0.006460235919803381,0.009504714980721474,0.014108561910688877,0.021831143647432327,0.02287072129547596,0.027326056733727455,0.03579119220376015,0.055840201675891876,0.09571545571088791,0.11828915029764175,0.17323829233646393,0.2176431268453598,0.14064007997512817,0.04544442147016525,0.014925372786819935,0.0,0.00029702234314754605,0.005346402525901794,0.02049454301595688,0.04997400939464569,0.06779535114765167,0.08450286090373993,0.13165515661239624,0.18697556853294373,0.14487265050411224,0.12207618355751038,0.13811539113521576,0.047894854098558426,0.0,0.0,0.0,55.001991271972656,80.5566635131836,55.9476432800293
Semi_ripe_5.jpeg,Semi-ripe,Semi-ripe,59.62324905395508,60.639652252197266,41.347023010253906,23.356246948242188,47.589866638183594,11.490068435668945,0.0712648332118988,0.19530335068702698,0.6819316148757935,0.000458458554930985,0.0,0.0,0.0,0.0,0.0,0.0,0.0,0.008048494346439838,0.00881259236484766,0.0024451122153550386,0.017778003588318825,0.01395751629024744,0.1864907592535019,0.04477611929178238,0.02144567295908928,0.028016911819577217,0.025979317724704742,0.03249961882829666,0.048698488622903824,0.07207987457513809,0.12790994346141815,0.2589781582355499,0.1519535481929779,0.0010697366669774055,0.0,5.0939841457875445e-05,5.0939841457875445e-05,0.0,0.0,0.0,0.00010187968291575089,0.015791350975632668,0.035708826035261154,0.16229432821273804,0.2356986403465271,0.13066068291664124,0.115684375166893,0.16784676909446716,0.13432836532592773,0.0015281952219083905,0.0003565788792911917,0.0,0.0,0.0,51.652530670166016,58.61449432373047,42.57266616821289
Semi_ripe_50.jpg,Semi-ripe,Semi-ripe,57.117919921875,11.856501579284668,69.5417251586914,17.849958419799805,50.43084716796875,12.350066184997559,0.002747252816334367,0.030325444415211678,0.8477388024330139,0.10925612598657608,0.008981402963399887,0.0003169907140545547,0.0,0.0,0.00010566356650087982,0.0,0.0,0.0,0.0,0.0,0.0,0.0005283178179524839,0.0021132712718099356,0.009932375513017178,0.012468300759792328,0.015638208016753197,0.01785714365541935,0.015532544814050198,0.022823330014944077,0.029797125607728958,0.04712595045566559,0.06508875638246536,0.11422231793403625,0.1781487762928009,0.21407438814640045,0.18639053404331207,0.05008453130722046,0.018702451139688492,0.0,0.0006339814281091094,0.006234150379896164,0.0282121729105711,0.04797125980257988,0.08579881489276886,0.11253169924020767,0.1518385410308838,0.19125105440616608,0.1903000771999359,0.15849535167217255,0.026310227811336517,0.0003169907140545547,0.00010566356650087982,0.0,0.0,54.92269515991211,81.69339752197266,55.814205169677734
Semi_ripe_51.jpg,Semi-ripe,Semi-ripe,57.03173828125,10.089130401611328,64.48872375488281,17.9046573638916,50.28875732421875,13.471881866455078,0.0031827425118535757,0.046857040375471115,0.8192909359931946,0.12032534927129745,0.010255503468215466,8.840951340971515e-05,0.0,0.0,0.0,0.0,0.0,0.0,0.0,0.0,0.0,0.0,0.001502961735241115,0.011581646278500557,0.01326142717152834,0.013968703337013721,0.016709398478269577,0.029086729511618614,0.040491558611392975,0.06047210842370987,0.09159225225448608,0.10202457755804062,0.13685792684555054,0.1744319647550583,0.16285032033920288,0.09415613114833832,0.037397224456071854,0.01361506525427103,0.0,0.0009725046693347394,0.007337989751249552,0.027937406674027443,0.059411194175481796,0.08734859526157379,0.12934312224388123,0.17584651708602905,0.14914685487747192,0.14357705414295197,0.12978516519069672,0.08840951323509216,0.0008840951486490667,0.0,0.0,0.0,55.69352722167969,80.43130493164062,55.895477294921875
Semi_ripe_52.jpg,Semi-ripe,Semi-ripe,65.8800048828125,22.44339370727539,55.28053283691406,30.421497344970703,53.35173797607422,14.108473777770996,0.001483434927649796,0.03878907859325409,0.6838085651397705,0.07642437517642975,0.17015548050403595,0.022471291944384575,0.002197681460529566,0.00379100046120584,0.00043953629210591316,0.00010988407302647829,0.0002747101825661957,0.0,5.4942036513239145e-05,0.0,0.0,0.0,0.19713202118873596,0.007142464630305767,0.008241305127739906,0.008516015484929085,0.010548871010541916,0.017746277153491974,0.021097742021083832,0.02878962643444538,0.04977748543024063,0.08928080648183823,0.10384044796228409,0.12301521748304367,0.16246360540390015,0.1157628670334816,0.04263501986861229,0.014010218903422356,0.0,0.001098840730264783,0.009504972025752068,0.029668699949979782,0.05378825217485428,0.06054612249135971,0.08730289340019226,0.13241030275821686,0.13213559985160828,0.10889511555433273,0.29789572954177856,0.077303446829319,0.009450030513107777,0.0,0.0,0.0,103.97882080078125,2.1709656715393066,65.03221893310547
Semi_ripe_53.jpg,Semi-ripe,Semi-ripe,67.74710845947266,24.27864646911621,57.52983474731445,33.2633056640625,54.044918060302734,13.890345573425293,0.0005744558875449002,0.01927618496119976,0.7085593938827515,0.07206229865550995,0.13244399428367615,0.061466775834560394,0.00025531373103149235,0.005297759547829628,6.382843275787309e-05,0.0,0.0,0.0,0.0,0.0,0.0,0.0,0.20003829896450043,0.013403969816863537,0.012893342413008213,0.012318886816501617,0.014680538326501846,0.01985064148902893,0.02489308826625347,0.027893023565411568,0.0408501960337162,0.04946703091263771,0.053679708391427994,0.0739133208990097,0.1158486008644104,0.17846429347991943,0.13001851737499237,0.03178655728697777,6.382843275787309e-05,0.0035105636343359947,0.015063509345054626,0.037658773362636566,0.038297057151794434,0.038041744381189346,0.0769132599234581,0.110104039311409,0.12995468080043793,0.17278355360031128,0.31537628173828125,0.052913766354322433,0.009318950586020947,0.0,0.0,0.0,111.07343292236328,2.4009721279144287,64.91998291015625
Semi_ripe_54.jpg,Semi-ripe,Semi-ripe,72.44571685791016,27.863651275634766,51.762351989746094,35.98545455932617,55.01613235473633,13.170233726501465,0.0004178563831374049,0.025349954143166542,0.5904310941696167,0.09276411682367325,0.19862107932567596,0.08384984731674194,0.005571418441832066,0.0009749982855282724,0.0006267845747061074,0.0009053555550053716,0.0002785709220916033,0.0,0.0,0.0,0.00020892819156870246,0.0,0.29417091608047485,0.012674977071583271,0.011073194444179535,0.012814262881875038,0.009958910755813122,0.014485688880085945,0.013162476941943169,0.015391044318675995,0.02305174432694912,0.03872136026620865,0.052858833223581314,0.08600877225399017,0.14019082486629486,0.1432550996541977,0.1016087457537651,0.030573159456253052,0.0,0.00020892819156870246,0.004039278719574213,0.024374956265091896,0.054251689463853836,0.06274810433387756,0.061285603791475296,0.07618915289640427,0.12793369591236115,0.14987115561962128,0.3849850296974182,0.05341597646474838,0.0006964273052290082,0.0,0.0,0.0,110.12950897216797,2.3984501361846924,64.88729858398438
Semi_ripe_55.jpg,Semi-ripe,Semi-ripe,57.622711181640625,12.654359817504883,66.37225341796875,21.154356002807617,53.81346130371094,16.81745147705078,0.0012026458280161023,0.045271024107933044,0.8172837495803833,0.10798041522502899,0.02714543417096138,0.0005154196405783296,0.0,0.0002577098202891648,0.0,0.0,0.0,0.0,0.0,0.0,8.59032734297216e-05,0.0002577098202891648,0.004037453792989254,0.017867879942059517,0.02370930276811123,0.021905334666371346,0.03401769697666168,0.030667468905448914,0.03504853695631027,0.03144059702754021,0.03857056796550751,0.07052658498287201,0.10093634575605392,0.15462589263916016,0.17421184480190277,0.18572287261486053,0.05970277637243271,0.01700884848833084,0.0,0.0008590327342972159,0.011167425662279129,0.03015204891562462,0.08177991211414337,0.09002663195133209,0.09079975634813309,0.0968988910317421,0.1111588329076767,0.09853105247020721,0.1486985683441162,0.1507602483034134,0.08659049868583679,0.002577098086476326,0.0,0.0,53.57899475097656,82.3667984008789,69.05392456054688
Semi_ripe_56.jpg,Semi-ripe,Semi-ripe,74.32193756103516,29.762102127075195,49.990699768066406,35.78142166137695,52.45011520385742,15.784579277038574,0.00039437360828742385,0.043841198086738586,0.5485079288482666,0.10207703709602356,0.16629420220851898,0.13487577438354492,0.0023662415333092213,0.0007887472165748477,0.00039437360828742385,0.0004601025430019945,0.0,0.0,0.0,0.0,0.0,0.0,0.3010385036468506,0.012554226443171501,0.015643486753106117,0.014789010398089886,0.019061390310525894,0.013671617954969406,0.01702379435300827,0.01958722248673439,0.022939397022128105,0.03214144706726074,0.05895885452628136,0.0905744731426239,0.12646247446537018,0.1375049352645874,0.09208623319864273,0.02596292831003666,0.0,0.002300512744113803,0.01833837293088436,0.05994478613138199,0.0706586018204689,0.06638622283935547,0.06862100958824158,0.07683712244033813,0.08334428817033768,0.11699750274419785,0.38714343309402466,0.04489286243915558,0.004535296466201544,0.0,0.0,0.0,115.659423828125,2.569169282913208,64.9053955078125
Semi_ripe_57.jpg,Semi-ripe,Semi-ripe,56.40880584716797,10.37248706817627,70.7026138305664,18.79045295715332,53.24568176269531,13.826772689819336,0.0005193186807446182,0.03552139550447464,0.8436850905418396,0.1124844178557396,0.006855006329715252,0.0005193186807446182,0.0,0.0003115911968052387,0.0,0.0,0.0001038637274177745,0.0,0.0,0.0,0.0,0.0,0.0062318239361047745,0.010905691422522068,0.015891151502728462,0.014644785784184933,0.014125467278063297,0.014125467278063297,0.01911092735826969,0.019318653270602226,0.0298088900744915,0.06886165589094162,0.13512670993804932,0.1672206073999405,0.1958869993686676,0.1539260447025299,0.09597008675336838,0.038845036178827286,0.0,0.000207727454835549,0.003427503164857626,0.02233070135116577,0.05193186551332474,0.08953053504228592,0.09638553857803345,0.09908600151538849,0.16379310190677643,0.17033651471138,0.1769838035106659,0.11528874188661575,0.010697964578866959,0.0,0.0,0.0,53.995704650878906,81.46844482421875,56.879478454589844
Semi_ripe_58.jpg,Semi-ripe,Semi-ripe,56.784027099609375,9.669189453125,71.0599136352539,18.764808654785156,56.65188217163086,15.161521911621094,0.0008817786583676934,0.036152925342321396,0.8490898609161377,0.10549852252006531,0.008124960586428642,0.00025193675537593663,0.0,0.0,0.0,0.0,0.0,0.0,0.0,0.0,0.0,0.0,0.0031492095440626144,0.01095924898982048,0.011337154544889927,0.014108458533883095,0.0207217987626791,0.020154941827058792,0.019462114199995995,0.02752409130334854,0.04251432791352272,0.0588272325694561,0.08855577558279037,0.14624929428100586,0.21024122834205627,0.1846066564321518,0.1268501579761505,0.014738300815224648,0.0,0.00018895257380791008,0.0031492095440626144,0.020280908793210983,0.05108017846941948,0.0709201991558075,0.08194243162870407,0.07734458893537521,0.10738804191350937,0.1683567464351654,0.19090507924556732,0.12886565923690796,0.096302829682827,0.0032751779071986675,0.0,0.0,53.4671516418457,81.4444580078125,68.34507751464844
Semi_ripe_59.jpg,Semi-ripe,Semi-ripe,57.693458557128906,11.655900955200195,68.37666320800781,21.19586181640625,49.61314010620117,16.471349716186523,0.00013845622015651315,0.04693665727972984,0.8071305155754089,0.12405676394701004,0.020976116880774498,0.00048459673416800797,0.0,0.0,0.0,0.0,0.00020768432295881212,0.0,0.0,0.0,6.922811007825658e-05,0.0,0.004984423518180847,0.016407061368227005,0.019453097134828568,0.01966078206896782,0.022845275700092316,0.02949117310345173,0.036552440375089645,0.03537556156516075,0.044859811663627625,0.06015922501683235,0.08196607977151871,0.1370716542005539,0.16379369795322418,0.20083074271678925,0.10010384023189545,0.026445137336850166,0.0,0.0038075458724051714,0.017099343240261078,0.06382831186056137,0.10446521639823914,0.08549670875072479,0.09145032614469528,0.10197300463914871,0.11623398959636688,0.12267220765352249,0.17127034068107605,0.11214952915906906,0.00955347903072834,0.0,0.0,0.0,53.165592193603516,82.17243194580078,67.5600814819336
Semi_ripe_6.jpeg,Semi-ripe,Semi-ripe,57.22661590576172,54.48740005493164,48.080692291259766,18.337726593017578,47.874420166015625,11.557201385498047,0.03977365419268608,0.21143697202205658,0.7100495100021362,0.0,0.0,0.0,0.0,0.0,0.0,0.0,0.0,0.003971924539655447,0.0020675770938396454,0.006638010963797569,0.009249687194824219,0.01681266725063324,0.07900320738554001,0.021763969212770462,0.014255399815738201,0.017139125615358353,0.030959246680140495,0.03988247364759445,0.05952445790171623,0.10599052906036377,0.18238206207752228,0.29250776767730713,0.14315250515937805,0.01077316515147686,0.0010881985072046518,0.0006529191159643233,0.00027204962680116296,0.0006529191159643233,0.0,0.0,0.0010337885469198227,0.01213341299444437,0.0490233413875103,0.1750367283821106,0.17552641034126282,0.1410849392414093,0.134446918964386,0.1794983446598053,0.13194406032562256,0.00027204962680116296,0.0,0.0,0.0,0.0,49.0790901184082,57.468353271484375,57.63080596923828
Semi_ripe_60.jpg,Semi-ripe,Semi-ripe,54.47299575805664,11.459750175476074,68.28309631347656,19.67470359802246,49.07678985595703,13.792492866516113,0.0015861686551943421,0.08144975453615189,0.8264731764793396,0.08129113912582397,0.008803235366940498,0.0,0.0,0.0,0.0,0.0,0.0,0.0,0.0,0.0,0.00015861686551943421,0.00023792529827915132,0.003806804772466421,0.011737647466361523,0.01340312510728836,0.018003012984991074,0.014116900973021984,0.015861686319112778,0.025933856144547462,0.056150369346141815,0.07026726752519608,0.09517011791467667,0.12546594440937042,0.12721072137355804,0.1333174705505371,0.1414862424135208,0.10286303609609604,0.04520580545067787,0.0,0.002617178251966834,0.016813388094305992,0.0375128872692585,0.075025774538517,0.08597034215927124,0.0831945464015007,0.1573479324579239,0.21960504353046417,0.17035451531410217,0.08668411523103714,0.05456420034170151,0.010310095734894276,0.0,0.0,0.0,52.91273498535156,81.85514831542969,55.65241241455078
Semi_ripe_61.jpg,Semi-ripe,Semi-ripe,53.8617057800293,9.758912086486816,67.137939453125,20.11876678466797,51.73688888549805,12.635578155517578,0.0006829435005784035,0.07486768066883087,0.8533378839492798,0.06573331356048584,0.0049513401463627815,0.0002561038127169013,0.0,0.0,0.0,0.0,0.0,0.0,0.0,0.0,0.00017073587514460087,0.0,0.0028171418234705925,0.009902680292725563,0.016902850940823555,0.01724432222545147,0.027232371270656586,0.03406180813908577,0.04302544146776199,0.040635138750076294,0.05130612850189209,0.07273348420858383,0.11003927141427994,0.13317398726940155,0.17799215018749237,0.15750384330749512,0.08118490874767303,0.02424449287354946,8.536793757230043e-05,0.002390302252024412,0.008792897686362267,0.01963462494313717,0.03739115595817566,0.06274542957544327,0.09569745510816574,0.19148027896881104,0.21205395460128784,0.15793068706989288,0.1306983083486557,0.07008707523345947,0.009134368970990181,0.0016219908138737082,8.536793757230043e-05,0.00017073587514460087,52.83279800415039,82.00730895996094,56.41785430908203
Semi_ripe_62.jpg,Semi-ripe,Semi-ripe,54.92841720581055,15.476866722106934,68.6627197265625,21.39410400390625,49.296749114990234,12.48369026184082,0.0016318537527695298,0.0756092220544815,0.8270235061645508,0.08616188168525696,0.00565709313377738,0.0008703219937160611,0.00021758049842901528,0.00032637076219543815,0.0005439512897282839,0.00043516099685803056,0.0,0.0,0.00032637076219543815,0.0,0.00032637076219543815,0.0008703219937160611,0.008159268647432327,0.013925151899456978,0.019473455846309662,0.01969103515148163,0.021758049726486206,0.025783289223909378,0.029917320236563683,0.034268930554389954,0.04786771163344383,0.07223672419786453,0.09736727923154831,0.13489991426467896,0.14915142953395844,0.1679721474647522,0.11292428523302078,0.04460400342941284,0.00010879024921450764,0.003916448913514614,0.014142733067274094,0.024260226637125015,0.051892951130867004,0.06788511574268341,0.12021322548389435,0.21137945353984833,0.2077893763780594,0.1569843292236328,0.09562662988901138,0.04340730980038643,0.0023933856282383204,0.0,0.0,0.0,52.34777069091797,82.14451599121094,55.87705993652344
Semi_ripe_63.jpg,Semi-ripe,Semi-ripe,53.89556884765625,9.587827682495117,69.09424591064453,19.652191162109375,50.635643005371094,13.01085090637207,0.0010443258797749877,0.08899977058172226,0.8293107151985168,0.0750754252076149,0.005453701596707106,0.00011603620077949017,0.0,0.0,0.0,0.0,0.0,0.0,0.0,0.0,0.0,0.0,0.002204687800258398,0.008006498217582703,0.012415873818099499,0.017405429854989052,0.016593176871538162,0.015432815067470074,0.034810859709978104,0.05592944845557213,0.06985379755496979,0.09074030816555023,0.10129960626363754,0.12265026569366455,0.1420283168554306,0.14121605455875397,0.11487583816051483,0.05453701689839363,0.0,0.0012763981940224767,0.01032722182571888,0.02773265168070793,0.05291250720620155,0.09062427282333374,0.08401021361351013,0.14922255277633667,0.2171037346124649,0.19737757742404938,0.10408447682857513,0.05534926801919937,0.009979113936424255,0.0,0.0,0.0,53.22108459472656,81.31723022460938,56.3625602722168
Semi_ripe_64.jpg,Semi-ripe,Semi-ripe,66.0681381225586,29.569719314575195,57.63024139404297,29.5977840423584,52.46205520629883,14.277835845947266,0.0008242324111051857,0.06600727885961533,0.7132357954978943,0.06683151423931122,0.00652517331764102,0.14238615334033966,0.0003434301761444658,0.0018545229686424136,0.0017171509098261595,0.0,6.868603668408468e-05,0.0,0.0,6.868603668408468e-05,0.0,0.00013737207336816937,0.15337592363357544,0.012432172894477844,0.01641596294939518,0.01758362539112568,0.016141219064593315,0.018613915890455246,0.025345146656036377,0.03585411235690117,0.05405591055750847,0.0739748626947403,0.1037159115076065,0.13180850446224213,0.11264509707689285,0.10872999578714371,0.09052819758653641,0.028779448941349983,0.0,0.0021292672026902437,0.011813998222351074,0.034961193799972534,0.06793048977851868,0.06271035224199295,0.06854866445064545,0.12294800579547882,0.15310117602348328,0.1529638022184372,0.24994848668575287,0.06676282733678818,0.006181743461638689,0.0,0.0,0.0,131.51661682128906,3.161794900894165,65.55094146728516
Semi_ripe_65.jpg,Semi-ripe,Semi-ripe,53.86906051635742,12.348179817199707,67.37211608886719,20.508447647094727,50.201744079589844,12.723847389221191,0.0025408656802028418,0.08486490696668625,0.8400948643684387,0.06936562806367874,0.0022020835895091295,8.469552267342806e-05,0.0,0.0,0.0,0.0,0.0,0.0,0.0,0.0,0.0002540865680202842,0.0005928686587139964,0.0025408656802028418,0.01211145892739296,0.01854831911623478,0.01778605952858925,0.027017870917916298,0.0355721190571785,0.03904463350772858,0.04082323983311653,0.05090200901031494,0.07199119031429291,0.09392733126878738,0.1325484812259674,0.1740492880344391,0.17963919043540955,0.07749640196561813,0.026001524180173874,0.00033878209069371223,0.0031337342225015163,0.011857372708618641,0.02718726173043251,0.04717540368437767,0.061912424862384796,0.1167951226234436,0.2045396864414215,0.18675361573696136,0.16007453203201294,0.13466587662696838,0.04200897738337517,0.00304903881624341,0.00042347758426330984,8.469552267342806e-05,0.0,52.677467346191406,81.97737884521484,56.516014099121094
Semi_ripe_66.jpg,Semi-ripe,Semi-ripe,57.325931549072266,21.066116333007812,59.289520263671875,24.693212509155273,53.28712844848633,15.90713882446289,0.0050101554952561855,0.08659444749355316,0.7648612260818481,0.05023696646094322,0.07623561471700668,0.0022342586889863014,0.0004062288498971611,0.013337846845388412,0.0004739336436614394,6.770480831619352e-05,0.0002708192332647741,0.0,0.0,0.0,0.0,0.0002708192332647741,0.0922139436006546,0.012186865322291851,0.015775220468640327,0.012186865322291851,0.013405552133917809,0.016316859051585197,0.02532159723341465,0.040419768542051315,0.06452268362045288,0.1337846964597702,0.15788760781288147,0.1627623587846756,0.11719702184200287,0.07501692324876785,0.041841570287942886,0.01916046068072319,0.0006093432893976569,0.008259986527264118,0.011306703090667725,0.03737305477261543,0.07312119007110596,0.06668923795223236,0.07183480262756348,0.08246445655822754,0.1438727080821991,0.12985782325267792,0.22342586517333984,0.11800947785377502,0.033175356686115265,0.0,0.0,0.0,52.085811614990234,69.04008483886719,68.83654022216797
Semi_ripe_67.jpg,Semi-ripe,Semi-ripe,93.4568862915039,52.454872131347656,46.0770149230957,36.45185089111328,57.35152816772461,12.489825248718262,0.0002199736045440659,0.022767268121242523,0.5566431879997253,0.04657940939068794,0.007919049821794033,0.03101627714931965,0.04250989854335785,0.2921799421310425,0.0,0.0,0.00010998680227203295,0.0,0.0,0.0,0.0,5.499340113601647e-05,0.3700505793094635,0.00769907608628273,0.00819401629269123,0.010173778980970383,0.011163660325109959,0.009623845107853413,0.012648481875658035,0.013528376817703247,0.020127585157752037,0.027166739106178284,0.05031896010041237,0.09739331156015396,0.1590409129858017,0.1478772610425949,0.044049713760614395,0.010943686589598656,0.0001649801997700706,0.0029696435667574406,0.008578970097005367,0.021227452903985977,0.03041135147213936,0.035360757261514664,0.03888033330440521,0.0740761086344719,0.11169159412384033,0.13847337663173676,0.4792674779891968,0.05862296372652054,0.00027496699476614594,0.0,0.0,0.0,164.19845581054688,2.2244935035705566,64.92057037353516
Semi_ripe_68.jpg,Semi-ripe,Semi-ripe,55.288394927978516,11.835360527038574,71.74649810791016,17.921615600585938,54.16237258911133,13.506625175476074,0.0001097815329558216,0.02667691372334957,0.8851684927940369,0.07300472259521484,0.010429245419800282,0.0015369415050372481,0.0004391261318232864,0.0009880338329821825,0.001646723016165197,0.0,0.0,0.0,0.0,0.0,0.0,0.0,0.005379294976592064,0.010209682397544384,0.012405313551425934,0.013173784129321575,0.013173784129321575,0.015479196794331074,0.01899220608174801,0.024810627102851868,0.032056208699941635,0.04149742051959038,0.09331430494785309,0.1518278568983078,0.2538149058818817,0.22636952996253967,0.06960149109363556,0.01789439097046852,0.0001097815329558216,0.00483038742095232,0.014161817729473114,0.025579096749424934,0.04149742051959038,0.04720605909824371,0.07135799527168274,0.0961686223745346,0.13558019697666168,0.27170929312705994,0.20979250967502594,0.07893292605876923,0.0030738830100744963,0.0,0.0,0.0,52.68144607543945,81.60397338867188,58.41128158569336
Semi_ripe_69.jpg,Semi-ripe,Semi-ripe,54.27109146118164,9.154139518737793,68.00118255615234,17.482778549194336,54.94921875,13.603679656982422,0.0008757419418543577,0.043592486530542374,0.8742823600769043,0.075021892786026,0.005838279612362385,0.0003892186505254358,0.0,0.0,0.0,0.0,0.0,0.0,0.0,0.0,0.0,0.0,0.0022380072623491287,0.008173591457307339,0.014693004079163074,0.016152573749423027,0.013038824312388897,0.018001362681388855,0.028121046721935272,0.03901916742324829,0.053225647658109665,0.09312056005001068,0.12377152591943741,0.15023839473724365,0.22243845462799072,0.1844896376132965,0.024034250527620316,0.00924394279718399,0.0,0.003502967767417431,0.010411598719656467,0.019947456195950508,0.04125717654824257,0.054393306374549866,0.07239466905593872,0.08202783018350601,0.15111413598060608,0.23907755315303802,0.21251337230205536,0.08105478435754776,0.03220784291625023,9.730466263135895e-05,0.0,0.0,52.719051361083984,81.2251968383789,58.49398422241211
Semi_ripe_7.jpeg,Semi-ripe,Semi-ripe,141.44056701660156,135.0828857421875,25.062685012817383,26.574569702148438,55.30946350097656,11.256027221679688,0.08673416078090668,0.18825453519821167,0.3547646403312683,0.00027832863270305097,0.0,0.0,0.0,0.0,0.0,0.0,0.04536756873130798,0.0054274084977805614,0.039453085511922836,0.0016351807862520218,0.2245764136314392,0.05350868031382561,0.4936506152153015,0.033747348934412,0.023692725226283073,0.020526736974716187,0.020596319809556007,0.027832863852381706,0.029711581766605377,0.041366592049598694,0.06714678555727005,0.15523779392242432,0.07476603239774704,0.007480082102119923,0.0028180773369967937,0.0009741501999087632,0.0002435375499771908,0.00020874648180324584,0.0,0.0,0.0,0.0006610305281355977,0.02678913064301014,0.0865602046251297,0.1031903401017189,0.0534043088555336,0.1351633369922638,0.18439272046089172,0.4071600139141083,0.002609330927953124,6.958215817576274e-05,0.0,0.0,0.0,333.18310546875,1.410505771636963,64.88209533691406
Semi_ripe_70.jpg,Semi-ripe,Semi-ripe,55.17604446411133,12.053177833557129,68.71295166015625,17.628257751464844,54.805397033691406,13.974867820739746,0.00010361620661569759,0.026214899495244026,0.8751424551010132,0.061755258589982986,0.03398611396551132,0.001450626878067851,0.00020723241323139518,0.0008289296529255807,0.0,0.00020723241323139518,0.00010361620661569759,0.0,0.0,0.0,0.0,0.0,0.004041031934320927,0.01212309580296278,0.01274479366838932,0.011190550401806831,0.015231582336127758,0.022484716027975082,0.025385970249772072,0.01844368502497673,0.03885607793927193,0.07677961140871048,0.1397782564163208,0.20826856791973114,0.22018443048000336,0.12330328673124313,0.056263599544763565,0.014920733869075775,0.0,0.00010361620661569759,0.0068386695347726345,0.037923529744148254,0.050357475876808167,0.03668013587594032,0.058957621455192566,0.09543052315711975,0.19158636033535004,0.19655993580818176,0.18215729296207428,0.10734638571739197,0.036058440804481506,0.0,0.0,0.0,51.89858627319336,80.83619689941406,57.50960922241211
Semi_ripe_71.jpg,Semi-ripe,Semi-ripe,57.64126205444336,12.728177070617676,65.05243682861328,20.45372200012207,51.72008514404297,12.934623718261719,0.00021994940470904112,0.04157043993473053,0.8376773595809937,0.06708457320928574,0.050808314234018326,0.0013196964282542467,0.0003299241070635617,0.0007698229164816439,0.00021994940470904112,0.0,0.0,0.0,0.0,0.0,0.0,0.0,0.005718684755265713,0.01528648380190134,0.019355548545718193,0.025404157117009163,0.029363246634602547,0.025734081864356995,0.030462993308901787,0.045859452337026596,0.07181348651647568,0.08677004277706146,0.11954250186681747,0.1336192637681961,0.17914879322052002,0.12339162081480026,0.07918179035186768,0.00934785045683384,0.0,0.00010997470235452056,0.005608709994703531,0.0366215780377388,0.06081601232290268,0.06356538087129593,0.07280325889587402,0.11415374279022217,0.21698009967803955,0.2323765605688095,0.13878807425498962,0.05641702562570572,0.001759595237672329,0.0,0.0,0.0,54.165958404541016,81.4930191040039,57.00315475463867
Semi_ripe_72.jpg,Semi-ripe,Semi-ripe,57.502357482910156,12.549363136291504,66.67973327636719,18.62887954711914,52.213722229003906,13.54045295715332,0.002143775811418891,0.03730170056223869,0.8450764417648315,0.08517936617136002,0.02972702495753765,0.0001429183903383091,0.0,0.0,0.0,0.0,0.0,0.0,0.0,0.0,0.0,0.00042875518556684256,0.0015721023082733154,0.008289266377687454,0.01786479912698269,0.021437758579850197,0.02529655583202839,0.023295698687434196,0.026725739240646362,0.03144204616546631,0.06045448035001755,0.10018579661846161,0.12105187773704529,0.17521795630455017,0.1727883368730545,0.15506646037101746,0.04687723144888878,0.012433900497853756,0.0,0.0001429183903383091,0.005002143792808056,0.044304702430963516,0.0594540499150753,0.05831070616841316,0.07017292827367783,0.12919822335243225,0.1634986400604248,0.20866085588932037,0.19751322269439697,0.058453623205423355,0.0052879806607961655,0.0,0.0,0.0,55.41268539428711,80.88626861572266,57.80341720581055
Semi_ripe_73.jpg,Semi-ripe,Semi-ripe,55.4599609375,11.477011680603027,70.69670867919922,17.56498908996582,53.712425231933594,13.084583282470703,0.0007024445221759379,0.018685024231672287,0.8628828525543213,0.10030907392501831,0.016999157145619392,0.0,0.00028097780887037516,0.0,0.0,0.0,0.0,0.0,0.0,0.0,0.00014048890443518758,0.0,0.0028097780887037516,0.006883956026285887,0.01250351220369339,0.01447035651654005,0.018825512379407883,0.01798257976770401,0.023602135479450226,0.022056758403778076,0.029362181201577187,0.0518404059112072,0.10030907392501831,0.21522898972034454,0.2256251722574234,0.16563642024993896,0.07080640643835068,0.022056758403778076,0.0,0.0014048890443518758,0.005619556177407503,0.03849395737051964,0.053807247430086136,0.030626580119132996,0.06026973947882652,0.12320876866579056,0.1587524563074112,0.28139927983283997,0.1587524563074112,0.08654116094112396,0.0011239112354815006,0.0,0.0,0.0,51.8038444519043,81.5191650390625,58.297340393066406
Semi_ripe_74.jpg,Semi-ripe,Semi-ripe,57.43027114868164,15.46540355682373,69.19025421142578,18.46845817565918,48.79499816894531,14.503463745117188,0.002230151556432247,0.04906333610415459,0.8223312497138977,0.09292298555374146,0.03189116716384888,0.00014867677236907184,0.0,0.0,0.0,0.0,0.0,0.00014867677236907184,0.00022301515855360776,0.0,0.00022301515855360776,0.0008177222916856408,0.0023044899571686983,0.009143621660768986,0.01360392477363348,0.01575973816215992,0.018510257825255394,0.018956288695335388,0.023119239136576653,0.03501338139176369,0.051442164927721024,0.07790663093328476,0.1224353238940239,0.163767471909523,0.1777430921792984,0.1616859883069992,0.08348201215267181,0.025126375257968903,0.0,0.0002973535447381437,0.015908414497971535,0.06437704712152481,0.07456140220165253,0.07545346766710281,0.09247695654630661,0.13782337307929993,0.22331251204013824,0.16547724604606628,0.06668153405189514,0.060288432985544205,0.022821884602308273,0.0005203687469474971,0.0,0.0,53.91905975341797,81.66265106201172,56.024654388427734
Semi_ripe_75.jpg,Semi-ripe,Semi-ripe,54.94270706176758,10.69504451751709,71.78839111328125,20.103235244750977,51.63307189941406,14.516609191894531,0.0008680555620230734,0.06558641791343689,0.8527199029922485,0.06558641791343689,0.014660493470728397,0.00019290123600512743,0.00019290123600512743,0.0,0.0,0.0,0.0,0.0,0.0,0.0,9.645061800256371e-05,9.645061800256371e-05,0.002797067863866687,0.009548611007630825,0.015239197760820389,0.01687885820865631,0.016300154849886894,0.03076774626970291,0.0373263880610466,0.029706791043281555,0.03269675746560097,0.04398148134350777,0.047453705221414566,0.11400462687015533,0.20389661192893982,0.25588348507881165,0.09567901492118835,0.04783950746059418,0.0,0.0036651233676820993,0.009837962687015533,0.04330632835626602,0.057098764926195145,0.04562114179134369,0.09268904477357864,0.17216435074806213,0.18653549253940582,0.17380401492118835,0.08497299253940582,0.07349537312984467,0.05680941417813301,0.0,0.0,0.0,53.552310943603516,81.9073486328125,56.88323211669922
Semi_ripe_76.jpg,Semi-ripe,Semi-ripe,54.960289001464844,15.557843208312988,68.48088836669922,19.5100154876709,53.6179084777832,15.583086013793945,0.00418532220646739,0.05732918158173561,0.8295698165893555,0.10181039571762085,0.004963986575603485,0.00019466615049168468,9.733307524584234e-05,0.0,0.0,0.0,0.0,9.733307524584234e-05,0.0,0.00038933230098336935,0.00019466615049168468,0.001167996902950108,0.004477321170270443,0.014502627775073051,0.014989293180406094,0.01927194930613041,0.019466614350676537,0.02666926197707653,0.02666926197707653,0.031049249693751335,0.03776523098349571,0.06248783320188522,0.1108623743057251,0.16390889883041382,0.20916877686977386,0.18065018951892853,0.05547985062003136,0.022581273689866066,0.0,0.00038933230098336935,0.007591979578137398,0.03737590089440346,0.07212381064891815,0.06569982320070267,0.08224644511938095,0.12400233745574951,0.11339303106069565,0.13655830919742584,0.15826357901096344,0.18532216548919678,0.0170332882553339,0.0,0.0,0.0,51.82673645019531,80.74605560302734,68.16995239257812
Semi_ripe_77.jpg,Semi-ripe,Semi-ripe,54.72090148925781,10.605701446533203,68.5357437133789,18.551910400390625,54.1063117980957,14.515045166015625,0.0008496176451444626,0.059791844338178635,0.842183530330658,0.08995327353477478,0.006903143599629402,0.00010620220564305782,0.0,0.0,0.0,0.0,0.0,0.0,0.0,0.0,0.0,0.00021240441128611565,0.0028674595523625612,0.009664401412010193,0.013912489637732506,0.018054375424981117,0.01901019550859928,0.019222600385546684,0.028037382289767265,0.032073065638542175,0.05214528366923332,0.07827103137969971,0.11714103817939758,0.172790989279747,0.1789507269859314,0.17364060878753662,0.06435853987932205,0.019859813153743744,0.0,0.0,0.004779099486768246,0.02771877683699131,0.05257009342312813,0.07774001359939575,0.09027187526226044,0.1111937165260315,0.1361512392759323,0.1423109620809555,0.17576465010643005,0.17374680936336517,0.007752761244773865,0.0,0.0,0.0,51.367584228515625,69.82750701904297,70.38689422607422
Semi_ripe_78.jpg,Semi-ripe,Semi-ripe,54.636695861816406,14.672048568725586,68.83556365966797,19.368545532226562,54.5504264831543,14.3856840133667,0.0042432816699147224,0.05869872868061066,0.8377450108528137,0.09456455707550049,0.003030915278941393,0.00030309153953567147,0.0,0.0,0.0,0.0,0.0,0.0,0.0,0.0,0.00020206102635711432,0.0012123661581426859,0.0017175186658278108,0.012123661115765572,0.01828652247786522,0.01788240112364292,0.024752475321292877,0.02687411569058895,0.02909678779542446,0.03142048791050911,0.034148313105106354,0.05354617163538933,0.0875934511423111,0.16063851118087769,0.2448979616165161,0.18872499465942383,0.04889876767992973,0.019397858530282974,0.0,0.0,0.0027278237976133823,0.019397858530282974,0.04586785286664963,0.08314811438322067,0.10052535682916641,0.12840977311134338,0.12921802699565887,0.09486764669418335,0.193574458360672,0.1890280842781067,0.013133966363966465,0.00010103051317855716,0.0,0.0,52.013912200927734,80.49468231201172,68.06356811523438
Semi_ripe_79.jpg,Semi-ripe,Semi-ripe,54.3145637512207,12.8544282913208,68.88404083251953,18.854127883911133,55.08388137817383,14.765446662902832,0.004524887073785067,0.06611362844705582,0.8285570740699768,0.09736885875463486,0.0023462376557290554,0.0,8.379419887205586e-05,8.379419887205586e-05,8.379419887205586e-05,0.0,0.0,0.0,0.0,0.0,8.379419887205586e-05,0.0007541478262282908,0.0026814143639057875,0.009133568033576012,0.014077425934374332,0.01516675017774105,0.017764370888471603,0.027400704100728035,0.03385285660624504,0.04340539500117302,0.045332662761211395,0.06460533291101456,0.09074912220239639,0.13331657648086548,0.23663482069969177,0.1917211264371872,0.054466232657432556,0.01969163678586483,0.0,0.0,0.0021786491852253675,0.020864756777882576,0.0505279041826725,0.07256577908992767,0.10155857354402542,0.1337355524301529,0.11555220186710358,0.08639182150363922,0.17127534747123718,0.22792023420333862,0.017261605709791183,0.00016758839774411172,0.0,0.0,51.80270004272461,80.58647155761719,68.58885192871094
Semi_ripe_8.jpeg,Semi-ripe,Semi-ripe,69.39456176757812,85.81214141845703,32.23941421508789,23.801298141479492,48.60443878173828,12.277989387512207,0.18533727526664734,0.14377284049987793,0.5748910903930664,0.00020031047461088747,0.0,0.0,0.0,0.0,0.0,0.0,0.0,0.00015023286687210202,0.01742701232433319,0.003555511124432087,0.031098201870918274,0.04356753081083298,0.33261555433273315,0.02458811178803444,0.019780660048127174,0.02689168229699135,0.040362562984228134,0.04892583563923836,0.05723872035741806,0.07902248203754425,0.15088386833667755,0.18578797578811646,0.03340177237987518,0.0003505433560349047,5.007761865272187e-05,0.00010015523730544373,0.0,0.0,0.0,0.00010015523730544373,0.0009514747653156519,0.005258149933069944,0.04431869462132454,0.10190795361995697,0.3377234637737274,0.13450849056243896,0.03680705279111862,0.0593920573592186,0.2770794630050659,0.0016525614773854613,0.00030046573374420404,0.0,0.0,0.0,53.24601364135742,56.84871292114258,42.06831741333008
Semi_ripe_80.jpg,Semi-ripe,Semi-ripe,54.96707534790039,12.400436401367188,72.38616943359375,21.23405647277832,49.78390884399414,14.809657096862793,0.00041886570397764444,0.08243276923894882,0.8230711221694946,0.08193013072013855,0.011225600726902485,0.00016754628450144082,0.0,0.0,0.0,0.0,0.0,0.0,0.0005026388680562377,8.377314225072041e-05,0.0,0.00016754628450144082,0.003434698795899749,0.012063332833349705,0.015246711671352386,0.018513863906264305,0.026974951848387718,0.027393817901611328,0.030577197670936584,0.026472313329577446,0.030912289395928383,0.043897125869989395,0.05453631654381752,0.07681997120380402,0.16821646690368652,0.2767864763736725,0.1338694840669632,0.054284997284412384,0.0,0.0016754628159105778,0.006534304935485125,0.03828432783484459,0.09382592141628265,0.09039121866226196,0.10991036146879196,0.14375470578670502,0.16335763037204742,0.13897964358329773,0.09399346262216568,0.08687274903059006,0.03242020681500435,0.0,0.0,0.0,53.54706954956055,83.02108764648438,56.582637786865234
Semi_ripe_81.jpg,Semi-ripe,Semi-ripe,48.800724029541016,6.838953971862793,67.03534698486328,18.36744499206543,55.80589294433594,14.844676971435547,0.0036133695393800735,0.15700089931488037,0.8061427474021912,0.03197832033038139,0.00126467936206609,0.0,0.0,0.0,0.0,0.0,0.0,0.0,0.0,0.0,0.0,0.0,0.0034327011089771986,0.008220415562391281,0.015898825600743294,0.016169829294085503,0.016802167519927025,0.02104787714779377,0.031436312943696976,0.039385728538036346,0.05501354858279228,0.09476061165332794,0.15049684047698975,0.19954833388328552,0.15682023763656616,0.1024390235543251,0.0555555559694767,0.03297199681401253,0.0,0.004787714686244726,0.01156278233975172,0.022673893719911575,0.04173441603779793,0.04336043447256088,0.060975611209869385,0.11029810458421707,0.18301716446876526,0.17949412763118744,0.09792231023311615,0.1872628778219223,0.056007225066423416,0.0009033423848450184,0.0,0.0,49.66065979003906,69.17898559570312,70.55784606933594
Semi_ripe_82.jpg,Semi-ripe,Semi-ripe,55.67643737792969,13.121145248413086,72.25796508789062,21.591541290283203,47.78875732421875,13.926977157592773,0.0016117659397423267,0.04986400902271271,0.8561499118804932,0.08350961655378342,0.007555152755230665,0.0,0.00010073537123389542,0.0,0.0,0.00010073537123389542,0.00020147074246779084,0.0,0.0,0.0,0.00020147074246779084,0.0007051475695334375,0.002518384251743555,0.011080890893936157,0.01712501235306263,0.019240455701947212,0.02639266662299633,0.03344414383172989,0.03173164278268814,0.029011785984039307,0.03566031903028488,0.04059635475277901,0.05933313071727753,0.07363755255937576,0.11524125933647156,0.2711796164512634,0.19582955539226532,0.03797723352909088,0.00020147074246779084,0.010778684169054031,0.029918404296040535,0.04210738465189934,0.07706255465745926,0.06275813281536102,0.08814344555139542,0.15573687851428986,0.21456633508205414,0.19542661309242249,0.11705449968576431,0.00604412192478776,0.00020147074246779084,0.0,0.0,0.0,53.127933502197266,83.3995361328125,56.2726936340332
Semi_ripe_83.jpg,Semi-ripe,Semi-ripe,55.96076202392578,10.169845581054688,64.17167663574219,18.596187591552734,53.796409606933594,15.38224983215332,0.0,0.0308162122964859,0.854062557220459,0.09901906549930573,0.014806589111685753,0.0011104941368103027,0.00018508236098568887,0.0,0.0,0.0,0.0,0.0,0.0,0.0,0.0,0.0,0.003609105944633484,0.015824541449546814,0.014714047312736511,0.01906348392367363,0.0331297442317009,0.03618360310792923,0.03174162656068802,0.02924301289021969,0.04701092094182968,0.1004071831703186,0.1471404731273651,0.20053674280643463,0.22320932149887085,0.07153433561325073,0.018230613321065903,0.008421247825026512,0.0,0.000832870602607727,0.008976494893431664,0.04007033258676529,0.06311308592557907,0.05413658916950226,0.06413103640079498,0.11623172461986542,0.21256709098815918,0.1324264258146286,0.11271515488624573,0.11928558349609375,0.07440310716629028,0.0011104941368103027,0.0,0.0,52.941104888916016,79.77003479003906,56.37912368774414
Semi_ripe_84.jpg,Semi-ripe,Semi-ripe,56.26481246948242,10.829740524291992,64.68284606933594,18.582204818725586,52.74058151245117,14.176261901855469,0.0,0.02780536189675331,0.8491669297218323,0.10802162438631058,0.012799293734133244,0.0011033874470740557,0.000441354961367324,0.0006620324566029012,0.0,0.0,0.0,0.0,0.0,0.0,0.0,0.0,0.005958292167633772,0.016771487891674042,0.01522674597799778,0.02118503861129284,0.023391813039779663,0.028577733784914017,0.027584685012698174,0.029350105673074722,0.04325278475880623,0.11420059949159622,0.1444334089756012,0.19827871024608612,0.22509102523326874,0.07900253683328629,0.018426569178700447,0.009268454276025295,0.0,0.000441354961367324,0.007723711896687746,0.0315568782389164,0.05947257950901985,0.0646585002541542,0.0891536995768547,0.14299900829792023,0.14112325012683868,0.16628047823905945,0.1628599762916565,0.12832395732402802,0.005406598094850779,0.0,0.0,0.0,52.00338363647461,69.2276611328125,68.63185119628906
Semi_ripe_85.jpg,Semi-ripe,Semi-ripe,95.9646987915039,52.76052474975586,44.93186569213867,37.4866943359375,53.1557502746582,13.93746280670166,0.0011710581602528691,0.0270179845392704,0.5277289748191833,0.06491007655858994,0.005604349542409182,0.01823504827916622,0.0433291494846344,0.3109995722770691,0.0,0.0,8.364700624952093e-05,8.364700624952093e-05,0.0,8.364700624952093e-05,0.0002509410260245204,0.0005018820520490408,0.3792555332183838,0.009535758756101131,0.01196152251213789,0.016060225665569305,0.013132580555975437,0.01798410713672638,0.020326223224401474,0.02208281122148037,0.02618151344358921,0.03069845214486122,0.0347135104238987,0.04299456253647804,0.10514429211616516,0.149811789393425,0.09075700491666794,0.029360100626945496,0.0002509410260245204,0.0059389378875494,0.01898787170648575,0.042827267199754715,0.04048515111207962,0.040987033396959305,0.05863655358552933,0.1038895845413208,0.15106649696826935,0.16043496131896973,0.37515684962272644,0.001254705130122602,8.364700624952093e-05,0.0,0.0,0.0,164.65240478515625,2.2681984901428223,64.9831771850586
Semi_ripe_86.jpg,Semi-ripe,Semi-ripe,56.54898452758789,12.744540214538574,69.61184692382812,21.034353256225586,49.90483474731445,14.04244327545166,0.001942166592925787,0.04100129380822182,0.8492662906646729,0.09980577975511551,0.006905481219291687,0.00010789814405143261,0.0,0.0,0.0,0.0,0.0,0.0,0.00032369443215429783,0.00010789814405143261,0.00021579628810286522,0.00032369443215429783,0.0017263703048229218,0.012731981463730335,0.018882175907492638,0.023629693314433098,0.026435045525431633,0.031398359686136246,0.035282693803310394,0.0359300822019577,0.04067759960889816,0.041756581515073776,0.05686232075095177,0.08793698996305466,0.22550712525844574,0.2495684027671814,0.08577902615070343,0.025895554572343826,0.00032369443215429783,0.008739749900996685,0.016184721142053604,0.032045748084783554,0.07444971799850464,0.06937851011753082,0.07790245860815048,0.13368579745292664,0.22302547097206116,0.16670262813568115,0.14404402673244476,0.052870091050863266,0.000539490720257163,0.00010789814405143261,0.0,0.0,54.07242965698242,81.80069732666016,56.519775390625
Semi_ripe_87.jpg,Semi-ripe,Semi-ripe,55.83409881591797,10.432775497436523,66.88763427734375,18.879270553588867,50.97898864746094,13.3729887008667,0.0008610791992396116,0.03291236236691475,0.8495025038719177,0.10428626090288162,0.01205510925501585,0.0002870263997465372,0.0,0.0,0.0,0.0,0.0,0.0,0.0,0.0,0.0,9.567546658217907e-05,0.001435131998732686,0.010715652257204056,0.016551855951547623,0.019517796114087105,0.024397244676947594,0.03157290443778038,0.032721009105443954,0.037983160465955734,0.04171450436115265,0.07386146485805511,0.12571756541728973,0.16350936889648438,0.2105817049741745,0.16350936889648438,0.032625336199998856,0.013585916720330715,0.0,0.0002870263997465372,0.006888633593916893,0.028319938108325005,0.057309605181217194,0.07596632093191147,0.10840030759572983,0.17384232580661774,0.19355148077011108,0.11165327578783035,0.1536547988653183,0.08811710774898529,0.0020091847982257605,0.0,0.0,0.0,52.49570846557617,81.53662109375,55.60446548461914
Semi_ripe_88.jpg,Semi-ripe,Semi-ripe,51.50932693481445,15.463438987731934,66.61746215820312,20.1401424407959,51.757484436035156,17.281429290771484,0.006283133756369352,0.14902807772159576,0.7580011487007141,0.07500490546226501,0.010013744235038757,0.00019634792988654226,0.0,0.0,0.0,0.0,9.817396494327113e-05,0.0,0.00019634792988654226,9.817396494327113e-05,0.0003926958597730845,0.0006872177473269403,0.004516002256423235,0.011290006339550018,0.020518358796834946,0.019831141456961632,0.026212448254227638,0.03799332305788994,0.03269192948937416,0.03563714772462845,0.04447280615568161,0.0698016881942749,0.11309640854597092,0.1585509479045868,0.1742587834596634,0.185548797249794,0.04947967827320099,0.016100529581308365,0.0,0.005988611839711666,0.024543490260839462,0.051148634403944016,0.08708030730485916,0.06764186173677444,0.08904378861188889,0.09228352457284927,0.11849597841501236,0.11594345420598984,0.16414687037467957,0.1323385089635849,0.05055959150195122,0.000785391719546169,0.0,0.0,50.083290100097656,81.65152740478516,67.99298095703125
Semi_ripe_89.jpg,Semi-ripe,Semi-ripe,76.76943969726562,47.04181671142578,55.10548782348633,32.98154067993164,57.7403564453125,12.64217758178711,0.00037747243186458945,0.05027933046221733,0.6627660989761353,0.052695151418447495,0.013890986330807209,0.00015098898438736796,0.0386531800031662,0.18058282136917114,0.00030197796877473593,0.0,0.0,0.0,0.0,0.00022648346202913672,0.0,7.549449219368398e-05,0.23086214065551758,0.009738788940012455,0.010493733920156956,0.010040766559541225,0.011928129009902477,0.015551865100860596,0.01524988655000925,0.016684282571077347,0.022044390439987183,0.055941417813301086,0.07398460060358047,0.12645326554775238,0.16797523200511932,0.1574060022830963,0.06417031586170197,0.011475162580609322,0.0,0.00015098898438736796,0.002038351260125637,0.017665710300207138,0.04023856297135353,0.043937791138887405,0.04839196801185608,0.06975691020488739,0.10984448343515396,0.15627358853816986,0.3918918967247009,0.10078514367341995,0.01902461051940918,0.0,0.0,0.0,163.0846405029297,2.1391546726226807,64.83349609375
Semi_ripe_9.jpeg,Semi-ripe,Semi-ripe,159.4647674560547,138.11354064941406,21.045860290527344,25.854825973510742,55.17010498046875,10.744510650634766,0.05866776779294014,0.24983665347099304,0.2619760036468506,0.0009628941770642996,0.00020633447275031358,0.0,0.0,0.0,0.0,0.0,0.03648681193590164,0.0005158361745998263,0.04570308327674866,3.438907879171893e-05,0.34096771478652954,0.004642525687813759,0.5772894620895386,0.024553801864385605,0.02018638886511326,0.01956738531589508,0.025894975289702415,0.030571890994906425,0.03266962245106697,0.038309432566165924,0.05000171810388565,0.06870938092470169,0.07899171113967896,0.029368272051215172,0.0033701297361403704,0.0004814470885321498,3.438907879171893e-05,0.0,0.0,0.0,0.0,0.002235290128737688,0.03136283904314041,0.07245779037475586,0.06162522733211517,0.10846315324306488,0.15007393062114716,0.20557790994644165,0.36803191900253296,0.00017194538668263704,0.0,0.0,0.0,0.0,330.1078796386719,1.1856802701950073,64.45209503173828
Semi_ripe_90.jpg,Semi-ripe,Semi-ripe,51.92861557006836,8.815757751464844,69.45133209228516,16.8065242767334,59.189659118652344,13.408458709716797,0.0004186728037893772,0.05495080724358559,0.8750261664390564,0.06751099228858948,0.0018840276170521975,0.0001046682009473443,0.0,0.0,0.0,0.0,0.0,0.0,0.0,0.0,0.0001046682009473443,0.0,0.0018840276170521975,0.006384760141372681,0.009734142571687698,0.015804897993803024,0.014130206778645515,0.016642244532704353,0.02061963640153408,0.02417835406959057,0.04521666467189789,0.088863305747509,0.14569813013076782,0.18494871258735657,0.1985555738210678,0.14768683910369873,0.06238224729895592,0.017270253971219063,0.0,0.0,0.0012560184113681316,0.00858279224485159,0.03119112364947796,0.052124764770269394,0.066673643887043,0.07190705835819244,0.09639941155910492,0.17374920845031738,0.2458656132221222,0.17406322062015533,0.076407790184021,0.0017793594161048532,0.0,0.0,50.51835632324219,80.7099838256836,67.4090576171875
Semi_ripe_91.jpg,Semi-ripe,Semi-ripe,51.22001266479492,11.618334770202637,67.6784439086914,20.160625457763672,51.749656677246094,17.174053192138672,0.006416530814021826,0.14866775274276733,0.7492115497589111,0.08569874614477158,0.009244154207408428,0.0004350190283730626,0.0,0.00032626427127979696,0.0,0.0,0.0,0.0,0.0,0.0,0.0,0.0,0.005220228340476751,0.012289287522435188,0.019358346238732338,0.021207178011536598,0.025557368993759155,0.026862425729632378,0.030777595937252045,0.03436650335788727,0.03958673030138016,0.06470908224582672,0.1083197370171547,0.15769439935684204,0.19543230533599854,0.17107123136520386,0.0655791163444519,0.021968461573123932,0.0,0.002175095258280635,0.02773246355354786,0.059815116226673126,0.07906471192836761,0.06351277977228165,0.08406742662191391,0.09755301475524902,0.12539424002170563,0.13790103793144226,0.1407286524772644,0.12071777880191803,0.06003262475132942,0.0013050570851191878,0.0,0.0,49.826629638671875,81.00566101074219,67.92787170410156
Semi_ripe_92.jpg,Semi-ripe,Semi-ripe,52.22246551513672,13.090972900390625,65.12487030029297,19.7171573638916,58.642478942871094,18.397594451904297,0.003563550068065524,0.14008145034313202,0.7667571902275085,0.07491939514875412,0.013914814218878746,8.484642603434622e-05,0.0,0.0,0.0,0.0,0.0,0.0,0.00025453927810303867,0.00025453927810303867,8.484642603434622e-05,8.484642603434622e-05,0.002121160738170147,0.010860342532396317,0.02036314271390438,0.025453928858041763,0.032835569232702255,0.029696250334382057,0.0370778888463974,0.04064143821597099,0.05981673300266266,0.07262854278087616,0.12226369976997375,0.16341422498226166,0.1941286325454712,0.1480570137500763,0.023078229278326035,0.017563210800290108,0.0,0.00246054632589221,0.014084506779909134,0.02799932099878788,0.05005939304828644,0.07059222459793091,0.07407093048095703,0.07670117169618607,0.1033429503440857,0.10419141501188278,0.10758527368307114,0.12998472154140472,0.1584082841873169,0.07848294824361801,0.0020363142248243093,0.0,50.45016860961914,81.42234802246094,69.7125244140625
Semi_ripe_93.jpg,Semi-ripe,Semi-ripe,51.944740295410156,13.93043327331543,66.69576263427734,19.63637924194336,54.0483283996582,17.231689453125,0.0031012122053653,0.15581242740154266,0.7380885481834412,0.08955924957990646,0.012780753895640373,0.0,0.0,0.0,0.0,0.0,0.0,0.0,0.0,0.0,0.0,0.0006578328902833164,0.0012216897448524833,0.012968705967068672,0.01851329766213894,0.022178366780281067,0.024339817464351654,0.034301288425922394,0.03524104878306389,0.03486514464020729,0.04708204045891762,0.0663471445441246,0.11154966801404953,0.1670895665884018,0.20590169727802277,0.166619673371315,0.02997838519513607,0.02180246263742447,0.0,0.008927732706069946,0.01691570319235325,0.035804904997348785,0.057419415563344955,0.08533032238483429,0.08598815649747849,0.09200263023376465,0.0999905988574028,0.13983647525310516,0.14669674634933472,0.12959308922290802,0.09143877774477005,0.010055446065962315,0.0,0.0,50.289634704589844,81.23876190185547,68.2884750366211
Semi_ripe_94.jpg,Semi-ripe,Semi-ripe,51.583065032958984,8.70356273651123,65.03274536132812,17.68084144592285,56.05500411987305,13.310287475585938,0.0,0.06969728320837021,0.8631020784378052,0.05815042182803154,0.008946218527853489,0.00010402579937363043,0.0,0.0,0.0,0.0,0.0,0.0,0.0,0.0,0.0,0.0,0.0022885676007717848,0.009570373222231865,0.016123998910188675,0.01872464455664158,0.024342037737369537,0.02621450088918209,0.024862166494131088,0.03183189406991005,0.06709664314985275,0.1250390112400055,0.15437428653240204,0.18308541178703308,0.17653177678585052,0.10506605356931686,0.024238010868430138,0.010610631667077541,0.00010402579937363043,0.0022885676007717848,0.006033496465533972,0.01934879831969738,0.03796941787004471,0.041610319167375565,0.054821595549583435,0.10204930603504181,0.16352856159210205,0.26245710253715515,0.12368667125701904,0.14771662652492523,0.03828149288892746,0.00010402579937363043,0.0,0.0,49.57526397705078,80.63590240478516,58.279884338378906
Semi_ripe_95.jpg,Semi-ripe,Semi-ripe,76.75121307373047,46.586822509765625,47.88371276855469,30.833768844604492,58.19187927246094,12.498716354370117,0.0017271157121285796,0.07887161523103714,0.6296570301055908,0.04391808435320854,0.005921539384871721,0.0011514105135574937,0.12295418977737427,0.11448309570550919,0.0005757052567787468,0.0005757052567787468,0.0,0.0,0.0,0.0,0.0,0.000164487209985964,0.24327658116817474,0.011431860737502575,0.011760835535824299,0.015790771692991257,0.024673081934452057,0.025248786434531212,0.03240397945046425,0.04038161039352417,0.06735751032829285,0.08619129657745361,0.10502508282661438,0.1290402114391327,0.10650546848773956,0.06587712466716766,0.025495517998933792,0.009540257975459099,0.0,0.002631795359775424,0.005674808751791716,0.011349617503583431,0.032321736216545105,0.031417056918144226,0.046303149312734604,0.07549963146448135,0.13627766072750092,0.15650957822799683,0.34756147861480713,0.13052059710025787,0.023932889103889465,0.0,0.0,0.0,157.69801330566406,1.743051290512085,65.02584838867188
Semi_ripe_96.jpg,Semi-ripe,Semi-ripe,51.45011901855469,9.648860931396484,63.74811935424805,18.211973190307617,55.579097747802734,13.74182415008545,0.0028254727367311716,0.09671810269355774,0.8273201584815979,0.06715930998325348,0.005216257181018591,0.00043468811782076955,0.00021734405891038477,0.00010867202945519239,0.0,0.0,0.0,0.0,0.0,0.0,0.0,0.0,0.004672897048294544,0.011410563252866268,0.0170615091919899,0.022603781893849373,0.023473158478736877,0.023255813866853714,0.027059335261583328,0.04738100245594978,0.08509019762277603,0.10856335610151291,0.1529015451669693,0.1822429895401001,0.1819169819355011,0.0853075385093689,0.014236035756766796,0.012823299504816532,0.00010867202945519239,0.0032601607963442802,0.0074983700178563595,0.01771354116499424,0.038578569889068604,0.0487937405705452,0.058791566640138626,0.1337752640247345,0.14616388082504272,0.20691153407096863,0.15474896132946014,0.15072810649871826,0.03281895071268082,0.00010867202945519239,0.0,0.0,50.34054946899414,80.46968078613281,57.673336029052734
Semi_ripe_97.jpg,Semi-ripe,Semi-ripe,51.621849060058594,9.544896125793457,64.99147033691406,17.918197631835938,54.964088439941406,12.580405235290527,0.0,0.08745154738426208,0.8397529125213623,0.06359011679887772,0.008236434310674667,0.0006056201527826488,0.0,0.0003633720916695893,0.0,0.0,0.0,0.0,0.0,0.0,0.0,0.0,0.0021802326664328575,0.01296027097851038,0.016715116798877716,0.01744186133146286,0.024709302932024002,0.024951551109552383,0.021802324801683426,0.03609495982527733,0.07182654738426208,0.11688469350337982,0.14147286117076874,0.19064922630786896,0.19561530649662018,0.09350775182247162,0.02228682115674019,0.010901162400841713,0.0,0.0033914728555828333,0.007873062044382095,0.015019379556179047,0.03851744160056114,0.047965116798877716,0.06540697813034058,0.11288759857416153,0.14425872266292572,0.24672965705394745,0.2202034890651703,0.0976259708404541,0.00012112403055652976,0.0,0.0,0.0,49.91242218017578,80.56221008300781,57.793758392333984
Semi_ripe_98.jpg,Semi-ripe,Semi-ripe,51.65214157104492,11.070953369140625,63.54983901977539,18.23654556274414,55.98987579345703,12.291260719299316,0.0007645260193385184,0.11098369210958481,0.8091233372688293,0.06562181562185287,0.011722732335329056,0.0016564730321988463,0.0,0.0,0.0,0.0,0.0,0.0,0.0,0.0,0.0,0.00012742099352180958,0.0019113150192424655,0.007517838850617409,0.019367991015315056,0.01873088628053665,0.021151885390281677,0.029816513881087303,0.04625382274389267,0.06294597685337067,0.08460754156112671,0.09633027762174606,0.14627930521965027,0.15927624702453613,0.17584097385406494,0.09556575119495392,0.022808358073234558,0.011595310643315315,0.0,0.0010193679481744766,0.006116208154708147,0.009556574746966362,0.02153414860367775,0.05440876632928848,0.0764525979757309,0.09785933047533035,0.1708715558052063,0.23840469121932983,0.166794091463089,0.14819061756134033,0.00840978603810072,0.0003822630096692592,0.0,0.0,49.917510986328125,80.69048309326172,57.69242858886719
Semi_ripe_99.jpg,Semi-ripe,Semi-ripe,51.56024169921875,12.389073371887207,66.52548217773438,18.506168365478516,56.2059326171875,13.747710227966309,0.002380170626565814,0.10784635692834854,0.8148391246795654,0.07255417108535767,0.00131319765932858,0.0,8.207485370803624e-05,8.207485370803624e-05,0.0,0.0001641497074160725,0.0,0.0,0.0,0.0,0.0001641497074160725,0.0005745239905081689,0.003036769572645426,0.006565988063812256,0.014937623403966427,0.020929086953401566,0.020682862028479576,0.029711095616221428,0.031680893152952194,0.0453873947262764,0.06204858794808388,0.08314182609319687,0.10801050812005997,0.1647242307662964,0.21552856266498566,0.15093564987182617,0.028069598600268364,0.0146093238145113,0.0,0.00205187126994133,0.00845371000468731,0.018138542771339417,0.025032829493284225,0.056303348392248154,0.07083059847354889,0.0895436629652977,0.18951083719730377,0.190249502658844,0.15011490881443024,0.14223572611808777,0.05433355271816254,0.003200919134542346,0.0,0.0,49.739437103271484,81.05427551269531,57.57263946533203
Ripe_1.jpg,Ripe,Ripe,49.386810302734375,7.90037727355957,66.80902099609375,19.361303329467773,53.98862838745117,14.693160057067871,0.002039429033175111,0.15035124123096466,0.8043281435966492,0.03716292604804039,0.0058916835114359856,0.00011330161214573309,0.00011330161214573309,0.0,0.0,0.0,0.0,0.0,0.0,0.0,0.0,0.0,0.005778382066637278,0.016088828444480896,0.011896668933331966,0.02005438506603241,0.024586448445916176,0.02549286186695099,0.02571946568787098,0.02605937048792839,0.04509403929114342,0.07579877972602844,0.1611148864030838,0.20122365653514862,0.1739179641008377,0.10231135040521622,0.04973940551280975,0.03512349724769592,0.00011330161214573309,0.007704509422183037,0.013256288133561611,0.03682302311062813,0.03636981546878815,0.03806934133172035,0.06605483591556549,0.1316564679145813,0.20179016888141632,0.1672331690788269,0.13018354773521423,0.13584862649440765,0.03421708568930626,0.00022660322429146618,0.00045320644858293235,0.0,48.74293899536133,80.61231994628906,56.833614349365234
Ripe_10.jpg,Ripe,Ripe,88.39371490478516,47.08338165283203,36.64161682128906,35.422142028808594,57.23949432373047,12.08036994934082,0.001708817551843822,0.11107313632965088,0.39616087079048157,0.0321827307343483,0.16968557238578796,0.02779676392674446,0.14952152967453003,0.10959216207265854,0.0009113693377003074,0.0009683298994787037,0.0,0.00011392116721253842,0.0,0.00011392116721253842,0.00011392116721253842,5.696058360626921e-05,0.46286168694496155,0.009968101978302002,0.010195944458246231,0.010480747558176517,0.012645249255001545,0.013727501034736633,0.017771702259778976,0.021189337596297264,0.027853725478053093,0.046479836106300354,0.06795397400856018,0.09119389206171036,0.08800410479307175,0.06259968131780624,0.04084073752164841,0.016233766451478004,0.0,0.0014240145683288574,0.00637958524748683,0.02284119464457035,0.03440419211983681,0.028138527646660805,0.04089769721031189,0.0836750939488411,0.09666211158037186,0.14952152967453003,0.5108225345611572,0.024606971070170403,0.0006265664123930037,0.0,0.0,0.0,157.43284606933594,1.7550729513168335,64.9575424194336
Ripe_100.jpg,Ripe,Ripe,44.473777770996094,7.874818801879883,71.7504653930664,16.640146255493164,66.1667709350586,16.41392707824707,0.0032147879246622324,0.53767329454422,0.4510749578475952,0.0034157123882323503,0.0016073939623311162,0.0010046212701126933,0.0006027727504260838,0.0010046212701126933,0.00040184849058277905,0.0,0.0,0.0,0.0,0.0,0.0,0.0,0.0026120152324438095,0.0034157123882323503,0.005625878926366568,0.011653606779873371,0.01426562201231718,0.019690576940774918,0.025919228792190552,0.03355434909462929,0.041993167251348495,0.044605184346437454,0.08579465746879578,0.1545107513666153,0.2806911766529083,0.1932891309261322,0.052441228181123734,0.029937714338302612,0.0018083183094859123,0.006429575849324465,0.0058268033899366856,0.00964436400681734,0.013662849552929401,0.02190074324607849,0.03254972770810127,0.05806710943579674,0.09403254836797714,0.11954993009567261,0.13984328508377075,0.14486639201641083,0.16415511071681976,0.1432589888572693,0.04440426081418991,0.0,47.215492248535156,80.38514709472656,81.34351348876953
Ripe_101.jpg,Ripe,Ripe,66.9580307006836,7.03953218460083,5.8585524559021,1.5737868547439575,59.38336944580078,6.112039566040039,0.002847591880708933,0.010028475895524025,0.197102889418602,0.7900210618972778,0.0,0.0,0.0,0.0,0.0,0.0,0.0,0.0,0.0,0.0,0.0,0.0,0.6544508934020996,0.345549076795578,0.0,0.0,0.0,0.0,0.0,0.0,0.0,0.0,0.0,0.0,0.0,0.0,0.0,0.0,0.0,0.0,0.0,0.0,0.0,0.0,0.025380710139870644,0.06636127084493637,0.16701745986938477,0.32846352458000183,0.41277700662612915,0.0,0.0,0.0,0.0,0.0,66.9844741821289,5.866492748260498,57.63008117675781
Ripe_102.jpg,Ripe,Ripe,45.456459045410156,3.7615392208099365,74.21353912353516,15.228835105895996,62.32219696044922,17.071224212646484,0.00035688793286681175,0.41488221287727356,0.5847609043121338,0.0,0.0,0.0,0.0,0.0,0.0,0.0,0.0,0.0,0.0,0.0,0.0,0.0,0.0,0.0023197715636342764,0.0032119913958013058,0.006959314923733473,0.009992862120270729,0.011063526384532452,0.018736615777015686,0.02355460450053215,0.04050678014755249,0.06673804670572281,0.09189864248037338,0.1275874376296997,0.23929336667060852,0.22912205755710602,0.08458244055509567,0.04443254694342613,0.0005353318993002176,0.0033904353622347116,0.005888651125133038,0.012847965583205223,0.015881512314081192,0.03854389861226082,0.06067094951868057,0.08297644555568695,0.13526052236557007,0.16202712059020996,0.13133476674556732,0.08832976222038269,0.08636688441038132,0.10902926325798035,0.06620271503925323,0.0007137758657336235,48.59877395629883,81.40933990478516,81.97903442382812
Ripe_103.jpg,Ripe,Ripe,46.118995666503906,5.274850845336914,76.9966812133789,16.126657485961914,65.52086639404297,17.98537826538086,0.0011798415798693895,0.3163660764694214,0.6822855472564697,0.0,0.0,0.0,0.0,0.0,0.0,0.0,0.0,0.0,0.0,0.0,0.0,0.00016854879504535347,0.0005056463996879756,0.0018540367018431425,0.0026967807207256556,0.007247598376125097,0.011966964229941368,0.013483903370797634,0.018371818587183952,0.026967806741595268,0.034046854823827744,0.037249282002449036,0.04955334588885307,0.08949940651655197,0.23596830666065216,0.24557559192180634,0.1434350311756134,0.0815776139497757,0.0010112927993759513,0.0025282318238168955,0.0020225855987519026,0.00741614680737257,0.018371818587183952,0.02764200232923031,0.06185740604996681,0.10129782557487488,0.10955671966075897,0.10921961814165115,0.09944378584623337,0.09893814474344254,0.11073655635118484,0.12438900768756866,0.12422046065330505,0.0013483903603628278,47.95121765136719,81.56737518310547,81.87561798095703
Ripe_104.jpg,Ripe,Ripe,44.50402069091797,9.077310562133789,73.76931762695312,15.540212631225586,59.98737335205078,17.75044059753418,0.005906480830162764,0.52173912525177,0.47022148966789246,0.001476620207540691,0.0,0.0,0.0,0.0,0.0,0.0,0.0,0.0,0.0,0.0,0.0,0.0006562756607308984,0.0008203445468097925,0.005086136050522327,0.004593929275870323,0.005742411594837904,0.008859721012413502,0.014930270612239838,0.014766201376914978,0.023133715614676476,0.036915503442287445,0.055947497487068176,0.09598030894994736,0.17440524697303772,0.22674323618412018,0.20114848017692566,0.08712059259414673,0.043806400150060654,0.0011484823189675808,0.006234618369489908,0.015094339847564697,0.021328957751393318,0.028219852596521378,0.04610336199402809,0.0757998377084732,0.08531583100557327,0.09614437818527222,0.12387202680110931,0.13765381276607513,0.12370795756578445,0.14684167504310608,0.0831829383969307,0.009351927787065506,0.0,48.067901611328125,81.62872314453125,80.4284439086914
Ripe_105.jpg,Ripe,Ripe,47.01790237426758,4.463554859161377,78.97516632080078,14.498933792114258,67.98626708984375,17.367830276489258,0.0014553922228515148,0.21816329658031464,0.775578498840332,0.00465725501999259,0.0,0.00014553921937476844,0.0,0.0,0.0,0.0,0.0,0.0,0.0,0.0,0.0,0.0,0.0014553922228515148,0.003201862797141075,0.002619706094264984,0.003929559141397476,0.00946004968136549,0.011060981079936028,0.011497598141431808,0.016009313985705376,0.017173627391457558,0.021394265815615654,0.03784019872546196,0.08368505537509918,0.26269829273223877,0.2944258451461792,0.15267065167427063,0.07087760418653488,0.0011643137549981475,0.006112647242844105,0.008150196634232998,0.010769902728497982,0.01833794265985489,0.028234608471393585,0.03143647313117981,0.05079318955540657,0.06127201393246651,0.09474603086709976,0.12487265467643738,0.12167079001665115,0.1820695698261261,0.2117595672607422,0.047591324895620346,0.0010187745792791247,49.02293395996094,81.339111328125,82.01889038085938
Ripe_106.jpg,Ripe,Ripe,46.00893783569336,3.628056526184082,74.6497802734375,13.326473236083984,69.19442749023438,17.565214157104492,0.0001540832017781213,0.3033898174762726,0.6964560747146606,0.0,0.0,0.0,0.0,0.0,0.0,0.0,0.0,0.0,0.0,0.0,0.0,0.0,0.0,0.00292758084833622,0.003852080088108778,0.005392912309616804,0.008628659881651402,0.01201848965138197,0.014021571725606918,0.01494607049971819,0.02049306593835354,0.028351308777928352,0.05808936804533005,0.22357472777366638,0.3627118766307831,0.15793529152870178,0.059630200266838074,0.027426810935139656,0.0006163328071124852,0.003543913597241044,0.009707242250442505,0.011093990877270699,0.015254237689077854,0.02126348204910755,0.03482280299067497,0.04453004524111748,0.07704160362482071,0.08135592937469482,0.1223420649766922,0.12788906693458557,0.14345146715641022,0.1870570033788681,0.11987673491239548,0.0001540832017781213,47.98526382446289,79.35568237304688,82.08934020996094
Ripe_107.jpg,Ripe,Ripe,44.45185089111328,4.3143768310546875,75.07039642333984,13.678044319152832,68.26335906982422,17.686058044433594,0.002572898752987385,0.4799068868160248,0.5170301198959351,0.0004900759668089449,0.0,0.0,0.0,0.0,0.0,0.0,0.0,0.0,0.0,0.0,0.0,0.0,0.00024503798340447247,0.0037980887573212385,0.0044106836430728436,0.0034305318258702755,0.008821367286145687,0.012251898646354675,0.01029159501194954,0.014947316609323025,0.01825532875955105,0.035407986491918564,0.06922323256731033,0.20999754965305328,0.32112228870391846,0.18414604663848877,0.06579269468784332,0.03785836696624756,0.0036755697801709175,0.006738544441759586,0.005758392624557018,0.011884341947734356,0.01727517694234848,0.020950747653841972,0.029772114008665085,0.050722863525152206,0.06530262529850006,0.09446214139461517,0.16000980138778687,0.10426366329193115,0.13134035468101501,0.21881891787052155,0.07865719497203827,0.0003675569605547935,47.130985260009766,79.54745483398438,82.53414154052734
Ripe_108.jpg,Ripe,Ripe,54.5624885559082,13.140101432800293,46.683135986328125,33.8023681640625,62.39072036743164,15.927225112915039,0.0019263369031250477,0.258514404296875,0.3922792375087738,0.34496840834617615,0.002311604330316186,0.0,0.0,0.0,0.0,0.0,0.0,0.0,0.0,0.0,0.0,0.0,0.27985823154449463,0.09608568251132965,0.002850978635251522,0.004006780683994293,0.00724302651360631,0.009400524199008942,0.013561411760747433,0.015410695225000381,0.02897210605442524,0.04438280314207077,0.07489597797393799,0.125905379652977,0.16712898015975952,0.08722453564405441,0.028432732447981834,0.014640159904956818,0.001695176470093429,0.004546155221760273,0.011558021418750286,0.012482662685215473,0.016027122735977173,0.021806133911013603,0.04916011542081833,0.05925412103533745,0.08198489993810654,0.19525350630283356,0.25705039501190186,0.09177068620920181,0.07751579582691193,0.06341501325368881,0.05301279202103615,0.003467406379058957,71.71159362792969,5.865879058837891,64.62440490722656
Ripe_109.jpg,Ripe,Ripe,46.22978973388672,3.1676247119903564,74.14732360839844,13.569523811340332,69.77345275878906,17.806602478027344,0.00011784114758484066,0.2849399149417877,0.7149422764778137,0.0,0.0,0.0,0.0,0.0,0.0,0.0,0.0,0.0,0.0,0.0,0.0,0.0,0.0,0.00471364613622427,0.004242281429469585,0.002946028718724847,0.008602404035627842,0.012962526641786098,0.012491161935031414,0.016026396304368973,0.02156493067741394,0.03594155237078667,0.06917275488376617,0.2613716721534729,0.2887108325958252,0.1675701141357422,0.06952627748250961,0.024157436564564705,0.00035352344275452197,0.00471364613622427,0.011312750168144703,0.010370020754635334,0.01319820899516344,0.021447088569402695,0.030285175889730453,0.04466179758310318,0.07011548429727554,0.08543483167886734,0.11336318403482437,0.1305679976940155,0.14671222865581512,0.16957341134548187,0.14576950669288635,0.0021211407147347927,48.113563537597656,79.27775573730469,81.91425323486328
Ripe_11.jpg,Ripe,Ripe,50.60612487792969,11.804305076599121,63.35154724121094,21.41352081298828,54.703983306884766,14.870634078979492,0.0022292619105428457,0.11345770210027695,0.8497008085250854,0.02862841635942459,0.0029332395642995834,0.0,0.0005866478895768523,0.00023465916456189007,0.0,0.00046931832912378013,0.0012906253105029464,0.00046931832912378013,0.0,0.0,0.0,0.0,0.01126363966614008,0.017012789845466614,0.02299659699201584,0.027572451159358025,0.039422739297151566,0.03379091992974281,0.03965739905834198,0.04716648906469345,0.0519770048558712,0.06863780319690704,0.10031679272651672,0.14419804513454437,0.21987563371658325,0.14067816734313965,0.026751143857836723,0.008682388812303543,0.00046931832912378013,0.004223864991217852,0.018772732466459274,0.03449489548802376,0.03660682961344719,0.0439985916018486,0.052680980414152145,0.10418866574764252,0.22210489213466644,0.1372756063938141,0.15276311337947845,0.16379208862781525,0.024521881714463234,0.004106535110622644,0.0,0.0,50.81193161010742,80.11930847167969,67.43888854980469
Ripe_110.jpg,Ripe,Ripe,46.25315856933594,3.722991466522217,75.1896743774414,14.094260215759277,68.90214538574219,16.726533889770508,0.0016207455191761255,0.32025933265686035,0.6771475076675415,0.0009724473347887397,0.0,0.0,0.0,0.0,0.0,0.0,0.0,0.0,0.0,0.0,0.0,0.0,0.0001620745606487617,0.005510534625500441,0.003241491038352251,0.005672609433531761,0.011021069251000881,0.0089141009375453,0.011507293209433556,0.013452188111841679,0.023338735103607178,0.04343597963452339,0.07666126638650894,0.13905996084213257,0.3196110129356384,0.23954619467258453,0.07568881660699844,0.023176660761237144,0.0006482982425950468,0.0047001619823277,0.009562398307025433,0.008752025663852692,0.011345218867063522,0.016693679615855217,0.021231766790151596,0.038087520748376846,0.08071313053369522,0.11669367551803589,0.16709886491298676,0.1319286823272705,0.1145867109298706,0.14311182498931885,0.13371150195598602,0.0011345219099894166,48.105262756347656,80.73451232910156,82.00409698486328
Ripe_111.jpg,Ripe,Ripe,45.325286865234375,7.448379993438721,76.89137268066406,15.894759178161621,66.62712860107422,19.417470932006836,0.0017488632583990693,0.40486183762550354,0.5921651124954224,0.0005246589425951242,0.0,0.0,0.00017488632875028998,0.0,0.0,0.0,0.0,0.0,0.00017488632875028998,0.00017488632875028998,0.0,0.00017488632875028998,0.0005246589425951242,0.004547044634819031,0.005596362520009279,0.00524658989161253,0.011717383749783039,0.013291360810399055,0.016264427453279495,0.016439314931631088,0.024833858013153076,0.03602658212184906,0.05613851174712181,0.11262679100036621,0.23767051100730896,0.2443161904811859,0.15127666294574738,0.06348373740911484,0.00017488632875028998,0.004372158087790012,0.025708289816975594,0.022385450080037117,0.01993704028427601,0.026932494714856148,0.040748514235019684,0.0564882829785347,0.06330884993076324,0.07694998383522034,0.0914655476808548,0.12539349496364594,0.18135711550712585,0.19972018897533417,0.06505770981311798,0.0,47.00965118408203,81.79151916503906,82.09036254882812
Ripe_112.jpg,Ripe,Ripe,44.62178039550781,6.075042247772217,73.1178970336914,15.380078315734863,65.65746307373047,18.956012725830078,0.0023565057199448347,0.4635583162307739,0.5249958038330078,0.006732873152941465,0.0010099309729412198,0.001346574630588293,0.0,0.0,0.0,0.0,0.0,0.0,0.0,0.0,0.0,0.0,0.0020198619458824396,0.003703080350533128,0.004039723891764879,0.004039723891764879,0.009426022879779339,0.011950850486755371,0.02205015905201435,0.029287999495863914,0.039892274886369705,0.05335802212357521,0.09964652359485626,0.1853223294019699,0.2420467883348465,0.16983672976493835,0.0838242694735527,0.0395556315779686,0.003198114689439535,0.009089378640055656,0.008752735331654549,0.01935701072216034,0.028783032670617104,0.03181282430887222,0.036694157868623734,0.057902708649635315,0.07793300598859787,0.08466587960720062,0.10839925706386566,0.13432082533836365,0.18616394698619843,0.14004376530647278,0.07271502912044525,0.00016832182882353663,46.92116165161133,81.51824951171875,81.9952621459961
Ripe_113.jpg,Ripe,Ripe,45.87078094482422,4.023202419281006,75.7860336303711,13.797101020812988,66.76812744140625,16.31014060974121,0.0007565441192127764,0.37131184339523315,0.6246027946472168,0.0033287941478192806,0.0,0.0,0.0,0.0,0.0,0.0,0.0,0.0,0.0,0.0,0.0,0.0,0.0,0.005598426330834627,0.005144499707967043,0.005295808892697096,0.00801936723291874,0.013012558221817017,0.009683764539659023,0.013315176591277122,0.017854440957307816,0.02859736792743206,0.04872144013643265,0.15146012604236603,0.3652594983577728,0.22484490275382996,0.08125283569097519,0.021939778700470924,0.000605235283728689,0.005144499707967043,0.007716749794781208,0.010440308600664139,0.0134664848446846,0.01679527945816517,0.028899984434247017,0.05250415951013565,0.0888182744383812,0.12694810330867767,0.17748524248600006,0.13481615483760834,0.12089575082063675,0.136783167719841,0.07837796956300735,0.0003026176418643445,48.181297302246094,79.82848358154297,81.70893096923828
Ripe_114.jpg,Ripe,Ripe,41.5208625793457,5.920321464538574,71.0043716430664,16.77707862854004,60.0439453125,18.43987274169922,0.010795100592076778,0.7488062977790833,0.24019098281860352,0.0,0.0,0.0,0.0,0.0,0.0,0.0,0.00020759808830916882,0.0,0.0,0.0,0.0,0.0,0.0014531866181641817,0.004151961766183376,0.007473531179130077,0.010379904881119728,0.01411667000502348,0.015777455642819405,0.02304338850080967,0.029271330684423447,0.053352709859609604,0.07390491664409637,0.10795100778341293,0.17500518262386322,0.23458583652973175,0.13888312876224518,0.06310982257127762,0.04753996431827545,0.001245588529855013,0.004567157942801714,0.006020344793796539,0.012040689587593079,0.04089682549238205,0.06477060168981552,0.09113556146621704,0.09072036296129227,0.0986090898513794,0.1185385063290596,0.1118953675031662,0.10732821375131607,0.10110027343034744,0.1002698764204979,0.05023873597383499,0.0006227942649275064,46.41904830932617,80.58169555664062,81.8216781616211
Ripe_115.jpg,Ripe,Ripe,43.302982330322266,15.734686851501465,73.30166625976562,16.488473892211914,61.68906021118164,18.866453170776367,0.007167764473706484,0.7084463238716125,0.2814800441265106,0.0003874467220157385,0.0,0.0,0.0,0.0,0.0,0.0,0.0,0.0,0.0,0.0,0.000774893444031477,0.0017435102490708232,0.003293297253549099,0.0027121270541101694,0.008330104872584343,0.00871755089610815,0.01220457162708044,0.012979465536773205,0.01995350606739521,0.03041456826031208,0.030027121305465698,0.043200310319662094,0.06470360606908798,0.20127856731414795,0.27353739738464355,0.1563347578048706,0.07903913408517838,0.05327392369508743,0.000774893444031477,0.0019372336100786924,0.006392871029675007,0.02847733348608017,0.05191786214709282,0.051142968237400055,0.052692756056785583,0.07729562371969223,0.0817512571811676,0.10267338156700134,0.12940721213817596,0.11371561139822006,0.14587369561195374,0.11390933394432068,0.0420379713177681,0.0,42.54623031616211,81.27518463134766,68.91419219970703
Ripe_116.jpg,Ripe,Ripe,44.70441436767578,8.448071479797363,70.52450561523438,15.345946311950684,64.37388610839844,17.8253116607666,0.000874508114065975,0.5629645586013794,0.42369917035102844,0.00480979448184371,0.004591167438775301,0.00174901622813195,0.000655881070997566,0.00021862702851649374,0.0,0.0004372540570329875,0.0,0.0,0.0,0.0,0.0,0.0,0.003716659266501665,0.004153913352638483,0.004372540395706892,0.0069960649125278,0.014429383911192417,0.021206820383667946,0.012243113480508327,0.022955836728215218,0.048097945749759674,0.068211629986763,0.10843900591135025,0.24180148541927338,0.26278966665267944,0.11674682796001434,0.039352864027023315,0.024486226961016655,0.004372540395706892,0.008307826705276966,0.008089199662208557,0.011368605308234692,0.016615653410553932,0.02579798921942711,0.045911673456430435,0.07586357742547989,0.11040664464235306,0.11937035620212555,0.1145605593919754,0.12243112921714783,0.16418889164924622,0.10625272989273071,0.06493222713470459,0.001530389185063541,47.428035736083984,78.51276397705078,80.44488525390625
Ripe_117.jpg,Ripe,Ripe,44.61328887939453,13.498329162597656,75.82086181640625,17.265825271606445,66.71499633789062,19.390548706054688,0.004544470924884081,0.5143908262252808,0.4750054180622101,0.0028132437728345394,0.0010820168536156416,0.00021640337945427746,0.0,0.0,0.0,0.0,0.0,0.0,0.0,0.0010820168536156416,0.0004328067589085549,0.0004328067589085549,0.0019476304296404123,0.005626487545669079,0.011902186088263988,0.011902186088263988,0.012551396153867245,0.01666305959224701,0.012334992177784443,0.014931833371520042,0.020558319985866547,0.02943085879087448,0.052802424877882004,0.10127677768468857,0.28954771161079407,0.24669985473155975,0.1097165122628212,0.062107767909765244,0.0010820168536156416,0.004977277480065823,0.009088941849768162,0.01774507761001587,0.027916034683585167,0.03527374938130379,0.04933996871113777,0.05886171758174896,0.06838347017765045,0.08634494990110397,0.10409002751111984,0.13438649475574493,0.13914737105369568,0.12702877819538116,0.12832720577716827,0.008006924763321877,46.86332702636719,81.32662200927734,81.86896514892578
Ripe_118.jpg,Ripe,Ripe,70.9063720703125,10.346165657043457,4.611173152923584,0.7478417754173279,61.18292236328125,4.93110990524292,0.0,0.016393441706895828,0.07686702907085419,0.8892531991004944,0.017486339434981346,0.0,0.0,0.0,0.0,0.0,0.0,0.0,0.0,0.0,0.0,0.0,0.9950819611549377,0.004918032791465521,0.0,0.0,0.0,0.0,0.0,0.0,0.0,0.0,0.0,0.0,0.0,0.0,0.0,0.0,0.0,0.0,0.0,0.0,0.0,0.0,0.008014571852982044,0.034244079142808914,0.10564663261175156,0.33533698320388794,0.5167577266693115,0.0,0.0,0.0,0.0,0.0,72.28480529785156,4.745277404785156,64.60652923583984
Ripe_119.jpg,Ripe,Ripe,66.59617614746094,4.835353374481201,6.326142311096191,1.683523178100586,61.54273986816406,4.078925609588623,0.0,0.0,0.2499651312828064,0.7500348687171936,0.0,0.0,0.0,0.0,0.0,0.0,0.0,0.0,0.0,0.0,0.0,0.0,0.5688380599021912,0.43116194009780884,0.0,0.0,0.0,0.0,0.0,0.0,0.0,0.0,0.0,0.0,0.0,0.0,0.0,0.0,0.0,0.0,0.0,0.0,0.0,0.0,0.0,0.01980750449001789,0.0903891772031784,0.3837355375289917,0.5060678124427795,0.0,0.0,0.0,0.0,0.0,68.28941345214844,6.1022515296936035,64.59844207763672
Ripe_12.jpg,Ripe,Ripe,48.03289794921875,10.632920265197754,66.10629272460938,17.47271156311035,56.623779296875,13.647249221801758,0.003550295950844884,0.15609467029571533,0.8360946774482727,0.002366863889619708,0.0008284023497253656,0.0,0.0,0.00011834319593617693,0.0,0.0,0.0,0.0,0.0,0.0,0.0,0.0009467455674894154,0.0036686391104012728,0.008165680803358555,0.01325443759560585,0.014911242760717869,0.019881656393408775,0.02769230678677559,0.023076923564076424,0.03360946848988533,0.05834319442510605,0.10745561867952347,0.16840237379074097,0.20272189378738403,0.1785798817873001,0.0853254422545433,0.031952664256095886,0.022958580404520035,0.0,0.0010650887852534652,0.007218935061246157,0.017988165840506554,0.025088757276535034,0.03775148093700409,0.06769230961799622,0.1340828388929367,0.17514793574810028,0.19171597063541412,0.12236686050891876,0.1389349102973938,0.08071006089448929,0.00023668639187235385,0.0,0.0,49.36222457885742,69.02796936035156,70.28782653808594
Ripe_120.jpg,Ripe,Ripe,65.24263000488281,9.009624481201172,6.121126651763916,1.573325276374817,59.813804626464844,5.987767696380615,0.0,0.07570889592170715,0.16133537888526917,0.7629557251930237,0.0,0.0,0.0,0.0,0.0,0.0,0.0,0.0,0.0,0.0,0.0,0.0,0.5791311860084534,0.420868843793869,0.0,0.0,0.0,0.0,0.0,0.0,0.0,0.0,0.0,0.0,0.0,0.0,0.0,0.0,0.0,0.0,0.0,0.0,0.0,0.0012571588158607483,0.0202542245388031,0.07333426177501678,0.12753178179264069,0.3651348054409027,0.41248777508735657,0.0,0.0,0.0,0.0,0.0,66.44611358642578,6.12241792678833,58.789493560791016
Ripe_121.jpg,Ripe,Ripe,67.10830688476562,8.198201179504395,5.813072204589844,1.4716310501098633,60.013389587402344,5.972392559051514,0.002554495818912983,0.02963215298950672,0.06948228925466537,0.8983310461044312,0.0,0.0,0.0,0.0,0.0,0.0,0.0,0.0,0.0,0.0,0.0,0.0,0.6612738370895386,0.3387261629104614,0.0,0.0,0.0,0.0,0.0,0.0,0.0,0.0,0.0,0.0,0.0,0.0,0.0,0.0,0.0,0.0,0.0,0.0,0.0,0.0,0.028099454939365387,0.06369210034608841,0.10745912790298462,0.3630790114402771,0.4376702904701233,0.0,0.0,0.0,0.0,0.0,68.61739349365234,5.778837203979492,58.767723083496094
Ripe_122.jpg,Ripe,Ripe,68.36885070800781,7.320953369140625,4.725925922393799,1.0077290534973145,60.321834564208984,5.656230449676514,0.0,0.003586907871067524,0.12628903985023499,0.86564040184021,0.004483634606003761,0.0,0.0,0.0,0.0,0.0,0.0,0.0,0.0,0.0,0.0,0.0,0.966522216796875,0.03347780555486679,0.0,0.0,0.0,0.0,0.0,0.0,0.0,0.0,0.0,0.0,0.0,0.0,0.0,0.0,0.0,0.0,0.0,0.0,0.0,0.0010461814235895872,0.026005081832408905,0.03183380514383316,0.12001195549964905,0.38574203848838806,0.43536093831062317,0.0,0.0,0.0,0.0,0.0,67.06298065185547,4.829437732696533,58.49507141113281
Ripe_123.jpg,Ripe,Ripe,42.1048583984375,6.321226596832275,68.8363265991211,16.40753746032715,56.20189666748047,16.953956604003906,0.002844950184226036,0.760617733001709,0.23572444915771484,0.0006096321740187705,0.0,0.0,0.0,0.0,0.0,0.0,0.0,0.0,0.0,0.0,0.0,0.0002032107295235619,0.0004064214590471238,0.005689900368452072,0.005486689507961273,0.009347693994641304,0.015037594363093376,0.017272911965847015,0.02885592356324196,0.044096726924180984,0.0617760606110096,0.09774436056613922,0.1235521212220192,0.1855313926935196,0.19731761515140533,0.13737045228481293,0.041861411184072495,0.02865271270275116,0.0006096321740187705,0.004470636136829853,0.014021540060639381,0.025401340797543526,0.04429993778467178,0.062385693192481995,0.08839666843414307,0.10668563097715378,0.1223328560590744,0.13249339163303375,0.13716724514961243,0.1239585429430008,0.09185124933719635,0.0406421460211277,0.005080268252640963,0.0002032107295235619,42.595420837402344,69.76798248291016,68.87989807128906
Ripe_124.jpg,Ripe,Ripe,69.64671325683594,18.461896896362305,4.351771354675293,0.8152869939804077,59.92859649658203,6.168293476104736,0.006283819209784269,0.0,0.10123930871486664,0.884098470211029,0.0,0.0,0.0,0.0,0.0,0.0,0.005585616920143366,0.002792808460071683,0.0,0.0,0.0,0.0,0.9910979270935059,0.008902077563107014,0.0,0.0,0.0,0.0,0.0,0.0,0.0,0.0,0.0,0.0,0.0,0.0,0.0,0.0,0.0,0.0,0.0,0.0,0.0,0.0,0.02530982717871666,0.06702740490436554,0.14103682339191437,0.3080816864967346,0.4585442543029785,0.0,0.0,0.0,0.0,0.0,70.98896026611328,4.499882221221924,64.68341064453125
Ripe_125.jpg,Ripe,Ripe,42.27680206298828,7.391095161437988,68.66291046142578,17.28354835510254,54.78663635253906,17.84430503845215,0.005603287369012833,0.7428091168403625,0.2506537139415741,0.0,0.0,0.0,0.00018677624757401645,0.0,0.0,0.0003735524951480329,0.00018677624757401645,0.00018677624757401645,0.0,0.0,0.0,0.0,0.0020545385777950287,0.0072842733934521675,0.006723944563418627,0.009338811971247196,0.016249533742666245,0.02147926762700081,0.03175196051597595,0.0480014942586422,0.05790063366293907,0.08442286401987076,0.11038476228713989,0.18621590733528137,0.2015315592288971,0.13615988194942474,0.04986925795674324,0.030631303787231445,0.0028016436845064163,0.009899141266942024,0.04015689343214035,0.0371684730052948,0.03212551400065422,0.04762794077396393,0.05958162248134613,0.10870376974344254,0.14307060837745667,0.14288382232189178,0.14101606607437134,0.11374673247337341,0.09413522481918335,0.02577512152493,0.0013074337039142847,0.0,41.21133041381836,69.50489044189453,56.4441032409668
Ripe_126.jpg,Ripe,Ripe,42.87026596069336,12.47562026977539,72.05354309082031,16.356891632080078,54.60289001464844,16.493669509887695,0.006049742456525564,0.7205915451049805,0.2661886513233185,0.0051534841768443584,0.00022406452626455575,0.0,0.0,0.0,0.0,0.0,0.00022406452626455575,0.0,0.0004481290525291115,0.0004481290525291115,0.00022406452626455575,0.0004481290525291115,0.0029128389433026314,0.004257225897163153,0.006721935700625181,0.010082904249429703,0.012547614052891731,0.013443871401250362,0.01747703365981579,0.020165808498859406,0.03921129181981087,0.054671745747327805,0.12256329506635666,0.22406452894210815,0.21801479160785675,0.13667936623096466,0.06139368191361427,0.05579206719994545,0.000896258105058223,0.004705355037003756,0.01187541987746954,0.028680259361863136,0.03585032373666763,0.06609904021024704,0.11830607056617737,0.13555903732776642,0.12950929999351501,0.11920233070850372,0.11853013932704926,0.11628948897123337,0.08088729530572891,0.03024871088564396,0.003136903513222933,0.00022406452626455575,41.48760223388672,80.986328125,56.02007293701172
Ripe_127.jpg,Ripe,Ripe,64.14014434814453,6.453778266906738,6.118763446807861,1.5628745555877686,60.57889175415039,5.735649585723877,0.0,0.0,0.45651349425315857,0.5434865355491638,0.0,0.0,0.0,0.0,0.0,0.0,0.0,0.0,0.0,0.0,0.0,0.0,0.5412077307701111,0.45879223942756653,0.0,0.0,0.0,0.0,0.0,0.0,0.0,0.0,0.0,0.0,0.0,0.0,0.0,0.0,0.0,0.0,0.0,0.0,0.0,0.0,0.021268514916300774,0.059627801179885864,0.08963160216808319,0.3382073640823364,0.4912647306919098,0.0,0.0,0.0,0.0,0.0,66.1182861328125,6.459865570068359,64.61476135253906
Ripe_128.jpg,Ripe,Ripe,68.56783294677734,8.078065872192383,4.462347507476807,0.6494153738021851,61.1922492980957,4.758900165557861,0.0,0.0,0.096078060567379,0.9039219617843628,0.0,0.0,0.0,0.0,0.0,0.0,0.0,0.0,0.0,0.0,0.0,0.0,1.0,0.0,0.0,0.0,0.0,0.0,0.0,0.0,0.0,0.0,0.0,0.0,0.0,0.0,0.0,0.0,0.0,0.0,0.0,0.0,0.0,0.0,0.005441921763122082,0.03321448713541031,0.10489773005247116,0.35428786277770996,0.502157986164093,0.0,0.0,0.0,0.0,0.0,71.32585906982422,4.574280261993408,64.66122436523438
Ripe_129.jpg,Ripe,Ripe,72.24978637695312,15.558802604675293,4.504676818847656,0.8196700215339661,61.510887145996094,4.5985636711120605,0.0,0.0,0.10875105857849121,0.8547154068946838,0.016355140134692192,0.0,0.02017842046916485,0.0,0.0,0.0,0.0,0.0,0.0,0.0,0.0,0.0,1.0,0.0,0.0,0.0,0.0,0.0,0.0,0.0,0.0,0.0,0.0,0.0,0.0,0.0,0.0,0.0,0.0,0.0,0.0,0.0,0.0,0.0,0.0027612573467195034,0.02570093423128128,0.11257433891296387,0.30692437291145325,0.5520390868186951,0.0,0.0,0.0,0.0,0.0,71.70235443115234,4.713626861572266,64.63302612304688
Ripe_13.jpg,Ripe,Ripe,48.542747497558594,10.684106826782227,71.59784698486328,17.763269424438477,54.89911651611328,12.904568672180176,0.0018919238355010748,0.15714792907238007,0.8361120820045471,0.0037838476710021496,0.0,0.0,0.0,0.0,0.0,0.0,0.0,0.0,0.0,0.0,0.00011824523971881717,0.0009459619177505374,0.0007094714674167335,0.006030507385730743,0.011942769400775433,0.01064207125455141,0.011942769400775433,0.025304481387138367,0.030743762850761414,0.03630128875374794,0.040558118373155594,0.04174057021737099,0.07579519599676132,0.1580938845872879,0.22064562141895294,0.22182807326316833,0.08170746266841888,0.026013953611254692,0.0,0.0009459619177505374,0.007212959695607424,0.017618540674448013,0.03346340358257294,0.04753458499908447,0.08170746266841888,0.12321154028177261,0.17606715857982635,0.18067872524261475,0.20397303998470306,0.11777225881814957,0.009696110151708126,0.00011824523971881717,0.0,0.0,50.47471237182617,80.7258071899414,66.60667419433594
Ripe_130.jpg,Ripe,Ripe,58.47159957885742,11.472908973693848,6.299167156219482,1.4291421175003052,60.66225051879883,5.714099884033203,0.0,0.15822893381118774,0.5359533429145813,0.30581775307655334,0.0,0.0,0.0,0.0,0.0,0.0,0.0,0.0,0.0,0.0,0.0,0.0,0.47554486989974976,0.5244551301002502,0.0,0.0,0.0,0.0,0.0,0.0,0.0,0.0,0.0,0.0,0.0,0.0,0.0,0.0,0.0,0.0,0.0,0.0,0.0,0.0,0.017504720017313957,0.06281105428934097,0.09661918878555298,0.3152565658092499,0.5078085064888,0.0,0.0,0.0,0.0,0.0,63.67951202392578,6.28657341003418,64.5656509399414
Ripe_131.jpg,Ripe,Ripe,61.90630340576172,7.445915699005127,5.606114864349365,1.2375593185424805,60.34572982788086,5.525393962860107,0.0035797664895653725,0.012607003562152386,0.5982879400253296,0.38552528619766235,0.0,0.0,0.0,0.0,0.0,0.0,0.0,0.0,0.0,0.0,0.0,0.0,0.7187548875808716,0.2812451422214508,0.0,0.0,0.0,0.0,0.0,0.0,0.0,0.0,0.0,0.0,0.0,0.0,0.0,0.0,0.0,0.0,0.0,0.0,0.0,0.0006225680699571967,0.023346303030848503,0.03657587617635727,0.11455252766609192,0.38910505175590515,0.43579766154289246,0.0,0.0,0.0,0.0,0.0,61.624061584472656,5.627285480499268,58.66259002685547
Ripe_132.jpg,Ripe,Ripe,44.795169830322266,3.7882461547851562,77.39105987548828,14.610316276550293,68.27403259277344,15.381680488586426,0.00037721614353358746,0.4769898056983948,0.5211241245269775,0.0015088645741343498,0.0,0.0,0.0,0.0,0.0,0.0,0.0,0.0,0.0,0.0,0.0,0.0,0.0009430403588339686,0.003206337336450815,0.004337985534220934,0.0030177291482686996,0.01037344429641962,0.01433421391993761,0.009241795167326927,0.009241795167326927,0.01490003801882267,0.03376084566116333,0.07053942233324051,0.15861938893795013,0.22444359958171844,0.24575631320476532,0.13334590196609497,0.06393813341856003,0.0015088645741343498,0.0045265937224030495,0.009619011543691158,0.00943040382117033,0.009241795167326927,0.01546586211770773,0.02583930641412735,0.03187476471066475,0.058091286569833755,0.10354582965373993,0.18219539523124695,0.1684270054101944,0.18370425701141357,0.16276876628398895,0.03376084566116333,0.0,47.42163848876953,81.66865539550781,81.65632629394531
Ripe_133.jpg,Ripe,Ripe,60.887001037597656,9.080924034118652,5.911243915557861,1.284412145614624,61.2421875,4.669549465179443,0.0,0.10920267552137375,0.4870728552341461,0.40372446179389954,0.0,0.0,0.0,0.0,0.0,0.0,0.0,0.0,0.0,0.0,0.0,0.0,0.6047731041908264,0.3952268958091736,0.0,0.0,0.0,0.0,0.0,0.0,0.0,0.0,0.0,0.0,0.0,0.0,0.0,0.0,0.0,0.0,0.0,0.0,0.0,0.0,0.0047007775865495205,0.02910866029560566,0.12005062401294708,0.3496655225753784,0.49647441506385803,0.0,0.0,0.0,0.0,0.0,64.26657104492188,6.020004749298096,64.708740234375
Ripe_134.jpg,Ripe,Ripe,44.932411193847656,12.11670970916748,74.39637756347656,15.424863815307617,65.92250061035156,18.479408264160156,0.005225012544542551,0.45120513439178467,0.5400303602218628,0.0018540367018431425,0.00033709759009070694,0.0,0.0,0.0,0.0,0.0,0.0,0.0,0.0,0.0,0.00016854879504535347,0.0011798415798693895,0.001516939140856266,0.0025282318238168955,0.005899207666516304,0.005225012544542551,0.010281476192176342,0.012304062023758888,0.018877465277910233,0.021237147971987724,0.02949603833258152,0.04651946574449539,0.08781392127275467,0.1634923368692398,0.2700151801109314,0.18220125138759613,0.0933760330080986,0.04921624809503555,0.0006741951801814139,0.004887915216386318,0.009607281535863876,0.01634923368692398,0.02949603833258152,0.03960896655917168,0.0399460643529892,0.0600033700466156,0.06708241999149323,0.07550986111164093,0.13113096356391907,0.1400640457868576,0.1682116985321045,0.14697454869747162,0.07028485089540482,0.00016854879504535347,47.650089263916016,80.28108215332031,81.36177825927734
Ripe_135.jpg,Ripe,Ripe,44.58662414550781,14.025065422058105,73.62793731689453,16.81656837463379,59.95505905151367,19.673959732055664,0.005768883973360062,0.49864792823791504,0.4926987588405609,0.0009013881208375096,0.0,0.0,0.0,0.0,0.0,0.0,0.0,0.0,0.0,0.00018027762416750193,0.0005408328725025058,0.0012619433691725135,0.0,0.003966107964515686,0.005047773476690054,0.008292770944535732,0.018208039924502373,0.014963042922317982,0.01550387591123581,0.025238867849111557,0.044528573751449585,0.05642689764499664,0.08563186973333359,0.16765819489955902,0.22065982222557068,0.1694609671831131,0.09013881534337997,0.07427438348531723,0.0016224986175075173,0.012979988940060139,0.017126373946666718,0.026320533826947212,0.035694971680641174,0.06201550364494324,0.06706327944993973,0.07481521368026733,0.088876873254776,0.10383991152048111,0.11645934730768204,0.11645934730768204,0.13322517275810242,0.11952406913042068,0.023976923897862434,0.0,48.00258255004883,80.83641815185547,81.7103042602539
Ripe_136.jpg,Ripe,Ripe,45.5425910949707,10.869254112243652,79.61604309082031,14.575212478637695,68.26726531982422,16.187713623046875,0.0025969529524445534,0.3954293727874756,0.5998961329460144,0.0008656509453430772,0.0,0.0,0.0,0.0,0.0,0.0,0.0,0.0,0.0,0.00017313018906861544,0.0003462603781372309,0.0006925207562744617,0.001211911323480308,0.0019044320797547698,0.0029432133305817842,0.0029432133305817842,0.010560941882431507,0.008310249075293541,0.01194598339498043,0.0107340719550848,0.017659280449151993,0.028047092258930206,0.04882271587848663,0.10491690039634705,0.20827561616897583,0.25623267889022827,0.18888504803180695,0.09660664945840836,0.0006925207562744617,0.0034626037813723087,0.007098338101059198,0.013677285052835941,0.0107340719550848,0.013504154980182648,0.03150969371199608,0.04414819926023483,0.07548476755619049,0.10595567524433136,0.14058171212673187,0.17416897416114807,0.14508309960365295,0.15045014023780823,0.08223684132099152,0.001211911323480308,47.74263381958008,81.98668670654297,82.2033920288086
Ripe_137.jpg,Ripe,Ripe,65.58744812011719,8.15855598449707,5.747648239135742,1.6432173252105713,60.229557037353516,5.8553643226623535,0.004030844662338495,0.014195583760738373,0.24167543649673462,0.7400981187820435,0.0,0.0,0.0,0.0,0.0,0.0,0.0,0.0,0.0,0.0,0.0,0.0,0.6719242930412292,0.32807570695877075,0.0,0.0,0.0,0.0,0.0,0.0,0.0,0.0,0.0,0.0,0.0,0.0,0.0,0.0,0.0,0.0,0.0,0.0,0.0,0.0,0.016824394464492798,0.07202944159507751,0.12565720081329346,0.31037503480911255,0.4751139283180237,0.0,0.0,0.0,0.0,0.0,68.56805419921875,6.137909412384033,64.5591049194336
Ripe_138.jpg,Ripe,Ripe,42.76687240600586,4.83559513092041,72.41797637939453,16.334178924560547,60.9495849609375,19.538562774658203,0.003259202465415001,0.7110812664031982,0.28450921177864075,0.0011503067798912525,0.0,0.0,0.0,0.0,0.0,0.0,0.0,0.0,0.0,0.0,0.0,0.0,0.0,0.005368098150938749,0.007860429584980011,0.010352760553359985,0.012461656704545021,0.014570551924407482,0.01974693313241005,0.028182515874505043,0.034317485988140106,0.05694018304347992,0.07476993650197983,0.22066718339920044,0.2521089017391205,0.14398005604743958,0.06786809861660004,0.050805214792490005,0.00019171778694726527,0.0021088956855237484,0.009777607396245003,0.02626533806324005,0.056748464703559875,0.06403373926877975,0.06690950691699982,0.07208588719367981,0.07630368322134018,0.10276073962450027,0.10582821816205978,0.12710890173912048,0.13592791557312012,0.08819018304347992,0.06537576764822006,0.00038343557389453053,42.5965461730957,81.07365417480469,69.34160614013672
Ripe_139.jpg,Ripe,Ripe,44.44208908081055,6.4856953620910645,74.4873046875,15.11506462097168,62.894065856933594,15.491317749023438,0.0034665579441934824,0.490008145570755,0.5061174631118774,0.0002039151731878519,0.0,0.0,0.0,0.0,0.0,0.0,0.0,0.0,0.0,0.0,0.0,0.0002039151731878519,0.0,0.0010195758659392595,0.002039151731878519,0.004486133810132742,0.012438825331628323,0.013050571084022522,0.01977977156639099,0.029159869998693466,0.03833605349063873,0.05016313120722771,0.09115008264780045,0.13805057108402252,0.2426590472459793,0.22206361591815948,0.0825856477022171,0.05301794409751892,0.0002039151731878519,0.0030587275978177786,0.007748776581138372,0.0099918432533741,0.019371941685676575,0.026305057108402252,0.039151713252067566,0.08278956264257431,0.11847471445798874,0.14437194168567657,0.1700652539730072,0.1427406221628189,0.13417617976665497,0.0725938007235527,0.027324633672833443,0.0016313213855028152,48.12338638305664,80.84339141845703,80.34822082519531
Ripe_14.jpg,Ripe,Ripe,47.80815887451172,6.546396732330322,69.33660888671875,17.434328079223633,54.446189880371094,13.265608787536621,0.0045071071945130825,0.16664740443229675,0.8236449956893921,0.0031203050166368484,0.0008089679758995771,0.00011556685785762966,0.0008089679758995771,0.00011556685785762966,0.00023113371571525931,0.0,0.0,0.0,0.0,0.0,0.0,0.0,0.003582572564482689,0.007742979098111391,0.012827920727431774,0.014908124692738056,0.015717092901468277,0.019530799239873886,0.019299665465950966,0.021264301612973213,0.03582572564482689,0.07985669374465942,0.14804114401340485,0.1912631392478943,0.21946145594120026,0.13428868353366852,0.04379983991384506,0.032589852809906006,0.0,0.0025424708146601915,0.010401017032563686,0.016872761771082878,0.02658037655055523,0.04876921325922012,0.10123656690120697,0.13567548990249634,0.15728649497032166,0.21472321450710297,0.14122270047664642,0.11822489649057388,0.026464810594916344,0.0,0.0,0.0,48.895328521728516,80.57870483398438,58.07683563232422
Ripe_140.jpg,Ripe,Ripe,64.20780181884766,11.23642349243164,4.569497585296631,1.094040870666504,59.523399353027344,6.064341068267822,0.015343562699854374,0.0,0.2843562364578247,0.6999666690826416,0.00033355571213178337,0.0,0.0,0.0,0.0,0.0,0.0,0.0,0.0,0.0,0.0,0.0,0.948799192905426,0.05120079964399338,0.0,0.0,0.0,0.0,0.0,0.0,0.0,0.0,0.0,0.0,0.0,0.0,0.0,0.0,0.0,0.0,0.0,0.0,0.0,0.0,0.017344895750284195,0.07821881026029587,0.16244162619113922,0.31721147894859314,0.42478320002555847,0.0,0.0,0.0,0.0,0.0,63.73380661010742,4.554381847381592,57.70658874511719
Ripe_141.jpg,Ripe,Ripe,41.85457229614258,7.77504825592041,73.86901092529297,16.636951446533203,64.09778594970703,20.343477249145508,0.00428742915391922,0.7345224022865295,0.2591322362422943,0.0012004801537841558,0.0005144915194250643,0.0,0.0,0.0,0.0,0.0,0.0,0.0,0.0,0.0,0.0,0.0003429943462833762,0.0006859886925667524,0.003944434691220522,0.008060366846621037,0.008060366846621037,0.011833304539322853,0.01972217485308647,0.025896072387695312,0.025381581857800484,0.026239067316055298,0.04030183330178261,0.06808437407016754,0.14680157601833344,0.2695935368537903,0.22260332107543945,0.07031384110450745,0.052478134632110596,0.0,0.0020579660777002573,0.009603841230273247,0.022466128692030907,0.03498542308807373,0.061567485332489014,0.0667124018073082,0.07442977279424667,0.07563025504350662,0.0905505046248436,0.08643457293510437,0.09826787561178207,0.10872920602560043,0.14148516952991486,0.12536443769931793,0.001714971731416881,47.35883331298828,81.1114501953125,90.2682113647461
Ripe_142.jpg,Ripe,Ripe,42.42565155029297,4.40547513961792,68.78416442871094,16.578123092651367,59.62958526611328,17.146148681640625,0.0,0.7315862774848938,0.26682549715042114,0.0011911852052435279,0.0003970617544837296,0.0,0.0,0.0,0.0,0.0,0.0,0.0,0.0,0.0,0.0,0.0,0.0013897160533815622,0.005161802750080824,0.009529481641948223,0.005161802750080824,0.01667659357190132,0.027000198140740395,0.025213420391082764,0.03136787936091423,0.05102243274450302,0.08278737217187881,0.13956719636917114,0.2308914065361023,0.20150883495807648,0.09191979467868805,0.04288266971707344,0.03791939467191696,0.0015882470179349184,0.00416914839297533,0.004566209856420755,0.010323605500161648,0.02302958071231842,0.04923565685749054,0.09589041024446487,0.11336112767457962,0.13003772497177124,0.13142743706703186,0.12328767031431198,0.10998610407114029,0.07583878934383392,0.07484614104032516,0.048640064895153046,0.003772086463868618,42.405941009521484,69.28361511230469,68.47795867919922
Ripe_143.JPG,Ripe,Ripe,55.95996856689453,87.13654327392578,61.353607177734375,36.64902877807617,55.813297271728516,15.711000442504883,0.29569485783576965,0.4350453317165375,0.1894511580467224,0.0,0.0,0.0,0.0,0.0,0.0,0.0,0.0,0.0,0.00037764350418001413,0.0011329305125400424,0.007049345411360264,0.07124873995780945,0.029707955196499825,0.1520644575357437,0.06810171157121658,0.0497230626642704,0.02542799524962902,0.024546828120946884,0.015483384020626545,0.015231621451675892,0.014853977598249912,0.0177492443472147,0.019763343036174774,0.025931520387530327,0.041792549192905426,0.10120845586061478,0.1496727019548416,0.24874119460582733,0.0037764350418001413,0.011077542789280415,0.010951661504805088,0.014853977598249912,0.02693857066333294,0.054758306592702866,0.0833333358168602,0.09504028409719467,0.15470795333385468,0.19398288428783417,0.19763343036174774,0.04569486528635025,0.05601711943745613,0.04493957757949829,0.006294058635830879,0.0,11.283687591552734,18.194482803344727,55.563907623291016
Ripe_144.JPG,Ripe,Ripe,79.47976684570312,109.5770034790039,62.72331237792969,35.46503829956055,60.314491271972656,21.18001365661621,0.2100195437669754,0.288166344165802,0.3578007221221924,0.0005581914447247982,0.0002790957223623991,0.0,0.0,0.0,0.0,0.0,0.00041864358354359865,0.00013954786118119955,0.00041864358354359865,0.001255930750630796,0.011442924849689007,0.12950041890144348,0.03851521015167236,0.14024560153484344,0.0477253682911396,0.03223555535078049,0.025676807388663292,0.02707228623330593,0.02093217894434929,0.016885291785001755,0.01883896254003048,0.021211275830864906,0.029584147036075592,0.039631593972444534,0.05609824135899544,0.08735696226358414,0.16452693939208984,0.2334635853767395,0.0013954786118119955,0.011582472361624241,0.027909573167562485,0.03921294957399368,0.04493441432714462,0.04591124877333641,0.04102707281708717,0.06279654055833817,0.09796260297298431,0.1318727284669876,0.13145409524440765,0.06837845593690872,0.1102428138256073,0.1032654196023941,0.06726206839084625,0.014792073518037796,47.79199981689453,94.15348052978516,81.568603515625
Ripe_145.JPG,Ripe,Ripe,62.06231689453125,91.37078094482422,61.27528762817383,35.948280334472656,61.014949798583984,15.608412742614746,0.2682133913040161,0.28827616572380066,0.353059858083725,0.0,0.0,0.0,0.0,0.0,0.0,0.0,0.0,0.0,0.0001120824963436462,0.0002241649926872924,0.003138309810310602,0.08697601407766342,0.04236718267202377,0.13349024951457977,0.05514458566904068,0.045729655772447586,0.03440932556986809,0.029926026239991188,0.020511096343398094,0.01882985793054104,0.015243219211697578,0.020174847915768623,0.025554807856678963,0.03474557399749756,0.04505716264247894,0.08843308687210083,0.15220803022384644,0.23817530274391174,0.0002241649926872924,0.00033624746720306575,0.0020174849778413773,0.0036987222265452147,0.026227302849292755,0.066128671169281,0.055592916905879974,0.07565568387508392,0.12766195833683014,0.15310467779636383,0.1746245175600052,0.09986550360918045,0.1086079329252243,0.08529477566480637,0.02039901353418827,0.0005604124744422734,46.80778121948242,95.96578979492188,69.60610961914062
Ripe_146.JPG,Ripe,Ripe,72.53263092041016,104.4382553100586,56.060367584228516,36.96340560913086,60.36957931518555,15.06020450592041,0.2825230062007904,0.3036574721336365,0.28569865226745605,0.00021901007858105004,0.0,0.0,0.0,0.0,0.0,0.0,0.0,0.0,0.0,0.0007665352895855904,0.016425754874944687,0.11070959270000458,0.047963205724954605,0.18265439569950104,0.0651554986834526,0.051138851791620255,0.029456855729222298,0.02562417834997177,0.0167542714625597,0.013250109739601612,0.014564169570803642,0.01982041262090206,0.018177835270762444,0.02354358322918415,0.0570521242916584,0.1304205060005188,0.13261060416698456,0.17181339859962463,0.0010950503638014197,0.0027376259677112103,0.005256241653114557,0.005803767126053572,0.010950503870844841,0.03208497539162636,0.07303985953330994,0.09932106733322144,0.16261498630046844,0.16086289286613464,0.19546648859977722,0.06263688206672668,0.07982917129993439,0.0778580829501152,0.02989487536251545,0.0005475251819007099,12.380000114440918,18.001155853271484,54.48631286621094
Ripe_147.JPG,Ripe,Ripe,50.97197341918945,74.36206817626953,63.58368682861328,34.40129852294922,60.89778518676758,19.48271942138672,0.299468457698822,0.3075622022151947,0.33534669876098633,0.00024160425527952611,0.0,0.0,0.0,0.0,0.0,0.0,0.0,0.00024160425527952611,0.0008456148789264262,0.0010872191051021218,0.001932834042236209,0.05327373743057251,0.03309978172183037,0.1110171526670456,0.06100507453083992,0.040710315108299255,0.027422083541750908,0.021502777934074402,0.020657163113355637,0.018845131620764732,0.016187485307455063,0.030925344675779343,0.043005555868148804,0.04252234846353531,0.05520657077431679,0.0823870524764061,0.1677941530942917,0.2277120053768158,0.004832085222005844,0.00785213802009821,0.006402512546628714,0.016187485307455063,0.050736892968416214,0.05339454114437103,0.056535396724939346,0.06897801160812378,0.11077555269002914,0.14013046026229858,0.14109688997268677,0.06474994122982025,0.08069582283496857,0.12249335646629333,0.07393090426921844,0.001208021305501461,47.617408752441406,93.63338470458984,82.31758880615234
Ripe_148.JPG,Ripe,Ripe,58.83942794799805,84.07864379882812,63.95457458496094,35.6688117980957,60.474403381347656,15.416664123535156,0.24853840470314026,0.31094494462013245,0.3642420172691345,0.0,0.0,0.0,0.0,0.0,0.0,0.0,0.0,0.0,0.0005438477382995188,0.0009517334983684123,0.0077498299069702625,0.06702923029661179,0.02093813754618168,0.12794017791748047,0.0761386826634407,0.04949014261364937,0.02950373850762844,0.019034670665860176,0.012372535653412342,0.009245411492884159,0.010740992613136768,0.012644459493458271,0.023929299786686897,0.036981645971536636,0.04622705653309822,0.08348062634468079,0.19496941566467285,0.24636301398277283,0.004214819986373186,0.00707002030685544,0.0025832767132669687,0.01019714493304491,0.007477906066924334,0.031135281547904015,0.0639021098613739,0.07695445418357849,0.16220258176326752,0.190618634223938,0.17783820629119873,0.0788579210639,0.10781781375408173,0.0413324274122715,0.030319510027766228,0.007477906066924334,42.47557830810547,95.08788299560547,56.227638244628906
Ripe_149.JPG,Ripe,Ripe,86.79601287841797,112.73963165283203,64.43997955322266,37.30565643310547,60.15645980834961,15.199360847473145,0.16167870163917542,0.29411765933036804,0.37616097927093506,0.0006879944703541696,0.0006879944703541696,0.0,0.0005159958964213729,0.0001719986175885424,0.0,0.0006879944703541696,0.0005159958964213729,0.0012039904249832034,0.003267973894253373,0.007567939348518848,0.04179566726088524,0.11093911528587341,0.035431716591119766,0.1520467847585678,0.06432748585939407,0.031131751835346222,0.02063983492553234,0.017715858295559883,0.014447884634137154,0.014103887602686882,0.010835913009941578,0.012899897061288357,0.01582387275993824,0.023219814524054527,0.028895769268274307,0.07671138644218445,0.1437908560037613,0.3379772901535034,0.0003439972351770848,0.0017199862049892545,0.00894392840564251,0.015995871275663376,0.025799794122576714,0.05022359639406204,0.04385964944958687,0.0639834851026535,0.1269349902868271,0.17217062413692474,0.19401444494724274,0.11420708894729614,0.13450291752815247,0.046783626079559326,0.0005159958964213729,0.0,47.62532424926758,94.6490707397461,79.33110046386719
Ripe_15.jpg,Ripe,Ripe,46.74951171875,4.44686222076416,79.7654037475586,24.0025691986084,58.70670700073242,15.226131439208984,0.0008377548074349761,0.24965094029903412,0.7486735582351685,0.0008377548074349761,0.0,0.0,0.0,0.0,0.0,0.0,0.0,0.0,0.0,0.0,0.0,0.0,0.0008377548074349761,0.010053058154881,0.020385367795825005,0.024294890463352203,0.02317788265645504,0.02485339343547821,0.022898631170392036,0.019826864823698997,0.017034348100423813,0.025411896407604218,0.029879922047257423,0.04970678687095642,0.09354928880929947,0.10751187056303024,0.14995811879634857,0.38061994314193726,0.0,0.0,0.0013962580123916268,0.005585032049566507,0.017313599586486816,0.06171460449695587,0.12259145826101303,0.11588941514492035,0.10695336759090424,0.11896118521690369,0.15833565592765808,0.12370846420526505,0.10248533636331558,0.06143535301089287,0.0036302709486335516,0.0,48.97495651245117,95.29220581054688,68.3230209350586
Ripe_150.JPG,Ripe,Ripe,122.4067153930664,135.3373260498047,58.53754806518555,37.098812103271484,62.02421188354492,14.684090614318848,0.12672215700149536,0.19790470600128174,0.39423078298568726,0.0,0.0,0.0,0.0,0.0,0.0,0.0,0.0,0.0,0.0008610791992396116,0.011624569073319435,0.1010332927107811,0.16762341558933258,0.016791045665740967,0.19704362750053406,0.06974741816520691,0.047502871602773666,0.03200344368815422,0.021239954978227615,0.018082663416862488,0.01664753071963787,0.012629161588847637,0.011337542906403542,0.012772674672305584,0.02497129701077938,0.040614236146211624,0.10031572729349136,0.16934557259082794,0.20895522832870483,0.0015786451986059546,0.0030137773137539625,0.004161882679909468,0.005453501828014851,0.015929965302348137,0.027841560542583466,0.048938002437353134,0.0767795667052269,0.12787026166915894,0.16475315392017365,0.21196900308132172,0.11107921600341797,0.10203788429498672,0.08266360312700272,0.01578645221889019,0.0001435131998732686,329.7693176269531,8.09168529510498,64.26985168457031
Ripe_151.JPG,Ripe,Ripe,116.77032470703125,134.88388061523438,58.39147186279297,36.740570068359375,60.80106735229492,13.514776229858398,0.14987634122371674,0.26677659153938293,0.3205276131629944,0.0,0.0,0.0,0.0,0.0,0.0,0.0,0.0,0.00032976092188619077,0.0009892827365547419,0.004781533498317003,0.07188788056373596,0.18483099341392517,0.011376751586794853,0.17609232664108276,0.09629018604755402,0.04583676904439926,0.031492169946432114,0.02539159171283245,0.01896125264465809,0.01549876295030117,0.017477329820394516,0.018136851489543915,0.02357790619134903,0.02638087421655655,0.0380873866379261,0.07023907452821732,0.16009892523288727,0.22506183385849,0.0,0.0009892827365547419,0.006760098971426487,0.009563066996634007,0.012201154604554176,0.022258862853050232,0.05375102907419205,0.07172299921512604,0.12778235971927643,0.20148392021656036,0.2732069194316864,0.08342951536178589,0.07798846065998077,0.03495465964078903,0.021929102018475533,0.0019785654731094837,334.0148010253906,8.742044448852539,64.78559875488281
Ripe_152.JPG,Ripe,Ripe,76.028076171875,105.20421600341797,65.64512634277344,36.24871063232422,60.13604736328125,15.913904190063477,0.19079837203025818,0.3124154210090637,0.36468198895454407,0.0,0.0,0.0,0.0,0.0,0.0,0.0,0.0008457374642603099,0.002706359839066863,0.0011840325314551592,0.0028755073435604572,0.012009472586214542,0.11248308420181274,0.02029769867658615,0.1368403285741806,0.06816644221544266,0.0360284149646759,0.02672530524432659,0.019282814115285873,0.015730716288089752,0.017591340467333794,0.014884979464113712,0.011502029374241829,0.018098782747983932,0.022834911942481995,0.03315290808677673,0.06647496670484543,0.16204330325126648,0.3303450644016266,0.00016914748994167894,0.002706359839066863,0.009303112514317036,0.018098782747983932,0.029939107596874237,0.050744250416755676,0.046515561640262604,0.062246277928352356,0.13159675896167755,0.1491880863904953,0.19688768684864044,0.09658321738243103,0.14377537369728088,0.06190798431634903,0.0003382949798833579,0.0,47.8707389831543,94.82312774658203,79.63822174072266
Ripe_153.JPG,Ripe,Ripe,94.99375915527344,123.28863525390625,60.676239013671875,35.42584991455078,61.31207275390625,19.525043487548828,0.2160339653491974,0.2604895234107971,0.32455044984817505,0.0004995004856027663,0.00012487512140069157,0.0,0.0,0.0,0.0,0.0,0.0,0.0007492507575079799,0.0009990009712055326,0.006868131924420595,0.05307192727923393,0.1366133838891983,0.013236762955784798,0.16121378540992737,0.07055444270372391,0.04095904156565666,0.03196803107857704,0.023851148784160614,0.01848151907324791,0.020229769870638847,0.022477522492408752,0.01910589449107647,0.022602397948503494,0.03971029072999954,0.057692307978868484,0.08641358464956284,0.1637112945318222,0.20779220759868622,0.0044955043122172356,0.009365634061396122,0.010114884935319424,0.015484515577554703,0.030094904825091362,0.06168831139802933,0.0714285746216774,0.06568431854248047,0.1062687337398529,0.10976523160934448,0.1544705331325531,0.07005494832992554,0.0940309688448906,0.12062937021255493,0.07480020076036453,0.001623376621864736,47.35248947143555,94.38397979736328,81.92767333984375
Ripe_154.JPG,Ripe,Ripe,90.87125396728516,118.9291763305664,59.64183044433594,37.07917785644531,55.342132568359375,15.772494316101074,0.17927372455596924,0.3664417862892151,0.2669728696346283,0.0011482704430818558,0.0007176690269261599,0.00028706761077046394,0.00028706761077046394,0.0,0.0,0.0010047366376966238,0.00028706761077046394,0.0,0.00028706761077046394,0.0041624801233410835,0.05325103923678398,0.12587913870811462,0.032725706696510315,0.1656380146741867,0.07908712327480316,0.037462323904037476,0.028850294649600983,0.021243002265691757,0.01851586066186428,0.013492177240550518,0.017941724509000778,0.021243002265691757,0.020668867975473404,0.03215157240629196,0.04578728228807449,0.07334577292203903,0.14439500868320465,0.2474522739648819,0.0011482704430818558,0.009760298766195774,0.011195636354386806,0.019664131104946136,0.03258217126131058,0.056121718138456345,0.07219750434160233,0.12229079753160477,0.1828620582818985,0.15716952085494995,0.1670733392238617,0.047366153448820114,0.07162337005138397,0.04363427683711052,0.005310750566422939,0.0,332.6413879394531,7.464127540588379,64.4714584350586
Ripe_155.JPG,Ripe,Ripe,93.88539123535156,125.1220474243164,56.414188385009766,36.395751953125,58.95051193237305,16.409269332885742,0.26423904299736023,0.2628384828567505,0.2749766707420349,0.00023342670465353876,0.0,0.0,0.0,0.0,0.0,0.0,0.0,0.0,0.0,0.0,0.03699813410639763,0.1607142835855484,0.02182539738714695,0.1796218454837799,0.07913165539503098,0.06395892053842545,0.03629785403609276,0.027427637949585915,0.018790850415825844,0.015056022442877293,0.015056022442877293,0.02042483724653721,0.019607843831181526,0.029995331540703773,0.04645191505551338,0.09243697673082352,0.1458916962146759,0.18802520632743835,0.00011671335232676938,0.004318394232541323,0.007936508394777775,0.01225490216165781,0.013655462302267551,0.061274509876966476,0.08543417602777481,0.0903361365199089,0.13958917558193207,0.16806723177433014,0.19164332747459412,0.047268908470869064,0.05999066308140755,0.07189542800188065,0.04435107484459877,0.00186741363722831,338.75823974609375,8.550353050231934,64.68791198730469
Ripe_156.JPG,Ripe,Ripe,35.12713623046875,18.355831146240234,72.38899230957031,30.241628646850586,61.96469497680664,17.670143127441406,0.2685895562171936,0.3782346248626709,0.3515393137931824,0.0,0.0,0.0,0.0,0.0,0.0,0.0,0.0,0.0,0.00010228086466668174,0.0003068425867240876,0.0006136851734481752,0.0006136851734481752,0.001125089474953711,0.022910913452506065,0.06781221181154251,0.05686815828084946,0.0354914590716362,0.02863864228129387,0.019535643979907036,0.026797587051987648,0.024854250252246857,0.015853533521294594,0.019842486828565598,0.026695305481553078,0.051651835441589355,0.09808734804391861,0.20640277862548828,0.2974327504634857,0.0009205277892760932,0.0019433364504948258,0.017592309042811394,0.02209266647696495,0.02567249722778797,0.029456889256834984,0.0407077819108963,0.0761992409825325,0.11547509580850601,0.1625242978334427,0.15894445776939392,0.08847294747829437,0.10882683843374252,0.09624629467725754,0.05042446404695511,0.004500357899814844,47.5290641784668,93.77680206298828,81.21813201904297
Ripe_157.JPG,Ripe,Ripe,51.433692932128906,16.469541549682617,70.04029846191406,27.273412704467773,46.05684280395508,16.99363136291504,0.0022407821379601955,0.12446526437997818,0.7848849296569824,0.07924220710992813,0.003666734555736184,0.0008148298948071897,0.000611122406553477,0.0008148298948071897,0.0010185373248532414,0.00040741494740359485,0.0,0.0,0.0,0.00020370747370179743,0.0010185373248532414,0.000611122406553477,0.009166836738586426,0.047667548060417175,0.03951925039291382,0.024852311238646507,0.02179669961333275,0.02240782231092453,0.021592993289232254,0.029944999143481255,0.03809329867362976,0.03890812769532204,0.049704622477293015,0.06966795772314072,0.08922387659549713,0.150539830327034,0.21450397372245789,0.13240985572338104,0.0010185373248532414,0.01568547636270523,0.030556121841073036,0.0804644525051117,0.10002037137746811,0.10103891044855118,0.12100224196910858,0.12589122354984283,0.11489101499319077,0.10307598114013672,0.10735383629798889,0.07231615483760834,0.02301894500851631,0.0034630270674824715,0.00020370747370179743,0.0,50.44483184814453,92.56897735595703,68.26549530029297
Ripe_158.JPG,Ripe,Ripe,53.169105529785156,27.330610275268555,66.34444427490234,30.471879959106445,47.479915618896484,19.193363189697266,0.0036180587485432625,0.17712756991386414,0.742960512638092,0.04719207063317299,0.0048765139654278755,0.0028315242379903793,0.002988831140100956,0.003932672552764416,0.0026742173358798027,0.002988831140100956,0.002044989727437496,0.003460751846432686,0.001258455216884613,0.00031461380422115326,0.0009438414126634598,0.0007865345105528831,0.009753027930855751,0.036180589348077774,0.06622620671987534,0.057574328035116196,0.050652824342250824,0.038225576281547546,0.03004561923444271,0.023438729345798492,0.024382570758461952,0.025326412171125412,0.028787164017558098,0.04734937846660614,0.082271508872509,0.10901368409395218,0.19537517428398132,0.17539720237255096,0.0,0.03303445130586624,0.05836086347699165,0.08824917674064636,0.0871480256319046,0.06606890261173248,0.07031618803739548,0.0627654567360878,0.09344030171632767,0.1434638947248459,0.17508257925510406,0.10964291542768478,0.01164071075618267,0.0006292276084423065,0.00015730690211057663,0.0,49.585975646972656,93.53942108154297,67.6683578491211
Ripe_159.jpg,Ripe,Ripe,123.32539367675781,140.29742431640625,2.399644136428833,1.3076910972595215,56.12484359741211,7.726423740386963,0.5014172196388245,0.11777210980653763,0.0,0.0,0.0,0.0,0.0,0.0,0.0,0.002196711953729391,0.12492913752794266,0.004393423907458782,0.002196711953729391,0.0,0.2448979616165161,0.002196711953729391,0.9978741407394409,0.002125850412994623,0.0,0.0,0.0,0.0,0.0,0.0,0.0,0.0,0.0,0.0,0.0,0.0,0.0,0.0,0.0,0.0,0.0,0.0,0.0015589569229632616,0.02508503384888172,0.06207482889294624,0.11649660021066666,0.2162698358297348,0.3565050959587097,0.22200964391231537,0.0,0.0,0.0,0.0,0.0,14.078845024108887,2.5849571228027344,57.38768005371094
Ripe_16.jpg,Ripe,Ripe,46.637474060058594,4.343056678771973,82.61430358886719,23.196638107299805,59.37691116333008,17.51360321044922,0.0007961783558130264,0.2770700752735138,0.7218683362007141,0.00026539279497228563,0.0,0.0,0.0,0.0,0.0,0.0,0.0,0.0,0.0,0.0,0.0,0.0,0.0,0.004777070134878159,0.015127388760447502,0.024946920573711395,0.023885350674390793,0.020700637251138687,0.022027600556612015,0.01990445889532566,0.01406581699848175,0.0276008490473032,0.026273885741829872,0.03237792104482651,0.06608280539512634,0.0843949019908905,0.14118896424770355,0.47664543986320496,0.0,0.00026539279497228563,0.0034501061309129,0.004511677194386721,0.01698513887822628,0.06794055551290512,0.16958598792552948,0.12738853693008423,0.06608280539512634,0.0833333358168602,0.09209129214286804,0.10562632977962494,0.13481953740119934,0.11650743335485458,0.01141188945621252,0.0,49.656497955322266,97.25431823730469,81.218994140625
Ripe_160.jpg,Ripe,Ripe,78.40403747558594,94.12488555908203,33.08932113647461,37.42155075073242,62.03117370605469,15.088101387023926,0.14493747055530548,0.6269060373306274,0.02222670428454876,0.0014925373252481222,0.0006454215617850423,0.00044372730189934373,0.00044372730189934373,0.0016538926865905523,0.006212182343006134,0.02529245615005493,0.1106494590640068,0.0026220250874757767,0.0026220250874757767,0.0002016942307818681,0.052521176636219025,0.0011294876458123326,0.496046781539917,0.07079467177391052,0.015691811218857765,0.021540943533182144,0.013957240618765354,0.008955223485827446,0.007664380595088005,0.006534893065690994,0.007704719435423613,0.012908430770039558,0.026623638346791267,0.04332391917705536,0.06942315399646759,0.0754336416721344,0.09350544214248657,0.029891084879636765,0.0005244049825705588,0.0009681322844699025,0.002581686247140169,0.004598628263920546,0.00758370291441679,0.02791448123753071,0.05098830163478851,0.08539734035730362,0.15316659212112427,0.2372327595949173,0.17870108783245087,0.04501815140247345,0.07607906311750412,0.06837434321641922,0.028761597350239754,0.03210972249507904,22.432029724121094,3.7290472984313965,57.135616302490234
Ripe_161.jpg,Ripe,Ripe,93.55839538574219,87.28690338134766,30.919233322143555,35.4477653503418,63.231807708740234,13.095272064208984,0.20731563866138458,0.19684793055057526,0.23479829728603363,0.00043125415686517954,0.00011761477071559057,7.840984471840784e-05,0.038342416286468506,0.00031363937887363136,0.010546124540269375,0.27490493655204773,0.02967812679708004,0.0024699103087186813,0.0013329674256965518,0.0003528443048708141,0.0012937624705955386,0.001176147721707821,0.5320107936859131,0.026149684563279152,0.029403693974018097,0.0288156196475029,0.013172854669392109,0.0058807386085391045,0.005018230061978102,0.00548868952319026,0.008311443962156773,0.013525699265301228,0.019445642828941345,0.04394872114062309,0.18438075482845306,0.0680205449461937,0.007056886330246925,0.009369976818561554,0.0005488689639605582,0.003567648120224476,0.0073705255053937435,0.006900066509842873,0.008389853872358799,0.00827223900705576,0.02132747881114483,0.06253185123205185,0.10291292518377304,0.19057513773441315,0.36143019795417786,0.03740149736404419,0.07421492040157318,0.10965617001056671,0.0049006156623363495,0.0,46.12691879272461,79.92607116699219,82.19245147705078
Ripe_162.jpg,Ripe,Ripe,33.77068328857422,19.514808654785156,58.45146179199219,28.224781036376953,61.372215270996094,11.412099838256836,0.04370961710810661,0.9439376592636108,0.00576460175216198,0.0012035981053486466,0.0001900418137665838,0.0,0.0,6.334726640488952e-05,0.00031673634657636285,0.0006968199741095304,0.0005701254121959209,0.0007601672550663352,6.334726640488952e-05,0.0002533890656195581,0.0003800836275331676,0.0020904599223285913,0.009122006595134735,0.053401749581098557,0.05086785927414894,0.07671354711055756,0.11351830512285233,0.026795895770192146,0.015266692265868187,0.015710122883319855,0.01729380525648594,0.028506271541118622,0.07779044657945633,0.09445077925920486,0.13100215792655945,0.20568858087062836,0.056189026683568954,0.027682757005095482,0.0007601672550663352,0.0013302926672622561,0.004687698092311621,0.0082351453602314,0.012226022779941559,0.015203344635665417,0.022931711748242378,0.03876852989196777,0.1481059193611145,0.26333460211753845,0.217471182346344,0.18763461709022522,0.0603066012263298,0.019004181027412415,0.0,0.0,35.84567642211914,82.75228881835938,69.11893463134766
Ripe_163.jpg,Ripe,Ripe,38.52882766723633,39.191871643066406,52.69110870361328,28.8143310546875,63.19394302368164,11.745745658874512,0.05881306901574135,0.9068682193756104,0.004178706556558609,0.0016448099631816149,0.0007557235076092184,0.0004889975534752011,0.0006223605014383793,0.00017781728820409626,0.0012447210028767586,0.007201600354164839,0.004623249638825655,0.002800622256472707,0.0017337185563519597,0.001200266764499247,0.002711713779717684,0.004934429656714201,0.040675707161426544,0.058101799339056015,0.051033563911914825,0.06912647187709808,0.08424094319343567,0.12456101179122925,0.01507001556456089,0.010846855118870735,0.02747277170419693,0.04716603830456734,0.0566348060965538,0.06979328393936157,0.10944654047489166,0.1799955517053604,0.039697710424661636,0.01613692007958889,0.0005334518500603735,0.0013336297124624252,0.003334074281156063,0.005245610140264034,0.008046232163906097,0.013291842304170132,0.01880417950451374,0.054145365953445435,0.14220938086509705,0.22796176373958588,0.1431429237127304,0.2543676495552063,0.10166703909635544,0.025916870683431625,0.0,0.0,35.94058609008789,82.7640380859375,71.8271255493164
Ripe_164.jpg,Ripe,Ripe,120.2813949584961,86.22178649902344,25.618955612182617,33.55756378173828,62.0560188293457,12.4736328125,0.031731460243463516,0.2681681215763092,0.22682541608810425,0.030383015051484108,0.0028977191541343927,0.0009754698257893324,0.03233395516872406,0.00619710236787796,0.03150193765759468,0.1858556866645813,0.1668340265750885,0.007861139252781868,0.002840338507667184,0.0010041601490229368,0.0020083202980458736,0.0025821260642260313,0.5823841691017151,0.07886960357427597,0.014459905214607716,0.007717687636613846,0.006254483014345169,0.007975900545716286,0.00875053834170103,0.014718118123710155,0.01715679280459881,0.013828719034790993,0.018017500638961792,0.035977620631456375,0.0900014340877533,0.0770908072590828,0.013713957741856575,0.013082771562039852,0.0002295223093824461,0.0034715249203145504,0.0062831733375787735,0.004676517099142075,0.00582412863150239,0.014058241620659828,0.03503084182739258,0.06991823017597198,0.10626883059740067,0.23219050467014313,0.2674795687198639,0.13102854788303375,0.05941758677363396,0.055917371064424515,0.007918519899249077,0.00028690288309007883,60.87069320678711,1.5418857336044312,59.07215118408203
Ripe_165.jpg,Ripe,Ripe,148.24765014648438,85.25431060791016,22.522323608398438,31.45888900756836,57.79460906982422,11.854521751403809,0.035754259675741196,0.19779974222183228,0.12328504025936127,0.025040775537490845,0.00115130003541708,0.0012472416274249554,0.022162524983286858,0.002910230541601777,0.018452780321240425,0.4905817210674286,0.07208417356014252,0.0044133164919912815,0.0012472416274249554,0.000607630587182939,0.001471105613745749,0.0017909110756590962,0.6396750807762146,0.09581374377012253,0.0059483833611011505,0.0028782500885427,0.003198055550456047,0.0030701332725584507,0.0037417251151055098,0.005884422454982996,0.008314944803714752,0.012952124699950218,0.02014775015413761,0.03549841791391373,0.0976686179637909,0.043461576104164124,0.007579391822218895,0.01416738610714674,0.0033579582814127207,0.004349355585873127,0.004669161047786474,0.0059483833611011505,0.008282964117825031,0.017973072826862335,0.040679268538951874,0.10671911388635635,0.21996226906776428,0.25277432799339294,0.2158687561750412,0.047427162528038025,0.04422910884022713,0.027567239478230476,0.00019188332953490317,0.0,213.1053924560547,5.2944746017456055,56.05567169189453
Ripe_166.jpg,Ripe,Ripe,172.43228149414062,82.12910461425781,20.304981231689453,31.5515079498291,57.286861419677734,11.148955345153809,0.019574414938688278,0.18261034786701202,0.0662057176232338,0.003567594802007079,0.0024625875521451235,0.0013260086998343468,0.001673296676017344,0.004862031899392605,0.005083033349364996,0.5319189429283142,0.16767695546150208,0.006156469229608774,0.0024625875521451235,0.0009155774605460465,0.0012628654949367046,0.0022415861021727324,0.7286102175712585,0.01963755674660206,0.005114605184644461,0.003536023199558258,0.004009597934782505,0.004104312509298325,0.004451600834727287,0.003914882894605398,0.004988318309187889,0.00801919586956501,0.013323230668902397,0.03542337566614151,0.09828250110149384,0.057270947843790054,0.006093325559049845,0.0032203069422394037,0.0001894298184197396,0.0022415861021727324,0.006535328458994627,0.009945065714418888,0.01117635890841484,0.017301255837082863,0.027783039957284927,0.12227694690227509,0.2509629428386688,0.23164109885692596,0.21377155184745789,0.05401906743645668,0.03763338923454285,0.01452295295894146,0.0,0.0,219.83282470703125,2.143136739730835,56.11428451538086
Ripe_167.jpg,Ripe,Ripe,42.37201690673828,29.27187728881836,66.88211059570312,21.131465911865234,70.02022552490234,21.445337295532227,0.040139615535736084,0.8852530717849731,0.062390923500061035,0.003054101252928376,0.0,0.0,0.0,0.0,0.0,0.0,0.0,0.0002908667956944555,0.0002908667956944555,0.0010180337121710181,0.0024723676033318043,0.0050901686772704124,0.006108202505856752,0.010034903883934021,0.02559627778828144,0.02966841123998165,0.03214078024029732,0.03563117980957031,0.03810354694724083,0.034613147377967834,0.03708551451563835,0.03592204675078392,0.051628854125738144,0.1038394421339035,0.33347877860069275,0.199534609913826,0.017161140218377113,0.009453170001506805,0.0,0.0008726003579795361,0.021669575944542885,0.03184991329908371,0.035776615142822266,0.04770215228199959,0.031268179416656494,0.02821407839655876,0.03039557859301567,0.03635834902524948,0.06079115718603134,0.10267597436904907,0.1717568337917328,0.20404304563999176,0.18775451183319092,0.008871437050402164,41.556968688964844,80.94927978515625,82.60909271240234
Ripe_168.jpg,Ripe,Ripe,45.733985900878906,28.83457374572754,60.57585144042969,22.4493465423584,72.10607147216797,21.787887573242188,0.0334184505045414,0.6406128406524658,0.27922725677490234,0.021094704046845436,0.012656822800636292,0.0017763961805030704,0.0013322971062734723,0.0002220495225628838,0.0003330742765683681,0.0001110247612814419,0.0003330742765683681,0.0019984457176178694,0.0009992228588089347,0.0005551237845793366,0.001443321816623211,0.0038858666084706783,0.01099145133048296,0.026423892006278038,0.030309759080410004,0.04119018465280533,0.0494060181081295,0.05096036568284035,0.03364050015807152,0.035305872559547424,0.04119018465280533,0.04851781949400902,0.09703563898801804,0.23170867562294006,0.1926279515028,0.0870434120297432,0.01465526781976223,0.008993005380034447,0.0,0.0007771733216941357,0.01110247615724802,0.02253802679479122,0.023759298026561737,0.025646720081567764,0.04341068118810654,0.07094482332468033,0.04163428395986557,0.05129344016313553,0.08149217069149017,0.09437104314565659,0.11157988011837006,0.13467302918434143,0.10969246178865433,0.17708449065685272,43.23955154418945,71.3549575805664,94.93865203857422
Ripe_169.jpg,Ripe,Ripe,50.70964050292969,33.309112548828125,64.1458511352539,23.748193740844727,73.1316909790039,23.85546875,0.022061357274651527,0.3771113455295563,0.5377455949783325,0.010341261513531208,0.0036768929567188025,0.002987475600093603,0.002183155156672001,0.010341261513531208,0.02470412477850914,0.005974951200187206,0.0006894174148328602,0.0008043203270062804,0.00011490290489746258,0.00011490290489746258,0.0003447087074164301,0.0008043203270062804,0.019073883071541786,0.03849247470498085,0.02458922192454338,0.022061357274651527,0.03550499677658081,0.03987130895256996,0.03872228041291237,0.030219463631510735,0.028725726529955864,0.03734344616532326,0.05251063033938408,0.10467654466629028,0.36113983392715454,0.1407560557126999,0.013098930940032005,0.01321383472532034,0.0006894174148328602,0.0036768929567188025,0.012984028086066246,0.03079397976398468,0.0310237854719162,0.03504538536071777,0.048603929579257965,0.06342640519142151,0.03217281401157379,0.03447087109088898,0.03872228041291237,0.05411927029490471,0.08778581768274307,0.16224290430545807,0.15500402450561523,0.2092381864786148,47.038475036621094,80.25851440429688,94.89163970947266
Ripe_17.jpg,Ripe,Ripe,44.818851470947266,8.59036922454834,78.82535552978516,26.796829223632812,57.38317108154297,15.68950366973877,0.01384388841688633,0.357290118932724,0.6273932456970215,0.001178203267045319,0.0,0.0,0.0,0.0,0.0,0.0,0.0,0.0,0.0,0.0,0.0,0.00029455081676132977,0.0014727540547028184,0.014138438738882542,0.029160529375076294,0.03151693567633629,0.03770250454545021,0.02385861612856388,0.018851252272725105,0.020913107320666313,0.025036819279193878,0.022680412977933884,0.03240058943629265,0.035640649497509,0.050073638558387756,0.07422680407762527,0.13902798295021057,0.44329896569252014,0.0,0.004712813068181276,0.005891016218811274,0.012960235588252544,0.012665685266256332,0.03622974827885628,0.15081001818180084,0.14403533935546875,0.1092783510684967,0.12106038630008698,0.13313697278499603,0.11222385615110397,0.09837996959686279,0.052135493606328964,0.006480117794126272,0.0,48.382789611816406,96.84127044677734,68.69320678710938
Ripe_170.jpg,Ripe,Ripe,41.28030014038086,27.833635330200195,65.43234252929688,17.32872200012207,69.67912292480469,21.02310562133789,0.04612661525607109,0.9023323655128479,0.040816325694322586,0.00041649313061498106,0.0003123698406852782,0.0,0.0,0.00020824656530749053,0.0006247396813705564,0.00020824656530749053,0.0013536026235669851,0.0,0.0008329862612299621,0.0012494793627411127,0.0015618492616340518,0.003956684842705727,0.004893794190138578,0.006768013350665569,0.009162848815321922,0.017700957134366035,0.02197001315653324,0.029154518619179726,0.03967097029089928,0.04571012035012245,0.05581007897853851,0.08204914629459381,0.11057892441749573,0.2520824670791626,0.23052895069122314,0.0683048740029335,0.014369012787938118,0.01124531403183937,0.0,0.00010412328265374526,0.009683465585112572,0.03602665662765503,0.03758850321173668,0.041441068053245544,0.03613077849149704,0.031445231288671494,0.03769262880086899,0.05810078978538513,0.06882549077272415,0.1207830086350441,0.15670554339885712,0.17367763817310333,0.14014993607997894,0.051645148545503616,41.63172912597656,79.26628875732422,82.2686767578125
Ripe_171.jpg,Ripe,Ripe,45.474910736083984,17.430591583251953,66.29686737060547,16.915206909179688,76.26789093017578,18.9381160736084,0.01764325052499771,0.3713175654411316,0.6022984981536865,0.003237293567508459,0.00048559403512626886,0.0003237293567508459,0.0003237293567508459,0.0008093233918771148,0.0003237293567508459,0.0003237293567508459,0.0006474587135016918,0.0,0.00016186467837542295,0.0,0.00016186467837542295,0.0019423761405050755,0.005503399297595024,0.009388151578605175,0.00987374596297741,0.011816121637821198,0.01764325052499771,0.01990935578942299,0.02784072607755661,0.03609582409262657,0.061994172632694244,0.10456458479166031,0.14713498950004578,0.2037876397371292,0.252023309469223,0.05891874432563782,0.01343476865440607,0.02007121965289116,0.0,0.0042084818705916405,0.006474587135016918,0.008255098946392536,0.010521204210817814,0.016672061756253242,0.01942376233637333,0.03641955181956291,0.05390093848109245,0.05503399297595024,0.07170605659484863,0.1056976392865181,0.15943671762943268,0.1319197118282318,0.13450954854488373,0.18582065403461456,48.07160568237305,69.8058853149414,95.96951293945312
Ripe_172.jpg,Ripe,Ripe,41.32308578491211,18.726449966430664,67.8201904296875,18.920345306396484,69.88143157958984,20.468589782714844,0.0298970527946949,0.8389507532119751,0.1190241128206253,0.007897335104644299,0.0009871668880805373,0.0,0.0,0.0,0.0,0.0,0.0,0.0,0.0,0.0002820476656779647,0.00042307149851694703,0.002538429107517004,0.004371738992631435,0.010999859310686588,0.016922859475016594,0.01748695597052574,0.02453814633190632,0.027781695127487183,0.026935551315546036,0.02651248127222061,0.040896911174058914,0.07996051013469696,0.10139613598585129,0.12367790192365646,0.2913552522659302,0.17134395241737366,0.021858694031834602,0.013961359858512878,0.0,0.0002820476656779647,0.009730644524097443,0.03116626664996147,0.02862783893942833,0.038781553506851196,0.03582005202770233,0.04230714961886406,0.04978141188621521,0.05810181796550751,0.07192215323448181,0.11817797273397446,0.14793400466442108,0.14384430646896362,0.20307432115077972,0.020448455587029457,42.326087951660156,80.5186996459961,83.24169921875
Ripe_173.jpg,Ripe,Ripe,119.6004638671875,63.845069885253906,29.08922576904297,35.08751678466797,61.294124603271484,15.750974655151367,0.017887119203805923,0.19664254784584045,0.16810420155525208,0.0018523877952247858,0.002431259024888277,0.0011577424593269825,0.1892329901456833,0.2817366123199463,0.13261939585208893,0.0012735166819766164,0.0005788712296634912,0.0011577424593269825,0.0013892909046262503,0.000810419674962759,0.0009261938976123929,0.0021997105795890093,0.6092040538787842,0.004515195265412331,0.0038205499295145273,0.0038784369826316833,0.006830680184066296,0.007872648537158966,0.009782923385500908,0.009898697957396507,0.013429812155663967,0.021997105330228806,0.038437046110630035,0.0684804618358612,0.11837916076183319,0.05308248847723007,0.013487699441611767,0.016903039067983627,0.002373371971771121,0.012040521018207073,0.00920405238866806,0.010477568954229355,0.009840810671448708,0.01528219971805811,0.0232127346098423,0.0466570183634758,0.12966714799404144,0.36046308279037476,0.188712015748024,0.038437046110630035,0.041041966527700424,0.03554269298911095,0.04011577367782593,0.03693198412656784,159.75978088378906,2.172537326812744,58.34508514404297
Ripe_174.jpg,Ripe,Ripe,41.975826263427734,26.98322296142578,67.6009750366211,18.112234115600586,69.2852783203125,18.93812370300293,0.01460515707731247,0.9291901588439941,0.037066880613565445,0.00523771159350872,0.0019137791823595762,0.0008058017701841891,0.00020145044254604727,0.00040290088509209454,0.000604351342190057,0.00130942789837718,0.001007252256385982,0.0014101531123742461,0.001007252256385982,0.000604351342190057,0.00261885579675436,0.002014504512771964,0.008561643771827221,0.01077759824693203,0.014302981086075306,0.014504431746900082,0.017929090186953545,0.019339242950081825,0.026591459289193153,0.03233279660344124,0.04411764815449715,0.055197421461343765,0.11583400517702103,0.21736502647399902,0.2859589159488678,0.10414987802505493,0.01672038622200489,0.01631748676300049,0.0,0.008058018051087856,0.01772763952612877,0.019238516688346863,0.016518935561180115,0.023569701239466667,0.023771151900291443,0.03132554516196251,0.04149879142642021,0.08813457190990448,0.13094279170036316,0.16780821979045868,0.1600523740053177,0.12832392752170563,0.09095487743616104,0.052074939012527466,41.171852111816406,79.8872299194336,80.92894744873047
Ripe_175.jpg,Ripe,Ripe,42.01982498168945,16.771085739135742,61.42922592163086,18.843652725219727,69.61564636230469,21.739641189575195,0.024841753765940666,0.801982581615448,0.14475098252296448,0.020900513976812363,0.004180102609097958,0.0005971575155854225,0.00023886300914455205,0.00011943150457227603,0.0,0.0,0.00023886300914455205,0.00011943150457227603,0.0004777260182891041,0.0,0.0007165890419855714,0.0008360205683857203,0.00238863006234169,0.013734622858464718,0.025558343157172203,0.032604802399873734,0.028305266052484512,0.03391854837536812,0.04586169868707657,0.04120387136936188,0.05207213759422302,0.08622954785823822,0.21103547513484955,0.21820135414600372,0.14367610216140747,0.042278751730918884,0.01194315031170845,0.01098769810050726,0.0004777260182891041,0.007046458777040243,0.013137465342879295,0.01672041043639183,0.020303355529904366,0.022572554647922516,0.08228830993175507,0.051594410091638565,0.048728056252002716,0.053505316376686096,0.09160396456718445,0.1386599838733673,0.11931207776069641,0.09685894846916199,0.09315657615661621,0.14403440058231354,43.03657531738281,69.5570297241211,95.39798736572266
Ripe_176.jpg,Ripe,Ripe,40.18473434448242,23.612913131713867,66.4062728881836,20.054729461669922,66.79747772216797,20.43280601501465,0.05677827075123787,0.8646686673164368,0.06274876743555069,0.010067899711430073,0.00023413720191456378,0.0,0.00011706860095728189,0.0,0.00023413720191456378,0.0,0.0,0.0,0.0,0.00023413720191456378,0.0008194802212528884,0.004097401164472103,0.008780145086348057,0.01276047807186842,0.02001873031258583,0.027745258063077927,0.027042847126722336,0.02809646539390087,0.027276983484625816,0.03242800384759903,0.03839850053191185,0.053734488785266876,0.09611332416534424,0.13427768647670746,0.3444158136844635,0.12444392591714859,0.015687191858887672,0.008780145086348057,0.00011706860095728189,0.004214469809085131,0.03078904189169407,0.030906111001968384,0.021774759516119957,0.04811519384384155,0.03383282572031021,0.03500351309776306,0.04284710809588432,0.05314914509654045,0.0714118480682373,0.14200422167778015,0.2347225546836853,0.1854366660118103,0.06450480222702026,0.0011706859804689884,40.74037170410156,79.64452362060547,81.86560821533203
Ripe_177.jpg,Ripe,Ripe,39.33631134033203,26.087812423706055,65.174072265625,17.265289306640625,68.38358306884766,20.160768508911133,0.04903055354952812,0.9113795757293701,0.019896456971764565,0.009034615941345692,0.0016242006095126271,0.0005075627123005688,0.0019287382019683719,0.0,0.0,0.0,0.0,0.0,0.0005075627123005688,0.0005075627123005688,0.0012181504862383008,0.004365039058029652,0.004771089181303978,0.009745203889906406,0.011369404383003712,0.015226880088448524,0.02050553262233734,0.02903258614242077,0.03552938625216484,0.05248198285698891,0.05177139490842819,0.07095726579427719,0.11775454133749008,0.28139275312423706,0.2194700986146927,0.054918281733989716,0.015125367790460587,0.009948228485882282,0.0,0.0002030250761890784,0.007613440044224262,0.022637296468019485,0.03085981123149395,0.04273677617311478,0.04395492747426033,0.04568064212799072,0.06446046382188797,0.07948431372642517,0.10191858559846878,0.11186681687831879,0.13379351794719696,0.12729671597480774,0.12414982914924622,0.0633438229560852,41.37117385864258,71.83386993408203,92.4930191040039
Ripe_178.jpg,Ripe,Ripe,40.54024124145508,21.80293846130371,71.9456558227539,19.815448760986328,68.85873413085938,20.04697608947754,0.03359239920973778,0.9117444157600403,0.03074266016483307,0.014939551241695881,0.0025043177884072065,0.0012089810334146023,0.0004317789280321449,8.63557870616205e-05,8.63557870616205e-05,8.63557870616205e-05,0.000345423148246482,0.000172711574123241,8.63557870616205e-05,8.63557870616205e-05,0.0009499136358499527,0.00293609662912786,0.005267702974379063,0.011312607675790787,0.017357513308525085,0.01545768603682518,0.020984455943107605,0.02668393775820732,0.026770293712615967,0.02288428321480751,0.020725388079881668,0.034801382571458817,0.05103626847267151,0.10500863194465637,0.24119171500205994,0.31226253509521484,0.065198615193367,0.0230569951236248,0.0,0.006044905167073011,0.01666666753590107,0.02210708148777485,0.023575128987431526,0.05103626847267151,0.03635578602552414,0.0360967181622982,0.03557858243584633,0.05146804824471474,0.07392055541276932,0.11105354130268097,0.2199481874704361,0.2120034545660019,0.09170984476804733,0.01243523322045803,40.80540084838867,82.5456314086914,81.61573028564453
Ripe_179.jpg,Ripe,Ripe,39.283145904541016,16.726869583129883,64.03352355957031,16.376882553100586,70.43905639648438,19.742570877075195,0.023668639361858368,0.9409379959106445,0.02542187087237835,0.005040543619543314,0.0008766162791289389,0.00043830813956446946,0.0005478851380757987,0.00043830813956446946,0.00021915406978223473,0.0,0.0,0.0,0.0,0.00021915406978223473,0.0006574622238986194,0.0015340785030275583,0.004930966533720493,0.008985316380858421,0.009533202275633812,0.012930089607834816,0.02169625274837017,0.028599604964256287,0.03364014998078346,0.04284461960196495,0.06640367954969406,0.08941485732793808,0.19318430125713348,0.2849002778530121,0.1383957862854004,0.03868069127202034,0.015998246148228645,0.009861933067440987,0.0,0.00043830813956446946,0.007012930233031511,0.0174227487295866,0.026955949142575264,0.03813280910253525,0.045474469661712646,0.04404996708035469,0.0448170080780983,0.06519833207130432,0.09609905630350113,0.11154942214488983,0.11264518648386002,0.16918693482875824,0.18770545721054077,0.03331141918897629,41.001121520996094,70.12970733642578,91.41543579101562
Ripe_18.jpg,Ripe,Ripe,44.69631576538086,4.974898338317871,80.19185638427734,25.41012191772461,55.080711364746094,14.140951156616211,0.00473684212192893,0.41842105984687805,0.5763157606124878,0.0005263157654553652,0.0,0.0,0.0,0.0,0.0,0.0,0.0,0.0,0.0,0.0,0.0,0.0,0.0007894737063907087,0.006842105183750391,0.024736842140555382,0.037631578743457794,0.02657894790172577,0.02368421107530594,0.017894737422466278,0.02052631601691246,0.02078947424888611,0.024210525676608086,0.0294736847281456,0.0442105270922184,0.04447368532419205,0.07447368651628494,0.17078948020935059,0.4328947365283966,0.0021052630618214607,0.002368421060964465,0.0055263158865273,0.008947368711233139,0.015263157896697521,0.0671052634716034,0.13894736766815186,0.12710526585578918,0.14815789461135864,0.14657895267009735,0.1478947401046753,0.11578947305679321,0.06499999761581421,0.008421052247285843,0.0007894737063907087,0.0,47.271209716796875,96.29116821289062,68.6891098022461
Ripe_180.jpg,Ripe,Ripe,49.862342834472656,37.34328842163086,60.06109619140625,24.108572006225586,64.91541290283203,17.00657081604004,0.023950647562742233,0.7857747673988342,0.10535865277051926,0.012701100669801235,0.007015846204012632,0.004475626163184643,0.010644732043147087,0.01935405842959881,0.023466795682907104,0.004112737253308296,0.00012096286081941798,0.0,0.0,0.0,0.0008467400330118835,0.0021773315966129303,0.040159672498703,0.052860770374536514,0.017176726832985878,0.015483246184885502,0.02020079828798771,0.025160275399684906,0.03858715295791626,0.05733639746904373,0.061207208782434464,0.08467400819063187,0.10160880535840988,0.1570097953081131,0.2014031708240509,0.08830288797616959,0.018749244511127472,0.0200798362493515,0.0,0.002056368626654148,0.008467400446534157,0.01584613509476185,0.018507318571209908,0.022499091923236847,0.029635902494192123,0.10995524376630783,0.09773799777030945,0.09749606996774673,0.1293092966079712,0.13862344622612,0.15325994789600372,0.11902745813131332,0.05334462225437164,0.004233700223267078,42.70344924926758,79.28482818603516,80.815185546875
Ripe_181.jpg,Ripe,Ripe,40.5761833190918,40.67796325683594,68.82988739013672,16.503442764282227,70.41641998291016,20.333158493041992,0.12509381771087646,0.8034775853157043,0.05504127964377403,0.0001250938221346587,0.0,0.0,0.0,0.0,0.0,0.0,0.0,0.0,0.0002501876442693174,0.0002501876442693174,0.0015011258656159043,0.014260695315897465,0.0033775330521166325,0.004753564950078726,0.006004503462463617,0.00788091029971838,0.018513886258006096,0.028146110475063324,0.029647234827280045,0.03590192645788193,0.050037529319524765,0.06654991209506989,0.09932449460029602,0.20665499567985535,0.29071804881095886,0.10220164805650711,0.027645735070109367,0.0226419810205698,0.0003752814664039761,0.00562922190874815,0.01576182059943676,0.029021766036748886,0.02551914006471634,0.026644984260201454,0.028146110475063324,0.03440080210566521,0.04365774244070053,0.05791844055056572,0.07105328887701035,0.11421065777540207,0.1741306036710739,0.19739805161952972,0.14498373866081238,0.031148361042141914,41.4815788269043,79.64466094970703,82.38907623291016
Ripe_182.jpg,Ripe,Ripe,49.71049118041992,28.646270751953125,47.62067794799805,27.5262508392334,57.13563537597656,24.300264358520508,0.011810733005404472,0.4120469391345978,0.5500110983848572,0.011958367191255093,0.0021406954620033503,0.0,0.001476341625675559,0.0,0.0,0.0,0.0021406954620033503,0.0,0.0017716099973767996,0.0011072561610490084,0.0030265003442764282,0.0025097806937992573,0.06938805431127548,0.053517382591962814,0.07064294815063477,0.16712187230587006,0.03307005390524864,0.01424669660627842,0.015723038464784622,0.018011366948485374,0.0304864551872015,0.06303978711366653,0.1499963104724884,0.13811175525188446,0.11205433309078217,0.05853694677352905,0.0050195613875985146,0.00103343918453902,0.0,7.38170783733949e-05,0.002435963600873947,0.01904480718076229,0.18690484762191772,0.13250166177749634,0.05838930979371071,0.05226249247789383,0.06451612710952759,0.0736694484949112,0.06887133419513702,0.04613567516207695,0.04118993133306503,0.062227800488471985,0.13508525490760803,0.05669151991605759,57.57817840576172,20.11651611328125,30.917577743530273
Ripe_183.jpg,Ripe,Ripe,45.644386291503906,3.4100875854492188,77.25458526611328,14.188700675964355,70.19197845458984,13.59853744506836,0.0,0.3108288645744324,0.6866644620895386,0.0021724598482251167,0.0003342246054671705,0.0,0.0,0.0,0.0,0.0,0.0,0.0,0.0,0.0,0.0,0.0,0.0008355614845640957,0.00384358293376863,0.003342245938256383,0.002673796843737364,0.010528074577450752,0.016377005726099014,0.014037433080375195,0.014371657744050026,0.012366309762001038,0.026905080303549767,0.04411764815449715,0.10728609561920166,0.27974599599838257,0.32002004981040955,0.11864973604679108,0.024899732321500778,0.0003342246054671705,0.00384358293376863,0.00985962525010109,0.008188502863049507,0.007854278199374676,0.010862299241125584,0.01620989292860031,0.020387699827551842,0.031918447464704514,0.07152406126260757,0.15290775895118713,0.21574197709560394,0.32052138447761536,0.12299465388059616,0.006851604208350182,0.0,46.74253463745117,81.19217681884766,79.6755599975586
Ripe_184.jpg,Ripe,Ripe,45.76008605957031,6.561546802520752,74.8758544921875,13.76749038696289,65.97538757324219,10.881460189819336,0.0007270083879120648,0.33133405447006226,0.6675754189491272,0.0,0.0,0.0,0.0,0.0,0.0,0.0,0.0,0.0,0.0,0.0,0.0,0.0003635041939560324,0.0003635041939560324,0.0012722646351903677,0.0034532896243035793,0.005089058540761471,0.01126862969249487,0.01617593690752983,0.019083969295024872,0.015267175622284412,0.021992003545165062,0.04507451876997948,0.05034532770514488,0.11050526797771454,0.3951290547847748,0.24391131103038788,0.04943656921386719,0.011632134206593037,0.0,0.0003635041939560324,0.0030897855758666992,0.003816793905571103,0.005089058540761471,0.010178117081522942,0.015085423365235329,0.04434750974178314,0.08015266805887222,0.1348600536584854,0.24263903498649597,0.25554344058036804,0.1917484551668167,0.013086150400340557,0.0,0.0,46.93254089355469,81.04431915283203,70.12036895751953
Ripe_185.jpg,Ripe,Ripe,52.810672760009766,10.09083080291748,53.108726501464844,31.15631103515625,67.87549591064453,15.315269470214844,7.895152521086857e-05,0.15916627645492554,0.5895310044288635,0.25106585025787354,0.0,0.00015790305042173713,0.0,0.0,0.0,0.0,0.0,0.0,0.0,0.0,0.0,0.0,0.20180009305477142,0.0719248354434967,0.003237012540921569,0.004579188302159309,0.009553134441375732,0.011132164858281612,0.0122374864295125,0.014211274683475494,0.023685457184910774,0.04002842307090759,0.06529290974140167,0.1920890510082245,0.2824096083641052,0.057318806648254395,0.007421443238854408,0.0030791093595325947,0.00236854562535882,0.004026527516543865,0.0071845888160169125,0.008763618767261505,0.0075003947131335735,0.011211116798222065,0.02329069934785366,0.03197536617517471,0.057634610682725906,0.13563871383666992,0.26290857791900635,0.10492657870054245,0.12513816356658936,0.14842885732650757,0.06387178599834442,0.005131849087774754,69.15794372558594,5.64475154876709,64.7254409790039
Ripe_186.jpg,Ripe,Ripe,60.076045989990234,69.36522674560547,35.19640350341797,26.24181365966797,51.91273880004883,20.242177963256836,0.025968197733163834,0.7063990831375122,0.19312644004821777,0.006283662281930447,0.0,0.0,0.0,0.0,0.0,0.0,0.0,0.0039753783494234085,0.018658630549907684,0.006476019509136677,0.029687099158763885,0.009425493888556957,0.17632725834846497,0.21197743713855743,0.06501667201519012,0.01243908703327179,0.013785585761070251,0.015645036473870277,0.023018723353743553,0.03020005114376545,0.04808925464749336,0.19210053980350494,0.18261092901229858,0.027571171522140503,0.0010259040864184499,0.00019235700892750174,0.0,0.0,0.0,6.411900540115312e-05,0.00403949711471796,0.049628108739852905,0.2047319859266281,0.06360605359077454,0.06828673928976059,0.07065914571285248,0.08117465674877167,0.09797383844852448,0.1268273890018463,0.0740574523806572,0.07149268686771393,0.06719671934843063,0.020261606201529503,0.0,41.35353469848633,65.55517578125,68.09751892089844
Ripe_187.jpg,Ripe,Ripe,47.27018356323242,18.789987564086914,45.355247497558594,24.829469680786133,52.015159606933594,23.170351028442383,0.016833094879984856,0.521540641784668,0.40527817606925964,0.051212552934885025,0.0,0.0,0.002425106940791011,0.0,0.0,0.0,0.0,0.0,0.0008559201378375292,0.0,0.0015691869193688035,0.00028530671261250973,0.06455064564943314,0.04835948720574379,0.0572039932012558,0.17125535011291504,0.057845935225486755,0.016761768609285355,0.014336662366986275,0.020042795687913895,0.06062767654657364,0.1024964302778244,0.17888730764389038,0.15106989443302155,0.04736091196537018,0.007845934480428696,0.0009272468159906566,0.0004279600689187646,0.0,0.0,0.0008559201378375292,0.026533523574471474,0.23965762555599213,0.15841655433177948,0.04778887331485748,0.06333808600902557,0.0701141208410263,0.07189729064702988,0.06733237951993942,0.03209700435400009,0.034094151109457016,0.047146931290626526,0.1268901526927948,0.013837374746799469,59.43673324584961,21.051055908203125,31.642404556274414
Ripe_188.jpg,Ripe,Ripe,49.806724548339844,19.735597610473633,44.229652404785156,27.717187881469727,54.88132858276367,22.41716194152832,0.013259496539831161,0.34092503786087036,0.5541689395904541,0.07729506492614746,0.008267685770988464,0.0026518991217017174,0.0004679822304751724,0.0,0.0,0.0,0.0,0.0,0.0005459792446345091,0.0,0.0019499259069561958,0.0004679822304751724,0.10974182933568954,0.06840340048074722,0.08548475056886673,0.11621558666229248,0.045940253883600235,0.016301380470395088,0.01676936261355877,0.02807893231511116,0.03665860742330551,0.08766867220401764,0.11496762931346893,0.13009905815124512,0.10693393647670746,0.03275875374674797,0.003509866539388895,0.0004679822304751724,0.0,0.0,0.0003119881439488381,0.009905623272061348,0.22049762308597565,0.1307230293750763,0.04828016459941864,0.0542079396545887,0.06270961463451385,0.07464316487312317,0.069027379155159,0.068793386220932,0.08197488635778427,0.07971297204494476,0.09796427935361862,0.0012479525757953525,60.66794967651367,20.009843826293945,30.373266220092773
Ripe_189.jpg,Ripe,Ripe,46.11050796508789,8.623761177062988,48.474605560302734,25.59637451171875,55.94252395629883,22.688976287841797,0.00095816032262519,0.4798254072666168,0.512509286403656,0.0066006602719426155,0.0,0.0,0.0,0.0,0.0,0.0,0.0,0.0,0.0,0.0,0.00010646225564414635,0.0,0.041200894862413406,0.06856169551610947,0.04183966666460037,0.09794528037309647,0.124773770570755,0.02608325332403183,0.024166932329535484,0.02991589531302452,0.03641009330749512,0.06547428667545319,0.12317683547735214,0.16246140003204346,0.124773770570755,0.028212498873472214,0.004152027890086174,0.0008516980451531708,0.0,0.0,0.0,0.002022783039137721,0.14904716610908508,0.1957840919494629,0.06164164841175079,0.05802193284034729,0.058660704642534256,0.08080485463142395,0.08878952264785767,0.049717873334884644,0.03630363196134567,0.06664537638425827,0.13371659815311432,0.018843820318579674,57.039794921875,27.50506591796875,30.987689971923828
Ripe_19.jpg,Ripe,Ripe,46.401981353759766,10.808062553405762,82.57341766357422,23.44075584411621,64.51597595214844,16.366052627563477,0.003299422562122345,0.2873247265815735,0.7082760334014893,0.0,0.0,0.0,0.0,0.0,0.0,0.0,0.0,0.0,0.0,0.0,0.0002749518898781389,0.0008248556405305862,0.0,0.006873797159641981,0.016772065311670303,0.023095957934856415,0.023920813575387,0.021171294152736664,0.01787187159061432,0.01512235403060913,0.01567225717008114,0.023370910435914993,0.04234258830547333,0.04234258830547333,0.06873796880245209,0.08056090027093887,0.09678306430578232,0.5053615570068359,0.0,0.0,0.0,0.0019246632000431418,0.008248556405305862,0.04619191586971283,0.11080560833215714,0.07588671892881393,0.05773989483714104,0.08578498661518097,0.16139675676822662,0.15369810163974762,0.1383007913827896,0.10585647821426392,0.05279076099395752,0.0013747593620792031,47.00714111328125,97.82819366455078,68.93653106689453
Ripe_190.jpg,Ripe,Ripe,47.53407669067383,17.220788955688477,46.52737045288086,24.830562591552734,61.18247604370117,22.319826126098633,0.008286778815090656,0.5437616109848022,0.431005597114563,0.014245809987187386,0.0,0.0,0.0,0.0,0.0,0.0,0.0,0.0,9.310986933996901e-05,0.00018621973867993802,0.0016759776044636965,0.0007448789547197521,0.061638735234737396,0.051117319613695145,0.049534451216459274,0.17067039012908936,0.047579143196344376,0.022905027493834496,0.01666666753590107,0.02020484209060669,0.03361266478896141,0.07690875232219696,0.23798882961273193,0.16387337446212769,0.0353817492723465,0.009497206658124924,0.0014897579094395041,0.0009310987079516053,0.0,0.0,9.310986933996901e-05,0.0019553073216229677,0.19255121052265167,0.06890130043029785,0.04171322286128998,0.04329608753323555,0.05009311065077782,0.06173184514045715,0.04906890168786049,0.06061452627182007,0.20037244260311127,0.1555865854024887,0.0701117292046547,0.0039106146432459354,43.14534378051758,67.59390258789062,81.0451889038086
Ripe_191.jpg,Ripe,Ripe,58.64785385131836,15.086051940917969,6.053634166717529,1.9666091203689575,60.79241180419922,5.583042144775391,0.0,0.23018941283226013,0.21240819990634918,0.5574023723602295,0.0,0.0,0.0,0.0,0.0,0.0,0.0,0.0,0.0,0.0,0.0,0.0,0.5172013640403748,0.48279860615730286,0.0,0.0,0.0,0.0,0.0,0.0,0.0,0.0,0.0,0.0,0.0,0.0,0.0,0.0,0.0,0.0,0.0,0.0,0.0,0.0,0.017587939277291298,0.05334364250302315,0.09354464709758759,0.3225744068622589,0.5129493474960327,0.0,0.0,0.0,0.0,0.0,64.89404296875,6.311229705810547,64.69914245605469
Ripe_192.jpg,Ripe,Ripe,54.4040641784668,15.01176929473877,5.814218044281006,1.9225223064422607,61.34041976928711,4.681108474731445,0.01782633736729622,0.2999808192253113,0.2645198404788971,0.4176729917526245,0.0,0.0,0.0,0.0,0.0,0.0,0.0,0.0,0.0,0.0,0.0,0.0,0.6076288819313049,0.3923710882663727,0.0,0.0,0.0,0.0,0.0,0.0,0.0,0.0,0.0,0.0,0.0,0.0,0.0,0.0,0.0,0.0,0.0,0.0,0.0,0.0,0.004983707331120968,0.02894383668899536,0.11558366566896439,0.33448341488838196,0.5160053968429565,0.0,0.0,0.0,0.0,0.0,62.15441131591797,5.9517927169799805,64.76470184326172
Ripe_193.jpg,Ripe,Ripe,58.64785385131836,15.086051940917969,6.053634166717529,1.9666091203689575,60.79241180419922,5.583042144775391,0.0,0.23018941283226013,0.21240819990634918,0.5574023723602295,0.0,0.0,0.0,0.0,0.0,0.0,0.0,0.0,0.0,0.0,0.0,0.0,0.5172013640403748,0.48279860615730286,0.0,0.0,0.0,0.0,0.0,0.0,0.0,0.0,0.0,0.0,0.0,0.0,0.0,0.0,0.0,0.0,0.0,0.0,0.0,0.0,0.017587939277291298,0.05334364250302315,0.09354464709758759,0.3225744068622589,0.5129493474960327,0.0,0.0,0.0,0.0,0.0,64.89404296875,6.311229705810547,64.69914245605469
Ripe_194.jpg,Ripe,Ripe,65.60381317138672,10.145526885986328,5.180924892425537,1.827925205230713,60.33369827270508,5.851975440979004,0.003986135125160217,0.030502598732709885,0.19653379917144775,0.7672443389892578,0.001733102253638208,0.0,0.0,0.0,0.0,0.0,0.0,0.0,0.0,0.0,0.0,0.0,0.6932408809661865,0.3067590892314911,0.0,0.0,0.0,0.0,0.0,0.0,0.0,0.0,0.0,0.0,0.0,0.0,0.0,0.0,0.0,0.0,0.0,0.0,0.0,0.0,0.017504332587122917,0.06984402239322662,0.1246100515127182,0.29532063007354736,0.49272096157073975,0.0,0.0,0.0,0.0,0.0,69.18302154541016,5.500616073608398,64.57315826416016
Ripe_195.jpg,Ripe,Ripe,44.75608444213867,2.195884943008423,71.44527435302734,10.436245918273926,74.26329040527344,12.481589317321777,0.0,0.4855687618255615,0.5144312381744385,0.0,0.0,0.0,0.0,0.0,0.0,0.0,0.0,0.0,0.0,0.0,0.0,0.0,0.0,0.0,0.001320505514740944,0.003395585808902979,0.012261837720870972,0.01377098634839058,0.01377098634839058,0.014714204706251621,0.01603471115231514,0.030748914927244186,0.07413695752620697,0.4231277108192444,0.3597434461116791,0.033389925956726074,0.0032069419976323843,0.00037728730239905417,0.0,0.0,0.00037728730239905417,0.00358422938734293,0.003395585808902979,0.005847953259944916,0.009054895490407944,0.03188077732920647,0.05470665916800499,0.06206376105546951,0.09809470176696777,0.12733446061611176,0.25919637084007263,0.2829654812812805,0.06149782985448837,0.0,46.166141510009766,77.28910827636719,81.12451171875
Ripe_196.jpg,Ripe,Ripe,62.08182144165039,16.943761825561523,4.098163604736328,1.2059043645858765,59.70798873901367,5.973379611968994,0.03425910696387291,0.14901047945022583,0.07849659025669098,0.7375686168670654,0.0006652253214269876,0.0,0.0,0.0,0.0,0.0,0.0,0.0,0.0,0.0,0.0,0.0,0.9176783561706543,0.0823216363787651,0.0,0.0,0.0,0.0,0.0,0.0,0.0,0.0,0.0,0.0,0.0,0.0,0.0,0.0,0.0,0.0,0.0,0.0,0.0,0.0,0.01729585975408554,0.06885082274675369,0.1576584130525589,0.32662564516067505,0.429569274187088,0.0,0.0,0.0,0.0,0.0,69.22794342041016,3.8670525550842285,64.6699447631836
Ripe_197.jpg,Ripe,Ripe,45.196311950683594,7.398286819458008,71.91789245605469,16.22770881652832,68.10794830322266,15.500959396362305,0.0030078203417360783,0.45799076557159424,0.5309805274009705,0.003809905843809247,0.0016041708877310157,0.0008020854438655078,0.0004010427219327539,0.0010026068193838,0.0004010427219327539,0.0,0.0,0.0,0.0,0.0,0.0,0.0,0.0030078203417360783,0.004411469679325819,0.004611991345882416,0.0112291956320405,0.015440144576132298,0.018648486584424973,0.028273511677980423,0.027671946212649345,0.03489071503281593,0.04190896451473236,0.06135953590273857,0.14156807959079742,0.3583316504955292,0.19189894199371338,0.04110687971115112,0.015640664845705032,0.0022057348396629095,0.0060156406834721565,0.005213555414229631,0.007619811687618494,0.011028674431145191,0.015039101243019104,0.023661520332098007,0.040505312383174896,0.08281531929969788,0.111088827252388,0.12773209810256958,0.166432723402977,0.2095448225736618,0.1540004014968872,0.036895930767059326,0.00020052136096637696,47.27107238769531,79.92323303222656,80.96929168701172
Ripe_198.jpg,Ripe,Ripe,55.65971374511719,69.3504638671875,43.16423797607422,29.086233139038086,53.54168701171875,22.15761947631836,0.05123479664325714,0.7385919690132141,0.1491338014602661,0.0029487651772797108,0.0,0.0,0.0,0.0,0.0,0.0,0.0,0.0,0.0030224842485040426,0.017545152455568314,0.0013269443297758698,0.03619609400629997,0.11529672145843506,0.0746774822473526,0.16210836172103882,0.0836712121963501,0.013122005388140678,0.015702174976468086,0.01599705033004284,0.024106156080961227,0.03059343807399273,0.057279765605926514,0.07335053384304047,0.18164393305778503,0.11728713661432266,0.03251013532280922,0.0026538886595517397,0.0,0.0,0.0,0.0004423147765919566,0.01017323974519968,0.12185772508382797,0.24636933207511902,0.0828603059053421,0.06406192481517792,0.07202359288930893,0.07637301832437515,0.05595282092690468,0.03133063018321991,0.0397346094250679,0.07475119829177856,0.11190564185380936,0.012163656763732433,40.293113708496094,18.190155029296875,31.572681427001953
Ripe_2.jpg,Ripe,Ripe,55.843994140625,11.919866561889648,68.0271987915039,17.54427146911621,52.83395004272461,13.256630897521973,0.0,0.03036121465265751,0.8453137874603271,0.08928357064723969,0.03336133435368538,0.001320052775554359,0.00012000479910057038,0.00024000959820114076,0.0,0.0,0.0,0.0,0.0,0.0,0.0,0.0,0.003840153571218252,0.010560422204434872,0.014640585519373417,0.014640585519373417,0.011400455608963966,0.016800671815872192,0.020400816574692726,0.03384135290980339,0.06036241352558136,0.08880355209112167,0.12624505162239075,0.18312732875347137,0.21624864637851715,0.14496579766273499,0.03996159881353378,0.01416056603193283,0.0,0.000960038392804563,0.00504020182415843,0.0171606857329607,0.060122404247522354,0.07596303522586823,0.08736349642276764,0.1302052140235901,0.16992679238319397,0.12060482054948807,0.2792511582374573,0.05064202472567558,0.002520100912079215,0.00024000959820114076,0.0,0.0,51.49287033081055,69.39675903320312,66.72293853759766
Ripe_20.jpg,Ripe,Ripe,44.469852447509766,9.837949752807617,77.29032135009766,29.8365421295166,56.10608673095703,18.293668746948242,0.007686764467507601,0.4374249279499054,0.5541676878929138,0.0,0.0,0.0,0.0,0.0,0.0,0.0,0.0,0.0,0.0,0.00024021138960961252,0.0,0.00048042277921922505,0.004564016126096249,0.01897669956088066,0.036271918565034866,0.06990151107311249,0.024501562118530273,0.02089839056134224,0.022339658811688423,0.026903675869107246,0.0220994483679533,0.01969733275473118,0.014412683434784412,0.019457122310996056,0.027624309062957764,0.05452798306941986,0.13451837003231049,0.48330530524253845,0.0012010568752884865,0.006485707592219114,0.016334373503923416,0.027864521369338036,0.041556570678949356,0.048762910068035126,0.13331732153892517,0.13115541636943817,0.09176074713468552,0.08791736513376236,0.11458083242177963,0.11458083242177963,0.11674273014068604,0.05236608162522316,0.014172472059726715,0.0012010568752884865,47.728553771972656,97.02690887451172,69.22052001953125
Ripe_200.jpg,Ripe,Ripe,47.916316986083984,8.445880889892578,69.67092895507812,17.485532760620117,55.925357818603516,12.281557083129883,0.0013570055598393083,0.24550491571426392,0.7227185368537903,0.029514869675040245,0.0004523351672105491,0.00011308379180263728,0.0,0.0,0.0,0.0,0.0,0.0,0.0,0.0,0.00022616758360527456,0.00011308379180263728,0.0006785027799196541,0.004071016795933247,0.010629876516759396,0.015492480248212814,0.012891552411019802,0.018771909177303314,0.02781861275434494,0.03799615427851677,0.05620264634490013,0.08583059906959534,0.12450525909662247,0.1600135713815689,0.16261449456214905,0.18579667806625366,0.06434468179941177,0.03234196454286575,0.0,0.0,0.002374759642407298,0.019450413063168526,0.025556936860084534,0.03449055925011635,0.06932036578655243,0.13750989735126495,0.16725093126296997,0.22153115272521973,0.18138641119003296,0.1138753816485405,0.026687774807214737,0.0005654189735651016,0.0,0.0,48.141239166259766,81.7073974609375,58.032012939453125
Ripe_202.jpg,Ripe,Ripe,52.26572799682617,9.011273384094238,71.48650360107422,17.153545379638672,56.25419616699219,13.107425689697266,0.0,0.06832972168922424,0.8473039865493774,0.08041524887084961,0.0036411527544260025,0.0003098853339906782,0.0,0.0,0.0,0.0,0.0,0.0,0.0,0.0,0.0,0.0,0.0012395413359627128,0.008057018741965294,0.013867368921637535,0.013247597962617874,0.011388286016881466,0.016501395031809807,0.01797335036098957,0.02471335604786873,0.03191819041967392,0.04764487221837044,0.12457390874624252,0.17229625582695007,0.22164548933506012,0.18825533986091614,0.09350790083408356,0.01317012682557106,0.0,0.0001549426669953391,0.0027114967815577984,0.010691043920814991,0.03757359832525253,0.05980787053704262,0.08397892862558365,0.09443755447864532,0.12627828121185303,0.20065076649188995,0.21397583186626434,0.14649829268455505,0.023241400718688965,0.0,0.0,0.0,50.384822845458984,80.9765625,67.02129364013672
Ripe_203.jpg,Ripe,Ripe,49.221920013427734,12.25609016418457,70.07701110839844,17.009416580200195,57.28030776977539,14.704509735107422,0.001894800690934062,0.20623010396957397,0.7493557929992676,0.03948764503002167,0.001894800690934062,0.0,0.0,0.0,0.0,0.0,0.0,0.0,7.579202792840078e-05,0.00015158405585680157,0.0004547521530184895,0.0004547521530184895,0.0015916326083242893,0.005078065674751997,0.009549795649945736,0.01038350723683834,0.01174776442348957,0.01697741448879242,0.026678793132305145,0.03963923081755638,0.050780657678842545,0.07518569380044937,0.12232833355665207,0.17000152170658112,0.2379869669675827,0.12179778516292572,0.058435652405023575,0.04183720052242279,0.0,0.0003789601323660463,0.004774897824972868,0.014476276934146881,0.03592542186379433,0.054342884570360184,0.07177504897117615,0.10034864395856857,0.19084432721138,0.13976049423217773,0.1267242729663849,0.13907836377620697,0.10209185630083084,0.0194027591496706,7.579202792840078e-05,0.0,50.0,79.99276733398438,69.04669189453125
Ripe_21.jpg,Ripe,Ripe,45.37698745727539,18.18183708190918,80.91763305664062,25.983978271484375,61.688682556152344,21.790611267089844,0.01803349144756794,0.37999141216278076,0.5981107950210571,0.0,0.0,0.0,0.0,0.0,0.0,0.0,0.0,0.0008587376796640456,0.0004293688398320228,0.0004293688398320228,0.001502790953963995,0.0006440532160922885,0.0002146844199160114,0.007728639058768749,0.019536281004548073,0.03284671530127525,0.03735508769750595,0.03971661627292633,0.018892228603363037,0.012666380032896996,0.015027908608317375,0.018892228603363037,0.023400600999593735,0.030914556235074997,0.042722199112176895,0.08222413063049316,0.11678832024335861,0.50107342004776,0.005796479061245918,0.00837269239127636,0.007084585726261139,0.017604121938347816,0.03714040294289589,0.08887934684753418,0.11807642877101898,0.06268785148859024,0.055817946791648865,0.06526406109333038,0.07556891441345215,0.11335337162017822,0.10218977928161621,0.12215542793273926,0.10970373451709747,0.010304851457476616,48.94533157348633,96.93367004394531,81.92679595947266
Ripe_22.jpg,Ripe,Ripe,46.13310623168945,14.34537124633789,81.39286041259766,25.79857635498047,58.9692268371582,22.8726863861084,0.021195420995354652,0.2880457937717438,0.6867316365242004,0.0014836795162409544,0.00021195421868469566,0.0004239084373693913,0.0,0.00021195421868469566,0.0,0.0,0.0,0.0,0.0,0.0,0.0004239084373693913,0.0012717252830043435,0.0004239084373693913,0.014836795628070831,0.022679101675748825,0.02564646117389202,0.02628232352435589,0.024374734610319138,0.025434507057070732,0.02161933109164238,0.018440017476677895,0.021195420995354652,0.02564646117389202,0.027554048225283623,0.04133107140660286,0.06930902600288391,0.12653666734695435,0.5086901187896729,0.009114031679928303,0.02161933109164238,0.019923696294426918,0.020983466878533363,0.03052140772342682,0.09389571845531464,0.12844425439834595,0.06697753071784973,0.05574395880103111,0.06273844838142395,0.06125476956367493,0.09622721374034882,0.12144976854324341,0.1197541356086731,0.08859686553478241,0.0027554049156606197,49.13313293457031,97.61318969726562,81.61099243164062
Ripe_23.jpg,Ripe,Ripe,45.46080017089844,5.601307392120361,79.85784912109375,26.11016845703125,61.24806213378906,17.552230834960938,0.002788968151435256,0.3036876320838928,0.6919739842414856,0.0012395413359627128,0.0,0.0,0.0003098853339906782,0.0,0.0,0.0,0.0,0.0,0.0,0.0,0.0,0.0,0.003098853398114443,0.01487449649721384,0.025100713595747948,0.02417105622589588,0.027269911020994186,0.022311745211482048,0.023241400718688965,0.022311745211482048,0.02417105622589588,0.02696002461016178,0.0362565852701664,0.04369383305311203,0.066935233771801,0.04989153891801834,0.08397892862558365,0.5057328939437866,0.0,0.0003098853339906782,0.002788968151435256,0.004648280330002308,0.01673380844295025,0.08057019114494324,0.10814998298883438,0.09296560287475586,0.09792377054691315,0.10505113005638123,0.10195227712392807,0.11279826611280441,0.12519368529319763,0.10071273893117905,0.050201427191495895,0.0,48.33012771606445,98.06627655029297,80.85401916503906
Ripe_24.jpg,Ripe,Ripe,44.87693786621094,6.267416000366211,78.15497589111328,26.949539184570312,60.11267852783203,19.45253562927246,0.01265422347933054,0.382473886013031,0.6045555472373962,0.0003163555811624974,0.0,0.0,0.0,0.0,0.0,0.0,0.0,0.0,0.0,0.0,0.0,0.0,0.0015817779349163175,0.013919645920395851,0.02847200259566307,0.036380890756845474,0.03321733698248863,0.0268902238458395,0.021195823326706886,0.018032267689704895,0.024359380826354027,0.030370136722922325,0.043340716511011124,0.03290098160505295,0.05852578207850456,0.06706738471984863,0.12812401354312897,0.4356216490268707,0.0003163555811624974,0.008541600778698921,0.01075609028339386,0.011705156415700912,0.023410312831401825,0.04903511703014374,0.15817779302597046,0.09395761042833328,0.09395761042833328,0.0658019632101059,0.08098702877759933,0.1094590350985527,0.1395128071308136,0.09648845344781876,0.05283138155937195,0.005061689298599958,48.98920822143555,96.64126586914062,80.82730865478516
Ripe_25.jpg,Ripe,Ripe,45.84650802612305,20.009769439697266,82.43616485595703,25.785978317260742,61.52506637573242,17.736557006835938,0.014430960640311241,0.32568055391311646,0.6546408534049988,0.0003279763914179057,0.0,0.0,0.0,0.0,0.0,0.0,0.0,0.0,0.0013119055656716228,0.0006559527828358114,0.0013119055656716228,0.001639881986193359,0.0003279763914179057,0.006559527944773436,0.020334536209702492,0.0308297798037529,0.04099704697728157,0.024270253255963326,0.01967858336865902,0.01967858336865902,0.014758937060832977,0.01803870126605034,0.014102984219789505,0.026238111779093742,0.030501803383231163,0.06297146528959274,0.1233191192150116,0.5473926067352295,0.008527386002242565,0.009511315263807774,0.006887503899633884,0.014430960640311241,0.01869465410709381,0.02984585054218769,0.06657920777797699,0.11446376144886017,0.08166611939668655,0.11511971056461334,0.11315185576677322,0.13315841555595398,0.18760249018669128,0.09773696213960648,0.0026238111313432455,0.0,48.188350677490234,96.81362915039062,80.13068389892578
Ripe_26.jpg,Ripe,Ripe,44.65564727783203,5.698272705078125,79.26264190673828,28.051406860351562,53.48068618774414,16.634584426879883,0.0072115384973585606,0.3548677861690521,0.6379206776618958,0.0,0.0,0.0,0.0,0.0,0.0,0.0,0.0,0.0,0.0,0.0,0.0,0.0,0.0018028846243396401,0.012920673005282879,0.024038461968302727,0.04296875,0.041766826063394547,0.03515625,0.020132211968302727,0.022536057978868484,0.026141826063394547,0.016225961968302727,0.01592548005282879,0.018930288031697273,0.03365384787321091,0.05618990212678909,0.12469951808452606,0.506911039352417,0.010817307978868484,0.010216346010565758,0.010516826994717121,0.01592548005282879,0.02734375,0.09495192021131516,0.12860576808452606,0.11268028616905212,0.12319711595773697,0.11418269574642181,0.12710335850715637,0.14873798191547394,0.07451923191547394,0.0012019231216982007,0.0,0.0,47.937889099121094,97.13219451904297,69.38552856445312
Ripe_27.jpg,Ripe,Ripe,45.370994567871094,5.354735851287842,78.68238067626953,26.051111221313477,59.79021072387695,16.899513244628906,0.0031735957600176334,0.35322120785713196,0.6432878375053406,0.00031735957600176334,0.0,0.0,0.0,0.0,0.0,0.0,0.0,0.0,0.0,0.0,0.0,0.0,0.0015867978800088167,0.008886068128049374,0.022215168923139572,0.028879720717668533,0.042526181787252426,0.029831798747181892,0.017772136256098747,0.0117423040792346,0.022215168923139572,0.034592192620038986,0.05268168821930885,0.05522056668996811,0.05395112559199333,0.06315455585718155,0.08917804062366486,0.465566486120224,0.0015867978800088167,0.00285623618401587,0.0034909553360193968,0.00602983171120286,0.018724214285612106,0.10218977928161621,0.09552522748708725,0.06918438524007797,0.09489051252603531,0.10980641096830368,0.12123135477304459,0.14662012457847595,0.14852428436279297,0.07711837440729141,0.0022215170320123434,0.0,47.864715576171875,97.47859954833984,69.44331359863281
Ripe_28.jpg,Ripe,Ripe,44.2351188659668,15.475826263427734,79.51374816894531,26.92828369140625,62.03857421875,18.178943634033203,0.023150932043790817,0.4344558119773865,0.5396873354911804,0.0,0.0,0.0,0.0,0.0,0.0,0.0,0.0,0.0006013229140080512,0.0003006614570040256,0.0006013229140080512,0.0009019843419082463,0.0003006614570040256,0.0015033072559162974,0.006915213540196419,0.02585688605904579,0.04179194197058678,0.03728201985359192,0.03277209773659706,0.021647624671459198,0.0162357185035944,0.0195429939776659,0.02014431729912758,0.025556223466992378,0.029765484854578972,0.047203850001096725,0.0706554427742958,0.12597714364528656,0.47714972496032715,0.0021046302281320095,0.008418520912528038,0.007516536395996809,0.012327119708061218,0.01443174947053194,0.02104630134999752,0.11154539883136749,0.11304870992898941,0.10012026131153107,0.09019843488931656,0.10613349080085754,0.13108839094638824,0.10132291167974472,0.12748046219348907,0.05231509357690811,0.0009019843419082463,48.439937591552734,97.00652313232422,82.14119720458984
Ripe_29.jpg,Ripe,Ripe,44.164363861083984,22.127573013305664,85.16458892822266,22.29835319519043,62.32485580444336,20.061376571655273,0.03418508172035217,0.47030386328697205,0.49067679047584534,0.0,0.0,0.0,0.0,0.0,0.0,0.0,0.0,0.0,0.0,0.0006906077614985406,0.0013812155229970813,0.0027624310459941626,0.0,0.002071823226287961,0.011740331538021564,0.018991712480783463,0.02175414375960827,0.0220994483679533,0.022790055721998215,0.014848066493868828,0.02037292905151844,0.01864640973508358,0.02348066307604313,0.024861877784132957,0.04247237741947174,0.06077348068356514,0.14468231797218323,0.5504143834114075,0.0013812155229970813,0.014157458208501339,0.021408839151263237,0.019337017089128494,0.025897789746522903,0.03729281947016716,0.0904696136713028,0.07562154531478882,0.06802485883235931,0.06526242941617966,0.09081491827964783,0.14502762258052826,0.17921270430088043,0.1239640861749649,0.041091158986091614,0.0010359116131439805,48.215206146240234,97.1231918334961,81.15508270263672
Ripe_3.jpg,Ripe,Ripe,55.74043273925781,11.05667495727539,69.06114959716797,15.844381332397461,56.5798225402832,13.33820915222168,9.839614358497784e-05,0.02764931693673134,0.847190797328949,0.10557906329631805,0.01938403956592083,9.839614358497784e-05,0.0,0.0,0.0,0.0,0.0,0.0,0.0,0.0,0.0,0.0,0.0006887729978188872,0.004034241661429405,0.009150841273367405,0.012397914193570614,0.013972252607345581,0.017612909898161888,0.024107055738568306,0.03197874501347542,0.04801731929183006,0.08235757052898407,0.13814818859100342,0.19118370115756989,0.24795827269554138,0.13037489354610443,0.03532421588897705,0.012693102471530437,0.0,0.0004919806960970163,0.004034241661429405,0.00806848332285881,0.027354126796126366,0.07114040851593018,0.08363672345876694,0.08432549238204956,0.17632588744163513,0.15143166482448578,0.19167569279670715,0.16323919594287872,0.03827609866857529,0.0,0.0,0.0,51.47705841064453,78.80860137939453,68.28398132324219
Ripe_30.jpg,Ripe,Ripe,42.31034469604492,12.139487266540527,85.01619720458984,22.304929733276367,58.70468521118164,19.607704162597656,0.031609196215867996,0.5938697457313538,0.3735632300376892,0.0,0.0,0.0,0.0,0.0,0.0,0.0,0.0,0.0,0.0,0.0,0.0,0.0009578543831594288,0.0003192847943864763,0.007662835065275431,0.013409961946308613,0.010536398738622665,0.022030651569366455,0.020114943385124207,0.024265645071864128,0.015325670130550861,0.014367816038429737,0.024584930390119553,0.022030651569366455,0.022669220343232155,0.03639846667647362,0.07854405790567398,0.16123881936073303,0.5265006422996521,0.0,0.0038314175326377153,0.014367816038429737,0.03192847967147827,0.044380586594343185,0.05715198069810867,0.11430396139621735,0.08492975682020187,0.08269476145505905,0.10057470947504044,0.12675607204437256,0.10919540375471115,0.07758620381355286,0.08397190272808075,0.06577266752719879,0.0025542783550918102,48.1420783996582,97.00952911376953,82.06474304199219
Ripe_31.jpg,Ripe,Ripe,44.678653717041016,9.8693208694458,81.32827758789062,26.977779388427734,64.92453002929688,19.16549301147461,0.012470997869968414,0.42952436208724976,0.5571345686912537,0.0002900231920648366,0.0,0.0,0.0,0.0,0.0,0.0,0.0,0.0,0.0,0.0,0.0,0.0005800463841296732,0.0002900231920648366,0.005800464190542698,0.02175174094736576,0.033062644302845,0.03944315388798714,0.04147331789135933,0.025232018902897835,0.022911833599209785,0.014501160010695457,0.01740139164030552,0.016821345314383507,0.02320185676217079,0.026972157880663872,0.03683294728398323,0.09106728434562683,0.5832366347312927,0.0017401392105966806,0.005800464190542698,0.007250580005347729,0.00638051051646471,0.014211136847734451,0.05568445473909378,0.09976798295974731,0.07743619382381439,0.06409512460231781,0.05974477902054787,0.10063805431127548,0.12993039190769196,0.11600928008556366,0.18242458999156952,0.07859628647565842,0.0002900231920648366,48.9937629699707,97.7244644165039,82.54087829589844
Ripe_32.jpg,Ripe,Ripe,45.70109176635742,5.662790298461914,81.2165298461914,24.636207580566406,64.64154052734375,16.329309463500977,0.0035279025323688984,0.3168697953224182,0.6773572564125061,0.002245028968900442,0.0,0.0,0.0,0.0,0.0,0.0,0.0,0.0,0.0,0.0,0.0,0.0,0.0,0.011866580694913864,0.026619628071784973,0.02052597887814045,0.027902500703930855,0.022450288757681847,0.01539448369294405,0.016677357256412506,0.02180885151028633,0.019563822075724602,0.02180885151028633,0.042976267635822296,0.06574727594852448,0.09717767685651779,0.1472097486257553,0.4422706961631775,0.0,0.0,0.000641436839941889,0.0035279025323688984,0.006735086441040039,0.026619628071784973,0.08466965705156326,0.1324567049741745,0.08434893935918808,0.08627325296401978,0.11096856743097305,0.14817190170288086,0.1359845995903015,0.11866581439971924,0.05901218578219414,0.0019243104616180062,49.460208892822266,96.15916442871094,81.49052429199219
Ripe_33.jpg,Ripe,Ripe,46.857330322265625,5.249291896820068,79.63298034667969,24.011816024780273,65.78206634521484,17.539472579956055,0.0,0.25367286801338196,0.7453476786613464,0.0009794319048523903,0.0,0.0,0.0,0.0,0.0,0.0,0.0,0.0,0.0,0.0,0.0,0.0,0.0019588638097047806,0.012406137771904469,0.018282730132341385,0.024812275543808937,0.025138752534985542,0.02056807093322277,0.01991511508822441,0.017629774287343025,0.026444662362337112,0.02938295714557171,0.03591250255703926,0.0447273924946785,0.04668625444173813,0.11753182858228683,0.1929480880498886,0.3656545877456665,0.0,0.0,0.0009794319048523903,0.005223636981099844,0.018935684114694595,0.03656546026468277,0.10675808042287827,0.06921318918466568,0.06823375821113586,0.07802807539701462,0.11002285033464432,0.10708455741405487,0.1413646787405014,0.21971923112869263,0.03787136822938919,0.0,50.37052536010742,95.54134368896484,82.19937133789062
Ripe_34.jpg,Ripe,Ripe,46.74500274658203,10.713345527648926,85.24662017822266,22.696762084960938,67.51040649414062,18.31266975402832,0.013930951245129108,0.24651725590229034,0.7383403778076172,0.0003028467472176999,0.0,0.0,0.0,0.0,0.0,0.0,0.0,0.0,0.0003028467472176999,0.0,0.0003028467472176999,0.0003028467472176999,0.0,0.0021199272014200687,0.011205330491065979,0.023924894630908966,0.01907934620976448,0.022410660982131958,0.017565112560987473,0.02271350659430027,0.015748031437397003,0.022410660982131958,0.027861902490258217,0.029981829226017,0.02816474810242653,0.054209571331739426,0.09721381217241287,0.6053906679153442,0.0045427014119923115,0.005754088517278433,0.0030284675303846598,0.0042398544028401375,0.006965475622564554,0.023319199681282043,0.057843729853630066,0.09721381217241287,0.09267111122608185,0.09357964992523193,0.07783161848783493,0.09691096097230911,0.15051484107971191,0.14960630238056183,0.12810418009757996,0.007874015718698502,50.29638671875,97.60214233398438,81.91205596923828
Ripe_35.jpg,Ripe,Ripe,45.051692962646484,5.815873622894287,83.39167022705078,22.811704635620117,62.958003997802734,17.351726531982422,0.008307692594826221,0.28676924109458923,0.7049230933189392,0.0,0.0,0.0,0.0,0.0,0.0,0.0,0.0,0.0,0.0,0.0,0.0,0.0,0.0,0.004615384619683027,0.01415384653955698,0.02184615470468998,0.02184615470468998,0.01846153847873211,0.023076923564076424,0.017538461834192276,0.024000000208616257,0.023076923564076424,0.026769230142235756,0.02800000086426735,0.04738461598753929,0.0741538479924202,0.15261538326740265,0.5024615526199341,0.0,0.0,0.005846153944730759,0.02215384691953659,0.023076923564076424,0.04153846204280853,0.08584615588188171,0.07046154141426086,0.0615384615957737,0.11876922845840454,0.11969231069087982,0.15661539137363434,0.1473846137523651,0.12523077428340912,0.02184615470468998,0.0,48.95792007446289,96.87528228759766,81.1080093383789
Ripe_36.jpg,Ripe,Ripe,43.61872100830078,7.3289794921875,79.42008972167969,27.025821685791016,49.39229965209961,16.38456153869629,0.003670566715300083,0.5618261098861694,0.42945629358291626,0.003211745759472251,0.0002294104197062552,0.0006882312591187656,0.0004588208394125104,0.0002294104197062552,0.0,0.0002294104197062552,0.0,0.0,0.0,0.0,0.0,0.0,0.0034411561209708452,0.014682266861200333,0.02339986152946949,0.030740994960069656,0.034640971571207047,0.03922918066382408,0.022941041737794876,0.019041065126657486,0.01491167675703764,0.020417526364326477,0.019958706572651863,0.028905712068080902,0.04289974644780159,0.07364074140787125,0.15554025769233704,0.4556090831756592,0.008258774876594543,0.007799954153597355,0.00917641632258892,0.02477632462978363,0.08121128380298615,0.1459050178527832,0.12640513479709625,0.10231704264879227,0.10529938340187073,0.12869924306869507,0.1296168863773346,0.088093601167202,0.039688002318143845,0.00229410408064723,0.0002294104197062552,0.0002294104197062552,47.829620361328125,95.77106475830078,68.17776489257812
Ripe_37.jpg,Ripe,Ripe,46.06489181518555,7.473799228668213,88.15165710449219,20.815317153930664,68.10675811767578,20.896997451782227,0.015710381790995598,0.29269126057624817,0.6912568211555481,0.0003415300452616066,0.0,0.0,0.0,0.0,0.0,0.0,0.0,0.0,0.0,0.0,0.0,0.0,0.0,0.006147541105747223,0.0071721309795975685,0.011612022295594215,0.012295082211494446,0.02185792289674282,0.011612022295594215,0.02015027403831482,0.0191256832331419,0.02117486298084259,0.01844262331724167,0.02356557361781597,0.024931693449616432,0.03790983557701111,0.07684426009654999,0.687158465385437,0.0017076502554118633,0.004781420808285475,0.004781420808285475,0.012295082211494446,0.02322404459118843,0.0659153014421463,0.08743169158697128,0.06113388016819954,0.03756830468773842,0.04234972596168518,0.0450819656252861,0.08299180120229721,0.12226776033639908,0.2670764923095703,0.13831967115402222,0.0030737705528736115,50.0244140625,98.33126068115234,82.97528839111328
Ripe_38.jpg,Ripe,Ripe,43.487178802490234,21.880746841430664,84.3487777709961,21.568546295166016,58.41872024536133,18.688457489013672,0.041741203516721725,0.4910554587841034,0.4624329209327698,0.0,0.0,0.0,0.0,0.0,0.0,0.0,0.0,0.0,0.0,0.0008944543660618365,0.001192605821415782,0.0026833631563931704,0.0,0.001788908732123673,0.013416815549135208,0.014013119041919708,0.020274300128221512,0.021765056997537613,0.020572450011968613,0.014013119041919708,0.014609421603381634,0.025641025975346565,0.028026238083839417,0.043530113995075226,0.060226596891880035,0.08348240703344345,0.13804413378238678,0.500596284866333,0.004174120258539915,0.01848538964986801,0.014013119041919708,0.01967799663543701,0.025641025975346565,0.03607632592320442,0.08407871425151825,0.1460942178964615,0.09302325546741486,0.09033989161252975,0.10226595401763916,0.14221824705600739,0.13506260514259338,0.07751937955617905,0.011031604371964931,0.0002981514553539455,48.00699234008789,96.48973846435547,80.43329620361328
Ripe_39.jpg,Ripe,Ripe,44.05695724487305,18.07847785949707,83.57022857666016,23.047954559326172,63.60598373413086,20.515155792236328,0.029645191505551338,0.46405228972435,0.502567708492279,0.0004668534093070775,0.0,0.0,0.0,0.0,0.0,0.0,0.0,0.00023342670465353876,0.00023342670465353876,0.0007002801285125315,0.0007002801285125315,0.001400560257025063,0.000933706818614155,0.00373482727445662,0.011904762126505375,0.02240896411240101,0.02521008439362049,0.024743231013417244,0.018674137070775032,0.018207283690571785,0.015172735787928104,0.022642390802502632,0.024743231013417244,0.03711484745144844,0.05415499582886696,0.08123249560594559,0.1260504275560379,0.5130718946456909,0.004201680887490511,0.010737628675997257,0.008169935084879398,0.012138188816606998,0.01914099045097828,0.04435107484459877,0.09407096356153488,0.10901027172803879,0.08193277567625046,0.07189542800188065,0.07913165539503098,0.09267040342092514,0.10480859130620956,0.1556956171989441,0.1031746044754982,0.008870215155184269,49.0685920715332,97.00946807861328,82.50112915039062
Ripe_4.jpg,Ripe,Ripe,49.833744049072266,11.531929969787598,67.22077178955078,18.693132400512695,55.541465759277344,14.780243873596191,0.0015285126864910126,0.13227513432502747,0.8195179104804993,0.044091708958148956,0.0007054673624224961,0.00035273368121124804,0.0,0.00011757789616240188,0.0,0.0,0.00023515579232480377,0.00035273368121124804,0.00023515579232480377,0.0,0.00011757789616240188,0.00047031158464960754,0.004115226212888956,0.014579659327864647,0.015049970708787441,0.01281599048525095,0.020576132461428642,0.01998824253678322,0.02339800074696541,0.03221634402871132,0.04691357910633087,0.10840681940317154,0.15026454627513885,0.18048207461833954,0.1840094029903412,0.10452675074338913,0.04350382089614868,0.039153438061475754,0.00035273368121124804,0.006231628358364105,0.011052322573959827,0.02469135820865631,0.04221046343445778,0.03985890746116638,0.07113462686538696,0.11252204328775406,0.14344502985477448,0.1891828328371048,0.15191064774990082,0.15696649253368378,0.05020575970411301,0.00023515579232480377,0.0,0.0,49.42878341674805,68.98829650878906,69.39644622802734
Ripe_40.jpg,Ripe,Ripe,43.22212219238281,6.851385116577148,83.67063903808594,23.14541244506836,62.01347732543945,16.729093551635742,0.014648729003965855,0.4944693446159363,0.48998504877090454,0.0008968609618023038,0.0,0.0,0.0,0.0,0.0,0.0,0.0,0.0,0.0,0.0,0.0,0.0,0.0,0.002391629386693239,0.014050821773707867,0.018236173316836357,0.024215247482061386,0.0346786230802536,0.027204783633351326,0.0173393115401268,0.01704035885632038,0.011659192852675915,0.014947683550417423,0.022421523928642273,0.05470852181315422,0.08251120895147324,0.1638265997171402,0.49476832151412964,0.0005979073466733098,0.003288490232080221,0.008370702154934406,0.012257100082933903,0.012556053698062897,0.024514200165867805,0.1001494750380516,0.10194320231676102,0.10762331634759903,0.09596412628889084,0.11778774112462997,0.14499253034591675,0.1590433418750763,0.08938714861869812,0.0197309423238039,0.0017937219236046076,48.65528106689453,95.71063995361328,80.3604507446289
Ripe_41.jpg,Ripe,Ripe,43.90425109863281,9.573912620544434,83.02112579345703,24.48682403564453,59.94643783569336,20.548011779785156,0.011209715157747269,0.46263429522514343,0.5242877006530762,0.0007006071973592043,0.0,0.0,0.0002335357276024297,0.0,0.0002335357276024297,0.0,0.0002335357276024297,0.0002335357276024297,0.0,0.0,0.0002335357276024297,0.0,0.003269500331953168,0.004904250148683786,0.014479215256869793,0.019850537180900574,0.030826715752482414,0.024054180830717087,0.029191967099905014,0.02382064424455166,0.019850537180900574,0.02055114507675171,0.02031760849058628,0.022886501625180244,0.024754786863923073,0.06609061360359192,0.13848668336868286,0.5366650819778442,0.002802428789436817,0.005137786269187927,0.008173750713467598,0.018449323251843452,0.045072395354509354,0.10789350420236588,0.09855207800865173,0.07239607721567154,0.06328818202018738,0.06912657618522644,0.09504904597997665,0.11256422102451324,0.10275571793317795,0.14409154653549194,0.05371321737766266,0.0009341429104097188,49.048648834228516,96.98358917236328,82.15795135498047
Ripe_42.jpg,Ripe,Ripe,46.10158920288086,6.068695545196533,84.24211883544922,23.69081687927246,69.0617446899414,19.5986385345459,0.005194805096834898,0.3393939435482025,0.6542568802833557,0.0011544011067599058,0.0,0.0,0.0,0.0,0.0,0.0,0.0,0.0,0.0,0.0,0.0,0.0,0.0005772005533799529,0.0031746032182127237,0.017027417197823524,0.024819625541567802,0.028282828629016876,0.023953823372721672,0.01904761977493763,0.012409812770783901,0.010966811329126358,0.015584415756165981,0.023953823372721672,0.03809523954987526,0.0476190485060215,0.059163060039281845,0.10129870474338531,0.5740259885787964,0.0005772005533799529,0.002597402548417449,0.0017316017765551805,0.005194805096834898,0.012987012974917889,0.03867243975400925,0.08225107938051224,0.0860028862953186,0.06089466065168381,0.07070706784725189,0.07619047909975052,0.07417027652263641,0.10072150081396103,0.17489176988601685,0.18701298534870148,0.02539682574570179,49.08785629272461,97.90138244628906,82.97706604003906
Ripe_43.jpg,Ripe,Ripe,46.58830261230469,14.180964469909668,81.0908203125,24.57806396484375,67.05816650390625,18.653606414794922,0.009109608829021454,0.2850426137447357,0.7002644538879395,0.003526300424709916,0.0,0.0,0.0,0.0,0.0,0.0,0.0,0.0,0.0,0.000881575106177479,0.0002938583493232727,0.000881575106177479,0.0032324420753866434,0.015280635096132755,0.021451659500598907,0.022627092897892,0.021451659500598907,0.018219217658042908,0.01469291839748621,0.01645606756210327,0.01616220921278,0.025565678253769875,0.038495443761348724,0.05201293155550957,0.06699970364570618,0.08433734625577927,0.12929767370224,0.45371732115745544,0.0005877166986465454,0.001763150212354958,0.0023508667945861816,0.009109608829021454,0.013517485000193119,0.0285042617470026,0.08022332936525345,0.08962679654359818,0.08316191285848618,0.10343814641237259,0.0796356126666069,0.08022332936525345,0.11049074679613113,0.1839553266763687,0.12312665581703186,0.010285042226314545,49.17525863647461,97.07644653320312,83.21345520019531
Ripe_44.jpg,Ripe,Ripe,40.32392501831055,10.311002731323242,84.53546905517578,22.624134063720703,56.46776580810547,17.923160552978516,0.017813099548220634,0.695533037185669,0.28610578179359436,0.0,0.0,0.0,0.0,0.0,0.0,0.0,0.0,0.0,0.0,0.0,0.0,0.0005480953841470182,0.0,0.0013702383730560541,0.01397643145173788,0.016716908663511276,0.02247191034257412,0.03041929379105568,0.024664292111992836,0.01699095591902733,0.016716908663511276,0.01699095591902733,0.013702384196221828,0.021923813968896866,0.04494382068514824,0.08796930313110352,0.14908194541931152,0.5220608115196228,0.0010961907682940364,0.0043847630731761456,0.007399287540465593,0.014798575080931187,0.03398191183805466,0.07371882349252701,0.13702383637428284,0.13921622931957245,0.13044670224189758,0.09345026314258575,0.06933406740427017,0.0731707289814949,0.1189366951584816,0.0868731141090393,0.01589476503431797,0.0002740476920735091,47.69230651855469,97.21723175048828,81.31025695800781
Ripe_45.jpg,Ripe,Ripe,42.387332916259766,26.8631591796875,85.65875244140625,21.580589294433594,55.96321487426758,20.151357650756836,0.05857623368501663,0.5776345133781433,0.3567825257778168,0.0,0.0,0.0,0.0,0.0,0.0,0.0,0.0,0.0,0.0,0.0002802690723910928,0.0022421525791287422,0.0044843051582574844,0.0,0.0061659193597733974,0.011491031385958195,0.015134529210627079,0.01653587445616722,0.021860986948013306,0.01821748912334442,0.01653587445616722,0.013733183965086937,0.014293721877038479,0.02130044810473919,0.029147982597351074,0.04428251087665558,0.08043722063302994,0.155269056558609,0.5355941653251648,0.00868834089487791,0.014293721877038479,0.018497757613658905,0.029428251087665558,0.03054932691156864,0.07623318582773209,0.12079596519470215,0.11771300435066223,0.09136771410703659,0.09052690863609314,0.07987668365240097,0.08688341081142426,0.11715246737003326,0.10201793909072876,0.015975335612893105,0.0,48.819671630859375,97.24088287353516,81.44589233398438
Ripe_46.jpg,Ripe,Ripe,42.604190826416016,14.15001392364502,85.42970275878906,21.990005493164062,62.174495697021484,22.021303176879883,0.03813104331493378,0.5091299414634705,0.451127827167511,0.0002685284707695246,0.0,0.0,0.0,0.0,0.0,0.0,0.0,0.0,0.0,0.0,0.0002685284707695246,0.0010741138830780983,0.0002685284707695246,0.0034908701200038195,0.012620837427675724,0.016917293891310692,0.02282491885125637,0.02282491885125637,0.013963480480015278,0.015574650838971138,0.015037594363093376,0.021482277661561966,0.017722878605127335,0.025510204955935478,0.041084855794906616,0.07975295186042786,0.1463480144739151,0.5445757508277893,0.0013426423538476229,0.004296455532312393,0.011009667068719864,0.018528463318943977,0.043233081698417664,0.09103114902973175,0.1036519855260849,0.06954887509346008,0.06928034126758575,0.07196562737226486,0.07438238710165024,0.06847475469112396,0.0861976370215416,0.15037593245506287,0.12003222107887268,0.01664876565337181,49.10383987426758,97.21757507324219,83.1706771850586
Ripe_47.jpg,Ripe,Ripe,46.10529708862305,5.503280162811279,85.01402282714844,23.55976104736328,65.83488464355469,20.051097869873047,0.009951845742762089,0.35280898213386536,0.6372391581535339,0.0,0.0,0.0,0.0,0.0,0.0,0.0,0.0,0.0,0.0,0.0,0.0,0.0,0.0012841091956943274,0.008988764137029648,0.01123595517128706,0.020545747131109238,0.02118780091404915,0.023434992879629135,0.01894061081111431,0.015088282525539398,0.01637239195406437,0.021508827805519104,0.02504012919962406,0.03627608343958855,0.03723916411399841,0.04751203954219818,0.08057785034179688,0.6147672533988953,0.0025682183913886547,0.004173354711383581,0.005457463674247265,0.009951845742762089,0.020545747131109238,0.04333868250250816,0.10433387011289597,0.06581059098243713,0.06003210321068764,0.09438202530145645,0.11011236160993576,0.06613162159919739,0.097592294216156,0.16853933036327362,0.13386838138103485,0.013162118382751942,48.94643020629883,97.84954833984375,82.82267761230469
Ripe_48.jpg,Ripe,Ripe,44.12343978881836,12.752634048461914,75.11739349365234,28.773509979248047,56.42399597167969,18.040193557739258,0.015312131494283676,0.44310954213142395,0.5382803082466125,0.0021201414056122303,0.0,0.0,0.0,0.0,0.0,0.0,0.0,0.0,0.0,0.0,0.0,0.0011778563493862748,0.00047114252811297774,0.011778563261032104,0.02944640815258026,0.05771495774388313,0.04899882152676582,0.03816254436969757,0.03133097663521767,0.015312131494283676,0.025441696867346764,0.02332155406475067,0.028739694505929947,0.04593639448285103,0.04805653542280197,0.05771495774388313,0.12720848619937897,0.41036513447761536,0.0,0.004240282811224461,0.009658421389758587,0.010600706562399864,0.015783274546265602,0.10859835147857666,0.16584216058254242,0.14204947650432587,0.06808009743690491,0.07938751578330994,0.07067137956619263,0.10954063385725021,0.12485276907682419,0.07349823415279388,0.01719670183956623,0.0,48.929901123046875,96.40831756591797,80.65016174316406
Ripe_49.jpg,Ripe,Ripe,45.582672119140625,4.873891830444336,83.81084442138672,23.901653289794922,65.04669189453125,16.54537010192871,0.002741979667916894,0.3657800853252411,0.631477952003479,0.0,0.0,0.0,0.0,0.0,0.0,0.0,0.0,0.0,0.0,0.0,0.0,0.0,0.0,0.00329037569463253,0.0178228672593832,0.026048807427287102,0.02330682799220085,0.02358102612197399,0.02001645229756832,0.01754867099225521,0.021113242954015732,0.021387441083788872,0.027968192473053932,0.03180696442723274,0.03537153825163841,0.04551686346530914,0.10913079231977463,0.5760899186134338,0.0,0.0,0.00027419798425398767,0.004112969618290663,0.007129147183150053,0.02714559994637966,0.10008225589990616,0.09816287457942963,0.12201809883117676,0.07019468396902084,0.07842061668634415,0.11461475491523743,0.19166438281536102,0.13134083151817322,0.054565396159887314,0.00027419798425398767,48.75571823120117,97.83071899414062,80.8470687866211
Ripe_5.jpg,Ripe,Ripe,87.4260482788086,48.831668853759766,43.68201446533203,38.07890319824219,57.24119567871094,11.426180839538574,0.00034525617957115173,0.12698522210121155,0.4263913929462433,0.033075541257858276,0.08817842602729797,0.05406711623072624,0.14176218211650848,0.12891866266727448,6.905123882461339e-05,0.0,6.905123882461339e-05,0.0,6.905123882461339e-05,0.0,6.905123882461339e-05,0.0,0.4177599847316742,0.0073884823359549046,0.007181328721344471,0.009736224077641964,0.009667173027992249,0.007595635950565338,0.011531556025147438,0.011462504975497723,0.014224554412066936,0.022510703653097153,0.04405468702316284,0.08983565866947174,0.10965336114168167,0.1416931301355362,0.06587488204240799,0.02983013354241848,6.905123882461339e-05,0.001450076000764966,0.005040740128606558,0.018781935796141624,0.022510703653097153,0.028241954743862152,0.052755143493413925,0.08596879243850708,0.11752520501613617,0.17829029262065887,0.4643695652484894,0.024996547028422356,0.0,0.0,0.0,0.0,158.79786682128906,1.8299964666366577,64.77181243896484
Ripe_50.jpg,Ripe,Ripe,46.80916213989258,27.256071090698242,84.58124542236328,23.797067642211914,64.25458526611328,22.312931060791016,0.02900763414800167,0.39618319272994995,0.5638676881790161,0.0007633587811142206,0.00025445292703807354,0.00025445292703807354,0.0,0.0,0.0,0.0,0.0010178117081522942,0.0015267175622284412,0.0017811704892665148,0.0007633587811142206,0.0007633587811142206,0.003816793905571103,0.0005089058540761471,0.0007633587811142206,0.009414758533239365,0.01984732784330845,0.02671755664050579,0.03256997466087341,0.038167938590049744,0.021628499031066895,0.01781170442700386,0.013740457594394684,0.01781170442700386,0.01653943955898285,0.02875318005681038,0.05368956923484802,0.10152671486139297,0.6005089282989502,0.018575062975287437,0.01679389365017414,0.014249363914132118,0.01882951706647873,0.01272264588624239,0.02111959271132946,0.08371501415967941,0.0956742987036705,0.0776081457734108,0.05852417275309563,0.06666667014360428,0.08931297808885574,0.12061068415641785,0.18804071843624115,0.10941475629806519,0.008142493665218353,49.14885330200195,97.5557632446289,82.46604919433594
Ripe_51.jpg,Ripe,Ripe,43.897369384765625,12.212510108947754,85.34400177001953,22.11118507385254,63.06473922729492,19.013397216796875,0.019402604550123215,0.5241256356239319,0.45493999123573303,0.0005105948657728732,0.0,0.0,0.0,0.0,0.0,0.0,0.0,0.0,0.0,0.0,0.0,0.0010211897315457463,0.0,0.002808271674439311,0.01021189708262682,0.011488383635878563,0.021444983780384064,0.02680622972548008,0.024508552625775337,0.02323206514120102,0.018892008811235428,0.020679092034697533,0.01838141493499279,0.021700281649827957,0.03395455703139305,0.06433495134115219,0.13403114676475525,0.5675261616706848,0.0002552974328864366,0.002552974270656705,0.008680112659931183,0.011743681505322456,0.011998978443443775,0.06510084122419357,0.11462854593992233,0.0679091140627861,0.07761041820049286,0.09292826056480408,0.10901200026273727,0.10569313168525696,0.12279806286096573,0.13045698404312134,0.06459024548530579,0.014041358605027199,48.96666717529297,97.12617492675781,81.9269790649414
Ripe_52.jpg,Ripe,Ripe,44.20178985595703,6.224177360534668,88.6724624633789,19.863758087158203,65.523193359375,18.21344757080078,0.006849315017461777,0.43703898787498474,0.555848240852356,0.00026343518402427435,0.0,0.0,0.0,0.0,0.0,0.0,0.0,0.0,0.0,0.0,0.0,0.0,0.00026343518402427435,0.0005268703680485487,0.009220232255756855,0.009483667090535164,0.01685985177755356,0.017386723309755325,0.018703898414969444,0.017123287543654442,0.014752371236681938,0.013962064869701862,0.012908324599266052,0.014752371236681938,0.025026343762874603,0.05163329839706421,0.12038988620042801,0.6570073962211609,0.0,0.00026343518402427435,0.0013171759201213717,0.0026343518402427435,0.009747101925313473,0.0648050606250763,0.09668071568012238,0.07982086390256882,0.08113803714513779,0.07665964215993881,0.08429925888776779,0.09035827219486237,0.13856691122055054,0.20758692920207977,0.06585879623889923,0.00026343518402427435,48.63629150390625,97.96527099609375,82.3130111694336
Ripe_53.jpg,Ripe,Ripe,47.9833869934082,7.191092014312744,82.18175506591797,25.313114166259766,79.47428894042969,20.100311279296875,0.004869665019214153,0.3196791708469391,0.6754511594772339,0.0,0.0,0.0,0.0,0.0,0.0,0.0,0.0,0.0,0.0,0.0,0.0,0.0,0.0,0.0,0.010312231257557869,0.035519909113645554,0.036092810332775116,0.03150959685444832,0.02893153764307499,0.027785735204815865,0.024634774774312973,0.022056717425584793,0.014036092907190323,0.028645087033510208,0.029790891334414482,0.054425664246082306,0.08507590740919113,0.5711830258369446,0.0,0.0005729017429985106,0.0025780578143894672,0.005442566704005003,0.0051561156287789345,0.008593526668846607,0.014322543516755104,0.04468633607029915,0.07791464030742645,0.09281007945537567,0.09510169178247452,0.05643082037568092,0.04984245076775551,0.0627327412366867,0.08908621966838837,0.3947293162345886,53.67469787597656,97.73405456542969,97.55677795410156
Ripe_54.jpg,Ripe,Ripe,43.378456115722656,7.137495040893555,85.20191955566406,21.522327423095703,62.27224349975586,20.104318618774414,0.022561170160770416,0.435335248708725,0.54083251953125,0.0012710518203675747,0.0,0.0,0.0,0.0,0.0,0.0,0.0,0.0,0.0,0.0,0.0,0.0,0.0012710518203675747,0.004766444209963083,0.010168414562940598,0.011439465917646885,0.017476962879300117,0.023514458909630775,0.015888147056102753,0.01652367413043976,0.02097235433757305,0.02097235433757305,0.02923419140279293,0.038131553679704666,0.05020654574036598,0.0730854794383049,0.12138544768095016,0.5449634790420532,0.0012710518203675747,0.006673021707683802,0.009850651025772095,0.019383540377020836,0.030823005363345146,0.05592627823352814,0.10708611458539963,0.08579599857330322,0.06164601072669029,0.08198284357786179,0.08547823131084442,0.09945980459451675,0.11217032372951508,0.19510644674301147,0.04607562720775604,0.0012710518203675747,47.54037094116211,97.71035766601562,82.54137420654297
Ripe_55.jpg,Ripe,Ripe,65.83132934570312,42.834999084472656,62.02208709716797,28.960201263427734,65.4052505493164,20.185619354248047,0.0017152659129351377,0.032304175198078156,0.831618070602417,0.023441966623067856,0.012292739003896713,0.006861063651740551,0.0037164094392210245,0.0177244134247303,0.037449970841407776,0.024871354922652245,0.006575185805559158,0.0008576329564675689,0.0005717552849091589,0.0,0.0,0.0,0.045168668031692505,0.0789022296667099,0.021440822631120682,0.018582046031951904,0.02172670140862465,0.036020584404468536,0.03516295179724693,0.03945111483335495,0.046598054468631744,0.03773584961891174,0.05374499782919884,0.12121212482452393,0.15380217134952545,0.11120640486478806,0.09205260127782822,0.08719268441200256,0.0005717552849091589,0.002858776366338134,0.011435105465352535,0.01200686115771532,0.019439680501818657,0.03802172839641571,0.08976557850837708,0.09090909361839294,0.09148084372282028,0.07947398722171783,0.08747855573892593,0.08719268441200256,0.08976557850837708,0.11492281407117844,0.17924527823925018,0.005431675352156162,51.2055549621582,82.23749542236328,83.09696960449219
Ripe_56.jpg,Ripe,Ripe,59.503536224365234,42.59828186035156,68.74143981933594,30.479440689086914,60.61936569213867,21.778968811035156,0.011202829889953136,0.13708727061748505,0.7511792182922363,0.029481131583452225,0.00972877349704504,0.005601414944976568,0.005601414944976568,0.007665094453841448,0.008549528196454048,0.012971698306500912,0.007370282895863056,0.004716981202363968,0.002358490601181984,0.000294811325147748,0.003537735901772976,0.002653301926329732,0.06367924809455872,0.04274764284491539,0.02299528382718563,0.02004716917872429,0.017099056392908096,0.021521225571632385,0.021521225571632385,0.0277122650295496,0.03095518797636032,0.033018868416547775,0.048643868416547775,0.07370282709598541,0.11733490228652954,0.11910377442836761,0.11320754885673523,0.22670990228652954,0.002358490601181984,0.00972877349704504,0.012971698306500912,0.02329009398818016,0.05512971803545952,0.06662736088037491,0.09640330076217651,0.07841981202363968,0.07517688721418381,0.08225236088037491,0.09640330076217651,0.08903302252292633,0.08608490228652954,0.09257075190544128,0.12087263911962509,0.012676887214183807,50.08777618408203,95.46498107910156,68.62252044677734
Ripe_57.jpg,Ripe,Ripe,52.289119720458984,28.863340377807617,77.49077606201172,26.752582550048828,68.78414154052734,23.37177848815918,0.008557457476854324,0.12438875436782837,0.8312958478927612,0.013447432778775692,0.0018337408546358347,0.0,0.0030562346801161766,0.0012224939418956637,0.0009168704273179173,0.002139364369213581,0.004889975767582655,0.00275061116553843,0.0018337408546358347,0.00030562348547391593,0.0030562346801161766,0.00030562348547391593,0.0342298299074173,0.01833740808069706,0.01711491495370865,0.014058679342269897,0.01650366745889187,0.015586797147989273,0.017420537769794464,0.016198044642806053,0.023533007130026817,0.03086797147989273,0.050122249871492386,0.056540343910455704,0.08251833915710449,0.09810513257980347,0.1512836217880249,0.35757946968078613,0.0,0.0012224939418956637,0.00947432778775692,0.01955990307033062,0.025061124935746193,0.06204156577587128,0.08618582040071487,0.07273838669061661,0.06265281140804291,0.06265281140804291,0.0504278726875782,0.06081907078623772,0.06632029265165329,0.088630810379982,0.18887530267238617,0.1433374136686325,49.92493438720703,95.9896240234375,92.30299377441406
Ripe_58.jpg,Ripe,Ripe,55.67045593261719,31.859020233154297,71.99980163574219,27.786130905151367,70.73632049560547,21.21442985534668,0.0049715908244252205,0.10262784361839294,0.83203125,0.01171875,0.00639204541221261,0.00390625,0.0014204545877873898,0.007102272938936949,0.0078125,0.013139204122126102,0.00532670458778739,0.0024857954122126102,0.0,0.00035511364694684744,0.00035511364694684744,0.00035511364694684744,0.034446023404598236,0.023082386702299118,0.018110794946551323,0.011008522473275661,0.018821023404598236,0.02521306835114956,0.03338068351149559,0.047940339893102646,0.04829545319080353,0.05113636329770088,0.07315340638160706,0.0625,0.07279829680919647,0.07883522659540176,0.08771307021379471,0.31356534361839294,0.0,0.005681818351149559,0.007457386236637831,0.013849431648850441,0.026278408244252205,0.047940339893102646,0.06676136702299118,0.044034089893102646,0.041903410106897354,0.051491476595401764,0.06214488670229912,0.07954545319080353,0.10369317978620529,0.17223010957241058,0.24573864042758942,0.03125,49.38035202026367,97.3823013305664,82.44677734375
Ripe_59.jpg,Ripe,Ripe,58.93011474609375,40.71089553833008,69.2186050415039,27.89144515991211,68.16461944580078,18.416584014892578,0.004756677430123091,0.09842664003372192,0.8258324265480042,0.0043907794170081615,0.004024880938231945,0.0021953897085040808,0.0062202708795666695,0.0043907794170081615,0.0062202708795666695,0.02378338761627674,0.01609952375292778,0.0010976948542520404,0.0003658982750494033,0.0,0.0007317965500988066,0.0014635931001976132,0.05232345312833786,0.024881083518266678,0.021953897550702095,0.01975850760936737,0.01939260959625244,0.02414928562939167,0.023051591590046883,0.03256494551897049,0.03293084353208542,0.03951701521873474,0.046834979206323624,0.08781559020280838,0.1522136777639389,0.13904134929180145,0.12111233174800873,0.16245883703231812,0.0007317965500988066,0.005122575908899307,0.009147456847131252,0.009513354860246181,0.010611049830913544,0.02378338761627674,0.03476033732295036,0.0830589085817337,0.09366995841264725,0.0918404683470726,0.09110867232084274,0.1181851476430893,0.12806439399719238,0.15001828968524933,0.12879619002342224,0.021587997674942017,49.468353271484375,82.51805114746094,83.3110122680664
Ripe_6.jpg,Ripe,Ripe,48.800724029541016,6.838953971862793,67.03534698486328,18.36744499206543,55.80589294433594,14.844676971435547,0.0036133695393800735,0.15700089931488037,0.8061427474021912,0.03197832033038139,0.00126467936206609,0.0,0.0,0.0,0.0,0.0,0.0,0.0,0.0,0.0,0.0,0.0,0.0034327011089771986,0.008220415562391281,0.015898825600743294,0.016169829294085503,0.016802167519927025,0.02104787714779377,0.031436312943696976,0.039385728538036346,0.05501354858279228,0.09476061165332794,0.15049684047698975,0.19954833388328552,0.15682023763656616,0.1024390235543251,0.0555555559694767,0.03297199681401253,0.0,0.004787714686244726,0.01156278233975172,0.022673893719911575,0.04173441603779793,0.04336043447256088,0.060975611209869385,0.11029810458421707,0.18301716446876526,0.17949412763118744,0.09792231023311615,0.1872628778219223,0.056007225066423416,0.0009033423848450184,0.0,0.0,49.66065979003906,69.17898559570312,70.55784606933594
Ripe_60.jpg,Ripe,Ripe,68.00712585449219,48.68118667602539,65.23506164550781,30.77726936340332,53.683265686035156,19.034696578979492,0.0048575131222605705,0.06930051743984222,0.7691062092781067,0.02946891263127327,0.009715026244521141,0.005829015746712685,0.006152849644422531,0.01683937758207321,0.0356217622756958,0.039831604808568954,0.00939119141548872,0.0022668393794447184,0.0,0.00032383418874815106,0.00032383418874815106,0.0009715025662444532,0.03141191601753235,0.06055699661374092,0.03918393701314926,0.026554403826594353,0.03303108736872673,0.0359455943107605,0.03497409448027611,0.03691709786653519,0.046955958008766174,0.04015544056892395,0.056670986115932465,0.07772020995616913,0.07739637047052383,0.07512953132390976,0.08484455943107605,0.24255181849002838,0.00032383418874815106,0.010038860142230988,0.023639896884560585,0.04371761530637741,0.08225388824939728,0.09261658042669296,0.05796632170677185,0.08549223095178604,0.10330311208963394,0.12402849644422531,0.11949481815099716,0.09650258719921112,0.11398963630199432,0.04663212597370148,0.0,0.0,49.218997955322266,96.80689239501953,56.72822570800781
Ripe_61.jpg,Ripe,Ripe,53.612144470214844,34.96013641357422,74.58500671386719,25.731651306152344,69.4671401977539,21.85866355895996,0.008814887143671513,0.22657525539398193,0.7189030647277832,0.006203068885952234,0.010447273962199688,0.002938295714557171,0.002285341266542673,0.0009794319048523903,0.001305909245274961,0.002285341266542673,0.003917727619409561,0.006529546342790127,0.003917727619409561,0.00032647731131874025,0.0009794319048523903,0.0035912503954023123,0.027424093335866928,0.021547501906752586,0.011100228875875473,0.009794319048523903,0.01730329729616642,0.011100228875875473,0.01860920712351799,0.01991511508822441,0.06039830297231674,0.08880183100700378,0.07541625946760178,0.06301011890172958,0.06823375821113586,0.08455762267112732,0.10773751139640808,0.3150506019592285,0.001305909245274961,0.0048971595242619514,0.0048971595242619514,0.008161933161318302,0.01860920712351799,0.04178909584879875,0.07835455238819122,0.07247795909643173,0.08194580674171448,0.07933398336172104,0.0639895498752594,0.0832517147064209,0.07345739752054214,0.09794319421052933,0.12634672224521637,0.16323865950107574,52.184715270996094,57.159996032714844,95.19293975830078
Ripe_62.jpg,Ripe,Ripe,59.46434783935547,39.94487380981445,74.71125793457031,30.929336547851562,63.948707580566406,20.197914123535156,0.006956521887332201,0.09130434691905975,0.7991304397583008,0.040869563817977905,0.011014493182301521,0.0034782609436661005,0.0037681160029023886,0.005217391531914473,0.007826087065041065,0.007536232005804777,0.009275361895561218,0.005797101650387049,0.0023188404738903046,0.0014492754125967622,0.0028985508251935244,0.0011594202369451523,0.06492753326892853,0.02811594121158123,0.01826087012887001,0.019999999552965164,0.015072464011609554,0.015942029654979706,0.015942029654979706,0.023188406601548195,0.030434781685471535,0.03159420192241669,0.035652175545692444,0.028405796736478806,0.04231883957982063,0.07913043349981308,0.1756521761417389,0.3753623068332672,0.0028985508251935244,0.007826087065041065,0.015362318605184555,0.012463768012821674,0.019130434840917587,0.035652175545692444,0.08782608807086945,0.09536232054233551,0.07739130407571793,0.09681159257888794,0.08434782922267914,0.10231883823871613,0.10840579867362976,0.13304348289966583,0.11014492809772491,0.011014493182301521,50.58224105834961,95.82154083251953,81.88195037841797
Ripe_63.jpg,Ripe,Ripe,51.06953430175781,21.029781341552734,76.14637756347656,25.635456085205078,71.57023620605469,19.782512664794922,0.004365450702607632,0.1303398758172989,0.8338010311126709,0.014031805098056793,0.0028063610661774874,0.0012472715461626649,0.0015590895200148225,0.004365450702607632,0.0015590895200148225,0.0018709073774516582,0.0012472715461626649,0.0006236357730813324,0.0006236357730813324,0.0,0.0003118178865406662,0.0012472715461626649,0.024321796372532845,0.019020892679691315,0.018709074705839157,0.014967259019613266,0.014967259019613266,0.016214530915021896,0.018397256731987,0.018397256731987,0.02213907055556774,0.05144995450973511,0.07670720666646957,0.07514811307191849,0.08512628823518753,0.09229809790849686,0.1331462413072586,0.31898972392082214,0.0003118178865406662,0.002182725351303816,0.0037418147549033165,0.007795447483658791,0.006859993562102318,0.032117243856191635,0.059869036078453064,0.06392266601324081,0.06454630196094513,0.09105082601308823,0.08917991816997528,0.07670720666646957,0.08044901490211487,0.12192080169916153,0.20268163084983826,0.09666354954242706,50.34382629394531,94.7642593383789,92.07429504394531
Ripe_64.jpg,Ripe,Ripe,55.59220886230469,35.548702239990234,71.82905578613281,30.073261260986328,62.93161392211914,20.808212280273438,0.0043983664363622665,0.1630537211894989,0.7574614882469177,0.02827521227300167,0.010681746527552605,0.001885014120489359,0.0028275211807340384,0.005026704166084528,0.0028275211807340384,0.0031416902784258127,0.005026704166084528,0.008482563309371471,0.003770028240978718,0.000314169010380283,0.0015708451392129064,0.001256676041521132,0.05592208728194237,0.033930253237485886,0.02544769085943699,0.01633678935468197,0.01727929711341858,0.019792648032307625,0.017593465745449066,0.02450518310070038,0.03204524144530296,0.03675777465105057,0.049952875822782516,0.06283380091190338,0.07948476076126099,0.09205152094364166,0.14828777313232422,0.2877788245677948,0.001885014120489359,0.005026704166084528,0.010995916090905666,0.020420987159013748,0.029846057295799255,0.04178448021411896,0.11121583729982376,0.09927741438150406,0.07759974896907806,0.07414388656616211,0.08168394863605499,0.0936223715543747,0.10179076343774796,0.11435752362012863,0.12158340960741043,0.014765944331884384,49.38875198364258,96.23662567138672,81.6366958618164
Ripe_65.jpg,Ripe,Ripe,52.91963195800781,38.555171966552734,45.196632385253906,25.44904899597168,52.334922790527344,22.98259925842285,0.024859527125954628,0.5607866644859314,0.2450195848941803,0.12761791050434113,0.02222033031284809,0.0016175719210878015,0.001447301241569221,0.0008513536304235458,0.000255406106589362,0.000255406106589362,0.000255406106589362,0.0,0.0011067597661167383,0.0021283840760588646,0.005108121782541275,0.006470287684351206,0.05916908010840416,0.05278392508625984,0.1126340851187706,0.12370168417692184,0.04129065200686455,0.030478460714221,0.029116295278072357,0.0314149484038353,0.03422441706061363,0.07117316871881485,0.19444917142391205,0.1428571492433548,0.05925421416759491,0.014728418551385403,0.002468925667926669,0.000255406106589362,0.0,8.513536886312068e-05,0.003916226793080568,0.019666269421577454,0.24663715064525604,0.12268006056547165,0.06708666682243347,0.06427720189094543,0.061808276921510696,0.0717691108584404,0.06981100142002106,0.04639877378940582,0.04537715017795563,0.06580963730812073,0.10556785017251968,0.009109484031796455,64.9378890991211,19.03212547302246,28.661327362060547
Ripe_66.jpg,Ripe,Ripe,50.182029724121094,28.10012435913086,39.680110931396484,27.116201400756836,50.87532043457031,24.720457077026367,0.03028651513159275,0.4511834383010864,0.4349890947341919,0.06781376153230667,0.006228589452803135,0.0,0.00023357209283858538,0.0,0.0,0.00015571473340969533,0.0019464341457933187,0.0007007162785157561,0.0010900030611082911,0.00031142946681939065,0.0032700092997401953,0.001790719456039369,0.13056680560112,0.08673310279846191,0.09965743124485016,0.1202896311879158,0.029196511954069138,0.028262224048376083,0.03301152214407921,0.029196511954069138,0.03939582780003548,0.08252880722284317,0.13422609865665436,0.10977888852357864,0.05403301119804382,0.01853005215525627,0.0031142947264015675,0.001479289960116148,0.0,7.785736670484766e-05,0.012301463633775711,0.11312675476074219,0.24883213639259338,0.04873871058225632,0.04546870291233063,0.050607286393642426,0.06454375386238098,0.075132355093956,0.06493303924798965,0.03184366226196289,0.05084085837006569,0.07894736528396606,0.11125817149877548,0.003347866702824831,63.019039154052734,18.439355850219727,27.298099517822266
Ripe_67.jpg,Ripe,Ripe,54.99791717529297,59.857025146484375,38.36013412475586,27.568517684936523,48.84773635864258,23.814332962036133,0.07541467994451523,0.5559062361717224,0.2757370173931122,0.04445638135075569,0.0010744745377451181,0.0,0.0018131757387891412,0.0,0.0,0.0018803303828462958,0.006849775090813637,0.0,0.0009401651914231479,0.0022832583636045456,0.013296621851623058,0.02034786157310009,0.1183936595916748,0.11369283497333527,0.12631790339946747,0.11281982064247131,0.025182995945215225,0.02175810933113098,0.024377141147851944,0.03478611260652542,0.05298502370715141,0.06137935817241669,0.1226915568113327,0.09629977494478226,0.057215768843889236,0.02491437830030918,0.005909609608352184,0.001275938469916582,0.0,0.00026861863443627954,0.027197636663913727,0.12356457114219666,0.2297360748052597,0.050298839807510376,0.057954467833042145,0.0588274784386158,0.06178228557109833,0.08897992223501205,0.06822913140058517,0.03720368072390556,0.046739641577005386,0.056208446621894836,0.08615942299365997,0.006849775090813637,59.8502082824707,17.72954750061035,27.613492965698242
Ripe_68.jpg,Ripe,Ripe,52.31642532348633,38.790809631347656,41.02662658691406,25.475173950195312,51.042903900146484,24.469223022460938,0.046969566494226456,0.4488108456134796,0.36834028363227844,0.11465348303318024,0.002983547979965806,0.0,0.00017048844892997295,8.524422446498647e-05,0.0,0.0006819537957198918,0.003409768920391798,0.0,0.001449151779524982,0.0,0.007160515058785677,0.0052851419895887375,0.0936833992600441,0.05276617407798767,0.11533543467521667,0.14730201661586761,0.026596197858452797,0.02352740615606308,0.030773164704442024,0.039809051901102066,0.06649049371480942,0.11848947405815125,0.14048248529434204,0.08942119032144547,0.0348648875951767,0.011848947033286095,0.005029409192502499,0.0035802575293928385,0.0,0.0003409768978599459,0.009035888127982616,0.04262211173772812,0.23459210991859436,0.17713749408721924,0.06674622744321823,0.03878612071275711,0.05626118928194046,0.0752706527709961,0.05498252436518669,0.02497655712068081,0.02591424435377121,0.032819025218486786,0.07859517633914948,0.08191969990730286,62.9010124206543,18.889986038208008,30.72012710571289
Ripe_69.jpg,Ripe,Ripe,51.454898834228516,34.08171081542969,46.2125358581543,27.41813850402832,57.316062927246094,24.425086975097656,0.01965123414993286,0.5443922877311707,0.34619811177253723,0.06851376593112946,0.005399663466960192,0.0002655572316143662,0.00044259536662139,8.851907477946952e-05,8.851907477946952e-05,0.0019474197179079056,0.00088519073324278,0.0010622289264574647,0.0013277861289680004,0.0005311144632287323,0.006727449595928192,0.002478534122928977,0.07444453984498978,0.05151810124516487,0.09905284643173218,0.148623526096344,0.02593608945608139,0.01681862398982048,0.019385676831007004,0.02522793598473072,0.04107285290956497,0.07081525772809982,0.15057094395160675,0.12702487409114838,0.08798795938491821,0.048154376447200775,0.010622289031744003,0.0027440914418548346,0.0,0.0025670533068478107,0.008940426632761955,0.02062494494020939,0.23519518971443176,0.048154376447200775,0.04594140127301216,0.05390811711549759,0.05789147689938545,0.0771886333823204,0.08046384155750275,0.04266619309782982,0.0628485456109047,0.1122421845793724,0.14490573108196259,0.006461892742663622,62.33231735229492,19.266094207763672,27.85239601135254
Ripe_7.jpg,Ripe,Ripe,51.988990783691406,10.069463729858398,64.97451782226562,17.780057907104492,55.004058837890625,12.45158863067627,9.330969623988494e-05,0.10180087387561798,0.8182327151298523,0.06578333675861359,0.013436595909297466,0.0006531678372994065,0.0,0.0,0.0,0.0,0.0,0.0,0.0,0.0,0.0,0.0,0.002705981256440282,0.0077447048388421535,0.016422506421804428,0.01744891330599785,0.016142576932907104,0.024633759632706642,0.03349817916750908,0.057385463267564774,0.0851917490363121,0.10310721397399902,0.1421106606721878,0.1604926735162735,0.1693570911884308,0.13119342923164368,0.021647850051522255,0.010917234234511852,0.0,0.001306335674598813,0.0069982269778847694,0.011197163723409176,0.02761966921389103,0.06485024094581604,0.0749276876449585,0.10264066606760025,0.17532891035079956,0.2236633449792862,0.19091163575649261,0.1153307855129242,0.005225342698395252,0.0,0.0,0.0,49.64085006713867,81.34928894042969,57.561607360839844
Ripe_70.jpg,Ripe,Ripe,66.28197479248047,63.313819885253906,36.95111846923828,29.04623031616211,54.58913803100586,26.22323226928711,0.03243215009570122,0.28457266092300415,0.5616729855537415,0.03139432147145271,0.0068496703170239925,0.0008821545052342117,0.0030097037088125944,0.000726480211596936,0.000726480211596936,0.0046702297404408455,0.015100410208106041,0.02283223532140255,0.016605261713266373,0.0020756577141582966,0.013180426321923733,0.0032691608648747206,0.17757251858711243,0.08748897165060043,0.16579316556453705,0.08889003843069077,0.018680918961763382,0.012350163422524929,0.010793420486152172,0.014685278758406639,0.021016035228967667,0.051061179488897324,0.16081158816814423,0.12137408554553986,0.0347672663629055,0.021275492385029793,0.007887499406933784,0.005552384536713362,0.0,0.0002075657685054466,0.0038399668410420418,0.02719111554324627,0.27575111389160156,0.08956462889909744,0.053344402462244034,0.0458720363676548,0.052981164306402206,0.06476052105426788,0.060609206557273865,0.030252711847424507,0.03424835205078125,0.06247729808092117,0.12360541522502899,0.07529448717832565,59.914913177490234,17.460805892944336,26.9685001373291
Ripe_71.jpg,Ripe,Ripe,50.33500289916992,23.443073272705078,40.1443977355957,23.447938919067383,52.9334831237793,26.82137107849121,0.010428455658257008,0.5215844511985779,0.3726758360862732,0.06919967383146286,0.017946645617485046,0.0014551334315910935,0.001616814872249961,0.00016168148431461304,0.00016168148431461304,8.084074215730652e-05,0.0007275667157955468,0.00016168148431461304,0.0007275667157955468,0.0004042037180624902,0.0009700889349915087,0.0016976556507870555,0.07073564827442169,0.06426838785409927,0.06475343555212021,0.21107518672943115,0.03629749268293381,0.02570735663175583,0.030719483271241188,0.050687145441770554,0.07655618339776993,0.13257881999015808,0.14171382784843445,0.06523848325014114,0.01956346072256565,0.00598221505060792,0.002425222424790263,0.0016976556507870555,0.0,0.0012126112123951316,0.017623282968997955,0.027000809088349342,0.3189975619316101,0.10072756558656693,0.05109135061502457,0.03492319956421852,0.035974130034446716,0.048666127026081085,0.04785772040486336,0.019482620060443878,0.025303153321146965,0.05642683804035187,0.15941794216632843,0.05529506877064705,61.24699783325195,20.65001106262207,28.541446685791016
Ripe_72.jpg,Ripe,Ripe,48.660301208496094,29.81839942932129,40.4929084777832,25.44620704650879,52.7381477355957,25.480995178222656,0.036341238766908646,0.5000770092010498,0.4166153371334076,0.03557129576802254,0.0,0.0,0.00030797658837400377,0.0,0.0006929473602212965,0.0007699414854869246,0.0017708654049783945,0.0,0.0010009239194914699,0.00030797658837400377,0.0051586078479886055,0.001385894720442593,0.11233446002006531,0.06837080419063568,0.06328918784856796,0.14705882966518402,0.03911302611231804,0.033646441996097565,0.03988296911120415,0.05289497971534729,0.0812288299202919,0.10117030888795853,0.09855251014232635,0.09146904945373535,0.04842931777238846,0.0180166307836771,0.0032337543088942766,0.001308900536969304,0.0,0.001385894720442593,0.029180781915783882,0.05882352963089943,0.2613181471824646,0.061826299875974655,0.0416538342833519,0.05104712024331093,0.06298121064901352,0.07098860293626785,0.06421311944723129,0.02317523956298828,0.04350169375538826,0.07214351743459702,0.13304588198661804,0.0247151218354702,60.71339416503906,20.694297790527344,29.033649444580078
Ripe_73.jpg,Ripe,Ripe,48.394100189208984,18.34501838684082,44.13478088378906,25.770252227783203,55.83405303955078,23.759437561035156,0.00991957075893879,0.5663092136383057,0.3363717496395111,0.08257372677326202,0.0024128686636686325,0.0,0.0,0.0,0.0,0.0,8.93655014806427e-05,0.0,0.0001787310029612854,0.0001787310029612854,0.001251117093488574,0.0007149240118451416,0.07158176600933075,0.05585344135761261,0.060142986476421356,0.1838248372077942,0.04763181507587433,0.02922252006828785,0.026362823322415352,0.037533510476350784,0.06085791066288948,0.09285075962543488,0.10571939498186111,0.10732796788215637,0.08141197264194489,0.03154602274298668,0.005630027037113905,0.002502234186977148,0.0,0.0,0.0004468275292310864,0.0034852547105401754,0.24343164265155792,0.10714924335479736,0.05370866879820824,0.04879356548190117,0.06085791066288948,0.07756926119327545,0.07426273822784424,0.05236818641424179,0.05138516426086426,0.07622877508401871,0.12073279917240143,0.02957998216152191,61.82530975341797,21.280351638793945,29.13917350769043
Ripe_74.jpg,Ripe,Ripe,52.57472610473633,33.61378479003906,40.21183776855469,24.176742553710938,56.469146728515625,26.124591827392578,0.011216914281249046,0.5394609570503235,0.3507101237773895,0.06883472949266434,0.012669464573264122,0.0,0.001936733373440802,0.00024209167168010026,8.069722389336675e-05,0.0004841833433602005,0.00234021944925189,0.001129761105403304,0.002582311164587736,0.000645577791146934,0.006697869393974543,0.000968366686720401,0.09707876294851303,0.05430923029780388,0.09594900161027908,0.1500968337059021,0.031875401735305786,0.025823112577199936,0.03332795202732086,0.05188831686973572,0.07924467325210571,0.12976112961769104,0.1509845107793808,0.0707714632153511,0.022191736847162247,0.00508392509073019,0.0008876694482751191,0.000726275029592216,0.0001613944477867335,0.000968366686720401,0.006697869393974543,0.025742415338754654,0.2249031662940979,0.13282762467861176,0.05221110209822655,0.04438347369432449,0.04914461076259613,0.06358940899372101,0.04946739971637726,0.02630729414522648,0.0349418967962265,0.05673014745116234,0.15082311630249023,0.0811007097363472,63.376068115234375,19.18710708618164,30.155555725097656
Ripe_75.jpg,Ripe,Ripe,51.12762451171875,26.766708374023438,45.22822570800781,27.278827667236328,50.525779724121094,23.172962188720703,0.016441477462649345,0.5133485198020935,0.3290737569332123,0.11671821773052216,0.015139183029532433,0.0007325410842895508,0.0010581149253994226,0.0007325410842895508,0.0,0.0002441803808324039,0.0011395083274692297,0.0001627869060030207,0.0004883607616648078,8.139345300151035e-05,0.001953443046659231,0.002685984130948782,0.07553312927484512,0.06145206093788147,0.12917141616344452,0.122090183198452,0.016848444938659668,0.02140647917985916,0.016848444938659668,0.020511150360107422,0.04037115350365639,0.08017255365848541,0.1504151076078415,0.13600847125053406,0.09490477293729782,0.024906396865844727,0.006674263160675764,0.002685984130948782,0.0,0.002523197093978524,0.01961582340300083,0.060638125985860825,0.24800586700439453,0.06714960187673569,0.06666123867034912,0.060963697731494904,0.07252156734466553,0.06885886192321777,0.06088230386376381,0.0551033690571785,0.06967280060052872,0.0802539512515068,0.06560312211513519,0.0015464756870642304,65.46286010742188,18.16899299621582,27.29322052001953
Ripe_76.jpg,Ripe,Ripe,52.255619049072266,36.50417709350586,41.2330322265625,27.398082733154297,46.08995819091797,19.493135452270508,0.02960781194269657,0.5534800887107849,0.2581770122051239,0.12331421673297882,0.0062005892395973206,0.0007750736549496651,0.005503022577613592,0.0006200589123181999,0.0013176251668483019,0.006743140518665314,0.003487831447273493,0.0037978608161211014,0.0013176251668483019,0.00031002945615909994,0.004030382726341486,0.0013176251668483019,0.10339482128620148,0.07246938347816467,0.1477290391921997,0.09982948750257492,0.034723300486803055,0.03340567275881767,0.02573244459927082,0.03611843287944794,0.043326616287231445,0.06123081594705582,0.10478995740413666,0.12881723046302795,0.07432956248521805,0.026119980961084366,0.006433111149817705,0.0015501473098993301,0.0,0.0019376841373741627,0.03061540797352791,0.05169741064310074,0.2718183100223541,0.09184622764587402,0.06037823483347893,0.061153311282396317,0.07448457926511765,0.1021547019481659,0.1011471077799797,0.06471864879131317,0.05169741064310074,0.02813517302274704,0.007983257994055748,0.00023252208484336734,64.86798095703125,18.556838989257812,28.52761459350586
Ripe_77.jpg,Ripe,Ripe,48.817535400390625,25.153635025024414,42.87355041503906,24.960634231567383,57.463783264160156,24.091400146484375,0.01999829150736332,0.5623450875282288,0.3464661240577698,0.056832749396562576,0.006751559674739838,0.00025638833176344633,0.00025638833176344633,0.00017092555935960263,8.546277967980132e-05,0.00034185111871920526,0.0006837022374384105,0.0007691650534979999,0.0008546278113499284,0.00025638833176344633,0.0026493461336940527,0.0012819416588172317,0.07879668474197388,0.05298692360520363,0.06042218580842018,0.18733441829681396,0.05085035413503647,0.034099649637937546,0.026066148653626442,0.02854456938803196,0.044526107609272,0.10306811332702637,0.156738743185997,0.11118707805871964,0.04803008213639259,0.01290487963706255,0.0029911973979324102,0.0014528672909364104,0.0,0.0,0.00017092555935960263,0.00846081506460905,0.25185880064964294,0.06443893909454346,0.05597812309861183,0.05050850287079811,0.053670626133680344,0.07033586502075195,0.07144688814878464,0.038971029222011566,0.058371078222990036,0.14229552447795868,0.1193060427904129,0.01418682187795639,62.68222427368164,21.19807243347168,28.737340927124023
Ripe_78.jpg,Ripe,Ripe,51.23978042602539,33.66619873046875,42.80421829223633,25.426685333251953,52.568965911865234,25.39148712158203,0.02056707628071308,0.5437155961990356,0.34642404317855835,0.055607277899980545,0.01811256818473339,0.0016927634133026004,0.00025391450617462397,0.0005924672004766762,0.00016927634715102613,8.463817357551306e-05,0.0009310198947787285,8.463817357551306e-05,0.0026237834244966507,0.0019466779194772243,0.004655099473893642,0.0025391450617462397,0.07253491133451462,0.0686415582895279,0.08243758231401443,0.16834531724452972,0.034363098442554474,0.025137536227703094,0.026576386764645576,0.0278459582477808,0.04367329552769661,0.12399492412805557,0.1368599236011505,0.12416420131921768,0.048666950315237045,0.01269572600722313,0.0027930596843361855,0.0012695725308731198,0.0,0.00296233594417572,0.01616589166224003,0.04367329552769661,0.27405840158462524,0.09284807741641998,0.043588656932115555,0.04206516966223717,0.049344055354595184,0.06652560085058212,0.0556919164955616,0.04790520668029785,0.0478205680847168,0.06999576836824417,0.11129919439554214,0.03605586290359497,60.698631286621094,19.867704391479492,27.677244186401367
Ripe_79.jpg,Ripe,Ripe,51.534969329833984,20.325481414794922,42.80943298339844,25.13651466369629,54.29943084716797,23.744348526000977,0.014439805410802364,0.48738691210746765,0.32011133432388306,0.16927626729011536,0.006350034847855568,0.0,0.0,0.0,0.0,0.0,0.0,0.0,0.00017397355986759067,8.698677993379533e-05,0.0019137091003358364,0.000260960339801386,0.06802365928888321,0.059237994253635406,0.04993041232228279,0.20981210470199585,0.05271398648619652,0.018702156841754913,0.027487821877002716,0.04862561076879501,0.06915448606014252,0.10864648222923279,0.09438065439462662,0.08089770376682281,0.07759220898151398,0.02887961082160473,0.004175365436822176,0.0017397355986759067,0.0,0.000521920679602772,0.001565761980600655,0.0064370217733085155,0.27148574590682983,0.09551148116588593,0.05219206586480141,0.04975643754005432,0.059064023196697235,0.07907097786664963,0.08263743668794632,0.04253653436899185,0.04505915194749832,0.07941892743110657,0.11925887316465378,0.015483646653592587,67.50117492675781,21.112829208374023,28.38027572631836
Ripe_8.jpg,Ripe,Ripe,49.65925598144531,12.418083190917969,63.86444091796875,18.874717712402344,54.97368240356445,13.184870719909668,0.0022828306537121534,0.1965637356042862,0.7403580546379089,0.057431213557720184,0.0022828306537121534,0.0,0.0,0.0,0.0,0.0,0.00012014898675261065,0.00012014898675261065,0.00012014898675261065,0.0002402979735052213,0.0002402979735052213,0.0002402979735052213,0.0013216388178989291,0.009732067584991455,0.01622011326253414,0.023308902978897095,0.030758140608668327,0.030637990683317184,0.03316111862659454,0.056349873542785645,0.08194160461425781,0.10104529559612274,0.13456685841083527,0.17457647621631622,0.16003844141960144,0.09479755163192749,0.030397692695260048,0.021146221086382866,0.00012014898675261065,0.002042532665655017,0.011534302495419979,0.016340261325240135,0.03015739470720291,0.05502823367714882,0.0660819411277771,0.11005646735429764,0.18514958024024963,0.22563979029655457,0.15667428076267242,0.11546317487955093,0.024870838969945908,0.000841042899992317,0.0,0.0,49.37193298339844,80.45870971679688,58.15316390991211
Ripe_80.jpg,Ripe,Ripe,56.82746505737305,34.36204147338867,44.455169677734375,25.343673706054688,53.73038101196289,25.72627830505371,0.005882920231670141,0.47044074535369873,0.24148905277252197,0.22384029626846313,0.041373323649168015,0.0011572957737371325,0.0020252675749361515,0.0,0.0,0.0004822065820917487,0.0004822065820917487,0.0015430609928444028,0.0032790047116577625,9.644131205277517e-05,0.0060758027248084545,0.0018323849653825164,0.07387404888868332,0.05362137034535408,0.05072813108563423,0.17118333280086517,0.05362137034535408,0.030571896582841873,0.02439965307712555,0.027003567665815353,0.0367441400885582,0.1169833168387413,0.15083421766757965,0.13791108131408691,0.05265695974230766,0.014755520969629288,0.003568328684195876,0.0015430609928444028,0.0,0.0038576526567339897,0.014659079723060131,0.03684058412909508,0.2879737615585327,0.062204647809267044,0.04214485362172127,0.04715980216860771,0.0514032207429409,0.059890057891607285,0.05882920324802399,0.04484521225094795,0.0561288446187973,0.0802391767501831,0.11775484681129456,0.036069050431251526,70.93917083740234,19.944507598876953,27.2438907623291
Ripe_81.jpg,Ripe,Ripe,47.07936096191406,33.2862663269043,42.1927375793457,26.45209312438965,56.02090835571289,23.191015243530273,0.04013599827885628,0.5661332011222839,0.37067750096321106,0.01111203245818615,0.0,0.0,0.0,0.0,0.0,0.0,0.0,0.0,8.292561687994748e-05,0.0004975536721758544,0.007795007899403572,0.003565801540389657,0.08790115267038345,0.07728667557239532,0.06435027718544006,0.17679741978645325,0.036653123795986176,0.026204494759440422,0.02479475922882557,0.03035077452659607,0.060121070593595505,0.0864914208650589,0.10995936393737793,0.11775437742471695,0.07305746525526047,0.024628907442092896,0.00240484275855124,0.0012438842095434666,0.0,0.0,0.002156066009774804,0.021560659632086754,0.2246454954147339,0.09163280576467514,0.046106643974781036,0.053321171551942825,0.06294054538011551,0.08275976777076721,0.09851562976837158,0.04486275836825371,0.05398457497358322,0.08275976777076721,0.11642756313085556,0.018326561897993088,54.67875289916992,20.19819450378418,30.362110137939453
Ripe_82.jpg,Ripe,Ripe,43.70112609863281,26.47478485107422,41.71907043457031,23.82900047302246,45.052391052246094,23.297521591186523,0.03223560005426407,0.6421251893043518,0.3042483329772949,0.011043677106499672,0.0013928962871432304,0.0,0.0013928962871432304,0.0006964481435716152,9.949258674168959e-05,0.0002984777675010264,0.0004974629264324903,0.0,0.0,0.0004974629264324903,0.0019898517057299614,0.0034822404850274324,0.041786886751651764,0.07621132582426071,0.07392299175262451,0.18157397210597992,0.04855238273739815,0.034225448966026306,0.05074121803045273,0.06616257131099701,0.08645905554294586,0.09222962707281113,0.09262759983539581,0.08486717939376831,0.04447318613529205,0.013133022002875805,0.006467018276453018,0.0065665110014379025,0.0,0.02139090560376644,0.035717837512493134,0.09203064441680908,0.2915132939815521,0.08009153604507446,0.05581534281373024,0.052333101630210876,0.05690975859761238,0.07093821465969086,0.07402248680591583,0.027758432552218437,0.016316784545779228,0.03223560005426407,0.0752163976430893,0.017709679901599884,54.63383865356445,20.99924087524414,28.765411376953125
Ripe_83.jpg,Ripe,Ripe,41.646183013916016,14.578781127929688,42.09591293334961,26.027265548706055,49.6378173828125,20.716407775878906,0.018957797437906265,0.6696199178695679,0.3035152852535248,0.005525388289242983,0.00038106125430203974,0.0,0.00019053062715101987,0.00019053062715101987,0.00038106125430203974,9.526531357550994e-05,0.0,0.0,0.0,0.0,0.0005715918960049748,0.0005715918960049748,0.06335143744945526,0.08183290809392929,0.07964180409908295,0.19777078926563263,0.033342860639095306,0.026960084214806557,0.02819853276014328,0.03286653384566307,0.04096408560872078,0.06944841146469116,0.12108221650123596,0.1317519247531891,0.07192531228065491,0.016957225278019905,0.003048490034416318,0.0008573878440074623,0.0,0.0002857959480024874,0.014194531366229057,0.024768982082605362,0.22615985572338104,0.143279030919075,0.07678384333848953,0.06744784116744995,0.07897494733333588,0.09116890281438828,0.08002286404371262,0.03258073702454567,0.04458416625857353,0.06430408358573914,0.051538534462451935,0.003905877936631441,52.95926284790039,20.475933074951172,30.56118392944336
Ripe_84.jpg,Ripe,Ripe,47.36910629272461,18.393341064453125,45.872108459472656,25.22393226623535,58.685333251953125,22.935253143310547,0.007639277260750532,0.5541270971298218,0.42351406812667847,0.011645239777863026,0.0,0.0,0.0,0.0,0.0,0.0,0.0,0.0,9.316191426478326e-05,0.0,0.0021427241154015064,0.0008384572574868798,0.061580024659633636,0.0517980232834816,0.05915781483054161,0.1669461578130722,0.04266815632581711,0.024687906727194786,0.02841438353061676,0.028973355889320374,0.04928265139460564,0.09325508028268814,0.18362213671207428,0.1290292590856552,0.05198434740304947,0.016210174188017845,0.006055524572730064,0.006335010286420584,0.0,0.003540152683854103,0.003446990856900811,0.006428172346204519,0.2058878391981125,0.07620644569396973,0.046767283231019974,0.04900316894054413,0.06185951083898544,0.07024408131837845,0.062232159078121185,0.06251164525747299,0.11924725025892258,0.1336873471736908,0.09223029762506485,0.006707658059895039,58.691917419433594,20.879920959472656,30.226152420043945
Ripe_85.jpg,Ripe,Ripe,46.399925231933594,15.491512298583984,44.77424240112305,22.721887588500977,56.0485725402832,21.856647491455078,0.015748783946037292,0.5410900115966797,0.39200153946876526,0.049441635608673096,0.00038178867544047534,0.0,0.0,0.0,0.0,0.0,0.0,0.0,9.544716886011884e-05,9.544716886011884e-05,0.0007635773508809507,0.00038178867544047534,0.03445642814040184,0.061754319816827774,0.048487164080142975,0.15987400710582733,0.0711081400513649,0.027775125578045845,0.02796602062880993,0.06232700124382973,0.0976424515247345,0.11157774180173874,0.15596067905426025,0.08771594613790512,0.03216569498181343,0.014794311486184597,0.004963252693414688,0.001431707525625825,0.0,0.0008590245270170271,0.0019089434063062072,0.0032452037557959557,0.15882408618927002,0.15863320231437683,0.07654862850904465,0.056695617735385895,0.06232700124382973,0.07578505575656891,0.06595399230718613,0.043428461998701096,0.0819891169667244,0.15032929182052612,0.062613345682621,0.0008590245270170271,59.667335510253906,23.088815689086914,31.252540588378906
Ripe_86.jpg,Ripe,Ripe,45.49882125854492,16.866291046142578,44.60206604003906,24.408592224121094,50.76399612426758,23.082998275756836,0.041912198066711426,0.5227607488632202,0.3887743055820465,0.04235415533185005,0.0,0.0,0.0030200353357940912,0.0,0.0,0.0,0.0,0.0,0.00029463760438375175,0.0,0.0005892752087675035,0.00029463760438375175,0.06165291741490364,0.049793753772974014,0.057601649314165115,0.18878903985023499,0.03852386400103569,0.019519740715622902,0.020624632015824318,0.03204184025526047,0.07800530642271042,0.10842663794755936,0.15792575478553772,0.1340600997209549,0.03977607563138008,0.009502062574028969,0.0022834413684904575,0.0014731879346072674,0.0,0.00029463760438375175,0.004640541970729828,0.044195640832185745,0.23666764795780182,0.16551266610622406,0.052003536373376846,0.05524455010890961,0.05848556384444237,0.06953447312116623,0.06923983246088028,0.04043900966644287,0.03749263286590576,0.04014437273144722,0.11048910021781921,0.015615792945027351,59.24884796142578,21.134113311767578,31.499065399169922
Ripe_87.jpg,Ripe,Ripe,47.6660041809082,25.734830856323242,44.057220458984375,24.84027671813965,50.88784408569336,22.867883682250977,0.026975376531481743,0.5175303220748901,0.41102534532546997,0.035354647785425186,0.00014700477186124772,0.0,0.0,0.0,0.0,0.0,0.003822124330326915,0.0,0.0019845645874738693,0.00014700477186124772,0.0019110621651634574,0.0011025358689948916,0.07026828080415726,0.04520396888256073,0.083057701587677,0.1733921319246292,0.028151415288448334,0.02028665877878666,0.017861081287264824,0.031900037080049515,0.06857772916555405,0.11929437518119812,0.1630282998085022,0.12546858191490173,0.04255788400769234,0.00801176019012928,0.0019845645874738693,0.0009555310825817287,0.0,0.0,0.003454612335190177,0.037045203149318695,0.19470782577991486,0.21947813034057617,0.053068723529577255,0.05431826412677765,0.06181550770998001,0.06475560367107391,0.06681367009878159,0.04233737662434578,0.03925027698278427,0.03976479172706604,0.1030503511428833,0.020139655098319054,58.15107345581055,19.75270652770996,32.16496276855469
Ripe_88.jpg,Ripe,Ripe,50.16233444213867,24.641353607177734,43.273738861083984,27.876890182495117,53.88728332519531,22.725982666015625,0.025364864617586136,0.34191834926605225,0.5357839465141296,0.07890424132347107,0.009677670896053314,0.002887692302465439,0.00015609146794304252,0.0,0.0,0.0,0.0,0.0003902286698576063,0.00031218293588608503,0.0005463201669044793,0.0014048232696950436,0.0026535550132393837,0.09896199405193329,0.08421134948730469,0.08343089371919632,0.13673612475395203,0.03816436603665352,0.021150393411517143,0.02286740019917488,0.035198625177145004,0.0419105589389801,0.06313899904489517,0.09607429802417755,0.13353624939918518,0.10153750330209732,0.03418403118848801,0.006633887533098459,0.002263326197862625,0.0,0.00031218293588608503,0.008741122670471668,0.03769608959555626,0.2193085104227066,0.10239600390195847,0.048310309648513794,0.05291500687599182,0.06181222200393677,0.08062124252319336,0.0721142590045929,0.0677436962723732,0.08069928735494614,0.07859205454587936,0.0871770828962326,0.0015609146794304252,60.24534225463867,20.175487518310547,30.340246200561523
Ripe_89.jpg,Ripe,Ripe,44.96773147583008,20.678836822509766,45.56229019165039,23.928281784057617,57.122100830078125,21.989627838134766,0.029883962124586105,0.590764582157135,0.3455730378627777,0.027499603107571602,0.000794786203186959,0.00015895723481662571,0.0014306152006611228,0.0,0.0,0.0,0.0,0.0002384358667768538,0.0006358289392665029,7.947861740831286e-05,0.0020664441399276257,0.0008742648060433567,0.059211570769548416,0.0496741384267807,0.05062787979841232,0.15768557786941528,0.03528850898146629,0.024558894336223602,0.03441424295306206,0.06596725434064865,0.08766491711139679,0.09608965367078781,0.17032268643379211,0.09744078665971756,0.045223336666822433,0.016213638707995415,0.007470990531146526,0.0021459227427840233,0.0,0.001828008214943111,0.001589572406373918,0.004132888279855251,0.17858846485614777,0.12239707261323929,0.06755682826042175,0.054681289941072464,0.05746304243803024,0.07470989972352982,0.0689079612493515,0.0496741384267807,0.10133524239063263,0.15800349414348602,0.05817835032939911,0.0009537434671074152,55.678932189941406,21.47701072692871,30.4783992767334
Ripe_9.jpg,Ripe,Ripe,84.27793884277344,41.29288864135742,34.807403564453125,34.58810043334961,57.77997589111328,11.394543647766113,0.0020558983087539673,0.11451908946037292,0.3702283799648285,0.024337390437722206,0.27399009466171265,0.09473801404237747,0.029171528294682503,0.0904039591550827,0.00027782408869825304,0.00022225925931707025,0.0,0.0,0.0,0.0,0.0,5.556481482926756e-05,0.4883591830730438,0.0062232594937086105,0.007779074367135763,0.010057231411337852,0.01366894505918026,0.015724843367934227,0.016502751037478447,0.020503416657447815,0.03156081587076187,0.0482858270406723,0.06495527178049088,0.08462521433830261,0.09823859483003616,0.06245485320687294,0.01955881528556347,0.0115019166842103,5.556481482926756e-05,0.0033338889479637146,0.007890203967690468,0.012835472822189331,0.023503918200731277,0.02261487953364849,0.04028449207544327,0.09357114881277084,0.11407456547021866,0.13218869268894196,0.52080899477005,0.027782408520579338,0.0010557315545156598,0.0,0.0,0.0,109.04734802246094,2.2994165420532227,64.67607116699219
Ripe_90.jpg,Ripe,Ripe,57.034881591796875,39.322898864746094,44.37006378173828,27.409975051879883,49.33401107788086,23.70891761779785,0.0447678305208683,0.34886690974235535,0.39157965779304504,0.13435903191566467,0.02105087786912918,0.002610530937090516,0.02260608784854412,0.00466562993824482,0.008053765632212162,0.009164630435407162,0.00855365488678217,0.0004443457000888884,0.00038880249485373497,0.00038880249485373497,0.0013885803055018187,0.0011108642211183906,0.11964008212089539,0.030104421079158783,0.035825371742248535,0.12519440054893494,0.11880692839622498,0.026660742238163948,0.026271939277648926,0.05615418776869774,0.06276383250951767,0.06309708952903748,0.09070206433534622,0.09014663100242615,0.06765162944793701,0.04676738381385803,0.024716729298233986,0.015496556647121906,0.0008331481949426234,0.004499000031501055,0.01816263049840927,0.22322817146778107,0.10592090338468552,0.07514996826648712,0.047600533813238144,0.05465452000498772,0.05943123623728752,0.07065096497535706,0.06792934983968735,0.046211954206228256,0.08353698998689651,0.11214174330234528,0.02993779070675373,0.0001110864250222221,61.6458740234375,22.73968505859375,23.20395278930664
Ripe_91.jpg,Ripe,Ripe,59.436180114746094,35.38889694213867,42.094234466552734,28.459178924560547,44.71320343017578,24.28016471862793,0.04363159462809563,0.3601754307746887,0.2071257382631302,0.32282859086990356,0.014558936469256878,0.0011755663435906172,0.020753266289830208,0.010263598524034023,0.010354026220738888,0.0038884116802364588,0.00339105655439198,0.0,0.0,0.0002260704495711252,0.0007234254153445363,0.0009042817982845008,0.1323416382074356,0.04670615494251251,0.03761812299489975,0.14423294365406036,0.12800107896327972,0.039833612740039825,0.024279965087771416,0.030293438583612442,0.0371207669377327,0.05131798982620239,0.0679115578532219,0.08540941029787064,0.08382692188024521,0.050504136830568314,0.026766739785671234,0.013835511170327663,0.000859067658893764,0.020120268687605858,0.03816068917512894,0.25514310598373413,0.13550662994384766,0.053714338690042496,0.048243433237075806,0.054121263325214386,0.05886874347925186,0.06922277063131332,0.0714382603764534,0.027173668146133423,0.037301622331142426,0.066102996468544,0.057467106729745865,0.0065560429356992245,66.76223754882812,22.782960891723633,22.475704193115234
Ripe_92.jpg,Ripe,Ripe,48.0301628112793,13.898305892944336,47.70326614379883,26.508441925048828,54.82846450805664,22.501962661743164,0.005310674663633108,0.45469993352890015,0.49750399589538574,0.04110461845993996,0.00021242698130663484,0.0,0.00010621349065331742,0.0,0.0,0.0,0.0,0.0,0.0,0.0,0.0010621348628774285,0.0,0.05225703492760658,0.05809877812862396,0.042804036289453506,0.1734466254711151,0.06330323964357376,0.02687201276421547,0.022517260164022446,0.03239511325955391,0.038767922669649124,0.06935741007328033,0.10037174820899963,0.1322357952594757,0.13308550417423248,0.04407859966158867,0.007753584533929825,0.002655337331816554,0.0,0.00021242698130663484,0.0015932023525238037,0.01051513571292162,0.17992565035820007,0.16240042448043823,0.06234731897711754,0.05778013914823532,0.062134891748428345,0.08274030685424805,0.0944237932562828,0.0586298443377018,0.03813064098358154,0.052469462156295776,0.11566648632287979,0.02103027142584324,61.641624450683594,21.793180465698242,31.12623405456543
Ripe_93.jpg,Ripe,Ripe,48.42494201660156,33.755069732666016,46.26519012451172,27.385589599609375,54.31941604614258,25.45760726928711,0.03217987343668938,0.42820125818252563,0.5187228322029114,0.006101638078689575,0.0003343363350722939,0.0,0.000250752258580178,0.00016716816753614694,0.000250752258580178,0.000250752258580178,0.0007522567757405341,0.0011701772455126047,0.002173186279833317,0.001003009034320712,0.002674690680578351,0.005767302121967077,0.06502842158079147,0.06327315419912338,0.06636576354503632,0.17577733099460602,0.03401872143149376,0.020227348431944847,0.018639251589775085,0.027666332200169563,0.04898027330636978,0.07781678438186646,0.12278502434492111,0.1195252388715744,0.08425275981426239,0.055834170430898666,0.013874958269298077,0.005934469867497683,0.0,0.009862922132015228,0.01161818765103817,0.041708458214998245,0.19909729063510895,0.1430123746395111,0.054580409079790115,0.04856235533952713,0.053911734372377396,0.06360749155282974,0.06001337245106697,0.03853226453065872,0.03886659815907478,0.052908726036548615,0.11183550953865051,0.07188231498003006,55.398563385009766,20.32729721069336,30.87687873840332
Ripe_94.jpg,Ripe,Ripe,47.45096969604492,17.25,50.12308120727539,28.122539520263672,54.91431427001953,21.59050941467285,0.009789029136300087,0.43949365615844727,0.5206751227378845,0.02666666731238365,0.0,0.0,8.438818622380495e-05,0.0,0.0,0.0003375527448952198,0.00025316455867141485,0.0003375527448952198,0.0006751054897904396,0.0,0.0006751054897904396,0.0010126582346856594,0.048945147544145584,0.07021097093820572,0.05932489410042763,0.12354430556297302,0.08666666597127914,0.015696203336119652,0.015611814334988594,0.016540084034204483,0.019999999552965164,0.030970463529229164,0.10075949132442474,0.18691983819007874,0.13822785019874573,0.055021096020936966,0.022278480231761932,0.009282700717449188,0.0,0.0031223627738654613,0.0026160336565226316,0.01232067495584488,0.1378902941942215,0.1604219377040863,0.08497890084981918,0.06565400958061218,0.06928270310163498,0.09172996133565903,0.07704641669988632,0.04506329074501991,0.05704641342163086,0.10818565636873245,0.08464135229587555,0.0,56.83783721923828,21.28449249267578,31.05668830871582
Ripe_95.jpg,Ripe,Ripe,48.69465637207031,26.78898048400879,46.36396026611328,26.091251373291016,58.657588958740234,23.04833984375,0.029030710458755493,0.4412188231945038,0.48832374811172485,0.024952014908194542,0.004478566814213991,0.0006397952674888074,0.002879078732803464,0.0006397952674888074,0.0,0.00039987204945646226,0.00039987204945646226,0.00023992321803234518,0.001599488197825849,0.0008797185146249831,0.0020793345756828785,0.0022392834071069956,0.08037427812814713,0.04294625669717789,0.06253998726606369,0.1523512452840805,0.03670825436711311,0.017594369128346443,0.023112604394555092,0.031030070036649704,0.049824055284261703,0.10036788135766983,0.17618362605571747,0.12484005093574524,0.06014075502753258,0.029350608587265015,0.008317338302731514,0.004318618215620518,0.0,0.00023992321803234518,0.0010396672878414392,0.0019193857442587614,0.18849967420101166,0.09317018836736679,0.07741522789001465,0.05422264710068703,0.05366282910108566,0.07213691622018814,0.06253998726606369,0.03982725366950035,0.07933460921049118,0.15539027750492096,0.12020153552293777,0.00039987204945646226,58.95178985595703,19.99995231628418,29.607126235961914
Ripe_96.jpg,Ripe,Ripe,46.508575439453125,43.71860885620117,39.585426330566406,24.729703903198242,53.13331604003906,20.226085662841797,0.051369570195674896,0.7795886993408203,0.13388514518737793,0.012543732300400734,0.00034132605651393533,0.0,0.0,0.0,0.0,8.533151412848383e-05,0.00034132605651393533,0.0,0.00409591244533658,8.533151412848383e-05,0.0060585374012589455,0.01160508580505848,0.1274852752685547,0.0782490000128746,0.059988055378198624,0.1399436742067337,0.024234149605035782,0.026964757591485977,0.03771653026342392,0.03592456877231598,0.06988650560379028,0.15718065202236176,0.15666866302490234,0.0635719746351242,0.017407627776265144,0.0029866029508411884,0.001194641226902604,0.000597320613451302,8.533151412848383e-05,0.00034132605651393533,0.000597320613451302,0.0011093096109107137,0.2293711006641388,0.09164604544639587,0.07534772902727127,0.07167847454547882,0.07731035351753235,0.08132093399763107,0.07244645804166794,0.08840344846248627,0.11221093684434891,0.0940353274345398,0.00409591244533658,0.0,42.20676803588867,20.29228973388672,28.059585571289062
Ripe_97.jpg,Ripe,Ripe,39.73906326293945,33.89474105834961,38.538612365722656,26.241342544555664,47.64833068847656,19.777931213378906,0.08770693838596344,0.815216600894928,0.06748855113983154,0.018598098307847977,0.0,0.0,0.0,0.0,0.0,0.0,0.0,0.0,0.0,0.0005635787383653224,0.0,0.010426206514239311,0.10461430251598358,0.11419513821601868,0.18830573558807373,0.03360338136553764,0.028038041666150093,0.025008805096149445,0.028390279039740562,0.03726664185523987,0.05825994908809662,0.07256075739860535,0.15294118225574493,0.1284959465265274,0.022684043273329735,0.004297287669032812,0.0008453680784441531,0.0004931314033456147,0.0,0.00035223670420236886,0.011342021636664867,0.03677351027727127,0.27798521518707275,0.07404015213251114,0.07509686797857285,0.0798872858285904,0.09552659094333649,0.1067277193069458,0.07509686797857285,0.038957379758358,0.0475519560277462,0.06819302588701248,0.01246917899698019,0.0,36.50194549560547,16.00575828552246,27.682153701782227
Ripe_98.jpg,Ripe,Ripe,44.281097412109375,42.06249237060547,41.063385009765625,24.953153610229492,50.49039077758789,18.935461044311523,0.05905582383275032,0.7332615256309509,0.18811702728271484,0.0008975049131549895,0.0,0.0,0.0,0.0,0.0,0.0,0.0,0.000179500988451764,0.000359001976903528,0.00026925146812573075,0.003679770277813077,0.014180578291416168,0.08948124200105667,0.07718542218208313,0.12017591297626495,0.10868784785270691,0.025758391246199608,0.0205528624355793,0.026566145941615105,0.044964998960494995,0.08373720943927765,0.1287919580936432,0.14288277924060822,0.09450726956129074,0.02710464969277382,0.004756776150316,0.002961766207590699,0.0018847603350877762,0.0,0.0,0.000179500988451764,0.01444982923567295,0.25282713770866394,0.06435110419988632,0.060043081641197205,0.0799676924943924,0.10832884907722473,0.11820139735937119,0.09998205304145813,0.07790342718362808,0.07655717432498932,0.04182372987270355,0.005115778185427189,0.00026925146812573075,50.8457145690918,19.17400360107422,27.5330753326416
Ripe_99.jpg,Ripe,Ripe,46.484439849853516,12.017789840698242,48.37089157104492,27.46219253540039,47.59389114379883,18.243078231811523,0.003180131781846285,0.5319148898124695,0.4132657051086426,0.05118497833609581,0.0001514348405180499,0.0001514348405180499,0.0,0.0001514348405180499,0.0,0.0,0.0,0.0,0.0,0.0,0.0,0.0,0.025516770780086517,0.08889225125312805,0.05042780190706253,0.18422049283981323,0.041417431086301804,0.0212008785456419,0.019156508147716522,0.02536533586680889,0.046793367713689804,0.08556068688631058,0.09313242882490158,0.09638828039169312,0.12122359126806259,0.06723707169294357,0.024002423509955406,0.009464677423238754,0.0,0.0,0.0013629136374220252,0.02385098859667778,0.12273794412612915,0.2903006076812744,0.07632315903902054,0.08533353358507156,0.09805405884981155,0.09479821473360062,0.0730673149228096,0.03414855897426605,0.017566442489624023,0.038615886121988297,0.04278034344315529,0.001060043927282095,59.436954498291016,21.178096771240234,32.22836685180664
Overripe_1.jpg,Overripe,Overripe,127.78677368164062,38.55763626098633,26.391618728637695,18.47264862060547,8.688979148864746,11.968854904174805,0.014980079606175423,0.007808764930814505,0.048605576157569885,0.12494023889303207,0.12908366322517395,0.03952191397547722,0.6019123792648315,0.008764940313994884,0.0004780876624863595,0.015298805199563503,0.008605577982962132,0.0,0.0,0.0,0.0,0.0,0.06406374275684357,0.12828685343265533,0.1867729127407074,0.14199203252792358,0.1700398474931717,0.09848605841398239,0.1265338659286499,0.005737051833420992,0.022788845002651215,0.010517928749322891,0.007011952344328165,0.005896414164453745,0.0012749003944918513,0.003824701299890876,0.00031872509862296283,0.026454182341694832,0.6460557579994202,0.18597610294818878,0.05609561875462532,0.031075697392225266,0.020079681649804115,0.013864541426301003,0.011633465997874737,0.009561752900481224,0.007808764930814505,0.008127490058541298,0.0063745020888745785,0.0012749003944918513,0.0011155378306284547,0.0007968127611093223,0.00015936254931148142,0.0,150.1789093017578,29.591856002807617,2.8321900367736816
Overripe_10.jpg,Overripe,Overripe,119.59140014648438,57.56409454345703,30.21747398376465,23.57657814025879,10.625818252563477,12.945045471191406,0.05118279531598091,0.09376344084739685,0.10236559063196182,0.06860215216875076,0.0509677417576313,0.061935484409332275,0.35311827063560486,0.16580645740032196,0.006666666828095913,0.013763440772891045,0.02387096732854843,0.005161290522664785,0.0,0.0,0.0023655914701521397,0.00043010752415284514,0.08430107682943344,0.12193548679351807,0.14236558973789215,0.13268816471099854,0.1599999964237213,0.10537634044885635,0.07311827689409256,0.014623655937612057,0.04215053841471672,0.02086021564900875,0.019139785319566727,0.016989247873425484,0.005161290522664785,0.011612903326749802,0.0025806452613323927,0.047096773982048035,0.5713978409767151,0.18860214948654175,0.07010752707719803,0.03892473131418228,0.028172042220830917,0.03569892421364784,0.02989247255027294,0.016989247873425484,0.007096774410456419,0.006666666828095913,0.004946236498653889,0.0,0.0008602150483056903,0.0006451613153330982,0.0,0.0,153.4532928466797,29.822847366333008,3.711493492126465
Overripe_100.jpg,Overripe,Overripe,37.68959426879883,18.51451873779297,57.57500076293945,17.33601188659668,36.700645446777344,15.422513008117676,0.030875258147716522,0.8889042139053345,0.07346657663583755,0.002343211555853486,0.0005513438954949379,0.0,0.00013783597387373447,0.0,0.0,0.0,0.00027567194774746895,0.00027567194774746895,0.0005513438954949379,0.00027567194774746895,0.0011026877909898758,0.0012405237648636103,0.0012405237648636103,0.01047553401440382,0.012129565700888634,0.01529979333281517,0.028256375342607498,0.06078566610813141,0.0847691223025322,0.10902825742959976,0.12543073296546936,0.1308063417673111,0.14086836576461792,0.12818746268749237,0.08683666586875916,0.041212957352399826,0.013783597387373447,0.010889042168855667,0.0004135079216212034,0.02315644361078739,0.08394210785627365,0.13246037065982819,0.16912473738193512,0.1662301868200302,0.12212267518043518,0.11261199414730072,0.07222604751586914,0.05375603213906288,0.027842866256833076,0.016678152605891228,0.012680909596383572,0.006202619057148695,0.0005513438954949379,0.0,33.18402099609375,55.833927154541016,31.081056594848633
Overripe_101.jpg,Overripe,Overripe,38.38253402709961,21.54573631286621,53.36909866333008,19.06283950805664,31.0767765045166,11.574945449829102,0.0265066958963871,0.9109932780265808,0.0510602667927742,0.004464285913854837,0.00027901786961592734,0.00013950893480796367,0.0,0.0004185267898719758,0.0,0.0005580357392318547,0.0006975446594879031,0.0015345981810241938,0.00027901786961592734,0.00027901786961592734,0.0012555803405120969,0.0015345981810241938,0.009626115672290325,0.013811384327709675,0.03055245615541935,0.0357142873108387,0.056640625,0.0729631707072258,0.0844029039144516,0.0856584832072258,0.1019810289144516,0.1319754421710968,0.1548549085855484,0.1236049085855484,0.0618024542927742,0.0223214291036129,0.009068080224096775,0.0050223213620483875,0.0033482143189758062,0.0242745541036129,0.1494140625,0.1580636203289032,0.1537388414144516,0.189453125,0.1895926296710968,0.0869140625,0.02873883955180645,0.010602678172290325,0.0057198661379516125,0.0,0.00013950893480796367,0.0,0.0,0.0,38.325172424316406,68.55176544189453,42.327178955078125
Overripe_102.jpg,Overripe,Overripe,40.622352600097656,12.192291259765625,62.54634094238281,20.19066619873047,42.67803192138672,20.982791900634766,0.025882352143526077,0.7672058939933777,0.19970588386058807,0.0061764707788825035,0.0,0.0,0.0,0.0,0.0,0.0,0.0,0.0,0.00014705881767440587,0.00014705881767440587,0.00014705881767440587,0.0005882352706976235,0.005441176239401102,0.015294117853045464,0.01823529414832592,0.024264706298708916,0.03279411792755127,0.03661764785647392,0.05205882340669632,0.05632352828979492,0.06573529541492462,0.08941176533699036,0.1344117671251297,0.19588235020637512,0.13117647171020508,0.07750000059604645,0.03661764785647392,0.028235293924808502,0.002352941082790494,0.025735294446349144,0.0933823511004448,0.11426470428705215,0.12882353365421295,0.10661764442920685,0.09470587968826294,0.08352941274642944,0.0864705890417099,0.06897059082984924,0.0573529414832592,0.03970588371157646,0.0394117645919323,0.04102941229939461,0.017500000074505806,0.00014705881767440587,35.099525451660156,56.441795349121094,30.215574264526367
Overripe_103.jpg,Overripe,Overripe,35.560970306396484,17.38018226623535,55.06719207763672,18.596830368041992,33.64759063720703,14.400418281555176,0.09432091563940048,0.8277864456176758,0.07123637199401855,0.0032573288772255182,0.00028324598679319024,0.00014162299339659512,0.0,0.00014162299339659512,0.00028324598679319024,0.00028324598679319024,0.00014162299339659512,0.0,0.0,0.0004248690092936158,0.0005664919735863805,0.001132983947172761,0.006656281184405088,0.013454184867441654,0.018552612513303757,0.027049992233514786,0.04361988231539726,0.06146438047289848,0.09403767436742783,0.11358164250850677,0.11910494416952133,0.12661096453666687,0.13213425874710083,0.10451777279376984,0.07973375171422958,0.03540575131773949,0.013170938938856125,0.010904970578849316,0.0015578529564663768,0.032006796449422836,0.10706698894500732,0.14728792011737823,0.21101826429367065,0.16343294084072113,0.11754708737134933,0.08044186234474182,0.058915168046951294,0.035547371953725815,0.02379266358911991,0.012887693010270596,0.006797904148697853,0.0016994760371744633,0.0,0.0,31.418718338012695,55.97217559814453,30.56169891357422
Overripe_104.jpg,Overripe,Overripe,66.46554565429688,10.97296142578125,4.2469706535339355,1.1482738256454468,57.97755813598633,6.809807777404785,0.0030627872329205275,0.010302102193236351,0.22344423830509186,0.7496867775917053,0.009327579289674759,0.004176527727395296,0.0,0.0,0.0,0.0,0.0,0.0,0.0,0.0,0.0,0.0,0.9679799675941467,0.032020047307014465,0.0,0.0,0.0,0.0,0.0,0.0,0.0,0.0,0.0,0.0,0.0,0.0,0.0,0.0,0.0,0.0,0.0,0.0,0.0,0.007935402914881706,0.041347626596689224,0.0864541307091713,0.17792008817195892,0.37574830651283264,0.31059446930885315,0.0,0.0,0.0,0.0,0.0,66.03118133544922,4.347135543823242,57.626346588134766
Overripe_105.jpg,Overripe,Overripe,40.832740783691406,27.49414825439453,49.548892974853516,16.557254791259766,31.478395462036133,12.445369720458984,0.034500252455472946,0.8535430431365967,0.07661085575819016,0.010147133842110634,0.0013529511634260416,0.0003382377908565104,0.005580923520028591,0.001183832180686295,0.009808896109461784,0.004227972123771906,0.0005073566571809351,0.0,0.0,0.0,0.0001691188954282552,0.0020294266287237406,0.007102993316948414,0.02891932986676693,0.02316928841173649,0.03602232411503792,0.041603248566389084,0.06172839552164078,0.10569930821657181,0.15372906625270844,0.18315576016902924,0.15575850009918213,0.10569930821657181,0.06071368232369423,0.02249281294643879,0.008455944247543812,0.0030441400595009327,0.002705902326852083,0.005411804653704166,0.038389988243579865,0.08641975373029709,0.15947911143302917,0.2602739632129669,0.2014206051826477,0.10299340635538101,0.05530187860131264,0.04008117690682411,0.027735497802495956,0.016911888495087624,0.002875021193176508,0.0013529511634260416,0.001183832180686295,0.0001691188954282552,0.0,35.944175720214844,55.863258361816406,30.95699691772461
Overripe_106.jpg,Overripe,Overripe,42.10667037963867,30.307903289794922,54.55290222167969,19.466176986694336,39.7326774597168,21.858518600463867,0.032603245228528976,0.8078916668891907,0.12171877920627594,0.01671961136162281,0.002507941797375679,0.0008359805797226727,0.0010031766723841429,0.00267513794824481,0.00267513794824481,0.002842334099113941,0.0015047651249915361,0.001170372823253274,0.0006687844870612025,0.00016719612176530063,0.001337568974122405,0.003678314620628953,0.012372513301670551,0.02507941797375679,0.028924928978085518,0.03093128278851509,0.05015883594751358,0.051997993141412735,0.05651228874921799,0.06721284240484238,0.10767430067062378,0.16585855185985565,0.17923423647880554,0.12255475670099258,0.06052499637007713,0.024577829986810684,0.008025413379073143,0.008359805680811405,0.0031767264008522034,0.049657247960567474,0.10800869762897491,0.14562782645225525,0.13960875570774078,0.11352616548538208,0.08008693903684616,0.06721284240484238,0.05701387673616409,0.054338738322257996,0.0489884652197361,0.03845510631799698,0.03226885199546814,0.03226885199546814,0.029092125594615936,0.0006687844870612025,33.819923400878906,57.120460510253906,31.10207748413086
Overripe_107.jpg,Overripe,Overripe,42.49382781982422,12.590303421020508,41.08967590332031,20.40276527404785,40.700931549072266,22.23892593383789,0.005647491663694382,0.7454688549041748,0.22340425848960876,0.02035723626613617,0.002101392252370715,0.0001313370157731697,0.0007880220655351877,0.0005253480630926788,0.0005253480630926788,0.0005253480630926788,0.0001313370157731697,0.0,0.0,0.0,0.00039401103276759386,0.0,0.016548464074730873,0.0323089063167572,0.0555555559694767,0.12792225182056427,0.2009456306695938,0.08983451873064041,0.06422379612922668,0.06304176151752472,0.06409246474504471,0.08458103239536285,0.0914105623960495,0.061991069465875626,0.027712108567357063,0.01103230845183134,0.004071447532624006,0.004728132393211126,0.00591016560792923,0.04412923380732536,0.08261097967624664,0.15563435852527618,0.13764119148254395,0.1343577653169632,0.08707644045352936,0.0591016560792923,0.04504859447479248,0.045179933309555054,0.04202784225344658,0.04399789869785309,0.04609929025173187,0.04701865091919899,0.022589966654777527,0.0015760441310703754,40.61206817626953,29.04888916015625,20.611337661743164
Overripe_108.jpg,Overripe,Overripe,43.095970153808594,11.341044425964355,40.55656814575195,20.86140251159668,39.93148422241211,22.723901748657227,0.010632344521582127,0.7070509195327759,0.2571348547935486,0.020984891802072525,0.0016787912463769317,0.00027979855076409876,0.0015388920437544584,0.00013989927538204938,0.00027979855076409876,0.0,0.0,0.0,0.0,0.0,0.00027979855076409876,0.0,0.010352546349167824,0.036653608083724976,0.08589815348386765,0.17529378831386566,0.13136541843414307,0.08505875617265701,0.06099608168005943,0.048684947192668915,0.0644935667514801,0.08785673975944519,0.10380525887012482,0.0677112489938736,0.02644096314907074,0.010912143625319004,0.0027979854494333267,0.0016787912463769317,0.0033575824927538633,0.05050363764166832,0.11541689932346344,0.15332959592342377,0.1260492503643036,0.12814773619174957,0.07680469751358032,0.05204252898693085,0.04560716450214386,0.04099048674106598,0.04224957898259163,0.04658645763993263,0.048824846744537354,0.0482652485370636,0.02154448814690113,0.00027979855076409876,40.29523849487305,20.725799560546875,19.32709312438965
Overripe_109.jpg,Overripe,Overripe,44.09195327758789,38.932716369628906,54.83852767944336,23.06045913696289,35.64250183105469,18.35453987121582,0.05012771487236023,0.8010855913162231,0.10584291070699692,0.016602810472249985,0.003512132912874222,0.0011174967512488365,0.002713920781388879,0.0007982120150700212,0.0006385695887729526,0.001756066456437111,0.0009578543831594288,0.0004789271915797144,0.0014367816038429737,0.0009578543831594288,0.004789271857589483,0.0071839080192148685,0.0148467430844903,0.03623882681131363,0.0429438054561615,0.04022988677024841,0.05140485242009163,0.06146232411265373,0.06577266752719879,0.06337803602218628,0.07614942640066147,0.0959450826048851,0.1261174976825714,0.13457854092121124,0.09578543901443481,0.04821200668811798,0.023786718025803566,0.023148147389292717,0.0028735632076859474,0.05906768888235092,0.14160281419754028,0.14463602006435394,0.13537675142288208,0.11446360498666763,0.09307152032852173,0.07535121589899063,0.06784801930189133,0.06529374420642853,0.04565772786736488,0.0271392073482275,0.015804598107933998,0.011015325784683228,0.0007982120150700212,0.0,32.46479034423828,43.474178314208984,19.682401657104492
Overripe_11.jpg,Overripe,Overripe,125.02226257324219,57.5506706237793,29.740440368652344,22.079086303710938,12.455267906188965,15.158651351928711,0.030977735295891762,0.1321393996477127,0.06485962867736816,0.06655372679233551,0.014278799295425415,0.06098741665482521,0.4075508117675781,0.12826718389987946,0.049370765686035156,0.023717328906059265,0.008228461258113384,0.0036302031949162483,0.0038722169119864702,0.0,0.005566311534494162,0.0,0.0600193627178669,0.12875120341777802,0.1754598319530487,0.12536302208900452,0.1488383412361145,0.103339783847332,0.07599225640296936,0.025411423295736313,0.04211035743355751,0.021055178716778755,0.02153920568525791,0.019361084327101707,0.007260406389832497,0.009680542163550854,0.0009680542279966176,0.03484995290637016,0.5435624122619629,0.19724103808403015,0.049370765686035156,0.024685382843017578,0.02032913826406002,0.060503389686346054,0.046708617359399796,0.026137463748455048,0.009196515195071697,0.011858664453029633,0.00677637942135334,0.0009680542279966176,0.001694094855338335,0.0004840271139983088,0.0004840271139983088,0.0,151.4514617919922,17.43368911743164,5.1300530433654785
Overripe_110.jpg,Overripe,Overripe,41.926387786865234,19.17524528503418,56.54794692993164,19.96601676940918,41.35260009765625,19.611623764038086,0.015280361287295818,0.7775710821151733,0.18668615818023682,0.015546106733381748,0.0005314908339641988,0.0005314908339641988,0.0001328727084910497,0.0,0.0,0.0,0.0,0.0002657454169820994,0.0005314908339641988,0.0006643635570071638,0.0003986181109212339,0.0018602178897708654,0.010762689635157585,0.016077598556876183,0.02139250561594963,0.031357958912849426,0.04637257382273674,0.06816370040178299,0.06842944771051407,0.08344405889511108,0.08145096898078918,0.09433962404727936,0.14084507524967194,0.17419612407684326,0.10656391084194183,0.034945521503686905,0.01195854414254427,0.009699707850813866,0.003188944887369871,0.032420940697193146,0.06763220578432083,0.1334041953086853,0.15280361473560333,0.11360616236925125,0.07733191549777985,0.07733191549777985,0.08091948181390762,0.07879351824522018,0.06165293604135513,0.06191868335008621,0.04929577559232712,0.008636726066470146,0.0010629816679283977,0.0,40.109642028808594,69.53408813476562,56.56105422973633
Overripe_111.jpg,Overripe,Overripe,39.8433837890625,21.369312286376953,55.895469665527344,21.202957153320312,34.17427062988281,15.423548698425293,0.040690865367650986,0.8767564296722412,0.050204917788505554,0.015661591663956642,0.0048302109353244305,0.002634660340845585,0.0020491802133619785,0.0016100702341645956,0.0017564402660354972,0.0010245901066809893,0.000731850101146847,0.0,0.0,0.0,0.0005854800692759454,0.001463700202293694,0.009514051489531994,0.01522248238325119,0.025029273703694344,0.04683840647339821,0.06352458894252777,0.0727459043264389,0.0638173297047615,0.06513465940952301,0.07494144886732101,0.09645784646272659,0.14212529361248016,0.1308548003435135,0.1062646359205246,0.05708431079983711,0.02151639387011528,0.008928571827709675,0.010977751575410366,0.026492973789572716,0.14519906044006348,0.15193209052085876,0.13158665597438812,0.12397541105747223,0.13407494127750397,0.1053864136338234,0.07830796390771866,0.04566744714975357,0.03220140561461449,0.009806791320443153,0.003659250680357218,0.000731850101146847,0.0,0.0,31.181949615478516,31.591716766357422,18.134538650512695
Overripe_112.jpg,Overripe,Overripe,41.99797821044922,36.62818908691406,53.79039001464844,22.85272789001465,31.910999298095703,17.028383255004883,0.06827367097139359,0.7935912013053894,0.0906466543674469,0.026703232899308205,0.0031755196396261454,0.0,0.00144341797567904,0.00014434180047828704,0.0,0.0008660508319735527,0.002598152495920658,0.0010103925596922636,0.00043302541598677635,0.00014434180047828704,0.0037528867833316326,0.007217090111225843,0.016021940857172012,0.030744804069399834,0.04301385581493378,0.05167436599731445,0.05499422550201416,0.06466512382030487,0.06812933087348938,0.06639722734689713,0.07938799262046814,0.09930715709924698,0.11128752678632736,0.13611431419849396,0.09454388171434402,0.04662240296602249,0.018331408500671387,0.01876443438231945,0.006928406655788422,0.06928406655788422,0.17898383736610413,0.15790992975234985,0.1502598226070404,0.12240184843540192,0.09237875044345856,0.06466512382030487,0.04792147874832153,0.04489029943943024,0.027569284662604332,0.017032332718372345,0.01154734380543232,0.007794457487761974,0.00043302541598677635,0.0,29.77394676208496,43.32958221435547,19.251007080078125
Overripe_113.jpg,Overripe,Overripe,37.82727813720703,15.22270679473877,56.018951416015625,18.009183883666992,42.936920166015625,20.799335479736328,0.04702096804976463,0.8384886980056763,0.11033838242292404,0.0021797800436615944,0.0,0.0,0.0,0.0,0.0,0.0,0.0,0.0,0.0,0.00041519617661833763,0.000518995220772922,0.001037990441545844,0.003840564750134945,0.01235208660364151,0.01972181908786297,0.022628191858530045,0.036329664289951324,0.07338592410087585,0.0993356853723526,0.08812539279460907,0.08252023905515671,0.10649781674146652,0.16535188257694244,0.18881046772003174,0.06913016736507416,0.018061034381389618,0.006020344793796539,0.007888727821409702,0.0030101723968982697,0.013493875972926617,0.08449242264032364,0.14656424522399902,0.12320946902036667,0.10317625105381012,0.08833298832178116,0.08241644501686096,0.07556570321321487,0.07359351962804794,0.06030724570155144,0.04940834641456604,0.04411459341645241,0.04369939863681793,0.008615320548415184,0.0,30.17334747314453,43.15000915527344,19.90949249267578
Overripe_114.jpg,Overripe,Overripe,40.66066360473633,34.99835205078125,48.36207962036133,19.941282272338867,33.599849700927734,14.589493751525879,0.05462313070893288,0.8501678109169006,0.06789746880531311,0.004882514476776123,0.00045773573219776154,0.0,0.0018309429287910461,0.0006103143095970154,0.0009154714643955231,0.004882514476776123,0.003051571547985077,0.0024412572383880615,0.0006103143095970154,0.0016783643513917923,0.0006103143095970154,0.005340250208973885,0.014037229120731354,0.024717729538679123,0.04928288236260414,0.06896551698446274,0.07400061190128326,0.0755263939499855,0.08834299445152283,0.09307293593883514,0.10634727030992508,0.11824839562177658,0.1306072622537613,0.09093683212995529,0.0398230105638504,0.018004272133111954,0.0064083002507686615,0.0016783643513917923,0.00015257857739925385,0.024870308116078377,0.14845895767211914,0.13732072710990906,0.16585291922092438,0.17134574055671692,0.12602990865707397,0.0874275267124176,0.056148916482925415,0.03692401573061943,0.02532804384827614,0.013579493388533592,0.0036618858575820923,0.0019835215061903,0.0006103143095970154,0.0003051571547985077,34.975608825683594,56.39017105102539,31.62630271911621
Overripe_115.jpg,Overripe,Overripe,41.29279327392578,35.51801300048828,48.20845413208008,20.098800659179688,30.957487106323242,14.340182304382324,0.036791007965803146,0.855050265789032,0.07256004214286804,0.010730709880590439,0.0018736161291599274,0.0008516436791978776,0.0011923011625185609,0.00034065748332068324,0.0,0.00034065748332068324,0.0042582182213664055,0.009027423337101936,0.0018736161291599274,0.0005109861958771944,0.0010219723917543888,0.003576903371140361,0.013285641558468342,0.029637198895215988,0.0391756072640419,0.06693919003009796,0.07749957591295242,0.09129620343446732,0.08771929889917374,0.09231817722320557,0.10202690958976746,0.1279168725013733,0.11531255394220352,0.08295009285211563,0.04087889567017555,0.01924714632332325,0.009879066608846188,0.003917560912668705,0.0047692046500742435,0.0371316634118557,0.17356498539447784,0.1691364347934723,0.1863396316766739,0.14750468730926514,0.10594446957111359,0.06557656079530716,0.04479645565152168,0.031510815024375916,0.020780105143785477,0.005961505696177483,0.0042582182213664055,0.0018736161291599274,0.0008516436791978776,0.0,33.98849105834961,56.47404479980469,30.921720504760742
Overripe_116.jpg,Overripe,Overripe,66.79750061035156,8.048065185546875,4.820620536804199,1.0406800508499146,57.916969299316406,6.621398448944092,0.0,0.004460303112864494,0.1757359504699707,0.8151947855949402,0.004608979914337397,0.0,0.0,0.0,0.0,0.0,0.0,0.0,0.0,0.0,0.0,0.0,0.9231340885162354,0.07686589658260345,0.0,0.0,0.0,0.0,0.0,0.0,0.0,0.0,0.0,0.0,0.0,0.0,0.0,0.0,0.0,0.0,0.0,0.0,0.0,0.0029735355637967587,0.04698185995221138,0.07998810708522797,0.1947665810585022,0.3835860788822174,0.29170385003089905,0.0,0.0,0.0,0.0,0.0,65.70214080810547,4.866626739501953,57.488922119140625
Overripe_117.jpg,Overripe,Overripe,40.52106475830078,26.15959930419922,57.08335494995117,21.348297119140625,37.888702392578125,16.50092887878418,0.010815173387527466,0.8994350433349609,0.07586763799190521,0.0037126715760678053,0.00016142049571499228,0.00016142049571499228,0.00032284099142998457,0.00048426148714497685,0.0006456819828599691,0.0014527845196425915,0.00048426148714497685,0.0009685229742899537,0.00016142049571499228,0.00016142049571499228,0.00048426148714497685,0.004681194666773081,0.007263922598212957,0.020177561789751053,0.023728813976049423,0.041807908564805984,0.06440678238868713,0.058918483555316925,0.06214689090847969,0.06020984798669815,0.07134786248207092,0.09588377922773361,0.13091202080249786,0.15916061401367188,0.11315576732158661,0.05359160527586937,0.023728813976049423,0.013559321872889996,0.0025827279314398766,0.031315576285123825,0.1228410005569458,0.08845843374729156,0.12154963612556458,0.13204197585582733,0.12623083591461182,0.13898305594921112,0.10217917710542679,0.05859564244747162,0.03970944136381149,0.01953188143670559,0.008878127671778202,0.005972558632493019,0.0009685229742899537,0.00016142049571499228,37.907833099365234,69.24915313720703,44.33120346069336
Overripe_118.jpg,Overripe,Overripe,43.60393142700195,40.08465576171875,46.1585693359375,17.101154327392578,36.679046630859375,14.869720458984375,0.03879423439502716,0.8361729979515076,0.08073394745588303,0.011795544065535069,0.003407601499930024,0.0014416775666177273,0.002359108766540885,0.0014416775666177273,0.001965923933312297,0.004980340600013733,0.00039318480412475765,0.0006553080165758729,0.005373525433242321,0.0022280472330749035,0.004062909632921219,0.004193971399217844,0.017824377864599228,0.025950197130441666,0.04076015576720238,0.041939713060855865,0.058060288429260254,0.08034075796604156,0.1321100890636444,0.15806028246879578,0.16290956735610962,0.12241153419017792,0.08401048183441162,0.04849279299378395,0.018479686230421066,0.005897772032767534,0.0014416775666177273,0.0013106160331517458,0.00026212321245111525,0.01887287013232708,0.10799475759267807,0.1002621203660965,0.13473132252693176,0.18269987404346466,0.17863695323467255,0.10406290739774704,0.0650065541267395,0.04508519172668457,0.03525556996464729,0.014809960499405861,0.008781126700341702,0.0032765399664640427,0.00026212321245111525,0.0,35.85758590698242,44.09962463378906,31.606874465942383
Overripe_119.jpg,Overripe,Overripe,69.98260498046875,12.128558158874512,4.921303749084473,1.2875076532363892,56.61480712890625,7.415647983551025,0.0,0.0,0.06876254081726074,0.9078260660171509,0.010702340863645077,0.0006688963039778173,0.0,0.012040133588016033,0.0,0.0,0.0,0.0,0.0,0.0,0.0,0.0,0.8696990013122559,0.13030099868774414,0.0,0.0,0.0,0.0,0.0,0.0,0.0,0.0,0.0,0.0,0.0,0.0,0.0,0.0,0.0,0.0,0.0,0.0,0.0,0.021404681727290154,0.05993311107158661,0.09979932755231857,0.18795986473560333,0.399464875459671,0.23143813014030457,0.0,0.0,0.0,0.0,0.0,67.77954864501953,5.024085521697998,57.48790740966797
Overripe_12.jpg,Overripe,Overripe,105.4869613647461,59.45555877685547,39.096519470214844,28.86406707763672,13.853732109069824,13.60529899597168,0.021357914432883263,0.2012140303850174,0.07981114834547043,0.14096222817897797,0.15220323204994202,0.09352517873048782,0.14006294310092926,0.07666366547346115,0.02675359696149826,0.03282374143600464,0.021357914432883263,0.004046762362122536,0.0026978417299687862,0.0015737409703433514,0.0017985611921176314,0.0031474819406867027,0.05125899240374565,0.10296762734651566,0.1220773383975029,0.12612409889698029,0.13309352099895477,0.06991906464099884,0.07104316353797913,0.025854317471385002,0.045638490468263626,0.028776979073882103,0.025179855525493622,0.03282374143600464,0.02450539544224739,0.03214928135275841,0.02900179848074913,0.07958633452653885,0.39793166518211365,0.23561151325702667,0.10499100387096405,0.06429856270551682,0.06564748287200928,0.04901079088449478,0.0400179848074913,0.01866007223725319,0.008093524724245071,0.009217625483870506,0.005620503798127174,0.00044964029802940786,0.00022482014901470393,0.00022482014901470393,0.0,0.0,152.5545654296875,19.202980041503906,5.234541893005371
Overripe_120.jpg,Overripe,Overripe,40.1641960144043,32.65618133544922,45.901702880859375,20.132373809814453,32.51183319091797,16.309093475341797,0.07726802676916122,0.8068299293518066,0.07312866300344467,0.017764747142791748,0.004139358177781105,0.003966885153204203,0.0037944118957966566,0.0017247326904907823,0.0,0.0006898930878378451,0.0022421525791287422,0.0005174197722226381,0.0006898930878378451,0.00017247327195946127,0.0018972059478983283,0.005174198187887669,0.013970335014164448,0.037599172443151474,0.05881338566541672,0.07036909461021423,0.08761642128229141,0.08744394779205322,0.08037254214286804,0.09003104269504547,0.12262849509716034,0.12832011282444,0.10451880097389221,0.0626077950000763,0.030355295166373253,0.013797861523926258,0.006898930761963129,0.004656778182834387,0.005691617727279663,0.062262848019599915,0.13711625337600708,0.18816833198070526,0.15246637165546417,0.12625043094158173,0.0929630920290947,0.07105898857116699,0.061228010803461075,0.0472576767206192,0.028458088636398315,0.013452914543449879,0.0074163503013551235,0.005346671212464571,0.0008623663452453911,0.0,29.729127883911133,31.02545166015625,19.443405151367188
Overripe_121.jpg,Overripe,Overripe,47.39768981933594,44.69563293457031,53.99863815307617,24.50644302368164,42.80693435668945,27.126611709594727,0.038906071335077286,0.765098512172699,0.1326713263988495,0.01920885592699051,0.00651147635653615,0.0004883607616648078,0.002930164337158203,0.0021162298507988453,0.0008139345445670187,0.004232459701597691,0.007162624038755894,0.003581312019377947,0.005697541870176792,0.0013022952480241656,0.003906886093318462,0.005371968261897564,0.02588311955332756,0.047370992600917816,0.044115252792835236,0.06316132098436356,0.06088230386376381,0.04330131784081459,0.04118508845567703,0.040859516710042953,0.056487057358026505,0.08253296464681625,0.13869445025920868,0.17629823088645935,0.09474198520183563,0.045743122696876526,0.017743773758411407,0.02099951170384884,0.013511314056813717,0.0923001766204834,0.1460198611021042,0.10320690274238586,0.09734657406806946,0.07520755380392075,0.04965000972151756,0.047533776611089706,0.044278040528297424,0.04492918774485588,0.045905910432338715,0.0387432835996151,0.06316132098436356,0.0789516493678093,0.05176623910665512,0.007488198112696409,42.75336456298828,69.53401184082031,81.48335266113281
Overripe_122.jpg,Overripe,Overripe,46.837764739990234,34.19682312011719,43.45112991333008,17.050100326538086,43.14239501953125,17.64499855041504,0.019091349095106125,0.7178991436958313,0.22482681274414062,0.013291445560753345,0.0012888674391433597,8.055421494645998e-05,0.0008055421058088541,0.0012083131587132812,0.002013855380937457,0.00048332527512684464,0.003705493872985244,0.008699854835867882,0.002094409428536892,0.0008055421058088541,0.002013855380937457,0.0016916384920477867,0.009908168576657772,0.012244240380823612,0.025132915005087852,0.051071371883153915,0.15007250010967255,0.17995810508728027,0.13903656601905823,0.09948445111513138,0.09231512993574142,0.08603189885616302,0.07886257767677307,0.037699371576309204,0.01723860204219818,0.010310939513146877,0.004994361195713282,0.005638794973492622,0.002255517989397049,0.024488480761647224,0.048654746264219284,0.07644594460725784,0.11881746351718903,0.15007250010967255,0.11744803935289383,0.11454809457063675,0.10657322406768799,0.08699855208396912,0.06307394802570343,0.045513130724430084,0.028274528682231903,0.014258095994591713,0.0025777348782867193,0.0,38.6363639831543,42.30281448364258,43.8526611328125
Overripe_123.jpg,Overripe,Overripe,44.1083984375,36.62803268432617,42.08736038208008,17.68781280517578,31.834758758544922,12.438668251037598,0.04349280521273613,0.7638006210327148,0.16175977885723114,0.012211441993713379,0.0001672800281085074,0.0,0.0001672800281085074,0.0,0.0,0.0005018400843255222,0.0015055201947689056,0.0026764804497361183,0.003680160501971841,0.0023419202771037817,0.004182000644505024,0.0035128805320709944,0.012546001933515072,0.03161592409014702,0.043325528502464294,0.06557376682758331,0.1344931423664093,0.1463700234889984,0.12847106158733368,0.10672465711832047,0.10455001890659332,0.09233857691287994,0.06858481466770172,0.030946804210543633,0.018066242337226868,0.008865841664373875,0.004182000644505024,0.003345600562170148,0.0005018400843255222,0.017898963764309883,0.09568417817354202,0.1990632265806198,0.248745396733284,0.17765139043331146,0.10254265367984772,0.06222816929221153,0.043325528502464294,0.028103044256567955,0.01522248238325119,0.00518568092957139,0.001672800281085074,0.0013382402248680592,0.000836400140542537,0.0,38.85983657836914,31.321823120117188,29.785425186157227
Overripe_124.jpg,Overripe,Overripe,40.954612731933594,10.77744197845459,67.22926330566406,21.36717987060547,50.508792877197266,20.7549991607666,0.026242202147841454,0.8049042820930481,0.1621854156255722,0.00537750031799078,0.00021510002261493355,0.0,0.0004302000452298671,0.0,0.0,0.0,0.0,0.0,0.0,0.0,0.0,0.0006453000823967159,0.00559260044246912,0.015487201511859894,0.020004302263259888,0.024736503139138222,0.027747903019189835,0.03355560451745987,0.03592170402407646,0.028608303517103195,0.041299205273389816,0.061303507536649704,0.09335341304540634,0.16304582357406616,0.20520542562007904,0.12776941061019897,0.06775650382041931,0.04861260578036308,0.0010755001567304134,0.019143901765346527,0.04775220528244972,0.06904710829257965,0.07528501003980637,0.08862120658159256,0.09571950882673264,0.09399870783090591,0.09055710583925247,0.08926650881767273,0.09141750633716583,0.09098730981349945,0.08733060956001282,0.050763603299856186,0.009034200571477413,0.0,42.51540756225586,80.7963638305664,68.9207534790039
Overripe_125.jpg,Overripe,Overripe,44.9591064453125,35.431766510009766,59.95367431640625,18.793502807617188,42.74876403808594,15.060652732849121,0.019290123134851456,0.8321759104728699,0.1263503134250641,0.0007716049440205097,0.0,0.0,0.0,0.00019290123600512743,0.0005787037080153823,0.004822530783712864,0.0015432098880410194,0.0019290123600512743,0.0050154319033026695,0.0007716049440205097,0.0028935184236615896,0.0036651233676820993,0.007523148320615292,0.015239197760820389,0.01871141977608204,0.020640432834625244,0.027970679104328156,0.030671296641230583,0.04610339552164078,0.08429783582687378,0.12017747014760971,0.12229938060045242,0.13464505970478058,0.16512346267700195,0.11477623134851456,0.06172839552164078,0.019868826493620872,0.01022376585751772,0.0019290123600512743,0.011766975745558739,0.021797839552164078,0.06114969030022621,0.1496913582086563,0.16473765671253204,0.1454475373029709,0.13117283582687378,0.11342592537403107,0.08429783582687378,0.06307870149612427,0.02989969216287136,0.015432098880410194,0.006172839552164078,0.0,0.0,38.62605667114258,56.06382751464844,31.011600494384766
Overripe_126.JPG,Overripe,Overripe,56.57468032836914,50.24977493286133,68.79188537597656,35.707271575927734,42.84920120239258,17.575395584106445,0.05984959378838539,0.23198245465755463,0.6412158012390137,0.027365783229470253,0.0019845415372401476,0.0005222477484494448,0.0037601839285343885,0.00010444955114508048,0.00010444955114508048,0.003551284782588482,0.0012533946428447962,0.0012533946428447962,0.0022978901397436857,0.0007311468361876905,0.012951744720339775,0.011071652173995972,0.11113432049751282,0.057342804968357086,0.02266555279493332,0.019323166459798813,0.014727386645972729,0.013056193478405476,0.014727386645972729,0.01848757080733776,0.019532065838575363,0.0248589925467968,0.029559222981333733,0.03927303105592728,0.05034468322992325,0.07583037763834,0.13317318260669708,0.3559640645980835,0.035408396273851395,0.04094422236084938,0.046062253415584564,0.06037184223532677,0.08188844472169876,0.08073950558900833,0.10528514534235,0.11061207205057144,0.14936286211013794,0.17641529440879822,0.10789638757705688,0.004700229968875647,0.00031334866071119905,0.0,0.0,0.0,51.86913299560547,96.19159698486328,56.110103607177734
Overripe_127.JPG,Overripe,Overripe,54.79047775268555,46.619869232177734,79.33016967773438,25.84083366394043,45.448570251464844,19.064231872558594,0.060294829308986664,0.22957950830459595,0.6678346991539001,0.0143789267167449,0.0008458192460238934,0.00012083131878171116,0.0003624939708970487,0.0,0.0,0.0,0.00048332527512684464,0.0020541325211524963,0.00253745773807168,0.0024166263174265623,0.004349927417933941,0.01474142074584961,0.02803286537528038,0.022112131118774414,0.012928951531648636,0.011962300166487694,0.014620590023696423,0.012083131819963455,0.01401643268764019,0.017399709671735764,0.02174963802099228,0.030086997896432877,0.0366118885576725,0.04893668368458748,0.06718221306800842,0.12228129804134369,0.18112614750862122,0.3588690161705017,0.027670372277498245,0.05364910513162613,0.05292411893606186,0.052682455629110336,0.05824069678783417,0.06549057364463806,0.0836152732372284,0.09847752749919891,0.12409376353025436,0.1704929918050766,0.16469308733940125,0.0449492521584034,0.003020782954990864,0.0,0.0,0.0,52.78428268432617,95.35204315185547,57.053550720214844
Overripe_128.JPG,Overripe,Overripe,48.21746826171875,24.65709686279297,64.28052520751953,35.5623664855957,45.2008171081543,21.31976318359375,0.09371732920408249,0.2215568870306015,0.654215395450592,0.02224123105406761,0.0010455279843881726,0.0,0.00047523999819532037,9.504800254944712e-05,0.0,0.00047523999819532037,0.0005702879861928523,0.0011405759723857045,0.0010455279843881726,0.0003801920101977885,0.0011405759723857045,0.0019009599927812815,0.07556316256523132,0.0987548679113388,0.040775593370199203,0.03535785526037216,0.024902576580643654,0.016348255798220634,0.015397775918245316,0.01463739201426506,0.01710863970220089,0.02167094312608242,0.029464880004525185,0.044387415051460266,0.07489782571792603,0.09923011064529419,0.13943541049957275,0.25206729769706726,0.019674936309456825,0.07404239475727081,0.07071571052074432,0.06605836004018784,0.05959509685635567,0.060925766825675964,0.06719893217086792,0.08611349016427994,0.12052085995674133,0.14105123281478882,0.12622374296188354,0.040775593370199203,0.04115578532218933,0.025187719613313675,0.000760384020395577,0.0,29.88888931274414,8.505616188049316,58.53882598876953
Overripe_129.JPG,Overripe,Overripe,39.353328704833984,39.3516731262207,71.04126739501953,26.38722801208496,46.90392303466797,25.584741592407227,0.238701730966568,0.4145439565181732,0.32908791303634644,0.0028759243432432413,0.0,0.0,0.0,0.0,0.0,0.0,0.00020542317361105233,0.0012325390707701445,0.0006162695353850722,0.00020542317361105233,0.0016433853888884187,0.010887428186833858,0.00020542317361105233,0.014379622414708138,0.04416598007082939,0.03861955553293228,0.031224321573972702,0.029580935835838318,0.026499589905142784,0.035127364099025726,0.04375513643026352,0.05094494670629501,0.05669679492712021,0.07189811021089554,0.08175842463970184,0.119350865483284,0.14112572371959686,0.2146672159433365,0.04149547964334488,0.07785537838935852,0.048479869961738586,0.07292522490024567,0.08032046258449554,0.07087099552154541,0.06902218610048294,0.06840591877698898,0.06737879663705826,0.09572719782590866,0.088126540184021,0.0369761697947979,0.06203779950737953,0.07313065230846405,0.03923582658171654,0.00801150407642126,20.56928825378418,98.53565216064453,7.558196067810059
Overripe_13.jpg,Overripe,Overripe,114.70735168457031,63.05036926269531,33.36103820800781,24.33228302001953,11.167705535888672,14.690048217773438,0.04264790192246437,0.14330844581127167,0.13210798799991608,0.0577254444360733,0.056145891547203064,0.05083285644650459,0.40465250611305237,0.025703618302941322,0.007323377300053835,0.03374497592449188,0.020103389397263527,0.013928776606917381,0.006605399306863546,0.0007179781678132713,0.002871912671253085,0.0015795519575476646,0.056289490312337875,0.05930499732494354,0.14445720613002777,0.14000573754310608,0.23047100007534027,0.1029580682516098,0.062033314257860184,0.017375072464346886,0.04006318375468254,0.024698449298739433,0.013210798613727093,0.01924181543290615,0.007754164282232523,0.012780011631548405,0.007466972805559635,0.06188971921801567,0.6543653011322021,0.12521539628505707,0.03345778211951256,0.01866743341088295,0.018811028450727463,0.03245261311531067,0.05643308535218239,0.037622056901454926,0.010482481680810452,0.006605399306863546,0.004595060367137194,0.0007179781678132713,0.0004307868948671967,0.0,0.0,0.0001435956364730373,150.4808807373047,28.670949935913086,2.8863985538482666
Overripe_130.JPG,Overripe,Overripe,42.07378387451172,47.44736862182617,76.01962280273438,23.459871292114258,59.519927978515625,21.127464294433594,0.17388805747032166,0.5479829907417297,0.25203999876976013,0.0014940811088308692,0.0008045052527450025,0.00045971726649440825,0.00022985863324720412,0.00045971726649440825,0.0003447879571467638,0.00011492931662360206,0.0008045052527450025,0.00045971726649440825,0.0010343638714402914,0.0003447879571467638,0.002068727742880583,0.01746925711631775,0.0,0.001723939785733819,0.028732329607009888,0.028732329607009888,0.02585909701883793,0.02919204719364643,0.022870933637022972,0.025974025949835777,0.02850247174501419,0.03344443067908287,0.04125962406396866,0.061602115631103516,0.11711297184228897,0.14837375283241272,0.18147338926792145,0.22514653205871582,0.008504769764840603,0.02436501532793045,0.026778530329465866,0.026203883811831474,0.032410066574811935,0.03562808781862259,0.0451672226190567,0.08596713095903397,0.0979197770357132,0.1114814355969429,0.1592920422554016,0.09918399900197983,0.08964487165212631,0.08286403864622116,0.06493506580591202,0.009654062800109386,39.032257080078125,93.17098999023438,68.13627624511719
Overripe_131.JPG,Overripe,Overripe,47.91403579711914,69.43920135498047,70.9550552368164,28.419004440307617,49.42882537841797,23.68171501159668,0.21539206802845,0.6244917511940002,0.10038722306489944,0.0029041627421975136,0.0010648596799001098,9.680542279966176e-05,0.0019361084559932351,0.0001936108455993235,0.0013552758609876037,0.001161665073595941,0.0013552758609876037,0.0006776379304938018,0.0028073571156710386,0.002613746328279376,0.006969990208745003,0.036592449992895126,0.004065827466547489,0.025266215205192566,0.062149081379175186,0.03514036908745766,0.028267182409763336,0.023523718118667603,0.024588577449321747,0.027589544653892517,0.034946758300065994,0.04133591428399086,0.04743465781211853,0.06476282328367233,0.08480154722929001,0.11984511464834213,0.12362052500247955,0.25266215205192566,0.03281703591346741,0.0550822839140892,0.055179089307785034,0.04908034950494766,0.05130687355995178,0.055953532457351685,0.07018393278121948,0.10164569318294525,0.10261374711990356,0.11181025952100754,0.11878025531768799,0.04133591428399086,0.05053243041038513,0.0553727000951767,0.03920619562268257,0.009099709801375866,33.96064758300781,96.77513885498047,44.32463455200195
Overripe_132.JPG,Overripe,Overripe,59.35219192504883,89.80490112304688,68.8177719116211,30.882661819458008,53.35942840576172,19.229063034057617,0.2269366830587387,0.4866602420806885,0.1990785449743271,0.0018214936135336757,0.00032144004944711924,0.0002142933662980795,0.0,0.0002142933662980795,0.0,0.0,0.0,0.0,0.0011786135146394372,0.0007500267820432782,0.001285760197788477,0.081538625061512,0.003750134026631713,0.06075216829776764,0.07189542800188065,0.036108434200286865,0.026250937953591347,0.025393763557076454,0.02442944422364235,0.01982213743031025,0.028179578483104706,0.0258223507553339,0.03717989847064018,0.051858995109796524,0.081538625061512,0.11711132526397705,0.14496946334838867,0.24493731558322906,0.009428908117115498,0.02775099128484726,0.031393978744745255,0.03289403021335602,0.03642987087368965,0.056573450565338135,0.09278903156518936,0.07360976934432983,0.12418300658464432,0.18322083353996277,0.1406835913658142,0.06621664762496948,0.06375227868556976,0.047251686453819275,0.012964748777449131,0.000857173465192318,38.246376037597656,95.40777587890625,56.812007904052734
Overripe_133.JPG,Overripe,Overripe,57.7579231262207,34.12518310546875,60.86893844604492,28.678085327148438,36.56478500366211,17.636930465698242,0.003565768711268902,0.22484152019023895,0.6396592855453491,0.05923137813806534,0.012083993293344975,0.007527733687311411,0.009706814773380756,0.012876386754214764,0.014659270644187927,0.012678288854658604,0.0005942947464063764,0.0005942947464063764,0.00019809826335404068,0.0005942947464063764,0.0009904912440106273,0.00019809826335404068,0.006735340692102909,0.041006337851285934,0.050118859857320786,0.05903328210115433,0.06378763914108276,0.052892234176397324,0.049920760095119476,0.04774168133735657,0.04496830329298973,0.04813787713646889,0.051703646779060364,0.06517432630062103,0.08419176191091537,0.10142631083726883,0.11232171207666397,0.12083993852138519,0.005942947696894407,0.0966719463467598,0.08954041451215744,0.10003961622714996,0.13450871407985687,0.1148969903588295,0.08835182338953018,0.09389857202768326,0.08954041451215744,0.11529318243265152,0.06061806529760361,0.009112520143389702,0.0015847861068323255,0.0,0.0,0.0,48.38329315185547,93.5472412109375,57.41002655029297
Overripe_134.JPG,Overripe,Overripe,57.93013381958008,33.7315788269043,63.127349853515625,30.196767807006836,39.68610763549805,18.673919677734375,0.006909789051860571,0.1944337785243988,0.649712085723877,0.07178502529859543,0.014587332494556904,0.009788868017494678,0.011708253063261509,0.018234165385365486,0.011708253063261509,0.004798464477062225,0.0023032629396766424,0.0017274472629651427,0.0007677543326281011,0.00019193858315702528,0.0005758157349191606,0.0007677543326281011,0.010556621477007866,0.04069097712635994,0.052015356719493866,0.07159309089183807,0.058157388120889664,0.04568138346076012,0.03301343694329262,0.03685220703482628,0.03896353021264076,0.03570057451725006,0.04817658290266991,0.05086372420191765,0.06353166699409485,0.09731286019086838,0.16353167593479156,0.15335892140865326,0.0015355086652562022,0.10095969587564468,0.07600767910480499,0.0829174667596817,0.10364682972431183,0.0952015370130539,0.08157389611005783,0.0988483652472496,0.10998080670833588,0.1282149702310562,0.09174664318561554,0.02802303247153759,0.0011516314698383212,0.00019193858315702528,0.0,0.0,48.07096862792969,93.70465850830078,56.74070739746094
Overripe_135.JPG,Overripe,Overripe,54.1878547668457,24.58083724975586,65.6561508178711,29.736146926879883,39.863277435302734,14.412230491638184,0.0018238191260024905,0.16815611720085144,0.7131132483482361,0.0727703794836998,0.019514864310622215,0.0056538390927016735,0.0023709647357463837,0.00437716580927372,0.00656574871391058,0.0023709647357463837,0.00018238190386909992,0.0012766733998432755,0.0007295276154763997,0.00036476380773819983,0.00036476380773819983,0.00036476380773819983,0.016961516812443733,0.051614079624414444,0.048513587564229965,0.045777857303619385,0.03483494371175766,0.031004924327135086,0.03428779914975166,0.039759255945682526,0.03355827182531357,0.037023525685071945,0.044318802654743195,0.05325551703572273,0.0729527622461319,0.11909538507461548,0.19296005368232727,0.144081711769104,0.0007295276154763997,0.032463978976011276,0.07441181689500809,0.06948750466108322,0.10742294043302536,0.11435345560312271,0.15447747707366943,0.18493525683879852,0.13368593156337738,0.09082619100809097,0.03538208827376366,0.0012766733998432755,0.000547145726159215,0.0,0.0,0.0,48.63282012939453,93.60421752929688,55.867340087890625
Overripe_136.JPG,Overripe,Overripe,64.0827407836914,40.4746208190918,49.00978469848633,24.976558685302734,29.671369552612305,14.87477970123291,0.005359056871384382,0.23751339316368103,0.5249732136726379,0.11982850730419159,0.028295820578932762,0.011361200362443924,0.008360128849744797,0.01607717014849186,0.024866024032235146,0.013719185255467892,0.006002143491059542,0.0023579848930239677,0.0002143622696166858,0.0002143622696166858,0.0002143622696166858,0.0006430867942981422,0.017792068421840668,0.0493033230304718,0.07309753447771072,0.07502679526805878,0.08102893829345703,0.06730975210666656,0.07781350612640381,0.0741693452000618,0.06902465224266052,0.07159700244665146,0.07781350612640381,0.07952840626239777,0.07481243461370468,0.05916398763656616,0.032797425985336304,0.01972132921218872,0.0002143622696166858,0.1236870288848877,0.17491962015628815,0.11768488585948944,0.14962486922740936,0.16120043396949768,0.11061093211174011,0.05551982671022415,0.03344051539897919,0.040943194180727005,0.028724543750286102,0.003001071745529771,0.0004287245392333716,0.0,0.0,0.0,48.520408630371094,69.09964752197266,32.28891372680664
Overripe_137.JPG,Overripe,Overripe,56.73297882080078,25.830821990966797,70.48902893066406,27.184377670288086,35.879173278808594,13.502761840820312,0.003539822995662689,0.07421828806400299,0.8221828937530518,0.06997050344944,0.0043657817877829075,0.003539822995662689,0.0037758112885057926,0.0034218288492411375,0.002713864203542471,0.005309734493494034,0.003067846642807126,0.001533923321403563,0.0008259586757048965,0.00035398229374550283,0.0007079645874910057,0.0004719764110632241,0.006607669405639172,0.025958701968193054,0.03976401314139366,0.045781709253787994,0.027256637811660767,0.01746312715113163,0.0277286134660244,0.029970500618219376,0.0388200581073761,0.04637167975306511,0.05675516277551651,0.07351032644510269,0.08719763904809952,0.11834808439016342,0.1544542759656906,0.20401179790496826,0.00790560431778431,0.05604719743132591,0.040235988795757294,0.10241887718439102,0.14525073766708374,0.20412980020046234,0.1434808224439621,0.1323893815279007,0.10761062055826187,0.04837758094072342,0.010383481159806252,0.001533923321403563,0.00023598820553161204,0.0,0.0,0.0,50.29462432861328,94.46546173095703,44.111724853515625
Overripe_138.JPG,Overripe,Overripe,59.614253997802734,30.16592025756836,60.36419677734375,30.960817337036133,34.64363479614258,16.595224380493164,0.004942125175148249,0.10729613900184631,0.7211601138114929,0.1022239550948143,0.020808948203921318,0.0026011185254901648,0.0016907269600778818,0.02171934023499489,0.00845363549888134,0.0031213422771543264,0.0028612304013222456,0.0014306152006611228,0.0002601118467282504,0.0,0.0006502796313725412,0.0007803355692885816,0.007803355343639851,0.07257120311260223,0.09194953739643097,0.055403824895620346,0.03680582717061043,0.029002470895648003,0.03160358965396881,0.03472493216395378,0.035765379667282104,0.040187280625104904,0.052282482385635376,0.06268695741891861,0.09064897894859314,0.12082195281982422,0.10755624622106552,0.13018597662448883,0.014046039432287216,0.0931200385093689,0.10547535121440887,0.1200416162610054,0.10560540854930878,0.10131356120109558,0.12238262593746185,0.12251268327236176,0.10781636089086533,0.06840941309928894,0.03823644295334816,0.0010404473869130015,0.0,0.0,0.0,0.0,51.39583206176758,94.43965911865234,43.975345611572266
Overripe_139.JPG,Overripe,Overripe,64.57792663574219,41.75316619873047,61.82462692260742,30.532503128051758,31.35127830505371,14.684004783630371,0.005155847407877445,0.11448324471712112,0.7020154595375061,0.07839231193065643,0.014881649985909462,0.01652214676141739,0.008319662883877754,0.01370986644178629,0.014178579673171043,0.014647292904555798,0.01089758612215519,0.0024607451632618904,0.0009374267538078129,0.0007030700799077749,0.0015233184676617384,0.001171783427707851,0.017928287386894226,0.05917506292462349,0.0651511624455452,0.050621043890714645,0.04241856187582016,0.03773142769932747,0.03714553639292717,0.03820013999938965,0.039957817643880844,0.04054370895028114,0.04675415903329849,0.05976095795631409,0.08085305988788605,0.1279587596654892,0.1172955259680748,0.13850480318069458,0.006093273870646954,0.10159362852573395,0.09678931534290314,0.14612139761447906,0.17799390852451324,0.16697914898395538,0.12209983915090561,0.061049919575452805,0.04370752349495888,0.0408952422440052,0.03363018482923508,0.0024607451632618904,0.00046871337690390646,0.00011717834422597662,0.0,0.0,49.970272064208984,94.463134765625,31.863292694091797
Overripe_14.jpg,Overripe,Overripe,103.349853515625,62.05762481689453,29.161481857299805,25.120534896850586,9.574676513671875,12.84261703491211,0.12404129654169083,0.04808259755373001,0.11017698794603348,0.07669616490602493,0.22507373988628387,0.0794985219836235,0.22418878972530365,0.05044247955083847,0.008997050113976002,0.021976402029395103,0.0138643067330122,0.00575221236795187,0.0008849557489156723,0.00014749262481927872,0.007669616490602493,0.002507374621927738,0.17787609994411469,0.07433628290891647,0.12197639793157578,0.1346607655286789,0.11696165055036545,0.07654867321252823,0.12212389707565308,0.012979350984096527,0.04410029575228691,0.023303834721446037,0.011061946861445904,0.014601769857108593,0.005309734493494034,0.00457227136939764,0.0023598819971084595,0.05722713842988014,0.6324483752250671,0.16430678963661194,0.0556047186255455,0.036283187568187714,0.02536873146891594,0.0178466085344553,0.026843657717108727,0.018141593784093857,0.00811209436506033,0.008702064864337444,0.005309734493494034,0.00029498524963855743,0.00029498524963855743,0.00044247787445783615,0.0,0.0,0.04830917716026306,0.01278772484511137,2.493130683898926
Overripe_140.JPG,Overripe,Overripe,55.54907989501953,21.719011306762695,66.82891845703125,31.40114402770996,38.45569610595703,16.052072525024414,0.004822117276489735,0.09933561831712723,0.8223317861557007,0.04907843843102455,0.006215173751115799,0.002357479650527239,0.0022503214422613382,0.002357479650527239,0.004072010517120361,0.0021431632339954376,0.0035362194757908583,0.00064294901676476,0.00021431632922030985,0.00010715816461015493,0.0004286326584406197,0.00010715816461015493,0.0171453058719635,0.04714959114789963,0.06322331726551056,0.07265323400497437,0.02571795880794525,0.01993141882121563,0.01960994489490986,0.023896271362900734,0.03054007701575756,0.039969995617866516,0.040398627519607544,0.05047149583697319,0.07029575854539871,0.0949421375989914,0.15537934005260468,0.22867552936077118,0.003321903059259057,0.0474710687994957,0.07490355521440506,0.10233604907989502,0.1322331726551056,0.14541363716125488,0.08604800701141357,0.1183026134967804,0.1160522922873497,0.11112301796674728,0.061294469982385635,0.0013930561253800988,0.00010715816461015493,0.0,0.0,0.0,52.0159797668457,94.81782531738281,56.580902099609375
Overripe_141.JPG,Overripe,Overripe,73.66204833984375,53.273582458496094,52.546142578125,29.08732795715332,26.248640060424805,14.75454044342041,0.00849256943911314,0.14437367022037506,0.5987260937690735,0.08205320686101913,0.012738853693008423,0.015236668288707733,0.01648557558655739,0.019607843831181526,0.05944798141717911,0.024353690445423126,0.008117896504700184,0.004496065899729729,0.0011240164749324322,0.00012489072105381638,0.0029973771888762712,0.0016235794173553586,0.019732734188437462,0.05157986655831337,0.07430998235940933,0.08654926717281342,0.08205320686101913,0.06844011694192886,0.05844885855913162,0.04983139783143997,0.044461097568273544,0.05095541477203369,0.057824403047561646,0.05819907411932945,0.06781566143035889,0.07618334144353867,0.07705757766962051,0.07655800879001617,0.021356312558054924,0.24203822016716003,0.09216935187578201,0.12951168417930603,0.1452479064464569,0.10927937924861908,0.10378418862819672,0.11102785170078278,0.025477707386016846,0.01086549274623394,0.008992131799459457,0.00024978144210763276,0.0,0.0,0.0,0.0,49.25550079345703,93.12432098388672,44.70722961425781
Overripe_142.JPG,Overripe,Overripe,56.79631423950195,26.928630828857422,66.34087371826172,28.18470573425293,34.38429260253906,13.090688705444336,0.004080680664628744,0.10784656554460526,0.7882709503173828,0.06424157321453094,0.006762271281331778,0.00268159038387239,0.0029147721361368895,0.005946135148406029,0.006878862157464027,0.00268159038387239,0.003847499145194888,0.001982044894248247,0.00034977265750057995,0.0004663635336328298,0.0005829544388689101,0.0004663635336328298,0.005479771643877029,0.024367494508624077,0.04651976376771927,0.06983793526887894,0.044770900160074234,0.031712718307971954,0.027632039040327072,0.03194590285420418,0.03742567449808121,0.04372158274054527,0.052349306643009186,0.07345225661993027,0.09245657175779343,0.12918269634246826,0.13477906584739685,0.15436632931232452,0.00524658989161253,0.06599044054746628,0.058761805295944214,0.11845633387565613,0.1442229151725769,0.15902996063232422,0.17978313565254211,0.161245197057724,0.07951498031616211,0.020636586472392082,0.006179316900670528,0.0005829544388689101,0.00034977265750057995,0.0,0.0,0.0,51.97598648071289,94.48458099365234,44.23972702026367
Overripe_143.JPG,Overripe,Overripe,56.41634750366211,26.76219940185547,73.99496459960938,27.200420379638672,41.56403732299805,16.972631454467773,0.0017874166369438171,0.06136796995997429,0.8674928545951843,0.03634413704276085,0.006196377333253622,0.003098188666626811,0.0034556721802800894,0.002144899917766452,0.0022640610113739967,0.006434699520468712,0.005123927723616362,0.0026215442921966314,0.0004766444326378405,0.00035748330992646515,0.0005958055262453854,0.00023832221631892025,0.006077216472476721,0.024666348472237587,0.030981887131929398,0.035986654460430145,0.027883699163794518,0.03002859838306904,0.024308865889906883,0.03038608282804489,0.0312202088534832,0.03229266032576561,0.03455672040581703,0.04242135211825371,0.06065300107002258,0.10986653715372086,0.22414204478263855,0.25452813506126404,0.0035748332738876343,0.05743565410375595,0.0312202088534832,0.07828884571790695,0.1351286917924881,0.13107721507549286,0.0933031439781189,0.11761201173067093,0.11284556984901428,0.11213059723377228,0.08960915356874466,0.036820780485868454,0.0008341277134604752,0.00011916110815946013,0.0,0.0,51.2613639831543,94.0341796875,56.38653564453125
Overripe_144.JPG,Overripe,Overripe,55.83738327026367,31.844650268554688,68.85691833496094,29.79766082763672,38.23755645751953,14.952962875366211,0.006305004470050335,0.14146853983402252,0.7728884816169739,0.03993169590830803,0.006961775943636894,0.0040719821117818356,0.003021148033440113,0.0028897938318550587,0.004334690514951944,0.00683042174205184,0.0045973993837833405,0.0015762511175125837,0.0011821883963420987,0.00039406277937814593,0.0018389596370980144,0.00170760543551296,0.00906344410032034,0.03362669050693512,0.04755024239420891,0.05044003576040268,0.03651648387312889,0.033363983035087585,0.03730461001396179,0.03783002868294716,0.03599106892943382,0.029292000457644463,0.03730461001396179,0.0443977415561676,0.06593983620405197,0.10534612089395523,0.15250229835510254,0.24353080987930298,0.0026270851958543062,0.05030868202447891,0.06777879595756531,0.08616839349269867,0.12018915265798569,0.14330750703811646,0.14961250126361847,0.12741363048553467,0.11769341677427292,0.09969788789749146,0.032969918102025986,0.0019703139550983906,0.0002627085195854306,0.0,0.0,0.0,50.050506591796875,94.43441772460938,56.18704605102539
Overripe_145.JPG,Overripe,Overripe,55.33112716674805,15.31806468963623,69.6024398803711,29.34574317932129,37.67536544799805,12.899530410766602,0.0019607844296842813,0.08762254565954208,0.8133578300476074,0.07892157137393951,0.008333333767950535,0.002573529491201043,0.0020833334419876337,0.0018382353009656072,0.002205882454290986,0.0006127451197244227,0.0,0.0,0.00012254902685526758,0.0,0.0,0.0003676470660138875,0.008823529817163944,0.03406862914562225,0.043504901230335236,0.05416666716337204,0.03541666641831398,0.02708333358168602,0.028799019753932953,0.030024509876966476,0.03186274692416191,0.03014705888926983,0.038235295563936234,0.06384804099798203,0.0781862735748291,0.11789215356111526,0.14289215207099915,0.2350490242242813,0.00024509805371053517,0.016789216548204422,0.06936274468898773,0.09215686470270157,0.15465685725212097,0.15980392694473267,0.14485293626785278,0.15502451360225677,0.14325980842113495,0.054411765187978745,0.008455882780253887,0.000735294132027775,0.00024509805371053517,0.0,0.0,0.0,52.29286193847656,95.29015350341797,43.90447998046875
Overripe_146.JPG,Overripe,Overripe,59.79548263549805,33.55426788330078,64.95111846923828,31.394128799438477,36.705482482910156,17.67471694946289,0.007358538452535868,0.11634103208780289,0.7037553787231445,0.11380360275506973,0.014590205624699593,0.005962953437119722,0.00583608215674758,0.008373509161174297,0.009261609055101871,0.004059883300215006,0.0034255264326930046,0.0025374270044267178,0.0007612280896864831,0.0005074854125268757,0.0017761989729478955,0.001649327576160431,0.016873890534043312,0.047323014587163925,0.0714285746216774,0.05150976777076721,0.04300938919186592,0.0350164920091629,0.034762751311063766,0.02613549865782261,0.025628013536334038,0.028799796476960182,0.037807662039995193,0.054174069315195084,0.06774929910898209,0.11887845396995544,0.14945445954799652,0.1914488673210144,0.006851052865386009,0.09489977359771729,0.07257041335105896,0.10669881105422974,0.13321492075920105,0.13105811178684235,0.09946714341640472,0.09096676111221313,0.09147424250841141,0.08272012323141098,0.06407003104686737,0.022963715717196465,0.00291804107837379,0.00012687135313171893,0.0,0.0,50.935482025146484,94.10616302490234,56.28485870361328
Overripe_147.JPG,Overripe,Overripe,61.92502975463867,35.033973693847656,59.918514251708984,30.350814819335938,34.74443817138672,16.492918014526367,0.005404162220656872,0.11912153661251068,0.7012763023376465,0.0918707624077797,0.021731631830334663,0.008738645352423191,0.008163734339177608,0.015982523560523987,0.01057836040854454,0.006553984247148037,0.004139358177781105,0.0034494653809815645,0.0008048752206377685,0.0009198574116453528,0.0005749108968302608,0.0006898930878378451,0.016442451626062393,0.04576290771365166,0.08301713317632675,0.05726112425327301,0.049787282943725586,0.046107854694128036,0.04346326366066933,0.0377141535282135,0.03897895663976669,0.04173852875828743,0.04944233596324921,0.06783948838710785,0.0806025043129921,0.0996895506978035,0.11383235454559326,0.12832011282444,0.0043693226762115955,0.084511898458004,0.11900655180215836,0.12487064301967621,0.11383235454559326,0.11670690774917603,0.11774174869060516,0.09853972494602203,0.08899620920419693,0.0849718302488327,0.04369322583079338,0.00252960785292089,0.0001149821764556691,0.0001149821764556691,0.0,0.0,53.61511993408203,93.83739471435547,56.68421173095703
Overripe_148.JPG,Overripe,Overripe,69.48817443847656,43.69693374633789,54.250205993652344,31.20470428466797,28.117679595947266,14.131702423095703,0.007884658873081207,0.09270105510950089,0.6278440952301025,0.1384320855140686,0.026244649663567543,0.016557782888412476,0.016783058643341064,0.02331606298685074,0.01869790442287922,0.014305023476481438,0.008673124946653843,0.003717053448781371,0.0013516558101400733,0.0005631899111904204,0.0016895696753636003,0.001239017816260457,0.02387925237417221,0.06769542396068573,0.07850867509841919,0.0823383629322052,0.07208830863237381,0.060148682445287704,0.041901327669620514,0.038860104978084564,0.04257715865969658,0.047082677483558655,0.04854696989059448,0.05857175216078758,0.06262671947479248,0.07129984349012375,0.07208830863237381,0.13178643584251404,0.003942329436540604,0.1507096141576767,0.16309979557991028,0.15521514415740967,0.13550348579883575,0.12007208913564682,0.10114891082048416,0.09022302180528641,0.050461817532777786,0.021175941452383995,0.00844784826040268,0.0,0.0,0.0,0.0,0.0,50.367279052734375,94.93402862548828,44.12778854370117
Overripe_149.JPG,Overripe,Overripe,67.7168197631836,42.53809356689453,49.37947463989258,28.673166275024414,27.15841293334961,15.381670951843262,0.005056734196841717,0.18783916532993317,0.5477306246757507,0.12506166100502014,0.021090282127261162,0.01652688719332218,0.014430192299187183,0.03206709399819374,0.03330044448375702,0.01122348289936781,0.0024666995741426945,0.0006166748935356736,0.0004933399031870067,0.00012333497579675168,0.0009866798063740134,0.0009866798063740134,0.013320177793502808,0.05747409909963608,0.10730142891407013,0.10606808215379715,0.07400098443031311,0.059940800070762634,0.05981746315956116,0.053527381271123886,0.05636408552527428,0.05463739484548569,0.04970399662852287,0.05463739484548569,0.05981746315956116,0.0695609301328659,0.054760731756687164,0.0690675899386406,0.0281203743070364,0.2010360211133957,0.11433152109384537,0.1492353230714798,0.12062160670757294,0.12604834139347076,0.0874444991350174,0.07967439293861389,0.05550073832273483,0.026763690635561943,0.010976812802255154,0.00024666995159350336,0.0,0.0,0.0,0.0,53.36147689819336,18.07646369934082,30.898653030395508
Overripe_15.jpg,Overripe,Overripe,73.51500701904297,37.25120544433594,35.40486145019531,33.14558029174805,19.05650520324707,24.628507614135742,0.059881050139665604,0.028386050835251808,0.3042714297771454,0.39672884345054626,0.10935387760400772,0.05028386041522026,0.038523923605680466,0.0,0.0,0.0012165450025349855,0.004866180010139942,0.0008110299822874367,0.0010813733097165823,0.0010813733097165823,0.0027034333907067776,0.0008110299822874367,0.29724249243736267,0.06420654058456421,0.04703973978757858,0.04987834393978119,0.07055961340665817,0.06920789182186127,0.06785617768764496,0.027304677292704582,0.07691267877817154,0.028386050835251808,0.022032981738448143,0.029467424377799034,0.0016220599645748734,0.01608542911708355,0.0002703433274291456,0.13192754983901978,0.5351446270942688,0.15314950048923492,0.02716950513422489,0.01595025695860386,0.013246823102235794,0.01581508480012417,0.008786158636212349,0.009326845407485962,0.01243579387664795,0.07407407462596893,0.13476614654064178,0.0001351716637145728,0.0,0.0,0.0,0.0,66.08952331542969,30.44704246520996,5.669315338134766
Overripe_150.JPG,Overripe,Overripe,59.92033767700195,31.404586791992188,65.40843200683594,29.472566604614258,32.009925842285156,16.60620880126953,0.005172770470380783,0.10376577824354172,0.7594661712646484,0.06869439035654068,0.011483551003038883,0.008897165767848492,0.004655493423342705,0.013035382144153118,0.009828263893723488,0.008069521747529507,0.004862404428422451,0.001241464982740581,0.00010345540795242414,0.0,0.00041382163180969656,0.00031036624568514526,0.009517897851765156,0.02741568349301815,0.04252017289400101,0.06765983998775482,0.06445272266864777,0.036105938255786896,0.034243740141391754,0.035899028182029724,0.03548520430922508,0.04096834361553192,0.048313677310943604,0.05462445691227913,0.0764535516500473,0.10593833774328232,0.13697496056556702,0.18342643976211548,0.023691289126873016,0.12311194092035294,0.07055658847093582,0.1340782195329666,0.18435753881931305,0.13366438448429108,0.08824746310710907,0.06321125477552414,0.06631492078304291,0.06455617398023605,0.04500310495495796,0.002276018960401416,0.0008276432636193931,0.00010345540795242414,0.0,0.0,52.62530517578125,94.75023651123047,30.137897491455078
Overripe_151.JPG,Overripe,Overripe,56.14413070678711,21.622047424316406,71.73909759521484,28.71418571472168,39.552452087402344,16.065488815307617,0.005941247567534447,0.055231597274541855,0.8506986498832703,0.06260314583778381,0.008471779525279999,0.0026405544485896826,0.002310485113412142,0.002200462156906724,0.0034107163082808256,0.003080646973103285,0.0006601386121474206,0.0009902078891173005,0.000550115539226681,0.00022004620404914021,0.000550115539226681,0.00044009240809828043,0.006601386237889528,0.027285730466246605,0.052260976284742355,0.035537462681531906,0.03366706892848015,0.030366376042366028,0.028606006875634193,0.023985037580132484,0.025965452194213867,0.03399714082479477,0.036857739090919495,0.049730442464351654,0.06777423620223999,0.10155132412910461,0.19111013412475586,0.25470349192619324,0.003630762454122305,0.04929035156965256,0.06326328217983246,0.08834855258464813,0.11695455759763718,0.14214985072612762,0.11816481500864029,0.10771261900663376,0.11156342923641205,0.1308174729347229,0.06084277853369713,0.006271317135542631,0.0006601386121474206,0.0003300693060737103,0.0,0.0,52.260868072509766,94.84904479980469,56.59144592285156
Overripe_152.JPG,Overripe,Overripe,54.98688507080078,15.53526496887207,71.97157287597656,29.15428924560547,39.986114501953125,14.411442756652832,0.001678732573054731,0.045220859348773956,0.8745147585868835,0.06221802532672882,0.007659217342734337,0.0015738117508590221,0.002098415745422244,0.0015738117508590221,0.0006295247003436089,0.0012590494006872177,0.0004196831432636827,0.0004196831432636827,0.00010492078581592068,0.00020984157163184136,0.00031476235017180443,0.00010492078581592068,0.007344454992562532,0.0357779860496521,0.0390305332839489,0.04847340285778046,0.03976497799158096,0.018675899133086205,0.023502256721258163,0.024971146136522293,0.025600671768188477,0.0292728990316391,0.03745672106742859,0.04721435159444809,0.05865071713924408,0.09526807069778442,0.2054349035024643,0.2635610103607178,0.0012590494006872177,0.028748294338583946,0.0520407110452652,0.08718917518854141,0.12496065348386765,0.13860034942626953,0.132724791765213,0.1496170461177826,0.12275731563568115,0.13366907835006714,0.026964642107486725,0.0014688910450786352,0.0,0.0,0.0,0.0,52.217628479003906,94.4207763671875,56.55904006958008
Overripe_153.JPG,Overripe,Overripe,65.20841979980469,40.3851432800293,59.85102081298828,29.66874122619629,30.619436264038086,14.827600479125977,0.006542945746332407,0.0935046374797821,0.6674994230270386,0.14180347323417664,0.022959791123867035,0.011777302250266075,0.00904116127640009,0.011658338829874992,0.009635974653065205,0.005829169414937496,0.005353318993002176,0.006542945746332407,0.0021413275972008705,0.0010706637986004353,0.0020223648753017187,0.002617178251966834,0.019866762682795525,0.05971924960613251,0.06423982977867126,0.05519866943359375,0.039852485060691833,0.03366642817854881,0.03664049506187439,0.0393766351044178,0.0562693327665329,0.05912443622946739,0.06221746280789375,0.06780871003866196,0.08267904072999954,0.10849393159151077,0.10278372466564178,0.11206281185150146,0.008803235366940498,0.09731144458055496,0.14394479990005493,0.16119438409805298,0.14941708743572235,0.11384724825620651,0.10540090501308441,0.09231501072645187,0.06745181977748871,0.04556269198656082,0.014394479803740978,0.00023792529827915132,0.00011896264913957566,0.0,0.0,0.0,52.031803131103516,94.29914855957031,42.981353759765625
Overripe_154.JPG,Overripe,Overripe,60.01335525512695,31.46868133544922,68.86479187011719,30.550268173217773,38.95769500732422,16.486711502075195,0.00428373459726572,0.1007937490940094,0.770946204662323,0.05064886063337326,0.013607156462967396,0.0235605388879776,0.013103188015520573,0.00428373459726572,0.004661710932850838,0.005669648293405771,0.0047877030447125435,0.0008819453069008887,0.0010079374769702554,0.00012599218462128192,0.001133929705247283,0.0005039687384851277,0.017512913793325424,0.056318506598472595,0.03855361044406891,0.05165679752826691,0.0333879292011261,0.0235605388879776,0.020536726340651512,0.022804586216807365,0.02671034447848797,0.030868086963891983,0.03351392224431038,0.05417663976550102,0.0706816166639328,0.11603880673646927,0.18936626613140106,0.21431271731853485,0.011969258077442646,0.07408341020345688,0.06627189368009567,0.08239889144897461,0.091596320271492,0.10293561965227127,0.11339297145605087,0.13405568897724152,0.14148922264575958,0.16152198612689972,0.018898827955126762,0.000755953136831522,0.00025198436924256384,0.00025198436924256384,0.00012599218462128192,0.0,52.8654670715332,93.6143569946289,56.79554748535156
Overripe_155.jpg,Overripe,Overripe,172.4670867919922,100.82410430908203,12.286009788513184,18.536115646362305,49.91407775878906,19.121564865112305,0.06412181258201599,0.1907034069299698,0.0683036670088768,0.014261205680668354,0.0019300879212096334,0.0008578168344683945,0.020051468163728714,0.002519837114959955,0.0052541280165314674,0.05666952580213547,0.1920437514781952,0.362052321434021,0.004878833424299955,0.0019837014842778444,0.007291443180292845,0.0070769889280200005,0.7105404138565063,0.02970190905034542,0.025520050898194313,0.03527771681547165,0.05162985250353813,0.03811923786997795,0.02648509480059147,0.01822860911488533,0.013028093613684177,0.014261205680668354,0.011955822817981243,0.010615483857691288,0.0070769889280200005,0.004825219977647066,0.001662020105868578,0.001072271028533578,0.0072378297336399555,0.05849238857626915,0.07446922361850739,0.04412395507097244,0.044767316430807114,0.018925584852695465,0.017746085301041603,0.02305382862687111,0.08948101848363876,0.30758094787597656,0.31240618228912354,0.0016084066592156887,0.00010722710430854931,0.0,0.0,0.0,248.4300537109375,3.031543016433716,59.15914535522461
Overripe_156.jpg,Overripe,Overripe,102.91434478759766,100.59976196289062,30.185842514038086,27.780275344848633,37.318302154541016,20.77479362487793,0.08128819614648819,0.5024735927581787,0.06305170059204102,0.009312251582741737,0.0026190706994384527,0.0013580366503447294,0.008730235509574413,0.0034920943435281515,0.011640314012765884,0.055776506662368774,0.11174701899290085,0.11630614101886749,0.008536230772733688,0.006984188687056303,0.008536230772733688,0.008148220367729664,0.35958871245384216,0.041323114186525345,0.04268115386366844,0.05810456722974777,0.0768260732293129,0.07052090764045715,0.04685226455330849,0.03666698932647705,0.0375400148332119,0.05092637613415718,0.05150838941335678,0.047337278723716736,0.033465903252363205,0.02211659774184227,0.01067028846591711,0.013871374540030956,0.01154331211000681,0.1062178686261177,0.13851973414421082,0.1114560067653656,0.10340479016304016,0.08458628505468369,0.06023862585425377,0.0398680754005909,0.03036182001233101,0.08584731817245483,0.22514307498931885,0.0018430497730150819,0.000970026187133044,0.0,0.0,0.0,241.26043701171875,3.1981616020202637,64.5652847290039
Overripe_157.jpg,Overripe,Overripe,117.21192932128906,98.93272399902344,2.2447562217712402,1.6881211996078491,61.434932708740234,4.472127914428711,0.15461502969264984,0.18444478511810303,0.17241917550563812,0.004529126919806004,0.0,0.0,0.1661721020936966,0.0010932375444099307,0.011244729161262512,0.05106981098651886,0.1516476720571518,0.07230985164642334,0.004529126919806004,0.0010932375444099307,0.021708574146032333,0.0031235357746481895,0.9820396900177002,0.017960330471396446,0.0,0.0,0.0,0.0,0.0,0.0,0.0,0.0,0.0,0.0,0.0,0.0,0.0,0.0,0.0,0.0,0.0,0.0,0.0,0.0,0.0020302983466535807,0.03810713812708855,0.06778072565793991,0.404497891664505,0.4875839352607727,0.0,0.0,0.0,0.0,0.0,13.992640495300293,1.8990964889526367,59.547584533691406
Overripe_158.jpg,Overripe,Overripe,172.2177734375,90.81112670898438,5.238420009613037,2.9406678676605225,62.484901428222656,3.8845605850219727,0.06527860462665558,0.1763802319765091,0.032681968063116074,0.00145063572563231,0.001194641226902604,0.0,0.0037545866798609495,0.00034132605651393533,0.010239781811833382,0.1929345577955246,0.4698353111743927,0.037972524762153625,0.00017066302825696766,0.0,0.007765167858451605,0.0,0.6272719502449036,0.3679494857788086,0.004778564907610416,0.0,0.0,0.0,0.0,0.0,0.0,0.0,0.0,0.0,0.0,0.0,0.0,0.0,0.0,0.0,0.0,0.0,0.0,0.0,0.0005119890556670725,0.024660807102918625,0.04189777374267578,0.31316664814949036,0.6197627782821655,0.0,0.0,0.0,0.0,0.0,228.71824645996094,5.695163249969482,64.6565933227539
Overripe_159.jpg,Overripe,Overripe,152.1734619140625,101.76692199707031,4.586215972900391,2.8776049613952637,62.430152893066406,4.364830017089844,0.1309603750705719,0.2103041410446167,0.024657009169459343,0.003837666707113385,0.0024944832548499107,0.00057565001770854,0.0115130003541708,0.0030701332725584507,0.012760241515934467,0.1373884677886963,0.37186989188194275,0.08087882399559021,0.00019188332953490317,0.0,0.00057565001770854,0.008922575041651726,0.6970162391662598,0.3029837906360626,0.0,0.0,0.0,0.0,0.0,0.0,0.0,0.0,0.0,0.0,0.0,0.0,0.0,0.0,0.0,0.0,0.0,0.0,0.0,0.0,0.004893024917691946,0.031085100024938583,0.04000767692923546,0.2832198143005371,0.6407943964004517,0.0,0.0,0.0,0.0,0.0,232.77821350097656,6.1998467445373535,64.95419311523438
Overripe_16.jpg,Overripe,Overripe,119.6191635131836,51.980865478515625,30.938932418823242,22.02873992919922,8.80707836151123,12.453730583190918,0.04622235894203186,0.06925676017999649,0.03992629051208496,0.10104422271251678,0.18012899160385132,0.031633906066417694,0.4308968186378479,0.05927518382668495,0.009213759563863277,0.014742014929652214,0.0035319409798830748,0.004453316796571016,0.004146191757172346,0.0006142506026662886,0.002917690435424447,0.001996314385905862,0.07340294867753983,0.06818182021379471,0.1494164615869522,0.13559582829475403,0.17229729890823364,0.1382063925266266,0.09920147061347961,0.008753071539103985,0.053439803421497345,0.015816953033208847,0.009213759563863277,0.017199017107486725,0.002917690435424447,0.010902948677539825,0.0021498771384358406,0.04330466687679291,0.6721437573432922,0.1742936074733734,0.03301597014069557,0.01812039315700531,0.013359950855374336,0.021498771384358406,0.028255527839064598,0.018427519127726555,0.008599508553743362,0.005681818351149559,0.0053746928460896015,0.0007678132387809455,0.0004606879665516317,0.0,0.0,0.0,151.24789428710938,30.111133575439453,3.0132813453674316
Overripe_160.jpg,Overripe,Overripe,54.08544158935547,65.50706481933594,26.14618682861328,16.150171279907227,27.09210205078125,15.898138999938965,0.14536340534687042,0.6045796275138855,0.08259284496307373,0.07940305024385452,0.00501253129914403,0.00022784233442507684,0.005923900753259659,0.0004556846688501537,0.0004556846688501537,0.007518797181546688,0.03223969042301178,0.008658008649945259,0.0029619503766298294,0.0020505809225142,0.01389838196337223,0.008658008649945259,0.08885850757360458,0.0936431959271431,0.1885395348072052,0.1580086648464203,0.1441102772951126,0.12371838837862015,0.07461836189031601,0.041809067130088806,0.030416950583457947,0.02335383929312229,0.013100934214890003,0.009113693609833717,0.005923900753259659,0.0027341078966856003,0.0013670539483428001,0.0006835269741714001,0.004898610059171915,0.10195944458246231,0.25529733300209045,0.22807016968727112,0.1451355665922165,0.07644110172986984,0.03770790621638298,0.025176577270030975,0.02130325883626938,0.027227159589529037,0.07063112407922745,0.004442925564944744,0.001708817551843822,0.0,0.0,0.0,28.615718841552734,18.32680892944336,19.08098602294922
Overripe_161.jpg,Overripe,Overripe,237.57827758789062,8.093475341796875,6.927193641662598,2.8596808910369873,61.22293472290039,4.511672019958496,0.0,0.0,0.0,0.0,0.0,0.0,0.0,0.0,0.0,0.005189413670450449,0.770281970500946,0.22452862560749054,0.0,0.0,0.0,0.0,0.39482787251472473,0.5991178154945374,0.0060543157160282135,0.0,0.0,0.0,0.0,0.0,0.0,0.0,0.0,0.0,0.0,0.0,0.0,0.0,0.0,0.0,0.0,0.0,0.0,0.0,0.0030271578580141068,0.03295277804136276,0.09479328989982605,0.3881681263446808,0.48105862736701965,0.0,0.0,0.0,0.0,0.0,238.28146362304688,7.517661094665527,58.96278381347656
Overripe_162.jpg,Overripe,Overripe,178.18124389648438,103.0928955078125,10.354226112365723,13.541492462158203,53.123565673828125,16.46616554260254,0.07521430402994156,0.20699776709079742,0.027984390035271645,0.0018344952259212732,0.00010006337106460705,3.335445944685489e-05,0.000233481201576069,0.0,0.0009672792511992157,0.012774757109582424,0.37633833289146423,0.25709617137908936,0.0062706382013857365,0.0019345585023984313,0.02414862811565399,0.0080717783421278,0.5480804443359375,0.25266000628471375,0.042793769389390945,0.032153695821762085,0.03852440044283867,0.02578299678862095,0.017277609556913376,0.011507287621498108,0.009839565493166447,0.008038423955440521,0.006504119373857975,0.0029351923149079084,0.0019012041157111526,0.0011006970889866352,0.0005003168480470777,0.0004002534842584282,0.00043360795825719833,0.019412294030189514,0.07151195406913757,0.04883092641830444,0.0224141962826252,0.013175010681152344,0.009672792628407478,0.045695606619119644,0.09556052088737488,0.32747405767440796,0.3446849584579468,0.0010673427022993565,6.670891889370978e-05,0.0,0.0,0.0,241.2850799560547,6.60261869430542,58.75481033325195
Overripe_163.jpg,Overripe,Overripe,233.89968872070312,29.1532039642334,7.658096790313721,3.945741653442383,61.191104888916016,4.365224361419678,0.013945119455456734,0.0,0.0,0.0,0.0,0.0,0.0,0.0,0.0,0.014394962228834629,0.7261208295822144,0.24553905427455902,0.0,0.0,0.0,0.0,0.38866397738456726,0.4616134464740753,0.14972259104251862,0.0,0.0,0.0,0.0,0.0,0.0,0.0,0.0,0.0,0.0,0.0,0.0,0.0,0.0,0.0,0.0,0.0,0.0,0.0,0.003298845374956727,0.026840606704354286,0.09356725215911865,0.4149797558784485,0.46131354570388794,0.0,0.0,0.0,0.0,0.0,235.7034149169922,6.734131336212158,64.64550018310547
Overripe_164.jpg,Overripe,Overripe,192.30221557617188,87.34506225585938,5.363264560699463,3.8377768993377686,59.274330139160156,5.5225911140441895,0.07727884501218796,0.07811974734067917,0.046459805220365524,0.011688530445098877,0.002690884517505765,0.0,0.003447695868089795,0.003994281869381666,0.00382610154338181,0.022073663771152496,0.538176953792572,0.20707197487354279,0.0023124790750443935,0.0001681802823441103,0.0023545240983366966,0.0003363605646882206,0.6703245639801025,0.2512613534927368,0.07841406017541885,0.0,0.0,0.0,0.0,0.0,0.0,0.0,0.0,0.0,0.0,0.0,0.0,0.0,0.0,0.0,0.0,0.0,0.0,0.0015977127477526665,0.01109989918768406,0.06197443604469299,0.18403127789497375,0.40502017736434937,0.33627650141716003,0.0,0.0,0.0,0.0,0.0,238.1859588623047,6.42418909072876,58.24968338012695
Overripe_165.jpg,Overripe,Overripe,170.49356079101562,99.11336517333984,10.764102935791016,10.8373441696167,50.73692321777344,17.3115291595459,0.05641700327396393,0.21930895745754242,0.05124831572175026,0.005513266194611788,0.0020988001488149166,0.001942173345014453,0.004197600297629833,0.0002506030141375959,0.002819283865392208,0.013845816254615784,0.44569745659828186,0.18275225162506104,0.004072298761457205,0.0013469911646097898,0.003978322725743055,0.004510854370892048,0.46721798181533813,0.24546565115451813,0.08554960042238235,0.0769977793097496,0.05798327177762985,0.03621213510632515,0.016477148979902267,0.00783134438097477,0.0036963943857699633,0.0017855464247986674,0.0005325314123183489,0.00015662687656003982,3.1325376767199486e-05,3.1325376767199486e-05,0.0,3.1325376767199486e-05,0.0004698806442320347,0.007267487235367298,0.09927012026309967,0.07358331233263016,0.02687717229127884,0.018638599663972855,0.01293738093227148,0.04072298854589462,0.12667982280254364,0.30504652857780457,0.28775492310523987,0.0005951821804046631,0.00015662687656003982,0.0,0.0,0.0,238.99468994140625,6.730462074279785,58.444557189941406
Overripe_166.jpg,Overripe,Overripe,189.2391357421875,88.48446655273438,5.777747631072998,4.091204643249512,60.016929626464844,4.899481296539307,0.08972444385290146,0.06352653354406357,0.05135514214634895,0.01827971637248993,4.524682299233973e-05,0.0,0.007375231944024563,0.0,0.004343695007264614,0.041038867086172104,0.547893762588501,0.17080675065517426,0.00022623410040978342,0.0,0.005203384440392256,0.00018098729196935892,0.5696575045585632,0.3374960422515869,0.09284647554159164,0.0,0.0,0.0,0.0,0.0,0.0,0.0,0.0,0.0,0.0,0.0,0.0,0.0,0.0,0.0,0.0,0.0,0.0,0.0,0.004388941451907158,0.04022442549467087,0.1689516305923462,0.4087597727775574,0.37767520546913147,0.0,0.0,0.0,0.0,0.0,237.78077697753906,7.028034687042236,58.697784423828125
Overripe_167.jpg,Overripe,Overripe,238.07984924316406,9.046900749206543,7.95261287689209,3.9771952629089355,61.29258346557617,4.4622883796691895,0.0,0.0,0.0,0.0,0.0,0.0,0.0,0.0,0.0,0.01976005733013153,0.7005746364593506,0.2796652913093567,0.0,0.0,0.0,0.0,0.3933864235877991,0.43361225724220276,0.17300130426883698,0.0,0.0,0.0,0.0,0.0,0.0,0.0,0.0,0.0,0.0,0.0,0.0,0.0,0.0,0.0,0.0,0.0,0.0,0.0,0.0018146990332752466,0.025909870862960815,0.09839701652526855,0.37957456707954407,0.4943038523197174,0.0,0.0,0.0,0.0,0.0,237.30484008789062,7.5207037925720215,64.59440612792969
Overripe_168.jpg,Overripe,Overripe,206.20724487304688,76.30209350585938,6.783864498138428,4.383526802062988,59.188724517822266,5.521887302398682,0.05302686244249344,0.06338463723659515,0.024924689903855324,0.010399042628705502,0.0026822928339242935,0.002558494685217738,0.00392027385532856,0.0003301283286418766,0.004250402562320232,0.0299178808927536,0.5468988418579102,0.2518053948879242,0.00041266041807830334,0.0,0.005282053258270025,0.00020633020903915167,0.5169396996498108,0.3487806022167206,0.13427969813346863,0.0,0.0,0.0,0.0,0.0,0.0,0.0,0.0,0.0,0.0,0.0,0.0,0.0,0.0,0.0,0.0,0.0,0.0,0.0007015227456577122,0.013122601434588432,0.06239425390958786,0.18086905777454376,0.4028390944004059,0.34007346630096436,0.0,0.0,0.0,0.0,0.0,239.25917053222656,7.256545066833496,58.2761344909668
Overripe_169.jpg,Overripe,Overripe,190.0639190673828,86.37632751464844,6.411222457885742,4.280507564544678,59.45881271362305,5.174651145935059,0.09729807078838348,0.043306898325681686,0.048720262944698334,0.02051379531621933,0.006078161299228668,0.003086566226556897,0.0017569685587659478,0.004368678666651249,4.748563515022397e-05,0.06268104165792465,0.5564841628074646,0.14924734830856323,0.0004748563515022397,0.0,0.005935704335570335,0.0,0.513367235660553,0.38567832112312317,0.10095445811748505,0.0,0.0,0.0,0.0,0.0,0.0,0.0,0.0,0.0,0.0,0.0,0.0,0.0,0.0,0.0,0.0,0.0,0.0,0.0,0.004701077938079834,0.05446602404117584,0.19616316258907318,0.3918514549732208,0.3528182804584503,0.0,0.0,0.0,0.0,0.0,234.8506622314453,7.847144603729248,58.275733947753906
Overripe_17.jpg,Overripe,Overripe,94.09556579589844,53.82883071899414,33.54640579223633,23.991172790527344,9.396711349487305,13.059328079223633,0.06361169368028641,0.09993970394134521,0.2062104344367981,0.1442568600177765,0.16264696419239044,0.022007837891578674,0.25233644247055054,0.018540849909186363,0.006331021897494793,0.008893578313291073,0.0045221587643027306,0.003014772431924939,0.0007536931079812348,0.0003014772373717278,0.005878806114196777,0.0007536931079812348,0.09044317156076431,0.0673801600933075,0.12209828197956085,0.10385891050100327,0.15646669268608093,0.11772686243057251,0.11184805631637573,0.019143804907798767,0.06496834754943848,0.030750678852200508,0.022158576175570488,0.01884232647716999,0.00964727159589529,0.011003918945789337,0.006029544863849878,0.04763340204954147,0.6715405583381653,0.1570696383714676,0.03979499638080597,0.022912269458174706,0.015375339426100254,0.016129031777381897,0.020801929756999016,0.02788664400577545,0.01477238442748785,0.008592101745307446,0.00512511283159256,0.0,0.0,0.0,0.0,0.0,150.26852416992188,29.19573402404785,2.7874577045440674
Overripe_170.jpg,Overripe,Overripe,160.4796142578125,97.7724609375,16.96219253540039,12.7293062210083,45.028602600097656,18.1215877532959,0.019591355696320534,0.28668123483657837,0.07437147945165634,0.001723702996969223,0.00016816615243442357,0.0,8.408307621721178e-05,0.0,0.00033633230486884713,0.02198772318661213,0.4626671075820923,0.11986042559146881,0.004204153548926115,0.002984949154779315,0.00155553687363863,0.0037837382405996323,0.2107962667942047,0.31018245220184326,0.08017320930957794,0.1146472692489624,0.14781804382801056,0.06537459045648575,0.0427142009139061,0.013116959482431412,0.00727318599820137,0.003321281401440501,0.001429412281140685,0.0012192046269774437,0.0007147061405703425,0.0005044984281994402,0.0002942907449323684,0.0004204153665341437,8.408307621721178e-05,0.019002774730324745,0.08160262554883957,0.09879761189222336,0.11292356997728348,0.08025729656219482,0.04195745289325714,0.032918523997068405,0.0917346328496933,0.23875388503074646,0.2007903754711151,0.0010510383872315288,0.00012612460704986006,0.0,0.0,0.0,234.9720458984375,7.841801166534424,58.49468994140625
Overripe_171.jpg,Overripe,Overripe,202.76527404785156,76.92192077636719,5.980724811553955,3.980929136276245,59.69797134399414,5.201327323913574,0.04884416237473488,0.03678739443421364,0.05548962950706482,0.021645227447152138,0.006075853016227484,0.0030853941570967436,0.011487159878015518,0.0043670195154845715,0.00033227322273887694,0.04020506143569946,0.5350073575973511,0.23002800345420837,0.0009493520483374596,0.0002373380120843649,0.004936630837619305,0.0005221436149440706,0.5708454251289368,0.335595965385437,0.0935586467385292,0.0,0.0,0.0,0.0,0.0,0.0,0.0,0.0,0.0,0.0,0.0,0.0,0.0,0.0,0.0,0.0,0.0,0.0,0.0,0.006360658910125494,0.052071962505578995,0.1813737154006958,0.3771301209926605,0.38306355476379395,0.0,0.0,0.0,0.0,0.0,238.72434997558594,7.009947299957275,58.168365478515625
Overripe_172.jpg,Overripe,Overripe,189.96218872070312,92.03236389160156,5.102499961853027,3.9060466289520264,59.15562438964844,5.505821228027344,0.09684770554304123,0.06886947900056839,0.061357978731393814,0.003840148448944092,0.003882348071783781,0.0030383593402802944,0.005190530326217413,0.00181457563303411,0.0002531966019887477,0.020719923079013824,0.468835711479187,0.24787947535514832,0.002194370608776808,0.0003375954693183303,0.014305608347058296,0.0006329914904199541,0.6865425705909729,0.2473730891942978,0.06608431786298752,0.0,0.0,0.0,0.0,0.0,0.0,0.0,0.0,0.0,0.0,0.0,0.0,0.0,0.0,0.0,0.0,0.0,0.0,8.439886732958257e-05,0.010254462249577045,0.061864372342824936,0.20369666814804077,0.3896273672580719,0.3344727158546448,0.0,0.0,0.0,0.0,0.0,239.4439697265625,6.651411533355713,57.78976058959961
Overripe_173.jpg,Overripe,Overripe,155.0377197265625,103.62230682373047,11.797587394714355,12.526951789855957,50.20487976074219,17.003995895385742,0.09852815419435501,0.23970037698745728,0.0549970418214798,0.004698074888437986,0.00298968399874866,0.0022669031750410795,0.003909586928784847,0.0006570733967237175,0.0030882449354976416,0.02050068974494934,0.4086011052131653,0.14764438569545746,0.0036139036528766155,0.0011498784879222512,0.0033510744106024504,0.004303830675780773,0.446087121963501,0.23595505952835083,0.09796964377164841,0.06757999956607819,0.058282408863306046,0.034792035818099976,0.028024179860949516,0.014488467946648598,0.00880478322505951,0.004928050562739372,0.002102634869515896,0.0006899270811118186,0.00019712201901711524,3.285366983618587e-05,3.285366983618587e-05,3.285366983618587e-05,0.0001314146793447435,0.020927786827087402,0.06035219132900238,0.08808068931102753,0.038143109530210495,0.027662789449095726,0.018266640603542328,0.047374993562698364,0.14025232195854187,0.3094487190246582,0.24817661941051483,0.0009527564398013055,0.00019712201901711524,3.285366983618587e-05,0.0,0.0,237.86636352539062,6.945656776428223,58.28798294067383
Overripe_174.jpg,Overripe,Overripe,196.03204345703125,76.44911193847656,5.720766544342041,3.924166202545166,58.89178466796875,5.49171781539917,0.04168614372611046,0.03029787912964821,0.07827306538820267,0.03590702265501022,0.0027620787732303143,0.0026345981750637293,0.01916457712650299,0.0003399481647647917,0.005099222529679537,0.08923639357089996,0.5291293263435364,0.16245272755622864,0.001104831462725997,0.0003399481647647917,0.0003824416780844331,0.0011898186057806015,0.643734335899353,0.24875706434249878,0.10750860720872879,0.0,0.0,0.0,0.0,0.0,0.0,0.0,0.0,0.0,0.0,0.0,0.0,0.0,0.0,0.0,0.0,0.0,0.0,0.0,0.007946288213133812,0.07559597492218018,0.20226915180683136,0.3988441824913025,0.3153444230556488,0.0,0.0,0.0,0.0,0.0,235.7305145263672,6.671353340148926,57.62168502807617
Overripe_175.jpg,Overripe,Overripe,159.42623901367188,95.59568786621094,12.793391227722168,17.05143165588379,50.07447052001953,16.78895378112793,0.05327656865119934,0.1879580318927765,0.10722213983535767,0.02028280310332775,0.0031321272253990173,0.0018853580113500357,0.017850084230303764,0.003040900221094489,0.002736810129135847,0.0849931612610817,0.42785465717315674,0.07334651052951813,0.0025543561205267906,0.0018245400860905647,0.004318078048527241,0.007723886054009199,0.49691349267959595,0.22213774919509888,0.10436369478702545,0.03369317203760147,0.029040595516562462,0.02463129162788391,0.0158734992146492,0.012680553831160069,0.010430287569761276,0.010734377428889275,0.013927322812378407,0.010582332499325275,0.0077542951330542564,0.004135624039918184,0.0018853580113500357,0.0012163600185886025,0.0013684050645679235,0.0376463420689106,0.06832902878522873,0.050539758056402206,0.02563478797674179,0.015660636126995087,0.02317165955901146,0.08402007073163986,0.17418275773525238,0.30670517683029175,0.21243728697299957,0.00030409000464715064,0.0,0.0,0.0,0.0,233.10037231445312,6.794120788574219,57.665992736816406
Overripe_176.jpg,Overripe,Overripe,77.7945556640625,84.4606704711914,27.7088565826416,10.08739948272705,32.462825775146484,10.810302734375,0.0418185293674469,0.6744676828384399,0.08450029045343399,0.00585075793787837,0.00019182811956852674,0.0,0.00019182811956852674,0.0,0.00019182811956852674,0.00585075793787837,0.13092269003391266,0.034049492329359055,0.006905812304466963,0.003932476509362459,0.004316132515668869,0.0068098981864750385,0.015058507211506367,0.0422021858394146,0.11634375900030136,0.21782083809375763,0.2618453800678253,0.18981392681598663,0.10492998361587524,0.030788414180278778,0.013044312596321106,0.005563015583902597,0.0019182811956852674,0.0002877421793527901,0.0,0.0,0.00019182811956852674,0.00019182811956852674,0.0,0.0037406482733786106,0.07586802542209625,0.18444274365901947,0.23297525942325592,0.21436792612075806,0.1541339010000229,0.07816995680332184,0.023882601410150528,0.016976788640022278,0.010166890919208527,0.00258967955596745,0.001055054715834558,0.001534624956548214,9.591405978426337e-05,0.0,37.43025588989258,30.060123443603516,30.323488235473633
Overripe_177.jpg,Overripe,Overripe,208.52565002441406,74.96129608154297,5.889593124389648,3.9197521209716797,59.3355827331543,5.544740676879883,0.05049021914601326,0.04949557036161423,0.03348647803068161,0.00947283674031496,0.004499597474932671,0.002889215247705579,0.004452233202755451,0.00037891347892582417,0.004168048035353422,0.025292472913861275,0.5428408980369568,0.263723760843277,0.0006157343741506338,0.00047364181955344975,0.006015251390635967,0.001705110538750887,0.597404420375824,0.31691375374794006,0.08568181097507477,0.0,0.0,0.0,0.0,0.0,0.0,0.0,0.0,0.0,0.0,0.0,0.0,0.0,0.0,0.0,0.0,0.0,0.0,0.0005210060044191778,0.010467484593391418,0.061147160828113556,0.1938142329454422,0.3784398138523102,0.35561028122901917,0.0,0.0,0.0,0.0,0.0,238.88328552246094,6.862850666046143,58.0503044128418
Overripe_178.jpg,Overripe,Overripe,181.5286102294922,85.9179458618164,5.6252760887146,4.011602401733398,57.63278579711914,6.233580112457275,0.07657548785209656,0.04861615598201752,0.06055837869644165,0.06729605793952942,0.006576293148100376,0.0019769223872572184,0.01795368269085884,0.0072218189015984535,0.001533123548142612,0.09626401960849762,0.47918179631233215,0.13596385717391968,0.0,0.0,0.0002824174880515784,0.0,0.656862735748291,0.25361090898513794,0.08952634781599045,0.0,0.0,0.0,0.0,0.0,0.0,0.0,0.0,0.0,0.0,0.0,0.0,0.0,0.0,0.0,0.0,0.0,0.0,0.0002824174880515784,0.023884451016783714,0.11256354302167892,0.23291374742984772,0.3723876476287842,0.2579682171344757,0.0,0.0,0.0,0.0,0.0,236.47557067871094,6.9118781089782715,56.90298080444336
Overripe_179.jpg,Overripe,Overripe,195.91978454589844,74.39984130859375,6.3410539627075195,3.779453754425049,60.65864181518555,4.753669738769531,0.0620325542986393,0.022657280787825584,0.05096055194735527,0.022803930565714836,0.011731925420463085,0.006452559027820826,0.012245196849107742,0.006892506033182144,0.0021997359581291676,0.13557706773281097,0.5926821827888489,0.0733245313167572,0.0,0.0,0.0004399472090881318,0.0,0.5197243094444275,0.40086522698402405,0.07941047102212906,0.0,0.0,0.0,0.0,0.0,0.0,0.0,0.0,0.0,0.0,0.0,0.0,0.0,0.0,0.0,0.0,0.0,0.0,0.0,0.0006599207990802824,0.03827540576457977,0.1401965171098709,0.3829007148742676,0.437967449426651,0.0,0.0,0.0,0.0,0.0,234.18211364746094,8.144665718078613,59.517982482910156
Overripe_18.jpg,Overripe,Overripe,100.03600311279297,66.5245590209961,27.2302188873291,22.53261947631836,7.367517948150635,11.311739921569824,0.16432078182697296,0.02193126082420349,0.15400981903076172,0.1387888640165329,0.07299508899450302,0.035842880606651306,0.3304418921470642,0.040916528552770615,0.0,0.012602291069924831,0.00654664495959878,0.0029459900688380003,0.0003273322363384068,0.0006546644726768136,0.01407528668642044,0.0036006546579301357,0.19983632862567902,0.056628476828336716,0.09819967299699783,0.1193125993013382,0.15662847459316254,0.10638298094272614,0.12258592247962952,0.01391162071377039,0.04484451562166214,0.01702127605676651,0.009328968822956085,0.009983633644878864,0.0019639935344457626,0.005891980137676001,0.0006546644726768136,0.03682487830519676,0.7746317386627197,0.0885433703660965,0.03289689123630524,0.028314238414168358,0.019312601536512375,0.01325695589184761,0.011456628330051899,0.008346972055733204,0.008837970905005932,0.007528641726821661,0.006873976904898882,0.0,0.0,0.0,0.0,0.0,150.5890655517578,30.005313873291016,2.9860458374023438
Overripe_180.jpg,Overripe,Overripe,231.57632446289062,24.48118782043457,7.203036308288574,3.588395118713379,61.006874084472656,4.271361351013184,0.002525890478864312,0.0,0.01271364837884903,0.0,0.0,0.0,0.0,0.0,0.002525890478864312,0.05733771249651909,0.762903094291687,0.16199377179145813,0.0,0.0,0.0,0.0,0.42089754343032837,0.4744464159011841,0.10465605556964874,0.0,0.0,0.0,0.0,0.0,0.0,0.0,0.0,0.0,0.0,0.0,0.0,0.0,0.0,0.0,0.0,0.0,0.0,0.0,0.0004209817270748317,0.017091859132051468,0.12250567972660065,0.4268754720687866,0.433106005191803,0.0,0.0,0.0,0.0,0.0,235.9283447265625,6.852586269378662,59.08491134643555
Overripe_181.jpg,Overripe,Overripe,180.40408325195312,89.69938659667969,5.195173263549805,3.97682523727417,58.0501708984375,5.970116138458252,0.08906030654907227,0.038608383387327194,0.09120305627584457,0.048659808933734894,0.0025323359295725822,0.002415458904579282,0.024661056697368622,0.0003116721345577389,0.005220508202910423,0.0582047700881958,0.43182173371315,0.20539192855358124,0.000779180321842432,0.000194795080460608,0.0005064671859145164,0.00042854915955103934,0.6783543825149536,0.250818133354187,0.07082749158143997,0.0,0.0,0.0,0.0,0.0,0.0,0.0,0.0,0.0,0.0,0.0,0.0,0.0,0.0,0.0,0.0,0.0,0.0,7.791803363943473e-05,0.019167834892868996,0.0952547937631607,0.23457223176956177,0.3756817877292633,0.27524542808532715,0.0,0.0,0.0,0.0,0.0,237.8957977294922,6.767884254455566,56.880428314208984
Overripe_182.jpg,Overripe,Overripe,63.05030059814453,77.04927825927734,24.376127243041992,11.73121166229248,28.25665283203125,10.896356582641602,0.09125305712223053,0.6664811968803406,0.10716670006513596,0.013242822140455246,0.00011128422192996368,0.0,0.0004451368877198547,0.0,0.0,0.002336968667805195,0.05130202695727348,0.035610951483249664,0.007344758603721857,0.004896505735814571,0.00767861120402813,0.012129980139434338,0.02403739094734192,0.10316047072410583,0.23314043879508972,0.21277542412281036,0.19686178863048553,0.09692855924367905,0.051969729363918304,0.041620299220085144,0.024816380813717842,0.01201869547367096,0.002225684467703104,0.0004451368877198547,0.0,0.0,0.0,0.0,0.0,0.006788337603211403,0.14834186434745789,0.3223903775215149,0.20687736570835114,0.1320943683385849,0.0934787467122078,0.037947919219732285,0.023814823478460312,0.016470065340399742,0.008680169470608234,0.001669263350777328,0.0012241264339536428,0.00022256844385992736,0.0,0.0,30.465871810913086,17.697622299194336,20.043521881103516
Overripe_183.jpg,Overripe,Overripe,236.5142822265625,8.816102027893066,6.950014114379883,3.6205008029937744,62.354244232177734,3.4254088401794434,0.0,0.0,0.0,0.0,0.0,0.0,0.0,0.0,0.0,0.007176079787313938,0.7464451789855957,0.24637873470783234,0.0,0.0,0.0,0.0,0.5036544799804688,0.40265780687332153,0.09368770569562912,0.0,0.0,0.0,0.0,0.0,0.0,0.0,0.0,0.0,0.0,0.0,0.0,0.0,0.0,0.0,0.0,0.0,0.0,0.0,0.0,0.007308970205485821,0.05528239160776138,0.36318936944007874,0.574219286441803,0.0,0.0,0.0,0.0,0.0,237.61048889160156,6.596002101898193,64.68585205078125
Overripe_184.jpg,Overripe,Overripe,63.52474594116211,71.59248352050781,27.572181701660156,11.219990730285645,29.637683868408203,9.743298530578613,0.045635975897312164,0.6977115273475647,0.13052155077457428,0.007583821192383766,0.0006652474985457957,0.00026609899941831827,0.0006652474985457957,0.0011974454391747713,0.0006652474985457957,0.003991484642028809,0.060936667025089264,0.02581160143017769,0.007450771518051624,0.0030601383186876774,0.0059872274287045,0.00784992054104805,0.02009047381579876,0.04257583990693092,0.11868014931678772,0.25678551197052,0.26756253838539124,0.13411389291286469,0.07437466830015182,0.04151144251227379,0.02088876999914646,0.013437998481094837,0.007450771518051624,0.0022618414368480444,0.00013304949970915914,0.00013304949970915914,0.0,0.0,0.0,0.0033262374345213175,0.062134113162755966,0.3072112798690796,0.2756785452365875,0.17003725469112396,0.08182544261217117,0.059606172144412994,0.023017562925815582,0.010777008719742298,0.004523682873696089,0.0005321979988366365,0.00026609899941831827,0.0006652474985457957,0.00039914847002364695,0.0,37.60325241088867,30.166114807128906,30.33664321899414
Overripe_185.jpg,Overripe,Overripe,64.0523910522461,71.67314910888672,27.298460006713867,11.13912582397461,29.711040496826172,9.767325401306152,0.03836993873119354,0.6807356476783752,0.1504366248846054,0.010584810748696327,0.0014554114313796163,0.00013231013144832104,0.00039693040889687836,0.0011907912557944655,0.0007938608177937567,0.0025138924829661846,0.06456734240055084,0.024609684944152832,0.007409367710351944,0.0034400634467601776,0.005424715578556061,0.007938608527183533,0.020772691816091537,0.045117754489183426,0.11881449818611145,0.2658110558986664,0.2619740664958954,0.13601481914520264,0.06959512829780579,0.03942842036485672,0.019978830590844154,0.012966393493115902,0.007012437097728252,0.0021169621031731367,0.0002646202628966421,0.00013231013144832104,0.0,0.0,0.0,0.001852341927587986,0.06615506857633591,0.3014024794101715,0.2729558050632477,0.1727970391511917,0.08229690045118332,0.059936489909887314,0.025800475850701332,0.010849431157112122,0.004498544614762068,0.00039693040889687836,0.00013231013144832104,0.0006615506717935205,0.0002646202628966421,0.0,36.81988525390625,30.260330200195312,30.378572463989258
Overripe_186.jpg,Overripe,Overripe,165.72354125976562,97.09439849853516,14.086803436279297,19.755949020385742,51.68915939331055,15.964548110961914,0.06637323647737503,0.20240487158298492,0.06190795078873634,0.013682900927960873,0.0026472746394574642,0.0021050616633147,0.0062195006757974625,0.00028705387376248837,0.0039549642242491245,0.04197365418076515,0.45293912291526794,0.13060951232910156,0.0033808567095547915,0.0010206359438598156,0.006378974765539169,0.004114438779652119,0.4682486653327942,0.2583484947681427,0.10126622766256332,0.026121901348233223,0.021178197115659714,0.014735432341694832,0.013172582723200321,0.012598475441336632,0.01304500363767147,0.013204477727413177,0.01349153183400631,0.012789844535291195,0.010971836745738983,0.008005613461136818,0.006634133867919445,0.006187605671584606,0.002679169410839677,0.023570312187075615,0.06235447898507118,0.03977290913462639,0.02628137730062008,0.01945587433874607,0.024303894490003586,0.0657353326678276,0.1674799919128418,0.3260931968688965,0.23761682212352753,0.004050649236887693,0.0004784231132362038,0.00012757949298247695,0.0,0.0,234.82339477539062,6.841268062591553,57.943939208984375
Overripe_187.jpg,Overripe,Overripe,204.11151123046875,78.33763885498047,6.398818016052246,3.5691702365875244,61.443660736083984,4.339677333831787,0.06665854156017303,0.06781623512506485,0.008103826083242893,0.017060687765479088,0.0,0.0,0.0003046551428269595,0.0,6.0931026382604614e-05,0.030648306012153625,0.5843894481658936,0.22459176182746887,0.0,0.0,0.0003655861655715853,0.0,0.5143797397613525,0.43206191062927246,0.05355837196111679,0.0,0.0,0.0,0.0,0.0,0.0,0.0,0.0,0.0,0.0,0.0,0.0,0.0,0.0,0.0,0.0,0.0,0.0,0.0,0.00018279308278579265,0.028211064636707306,0.09218864142894745,0.3663782477378845,0.513039231300354,0.0,0.0,0.0,0.0,0.0,238.62393188476562,6.329833030700684,64.64202880859375
Overripe_188.jpg,Overripe,Overripe,194.22727966308594,82.19122314453125,6.559598922729492,3.7391068935394287,59.30324172973633,5.251780986785889,0.0462794192135334,0.09969094395637512,0.049885094165802,0.008518899790942669,0.0042000156827270985,0.0013471748679876328,0.002139630727469921,0.0,0.0011886836728081107,0.011609477922320366,0.6254061460494995,0.14791187644004822,0.0003962279006373137,0.0,0.0012283065589144826,0.00019811395031865686,0.49976226687431335,0.41179966926574707,0.08843807131052017,0.0,0.0,0.0,0.0,0.0,0.0,0.0,0.0,0.0,0.0,0.0,0.0,0.0,0.0,0.0,0.0,0.0,0.0,0.0,0.009192487224936485,0.05685870349407196,0.18634597957134247,0.42368650436401367,0.32391631603240967,0.0,0.0,0.0,0.0,0.0,235.8069610595703,7.518221378326416,58.245880126953125
Overripe_189.jpg,Overripe,Overripe,192.29580688476562,82.7455825805664,6.424183368682861,3.8732171058654785,58.294769287109375,5.768939971923828,0.047848235815763474,0.09956086426973343,0.03892499580979347,0.027366941794753075,0.0033725628163665533,0.00021078517602290958,0.0014052344486117363,0.003056385088711977,0.001264711027033627,0.04025996848940849,0.5707008838653564,0.1659933179616928,0.0,0.0,3.513086267048493e-05,0.0,0.5336026549339294,0.3706657290458679,0.09573160111904144,0.0,0.0,0.0,0.0,0.0,0.0,0.0,0.0,0.0,0.0,0.0,0.0,0.0,0.0,0.0,0.0,0.0,0.0,0.0004567012074403465,0.01689794473350048,0.07960653305053711,0.22687511146068573,0.39206042885780334,0.28410327434539795,0.0,0.0,0.0,0.0,0.0,236.21023559570312,7.291590213775635,57.32890701293945
Overripe_19.jpg,Overripe,Overripe,112.37568664550781,49.730167388916016,30.911230087280273,22.69402503967285,9.671968460083008,12.954456329345703,0.020036734640598297,0.030389046296477318,0.2270829826593399,0.11137084662914276,0.07246618717908859,0.052429452538490295,0.43145766854286194,0.02070462517440319,0.008849557489156723,0.012689931318163872,0.006011020392179489,0.0020036734640598297,0.0013357822317630053,0.0,0.002504591830074787,0.0006678911158815026,0.058941394090652466,0.09684421122074127,0.17231591045856476,0.1380864977836609,0.1482718288898468,0.12138921022415161,0.08432125300168991,0.013858741149306297,0.048255134373903275,0.01853397861123085,0.018200034275650978,0.018200034275650978,0.008515612222254276,0.007179829757660627,0.0013357822317630053,0.04575054347515106,0.6465185880661011,0.1542828530073166,0.044748704880476,0.02671564556658268,0.02287527173757553,0.03339455649256706,0.03673401102423668,0.01135414931923151,0.009517448954284191,0.009517448954284191,0.0038403740618377924,0.0005009183660149574,0.0,0.0,0.0,0.0,150.17605590820312,30.326967239379883,2.678068161010742
Overripe_190.jpg,Overripe,Overripe,193.65933227539062,80.860595703125,6.576623916625977,3.914353847503662,58.15708541870117,5.807536602020264,0.043642934411764145,0.09263699501752853,0.04878557100892067,0.017061050981283188,0.0023280864115804434,0.002154348650947213,0.0032662705052644014,0.00027798046357929707,0.005351123865693808,0.06831370294094086,0.5723617672920227,0.13857325911521912,0.0011814170284196734,0.00013899023178964853,0.003578998614102602,0.00034747557947412133,0.5095382332801819,0.4006393551826477,0.0898224413394928,0.0,0.0,0.0,0.0,0.0,0.0,0.0,0.0,0.0,0.0,0.0,0.0,0.0,0.0,0.0,0.0,0.0,0.0,3.474755794741213e-05,0.021369749680161476,0.07599291205406189,0.24187776446342468,0.39184823632240295,0.2688766121864319,0.0,0.0,0.0,0.0,0.0,235.58956909179688,7.735148906707764,57.380184173583984
Overripe_191.jpg,Overripe,Overripe,171.75059509277344,101.575439453125,10.314780235290527,10.897189140319824,51.716041564941406,16.752817153930664,0.08074303716421127,0.20736970007419586,0.03442114591598511,0.009776818566024303,0.003910727333277464,0.0010113950120285153,0.0007754028774797916,3.371316779521294e-05,3.371316779521294e-05,0.01914907991886139,0.41082867980003357,0.20167216658592224,0.002663340186700225,0.0015508057549595833,0.017193716019392014,0.008866563439369202,0.4146045446395874,0.34448114037513733,0.11118602752685547,0.039174702018499374,0.03438743203878403,0.017935406416654587,0.012170453555881977,0.009945384226739407,0.0066077811643481255,0.003405030118301511,0.0028993324376642704,0.0016519452910870314,0.000977681833319366,0.00037084484938532114,0.00013485267118085176,6.742633559042588e-05,0.0017530847107991576,0.022587822750210762,0.05340166017413139,0.06698806583881378,0.04756928235292435,0.01810397207736969,0.0096082529053092,0.03941069543361664,0.11593958735466003,0.3340637981891632,0.28878700733184814,0.001786797889508307,0.0,0.0,0.0,0.0,238.3024444580078,7.308300971984863,58.5704460144043
Overripe_192.jpg,Overripe,Overripe,162.2199249267578,99.88761901855469,13.737540245056152,14.443504333496094,50.63154220581055,17.307199478149414,0.06564082205295563,0.25491970777511597,0.03892185539007187,0.007643568329513073,0.0014750745613127947,0.00013409768871497363,0.00030171978869475424,0.00010057327017420903,0.00013409768871497363,0.01887425035238266,0.4781588315963745,0.11807301640510559,0.005430956371128559,0.0023131852503865957,0.0026484294794499874,0.005229809787124395,0.3559958338737488,0.3082570731639862,0.10476382076740265,0.05551644414663315,0.05152703821659088,0.037681449204683304,0.032116398215293884,0.018606053665280342,0.011532401666045189,0.009554460644721985,0.006771933287382126,0.0037547352258116007,0.0023131852503865957,0.0007375372806563973,0.0004022930806968361,0.0004693419032264501,0.0014080257387831807,0.016661638393998146,0.07030071318149567,0.07727379351854324,0.04012873396277428,0.028462234884500504,0.02581380493938923,0.04260954260826111,0.1026182547211647,0.2966911494731903,0.296624094247818,0.0013745012693107128,3.352442217874341e-05,0.0,0.0,0.0,235.99468994140625,7.532815456390381,58.9392204284668
Overripe_193.jpg,Overripe,Overripe,198.35122680664062,79.24571228027344,6.752854824066162,3.962681293487549,59.81779098510742,4.996016502380371,0.058127425611019135,0.058411434292793274,0.04615166038274765,0.015573226846754551,0.0043074884451925755,0.003266117535531521,0.005585534498095512,0.000946700747590512,0.004165483172982931,0.04832907393574715,0.5791441798210144,0.16979077458381653,0.000994035741314292,0.0,0.004686168860644102,0.0005206853966228664,0.48016661405563354,0.41787371039390564,0.10195966809988022,0.0,0.0,0.0,0.0,0.0,0.0,0.0,0.0,0.0,0.0,0.0,0.0,0.0,0.0,0.0,0.0,0.0,0.0,0.0,0.00568020436912775,0.051027171313762665,0.15587428212165833,0.43046483397483826,0.35695353150367737,0.0,0.0,0.0,0.0,0.0,235.08523559570312,7.992757797241211,58.642208099365234
Overripe_194.jpg,Overripe,Overripe,198.41598510742188,81.13308715820312,5.892657279968262,3.56437087059021,59.07533645629883,5.294234752655029,0.04547639936208725,0.09704302996397018,0.03982691094279289,0.010217164643108845,0.0014424233231693506,8.013462502276525e-05,0.0024441061541438103,0.0001602692500455305,0.007252183742821217,0.050164274871349335,0.46273741126060486,0.28291529417037964,0.0,0.0,0.00024040388234425336,0.0,0.5967625379562378,0.33336004614830017,0.06987739354372025,0.0,0.0,0.0,0.0,0.0,0.0,0.0,0.0,0.0,0.0,0.0,0.0,0.0,0.0,0.0,0.0,0.0,0.0,4.0067312511382625e-05,0.009576087817549706,0.05669524893164635,0.2018991857767105,0.40944787859916687,0.32234153151512146,0.0,0.0,0.0,0.0,0.0,239.0110321044922,6.8669753074646,57.62018966674805
Overripe_195.jpg,Overripe,Overripe,197.09994506835938,79.01029968261719,6.321725845336914,3.604623317718506,59.320953369140625,5.285187721252441,0.035008978098630905,0.07920834422111511,0.06052834168076515,0.020945541560649872,0.00431734649464488,0.00025647602160461247,0.00021373001800384372,0.0037189023569226265,0.001282380078919232,0.03364110365509987,0.5589039921760559,0.20188936591148376,0.0,0.0,8.549200720153749e-05,0.0,0.5214585065841675,0.40164145827293396,0.07690005749464035,0.0,0.0,0.0,0.0,0.0,0.0,0.0,0.0,0.0,0.0,0.0,0.0,0.0,0.0,0.0,0.0,0.0,0.0,0.0,0.007908010855317116,0.05869026109576225,0.19043344259262085,0.4054885804653168,0.33747968077659607,0.0,0.0,0.0,0.0,0.0,236.0631103515625,7.520298004150391,58.010250091552734
Overripe_196.jpg,Overripe,Overripe,237.47630310058594,9.15483283996582,7.6711344718933105,3.315530776977539,61.96920394897461,3.8677310943603516,0.0,0.0,0.0,0.0,0.0,0.0,0.0,0.0,0.0030063132289797068,0.032768815755844116,0.6946587562561035,0.2695660889148712,0.0,0.0,0.0,0.0,0.3499348759651184,0.5471490025520325,0.10291612148284912,0.0,0.0,0.0,0.0,0.0,0.0,0.0,0.0,0.0,0.0,0.0,0.0,0.0,0.0,0.0,0.0,0.0,0.0,0.0,0.0,0.014330092817544937,0.07205130904912949,0.36266160011291504,0.5509570240974426,0.0,0.0,0.0,0.0,0.0,238.6825408935547,6.985057353973389,64.69033813476562
Overripe_197.jpg,Overripe,Overripe,38.82320785522461,60.2640495300293,56.50058364868164,28.201642990112305,45.444969177246094,21.18199348449707,0.32620275020599365,0.6335941553115845,0.003162976587191224,0.0003329449100419879,8.323622751049697e-05,0.0,0.0,0.0,0.0,0.0,8.323622751049697e-05,0.0009988347301259637,0.0005826535634696484,0.0007491260184906423,0.003162976587191224,0.031047111377120018,0.025303812697529793,0.04328283667564392,0.0533544197678566,0.05976361036300659,0.0689195916056633,0.06059597060084343,0.06042949855327606,0.05468619987368584,0.04311636462807655,0.04211752861738205,0.04394872486591339,0.06858664751052856,0.11544864624738693,0.13592475652694702,0.0706675574183464,0.0538538359105587,0.0005826535634696484,0.022889962419867516,0.12035957723855972,0.10163143277168274,0.07641085237264633,0.07091726362705231,0.07599467039108276,0.08215415477752686,0.07341434806585312,0.08764774352312088,0.11569835245609283,0.1069585457444191,0.0466955229640007,0.018311969935894012,0.0003329449100419879,0.0,36.58539581298828,82.54352569580078,69.30872344970703
Overripe_198.jpg,Overripe,Overripe,66.6307144165039,55.47727584838867,33.19091033935547,32.40204620361328,43.93873596191406,19.00517463684082,0.1552380621433258,0.39229342341423035,0.053926512598991394,0.011488267220556736,0.29791387915611267,0.003775181481614709,0.027988413348793983,0.03752400353550911,0.00045562535524368286,0.0007485273526981473,0.0006183486548252404,0.0008787060505710542,0.00159468874335289,0.0011390633881092072,0.003905360121279955,0.010511927306652069,0.42145344614982605,0.03052689880132675,0.028118593618273735,0.030559442937374115,0.029518013820052147,0.02964819222688675,0.03560386598110199,0.03583167865872383,0.03967195004224777,0.04816610738635063,0.05906857177615166,0.06814853101968765,0.06365737318992615,0.038305073976516724,0.017932111397385597,0.023790152743458748,0.015230904333293438,0.050346601754426956,0.07482019066810608,0.08705698698759079,0.0686367005109787,0.04972825199365616,0.055000487715005875,0.13105738162994385,0.14918476343154907,0.14807823300361633,0.11423178017139435,0.0418524406850338,0.014547466300427914,0.00022781267762184143,0.0,0.0,100.51761627197266,2.147440195083618,55.9761848449707
Overripe_199.jpg,Overripe,Overripe,34.826324462890625,60.98501968383789,37.85551071166992,34.099639892578125,44.966548919677734,21.846529006958008,0.5187953114509583,0.43580591678619385,0.005205428693443537,0.0010039040353149176,0.0,0.0,0.0004089979629497975,0.0,7.436326268361881e-05,0.0004089979629497975,0.0010039040353149176,0.0004833612183574587,0.002379624405875802,0.001673173508606851,0.009853133000433445,0.022903885692358017,0.38434654474258423,0.028667038306593895,0.032050568610429764,0.030749209225177765,0.03558282181620598,0.03164156898856163,0.030972300097346306,0.02803495153784752,0.030488938093185425,0.02651050314307213,0.03472764417529106,0.061312511563301086,0.10514965653419495,0.08079569041728973,0.03316601738333702,0.025804052129387856,0.0401933453977108,0.08789737522602081,0.06428704410791397,0.05402491241693497,0.04588213562965393,0.03811117261648178,0.04815021529793739,0.07730061560869217,0.16501209139823914,0.1735638529062271,0.11299498379230499,0.028629856184124947,0.043205056339502335,0.02048707939684391,0.00026027142303064466,0.0,13.444829940795898,3.62247896194458,56.52104949951172
Overripe_2.jpg,Overripe,Overripe,116.42552185058594,47.0826301574707,27.636390686035156,21.61731719970703,11.662678718566895,13.92707633972168,0.013681418262422085,0.07441016286611557,0.07552701234817505,0.16361859440803528,0.14840151369571686,0.043277956545352936,0.39564427733421326,0.04718693345785141,0.004886220674961805,0.023872679099440575,0.007259528152644634,0.0001396063162246719,0.0006980315665714443,0.0002792126324493438,0.0005584252648986876,0.0005584252648986876,0.05360882356762886,0.13527850806713104,0.208292618393898,0.15607985854148865,0.1819070279598236,0.07580622285604477,0.04760575294494629,0.013402205891907215,0.037972915917634964,0.012006143108010292,0.011028898879885674,0.008515984751284122,0.005165433511137962,0.009493228979408741,0.0025129136629402637,0.0413234680891037,0.5342733263969421,0.2031271755695343,0.07678347080945969,0.04257992282509804,0.02694401703774929,0.030573781579732895,0.03364511951804161,0.022337010130286217,0.011587323620915413,0.00991204846650362,0.005165433511137962,0.0012564568314701319,0.0006980315665714443,0.0009772442281246185,0.0001396063162246719,0.0,151.11021423339844,17.715044021606445,4.894015789031982
Overripe_20.jpg,Overripe,Overripe,113.0619888305664,53.63145065307617,28.248214721679688,22.271339416503906,8.940093040466309,12.509305953979492,0.08298336714506149,0.07542415708303452,0.0550982691347599,0.06988073140382767,0.15756762027740479,0.013606584630906582,0.47807827591896057,0.04115571826696396,0.009742986410856247,0.012598689645528793,0.0021837728563696146,0.00033596507273614407,0.00016798253636807203,0.0,0.0010078952182084322,0.00016798253636807203,0.11288426071405411,0.10952460765838623,0.14211322367191315,0.1201075091958046,0.17587770521640778,0.10112548619508743,0.07861582189798355,0.012934654951095581,0.050898704677820206,0.01394254993647337,0.018142113462090492,0.015790358185768127,0.003695615567266941,0.003191668074578047,0.003695615567266941,0.03746010363101959,0.6568117141723633,0.1748698204755783,0.05425835773348808,0.02015790343284607,0.016126323491334915,0.008735091425478458,0.022509658709168434,0.021669745445251465,0.00772719644010067,0.008735091425478458,0.00839912611991167,0.0,0.0,0.0,0.0,0.0,150.53103637695312,28.94487190246582,2.8911495208740234
Overripe_200.jpg,Overripe,Overripe,44.68828201293945,71.62788391113281,28.533302307128906,30.550899505615234,44.06085205078125,20.374296188354492,0.23136375844478607,0.6853562593460083,0.019207902252674103,0.0039787800051271915,0.0012347936863079667,0.00018293240282218903,0.0002286655071657151,9.146620141109452e-05,4.573310070554726e-05,0.00032013171585276723,0.0014177261618897319,0.0016006585210561752,0.005396505817770958,0.004527577199041843,0.012805268168449402,0.032241836190223694,0.47402361035346985,0.053004663437604904,0.03622061759233475,0.03768407553434372,0.03855300322175026,0.03553462028503418,0.028811853379011154,0.024055611342191696,0.024512942880392075,0.029497850686311722,0.03695234656333923,0.04948321729898453,0.05218146741390228,0.04413244128227234,0.019528035074472427,0.01582365296781063,0.012393670156598091,0.08483490347862244,0.10262507945299149,0.06023049354553223,0.04747096076607704,0.04344644770026207,0.05327906459569931,0.06526113301515579,0.10678679496049881,0.20259763300418854,0.20383243262767792,0.016372449696063995,0.0008689289097674191,0.0,0.0,0.0,24.61111068725586,4.435636520385742,58.02394485473633
Overripe_201.jpg,Overripe,Overripe,43.68043899536133,65.07018280029297,56.525691986083984,28.467084884643555,37.98339080810547,19.17317771911621,0.24781644344329834,0.6839733719825745,0.01164564024657011,0.003881879849359393,0.0003465964109636843,0.0,0.0011784278322011232,0.0,0.00020795785530935973,0.0006931928219273686,0.0018023013835772872,0.006030777934938669,0.0054762233048677444,0.0035352834966033697,0.007763759698718786,0.02564813569188118,0.06640787422657013,0.04997920244932175,0.03861084207892418,0.0385415218770504,0.03895743936300278,0.041730210185050964,0.04720643162727356,0.0511576309800148,0.05573270469903946,0.06335782259702682,0.07049771398305893,0.09240260720252991,0.1081380844116211,0.12678496539592743,0.06779426336288452,0.04270067811012268,0.004852349869906902,0.05808956176042557,0.15971162915229797,0.1104949414730072,0.0890059620141983,0.08276722580194473,0.07971717417240143,0.09579925239086151,0.11104949563741684,0.08789685368537903,0.06703174859285355,0.033273257315158844,0.020310550928115845,0.0,0.0,0.0,35.61170196533203,81.45809173583984,56.01728057861328
Overripe_202.jpg,Overripe,Overripe,53.04392623901367,61.0875244140625,57.62086868286133,29.590801239013672,49.557376861572266,23.012657165527344,0.10970091819763184,0.6862928867340088,0.11764705926179886,0.012360666878521442,0.0016554463654756546,0.00011036309297196567,0.015064562670886517,0.000662178557831794,0.0007173601188696921,0.0035868005361407995,0.006952874828130007,0.012746937572956085,0.007063237950205803,0.005849244073033333,0.009767133742570877,0.009822315536439419,0.0853106752038002,0.05898907408118248,0.03835117444396019,0.021907074376940727,0.025549056008458138,0.032336387783288956,0.04580068588256836,0.036143913865089417,0.030791303142905235,0.04022734612226486,0.07653680443763733,0.11852996051311493,0.15721222758293152,0.13238053023815155,0.06058933958411217,0.03934444487094879,0.0008277231827378273,0.03332965448498726,0.06483832001686096,0.10307913273572922,0.08867674320936203,0.060644522309303284,0.061858516186475754,0.06533495336771011,0.08227568864822388,0.10600375384092331,0.09860942512750626,0.06908729672431946,0.07008056342601776,0.060147885233163834,0.03437810391187668,0.0008277231827378273,41.72005844116211,81.0368881225586,68.59310913085938
Overripe_203.jpg,Overripe,Overripe,44.719383239746094,51.2391471862793,51.0916633605957,28.687055587768555,42.60744857788086,21.959346771240234,0.1492891013622284,0.7092791199684143,0.07314791530370712,0.016088800504803658,0.0012471937807276845,0.000810675963293761,0.012284859083592892,0.0017460713861510158,0.0004988775472156703,0.006984285544604063,0.005362933501601219,0.003180344123393297,0.002244948875159025,0.0019331504590809345,0.005737091414630413,0.01016462966799736,0.07657770067453384,0.047705162316560745,0.05643552169203758,0.06292092800140381,0.05793215334415436,0.04801696166396141,0.049077074974775314,0.06242205202579498,0.06766026467084885,0.06254676729440689,0.06747318804264069,0.07451982796192169,0.08736592531204224,0.08630581200122833,0.05138438567519188,0.04165627434849739,0.0011848341673612595,0.04477425664663315,0.09921427071094513,0.12490645796060562,0.10975305736064911,0.09410077333450317,0.07851085066795349,0.078635573387146,0.08362434804439545,0.08961087465286255,0.053878773003816605,0.034360188990831375,0.04165627434849739,0.04427538067102432,0.019643303006887436,0.0018707907292991877,20.43927574157715,30.75392723083496,18.03919792175293
Overripe_21.jpg,Overripe,Overripe,128.48147583007812,47.47501754760742,29.0583553314209,22.86563491821289,9.269261360168457,12.461610794067383,0.03073529340326786,0.06132353097200394,0.04911764711141586,0.03470588102936745,0.12029411643743515,0.04955882206559181,0.5407353043556213,0.0727941170334816,0.011029412038624287,0.015882352367043495,0.007499999832361937,0.00044117646757513285,0.0005882352706976235,0.0,0.004999999888241291,0.00029411763534881175,0.07897058874368668,0.13735294342041016,0.1745588183403015,0.1147058829665184,0.1344117671251297,0.08720587939023972,0.12250000238418579,0.008382353000342846,0.04235294088721275,0.013823529705405235,0.0117647061124444,0.012352941557765007,0.004117647185921669,0.00779411755502224,0.0029411765281111,0.04676470533013344,0.6194117665290833,0.21132352948188782,0.03955882415175438,0.0235294122248888,0.016029411926865578,0.02602941170334816,0.02970588207244873,0.011323529295623302,0.008235294371843338,0.006764705758541822,0.007647058926522732,0.00044117646757513285,0.0,0.0,0.0,0.0,151.08251953125,17.21520233154297,5.144359111785889
Overripe_22.jpg,Overripe,Overripe,113.36603546142578,59.49452590942383,33.49684143066406,26.454349517822266,9.8250093460083,13.426896095275879,0.05598782002925873,0.06123139336705208,0.13041271269321442,0.14039242267608643,0.11214479058980942,0.04397834837436676,0.3107239603996277,0.050067659467458725,0.019790256395936012,0.024526387453079224,0.03518268093466759,0.011502029374241829,0.0033829498570412397,0.0,0.0006765899597667158,0.0,0.09387686103582382,0.09996616840362549,0.13802435994148254,0.11112990230321884,0.1432679295539856,0.08338971436023712,0.09336941689252853,0.012516914866864681,0.05903247743844986,0.028585927560925484,0.020128551870584488,0.016576454043388367,0.006935047451406717,0.018775371834635735,0.0038903923705220222,0.07053450495004654,0.6381934881210327,0.15849120914936066,0.048376183956861496,0.029431665316224098,0.02435723878443241,0.031630583107471466,0.026894452050328255,0.012516914866864681,0.011502029374241829,0.011671177111566067,0.005412719678133726,0.0006765899597667158,0.0008457374642603099,0.0,0.0,0.0,151.9310302734375,29.489063262939453,3.1248135566711426
Overripe_23.jpg,Overripe,Overripe,100.78982543945312,51.64053726196289,21.65966796875,14.587732315063477,13.654786109924316,12.612753868103027,0.04149172455072403,0.09335638582706451,0.10817486047744751,0.21980735659599304,0.19165225327014923,0.05062978342175484,0.18918251991271973,0.057792048901319504,0.011360829696059227,0.014324524439871311,0.017535194754600525,0.001481847371906042,0.0004939491045661271,0.000740923685953021,0.001481847371906042,0.0004939491045661271,0.08594714850187302,0.13311928510665894,0.27537664771080017,0.1938750296831131,0.1328723132610321,0.062484562397003174,0.04396147280931473,0.023462584242224693,0.017288219183683395,0.011360829696059227,0.005927389487624168,0.005433440208435059,0.0009878982091322541,0.001481847371906042,0.0009878982091322541,0.005433440208435059,0.2417880892753601,0.43689799308776855,0.14052852988243103,0.04988886043429375,0.025438379496335983,0.019757965579628944,0.025191405788064003,0.030377870425581932,0.015806371346116066,0.008397134952247143,0.005927389487624168,0.0,0.0,0.0,0.0,0.0,153.48220825195312,17.018768310546875,6.21866512298584
Overripe_24.jpg,Overripe,Overripe,93.84537506103516,55.48585510253906,39.54924011230469,25.8477783203125,9.811774253845215,12.610686302185059,0.025368446484208107,0.10896351933479309,0.2604493796825409,0.21889345347881317,0.08746074140071869,0.024885237216949463,0.19255858659744263,0.009180961176753044,0.006523314863443375,0.042039141058921814,0.017637111246585846,0.00048320851055905223,0.0014496254734694958,0.0007248127367347479,0.001208021305501461,0.0021744382102042437,0.056535396724939346,0.054844167083501816,0.10606426745653152,0.10558106005191803,0.12708383798599243,0.08673592656850815,0.11790287494659424,0.03189175948500633,0.09398405253887177,0.048079244792461395,0.02947571873664856,0.030925344675779343,0.011355400085449219,0.02343561314046383,0.009180961176753044,0.06692437827587128,0.596762478351593,0.20536361634731293,0.06209229305386543,0.024885237216949463,0.019569944590330124,0.022710800170898438,0.027059676125645638,0.017878714948892593,0.009180961176753044,0.008697752840816975,0.005798501893877983,0.0,0.0,0.0,0.0,0.0,62.17589569091797,19.354944229125977,6.284723281860352
Overripe_25.jpg,Overripe,Overripe,79.25808715820312,59.42656326293945,48.616363525390625,29.03435516357422,12.040870666503906,13.777029991149902,0.04639750346541405,0.21548070013523102,0.2944456934928894,0.17042158544063568,0.09011822193861008,0.029667632654309273,0.08833370357751846,0.012937764637172222,0.0022306491155177355,0.010484050959348679,0.010484050959348679,0.006468882318586111,0.0035690385848283768,0.0022306491155177355,0.009814856573939323,0.006915012374520302,0.04639750346541405,0.03769797086715698,0.06848093122243881,0.07829578220844269,0.10238679498434067,0.08431853353977203,0.09591791033744812,0.0399286188185215,0.08298014849424362,0.05710461735725403,0.046174436807632446,0.05085879936814308,0.031229088082909584,0.03234441205859184,0.0267677903175354,0.11911666393280029,0.46040597558021545,0.27303144335746765,0.0805264338850975,0.03635958209633827,0.030336828902363777,0.03301360830664635,0.036805711686611176,0.020298907533288002,0.012045505456626415,0.0071380771696567535,0.006915012374520302,0.0015614543808624148,0.0015614543808624148,0.0,0.0,0.0,67.9242935180664,30.269065856933594,6.253473281860352
Overripe_26.jpg,Overripe,Overripe,84.12916564941406,55.725791931152344,30.05254554748535,23.87745475769043,14.423990249633789,15.753430366516113,0.08848540484905243,0.11882326006889343,0.2785566449165344,0.17628131806850433,0.07124798744916916,0.028499195352196693,0.16387037932872772,0.01838657818734646,0.0105722825974226,0.02780969813466072,0.015628591179847717,0.0,0.0,0.0,0.0018386577721685171,0.0,0.12755689024925232,0.09239255636930466,0.14433462917804718,0.12479889392852783,0.1303148716688156,0.09721902757883072,0.07147782295942307,0.029418524354696274,0.0544702373445034,0.0333256721496582,0.016547920182347298,0.014709262177348137,0.0073546310886740685,0.012640772387385368,0.0043668122962117195,0.03907147794961929,0.4502413272857666,0.23167088627815247,0.0694093331694603,0.037002988159656525,0.027350034564733505,0.034244999289512634,0.05263157933950424,0.06159503385424614,0.020684899762272835,0.01011261809617281,0.005056309048086405,0.0,0.0,0.0,0.0,0.0,0.2133333384990692,0.059607844799757004,4.066928863525391
Overripe_27.jpg,Overripe,Overripe,100.21778106689453,55.714385986328125,38.509071350097656,26.83673858642578,8.49157428741455,11.323711395263672,0.04962370544672012,0.02492944523692131,0.18626528978347778,0.2782220244407654,0.15051740407943726,0.026575729250907898,0.16298212110996246,0.04444967210292816,0.012935088947415352,0.01834430918097496,0.03504233434796333,0.0037629350554198027,0.0014111006166785955,0.0,0.00423330208286643,0.0007055503083392978,0.07690498232841492,0.07079021632671356,0.11476951837539673,0.08701787143945694,0.11712135374546051,0.09383819252252579,0.0924270898103714,0.03410159796476364,0.09571965783834457,0.05526810884475708,0.023047978058457375,0.026575729250907898,0.011523989029228687,0.020696142688393593,0.008231420069932938,0.07196613401174545,0.6589840054512024,0.18720601499080658,0.04492003843188286,0.027046095579862595,0.01693320833146572,0.013405456207692623,0.0197554100304842,0.011994355358183384,0.00846660416573286,0.007055503316223621,0.00423330208286643,0.0,0.0,0.0,0.0,0.0,67.5574722290039,31.052515029907227,6.415369987487793
Overripe_28.jpg,Overripe,Overripe,91.29229736328125,63.04762268066406,27.005891799926758,23.15740394592285,12.064830780029297,14.644177436828613,0.1363746076822281,0.13154718279838562,0.12599565088748932,0.14458122849464417,0.10209992527961731,0.05551532655954361,0.2107168734073639,0.03572290763258934,0.011344436556100845,0.01979242078959942,0.011827178299427032,0.0057929037138819695,0.002413709880784154,0.0004827419761568308,0.005551532842218876,0.0002413709880784154,0.16654598712921143,0.09051412343978882,0.13685734570026398,0.14820179343223572,0.15954622626304626,0.06734250485897064,0.06734250485897064,0.021723389625549316,0.03620564937591553,0.020033791661262512,0.013034033589065075,0.0205165334045887,0.007965242490172386,0.006999758537858725,0.0019309679046273232,0.03524016588926315,0.550325870513916,0.19502775371074677,0.06299782544374466,0.030412744730710983,0.013758146204054356,0.022206131368875504,0.06517016887664795,0.03234371170401573,0.013034033589065075,0.008689355105161667,0.006034274585545063,0.0,0.0,0.0,0.0,0.0,0.0,0.0,3.1286046504974365
Overripe_29.jpg,Overripe,Overripe,63.189697265625,17.163421630859375,38.872066497802734,26.55661964416504,14.646544456481934,17.75826072692871,0.006485317833721638,0.10394523292779922,0.375788152217865,0.47991353273391724,0.01693388633430004,0.01513240858912468,0.0007205908768810332,0.0010808863444253802,0.0,0.0,0.0,0.0,0.0,0.0,0.0,0.0,0.08917312324047089,0.06251125782728195,0.09169518947601318,0.1062871590256691,0.11673572659492493,0.09277607500553131,0.08683120459318161,0.041614122688770294,0.07728337496519089,0.04215456545352936,0.04143397510051727,0.05170239508152008,0.005404431838542223,0.02864348702132702,0.0010808863444253802,0.0646730288863182,0.3972257375717163,0.3103945255279541,0.08539001643657684,0.028283191844820976,0.016573591157794,0.04431634023785591,0.01801477186381817,0.009908124804496765,0.009007385931909084,0.023419203236699104,0.05602594092488289,0.0012610340490937233,0.0001801477192202583,0.0,0.0,0.0,63.91069412231445,30.265411376953125,7.102789402008057
Overripe_3.jpg,Overripe,Overripe,128.63735961914062,45.672874450683594,32.99550247192383,23.48589515686035,8.52615737915039,11.931038856506348,0.023684583604335785,0.01886257342994213,0.03956885635852814,0.155864417552948,0.11133172363042831,0.04027797654271126,0.4508580267429352,0.09629839658737183,0.01616792008280754,0.028081122785806656,0.0171606857329607,0.0014182385057210922,0.0,0.0,0.00042547157499939203,0.0,0.060984257608652115,0.10480783134698868,0.12962700426578522,0.10140405595302582,0.1459367424249649,0.13317260146141052,0.11842291802167892,0.01460785698145628,0.05956601724028587,0.03120124712586403,0.017727982252836227,0.014324209652841091,0.0032619487028568983,0.008225783705711365,0.0008509431499987841,0.05587859824299812,0.6725287437438965,0.15019145607948303,0.05474400892853737,0.029783008620142937,0.023259112611413002,0.023684583604335785,0.013615090399980545,0.008651254698634148,0.008793079294264317,0.007942135445773602,0.005531130358576775,0.0009927669307217002,0.00028364770696498454,0.0,0.0,0.0,151.6320037841797,30.47492218017578,3.0063841342926025
Overripe_30.jpg,Overripe,Overripe,103.3984146118164,48.9504280090332,27.087146759033203,19.429319381713867,12.051502227783203,13.970434188842773,0.020493609830737114,0.10202732682228088,0.1132657527923584,0.17320404946804047,0.2055971771478653,0.018289996311068535,0.31577786803245544,0.02512119896709919,0.007712648715823889,0.008153371512889862,0.004407227970659733,0.0006610841955989599,0.0008814455941319466,0.0,0.003746143775060773,0.0006610841955989599,0.05244601145386696,0.13838694989681244,0.19501982629299164,0.15733803808689117,0.16416923701763153,0.0799911841750145,0.07866901904344559,0.018510356545448303,0.03459673747420311,0.021595416590571404,0.01300132181495428,0.01300132181495428,0.0035257823765277863,0.004627589136362076,0.0015425297897309065,0.023578669875860214,0.4396209716796875,0.32459232211112976,0.07073600590229034,0.025782283395528793,0.014984575100243092,0.019391803070902824,0.040326133370399475,0.03239312395453453,0.013442045077681541,0.010797708295285702,0.006831203121691942,0.00022036139853298664,0.0008814455941319466,0.0,0.0,0.0,100.47284698486328,17.852535247802734,6.889054298400879
Overripe_31.jpg,Overripe,Overripe,62.3951301574707,38.026885986328125,38.24466323852539,28.171796798706055,19.33925437927246,20.37665367126465,0.028610091656446457,0.33539533615112305,0.25865069031715393,0.18731877207756042,0.1664411425590515,0.0044461628422141075,0.002126425737515092,0.0007732457015663385,0.0013531799195334315,0.0011598685523495078,0.0023197371046990156,0.0023197371046990156,0.002126425737515092,0.0009665571269579232,0.004639474209398031,0.0013531799195334315,0.16972742974758148,0.043495070189237595,0.06205296888947487,0.08428378403186798,0.08563695847988129,0.08080417662858963,0.10264836996793747,0.058186739683151245,0.07442490011453629,0.056253623217344284,0.041948579251766205,0.029576648026704788,0.012951865792274475,0.016624782234430313,0.007732457015663385,0.07365165650844574,0.2940266728401184,0.26406341791152954,0.11830659210681915,0.08157742023468018,0.040982022881507874,0.033249564468860626,0.010632128454744816,0.010245505720376968,0.00966557115316391,0.03189638629555702,0.1049681007862091,0.00038662285078316927,0.0,0.0,0.0,0.0,60.17536544799805,30.557907104492188,7.149702548980713
Overripe_32.jpg,Overripe,Overripe,58.984642028808594,20.454757690429688,38.63343048095703,24.45074462890625,16.286575317382812,15.626498222351074,0.010940458625555038,0.15905743837356567,0.5091521143913269,0.28971177339553833,0.016831474378705025,0.0025247212033718824,0.006311803124845028,0.003366295015439391,0.0,0.0,0.0012623606016859412,0.0,0.0,0.0,0.00021039343846496195,0.0006311803008429706,0.0704817995429039,0.06395960599184036,0.08731327950954437,0.09951609373092651,0.11634756624698639,0.10414475202560425,0.09909530729055405,0.0673258975148201,0.08079107850790024,0.054912686347961426,0.03324216231703758,0.027982326224446297,0.01956658996641636,0.019145803526043892,0.01662108115851879,0.039553966373205185,0.18409425020217896,0.43446245789527893,0.14243635535240173,0.043761834502220154,0.03808121010661125,0.06690511107444763,0.009888491593301296,0.009257311001420021,0.010309278033673763,0.01662108115851879,0.04355144128203392,0.0006311803008429706,0.0,0.0,0.0,0.0,61.11882400512695,30.494068145751953,8.27245807647705
Overripe_33.jpg,Overripe,Overripe,57.588340759277344,21.935916900634766,44.95728302001953,28.749805450439453,14.83680534362793,17.783287048339844,0.040055520832538605,0.20206226408481598,0.3870711922645569,0.3297640383243561,0.028951020911335945,0.005353956017643213,0.005948840174823999,0.0,0.0,0.0,0.0,0.0,0.0,0.0,0.0003965893411077559,0.0003965893411077559,0.10132857412099838,0.05334126576781273,0.060281578451395035,0.05631568655371666,0.07574856281280518,0.08685306459665298,0.09379337728023529,0.05750545486807823,0.08705136179924011,0.06067816913127899,0.0531429722905159,0.05294467508792877,0.024390242993831635,0.030537378042936325,0.017648225650191307,0.08843941986560822,0.3823121190071106,0.3222288191318512,0.11104501038789749,0.02022605575621128,0.016061868518590927,0.02835613675415516,0.01169938500970602,0.007931786589324474,0.009716439060866833,0.030933968722820282,0.058695219457149506,0.0007931786822155118,0.0,0.0,0.0,0.0,64.2616195678711,30.911535263061523,7.4874267578125
Overripe_34.jpg,Overripe,Overripe,87.5698471069336,34.470008850097656,24.262964248657227,15.42057991027832,12.695636749267578,13.951732635498047,0.014990223571658134,0.09146209061145782,0.12730827927589417,0.2824245095252991,0.38605257868766785,0.03410819172859192,0.03758418560028076,0.015641972422599792,0.0023897457867860794,0.00021724961698055267,0.0021724961698055267,0.001303497701883316,0.0008689984679222107,0.00043449923396110535,0.0023897457867860794,0.000651748850941658,0.038670431822538376,0.10145556926727295,0.25678905844688416,0.24527482688426971,0.16098196804523468,0.05844014883041382,0.049098413437604904,0.01955246552824974,0.02693895250558853,0.011731479316949844,0.0069519877433776855,0.006734738126397133,0.001955246552824974,0.00325874425470829,0.0017379969358444214,0.010427981615066528,0.33608517050743103,0.43515098094940186,0.08603084832429886,0.019986964762210846,0.013903975486755371,0.011514229699969292,0.01694547012448311,0.025635454803705215,0.03389094024896622,0.011079730466008186,0.008255485445261002,0.00021724961698055267,0.00043449923396110535,0.0008689984679222107,0.0,0.0,101.79767608642578,18.067291259765625,7.012121677398682
Overripe_35.jpg,Overripe,Overripe,93.45787048339844,41.161922454833984,24.544361114501953,15.88325309753418,14.366321563720703,12.446805953979492,0.011368702165782452,0.10543914139270782,0.1243869811296463,0.28622379899024963,0.2226928174495697,0.11725367605686188,0.07044137269258499,0.04101649671792984,0.0055728936567902565,0.006241640541702509,0.0024520731531083584,0.004012483172118664,0.0015604101354256272,0.0,0.0013374944683164358,0.0,0.04101649671792984,0.12082032859325409,0.2596968412399292,0.21065537631511688,0.13508693873882294,0.08693713694810867,0.040570665150880814,0.02385198324918747,0.03299152851104736,0.015604102052748203,0.006241640541702509,0.007579135242849588,0.00512706208974123,0.004012483172118664,0.003566651837900281,0.006241640541702509,0.14600980281829834,0.5051270723342896,0.1656263917684555,0.055728934705257416,0.020285332575440407,0.01716451160609722,0.02518947795033455,0.03767275810241699,0.012037449516355991,0.006910387892276049,0.007133303675800562,0.0004458314797375351,0.0006687472341582179,0.0,0.0,0.0,108.60511016845703,18.20577621459961,8.024730682373047
Overripe_36.jpg,Overripe,Overripe,90.17771911621094,41.91090393066406,28.341419219970703,14.746395111083984,11.929071426391602,12.592719078063965,0.009470752440392971,0.05738161504268646,0.17325904965400696,0.3317548632621765,0.25988858938217163,0.10334261506795883,0.029247911646962166,0.016155987977981567,0.0,0.0011142061557620764,0.0002785515389405191,0.0,0.008356546051800251,0.0038997214287519455,0.0041782730259001255,0.0016713092336431146,0.024512534961104393,0.06852367520332336,0.16239553689956665,0.18913649022579193,0.1944289654493332,0.1311977654695511,0.1155988872051239,0.030362116172909737,0.038997214287519455,0.019498607143759727,0.007242339663207531,0.007242339663207531,0.0013927576364949346,0.003064066870138049,0.0011142061557620764,0.005292478948831558,0.35961002111434937,0.410584956407547,0.08718662708997726,0.02646239474415779,0.017270194366574287,0.01476323138922453,0.032311975955963135,0.024791086092591286,0.011420613154768944,0.008635097183287144,0.006963788531720638,0.0,0.0,0.0,0.0,0.0,70.78899383544922,30.141345977783203,6.4349684715271
Overripe_37.jpg,Overripe,Overripe,94.2966537475586,30.678335189819336,23.84627342224121,14.26890754699707,11.777116775512695,11.96249008178711,0.0,0.06592237949371338,0.10579478740692139,0.2729930877685547,0.36815524101257324,0.08213716000318527,0.08585858345031738,0.01116427406668663,0.0,0.005316321272403002,0.002658160636201501,0.0,0.0,0.0,0.0,0.0,0.03375864028930664,0.10978203266859055,0.2642211616039276,0.2065390795469284,0.17490696907043457,0.09090909361839294,0.04837852343916893,0.015683148056268692,0.019936203956604004,0.011430090293288231,0.006911217235028744,0.005847953259944916,0.0013290803181007504,0.0021265284158289433,0.0013290803181007504,0.006911217235028744,0.27219563722610474,0.528176486492157,0.07894736528396606,0.016746411100029945,0.012227538973093033,0.011961722746491432,0.027910685166716576,0.02604997344315052,0.011430090293288231,0.009037746116518974,0.005316321272403002,0.0,0.0,0.0,0.0,0.0,102.18002319335938,17.482215881347656,7.247330665588379
Overripe_38.jpg,Overripe,Overripe,59.95020294189453,23.060794830322266,28.07573699951172,18.3118839263916,18.93175506591797,18.5225887298584,0.0016758439596742392,0.16782379150390625,0.5300455093383789,0.20541058480739594,0.062245629727840424,0.02394062653183937,0.004788125399500132,0.00047881255159154534,0.0033516879193484783,0.00023940627579577267,0.0,0.0,0.0,0.0,0.0,0.0,0.13119463622570038,0.06320325285196304,0.10055063664913177,0.137419193983078,0.18577927350997925,0.1448407918214798,0.0888197273015976,0.04524778574705124,0.03519272059202194,0.021067751571536064,0.012927938252687454,0.010294470004737377,0.005027531646192074,0.004788125399500132,0.0031122814398258924,0.010533875785768032,0.0967201367020607,0.49868327379226685,0.14148910343647003,0.04237490892410278,0.026334689930081367,0.04644481837749481,0.016519032418727875,0.008618625812232494,0.010055063292384148,0.031841035932302475,0.08067991584539413,0.00023940627579577267,0.0,0.0,0.0,0.0,56.87580490112305,30.51833724975586,7.967232704162598
Overripe_39.jpg,Overripe,Overripe,102.16195678710938,53.142391204833984,25.209644317626953,15.846209526062012,10.520529747009277,12.623315811157227,0.05274374037981033,0.05887053906917572,0.12706446647644043,0.22535961866378784,0.20990942418575287,0.0506126806139946,0.14944060146808624,0.05913691967725754,0.0122535964474082,0.021576983854174614,0.030900372192263603,0.0,0.0005327650578692555,0.0,0.001065530115738511,0.0005327650578692555,0.08257858455181122,0.08790623396635056,0.17501331865787506,0.17155034840106964,0.20804475247859955,0.11108151078224182,0.07698454707860947,0.020511453971266747,0.0269046351313591,0.011454449035227299,0.006925945635885,0.005594032816588879,0.002131060231477022,0.004262120462954044,0.0005327650578692555,0.008524240925908089,0.49733617901802063,0.3223228454589844,0.055141184478998184,0.020511453971266747,0.017847629263997078,0.014118273742496967,0.02264251373708248,0.022376131266355515,0.008524240925908089,0.011188065633177757,0.006659563165158033,0.001065530115738511,0.00026638252893462777,0.0,0.0,0.0,103.75741577148438,18.68084144592285,7.01337194442749
Overripe_4.jpg,Overripe,Overripe,127.49186706542969,43.313934326171875,31.40705680847168,22.66668128967285,9.16091251373291,12.484406471252441,0.007105637341737747,0.023369651287794113,0.08368861675262451,0.12016421556472778,0.09568924456834793,0.07279330492019653,0.5174483060836792,0.02842254936695099,0.011526922695338726,0.023053845390677452,0.012316437438130379,0.0031580610666424036,0.00031580610084347427,0.0,0.0009474182734265924,0.0,0.0402652770280838,0.11021632701158524,0.17369335889816284,0.11905889958143234,0.16469287872314453,0.12474340945482254,0.08542554825544357,0.013421759009361267,0.05226590856909752,0.0186325591057539,0.020211590453982353,0.012948050163686275,0.004105479456484318,0.00805305503308773,0.0018948365468531847,0.05037107318639755,0.6529291272163391,0.1724301278591156,0.04247592017054558,0.02494868077337742,0.021632717922329903,0.02810674160718918,0.02352755330502987,0.01105321291834116,0.008368861861526966,0.006631928030401468,0.00552660645917058,0.0009474182734265924,0.0009474182734265924,0.0004737091367132962,0.0,0.0,150.3738250732422,29.845571517944336,2.7550911903381348
Overripe_40.jpg,Overripe,Overripe,92.39310455322266,37.74073028564453,21.474458694458008,12.905810356140137,15.723528861999512,12.692657470703125,0.003448275849223137,0.08152709156274796,0.12339901179075241,0.33866995573043823,0.28743842244148254,0.04236453026533127,0.01625615730881691,0.09211822599172592,0.004679802805185318,0.007389162667095661,0.001231527072377503,0.0,0.00024630542611703277,0.0004926108522340655,0.0004926108522340655,0.00024630542611703277,0.02660098485648632,0.14901477098464966,0.286699503660202,0.28743842244148254,0.12487684935331345,0.050985220819711685,0.021921182051301003,0.014285714365541935,0.011330049484968185,0.007389162667095661,0.0036945813335478306,0.0036945813335478306,0.0032019703648984432,0.0017241379246115685,0.001231527072377503,0.005911330226808786,0.04162561520934105,0.568719208240509,0.17561575770378113,0.06551723927259445,0.03423645347356796,0.02463054098188877,0.01748768426477909,0.029556650668382645,0.02413793094456196,0.01034482754766941,0.0071428571827709675,0.0007389162783510983,0.00024630542611703277,0.0,0.0,0.0,104.09127807617188,16.858530044555664,8.330035209655762
Overripe_41.jpg,Overripe,Overripe,68.40434265136719,19.722530364990234,19.02668571472168,9.936858177185059,19.256460189819336,16.729162216186523,0.0,0.07541542500257492,0.1849169135093689,0.7030251622200012,0.02428632229566574,0.00937366858124733,0.00042607582872733474,0.0,0.0,0.0,0.0,0.0,0.0,0.0,0.0025564550887793303,0.0,0.11120579391717911,0.1050276979804039,0.2775883972644806,0.293140172958374,0.12015338987112045,0.05283340439200401,0.0227950569242239,0.0072432891465723515,0.003408606629818678,0.0025564550887793303,0.0010651896009221673,0.0010651896009221673,0.0008521516574546695,0.00021303791436366737,0.00021303791436366737,0.0006391137721948326,0.02002556435763836,0.497869610786438,0.22880272567272186,0.06135492026805878,0.026203664019703865,0.03195568919181824,0.01725607179105282,0.008947592228651047,0.01214316114783287,0.03131657466292381,0.06369833648204803,0.00042607582872733474,0.0,0.0,0.0,0.0,68.65853881835938,20.29900360107422,10.33352279663086
Overripe_42.jpg,Overripe,Overripe,65.13983917236328,25.325176239013672,27.92523193359375,19.626283645629883,18.563980102539062,18.267154693603516,0.01269095204770565,0.12737955152988434,0.36427733302116394,0.4190364181995392,0.047003526240587234,0.0047003524377942085,0.020681550726294518,0.00023501762188971043,0.0,0.0,0.0,0.0,0.0014101057313382626,0.0,0.0018801409751176834,0.0007050528656691313,0.14195065200328827,0.1008225604891777,0.12855464220046997,0.11515863984823227,0.1191539391875267,0.09988249093294144,0.1064629852771759,0.05381903797388077,0.05734430253505707,0.0296122208237648,0.015511163510382175,0.008930670097470284,0.004935370292514563,0.0035252643283456564,0.0025851938407868147,0.011750881560146809,0.1149236187338829,0.4815511107444763,0.15605171024799347,0.044888366013765335,0.03337250277400017,0.023031726479530334,0.013866039924323559,0.008460634388029575,0.011045828461647034,0.033607520163059235,0.078965924680233,0.00023501762188971043,0.0,0.0,0.0,0.0,64.7916030883789,30.557836532592773,8.519109725952148
Overripe_43.jpg,Overripe,Overripe,120.09590911865234,41.284400939941406,21.72780418395996,10.551920890808105,14.939717292785645,11.916855812072754,0.00136239780113101,0.04414169117808342,0.06321525573730469,0.1607629358768463,0.21498636901378632,0.08474114537239075,0.14468665421009064,0.2632152736186981,0.015803813934326172,0.007084468845278025,0.0,0.0,0.0,0.0,0.0,0.0,0.03297002613544464,0.10517711192369461,0.2675749361515045,0.2861035466194153,0.18746593594551086,0.06512261927127838,0.02261580340564251,0.008446866646409035,0.007629427593201399,0.006539509631693363,0.0032697548158466816,0.0024523159954696894,0.0024523159954696894,0.0010899183107540011,0.0005449591553770006,0.0005449591553770006,0.057765666395425797,0.5591280460357666,0.18637602031230927,0.08446866273880005,0.021253405138850212,0.013079019263386726,0.017711171880364418,0.02752043679356575,0.014441416598856449,0.00817438680678606,0.008446866646409035,0.0008174387039616704,0.0005449591553770006,0.0002724795776885003,0.0,0.0,160.04861450195312,18.742435455322266,8.821574211120605
Overripe_44.jpg,Overripe,Overripe,119.9652099609375,41.72502136230469,21.188385009765625,8.680152893066406,14.718603134155273,12.092041969299316,0.0,0.04961340129375458,0.06153350695967674,0.24452319741249084,0.06668814271688461,0.24194587767124176,0.01900773122906685,0.29349225759506226,0.019329896196722984,0.003865979379042983,0.0,0.0,0.0,0.0,0.0,0.0,0.0335051529109478,0.10889175534248352,0.2142396867275238,0.33408504724502563,0.22164948284626007,0.056378867477178574,0.01739690639078617,0.005798968952149153,0.003221649443730712,0.002577319508418441,0.0003221649385523051,0.0006443298771046102,0.0,0.0,0.0003221649385523051,0.0009664948447607458,0.07474226504564285,0.5505799055099487,0.18363402783870697,0.06572164595127106,0.025128865614533424,0.021585050970315933,0.015463917516171932,0.028028350323438644,0.01965206116437912,0.009020618163049221,0.006443298887461424,0.0,0.0,0.0,0.0,0.0,165.36758422851562,20.054208755493164,8.163992881774902
Overripe_45.jpg,Overripe,Overripe,82.32242584228516,40.57276153564453,29.055660247802734,19.279943466186523,18.218555450439453,11.84935188293457,0.01010587066411972,0.11982675641775131,0.23796920478343964,0.32723772525787354,0.17131857573986053,0.04908565804362297,0.03392685204744339,0.019489893689751625,0.012271414510905743,0.007218479178845882,0.00481231976300478,0.002646775683388114,0.001203079940751195,0.0,0.0014436958590522408,0.0014436958590522408,0.033686235547065735,0.1289701610803604,0.20356111228466034,0.15062560141086578,0.1328200250864029,0.08589990437030792,0.07074109464883804,0.050288740545511246,0.04186718165874481,0.02430221438407898,0.02478344552218914,0.015880653634667397,0.01395572628825903,0.012512031011283398,0.003609239589422941,0.0064966315403580666,0.015158806927502155,0.3618864417076111,0.3108758330345154,0.1263233870267868,0.06568816304206848,0.03344561904668808,0.03272377327084541,0.021414821967482567,0.014196342788636684,0.008662175387144089,0.00745909521356225,0.0007218479295261204,0.0002406159765087068,0.001203079940751195,0.0,0.0,73.69762420654297,18.29330825805664,17.398046493530273
Overripe_46.jpg,Overripe,Overripe,98.9276351928711,46.88468551635742,28.74219512939453,19.711103439331055,17.918949127197266,14.229430198669434,0.005712731275707483,0.1322089284658432,0.17464634776115417,0.17192600667476654,0.10119695216417313,0.2451033741235733,0.08351469039916992,0.045429814606904984,0.01822633296251297,0.01523394975811243,0.0038084874395281076,0.0013601741520687938,0.0002720348129514605,0.0,0.0008161044679582119,0.000544069625902921,0.03373231738805771,0.11153427511453629,0.16866159439086914,0.2162676751613617,0.17383025586605072,0.09249183535575867,0.04951033741235733,0.030739935114979744,0.02856365591287613,0.016050053760409355,0.016050053760409355,0.013329706154763699,0.011969531886279583,0.01033732295036316,0.007616974879056215,0.019314471632242203,0.043797604739665985,0.4853101074695587,0.19069640338420868,0.06909684091806412,0.04080522432923317,0.031011968851089478,0.03155604004859924,0.05223068594932556,0.03754080459475517,0.012513602152466774,0.005440696608275175,0.0,0.0,0.0,0.0,0.0,127.63272857666016,20.622461318969727,9.585030555725098
Overripe_47.jpg,Overripe,Overripe,107.40958404541016,45.65403366088867,20.426250457763672,10.512052536010742,16.612756729125977,12.82007884979248,0.0032934132032096386,0.11017964035272598,0.08772455155849457,0.22634731233119965,0.2083832323551178,0.03922155871987343,0.0529940128326416,0.2571856379508972,0.012574850581586361,0.0020958082750439644,0.0,0.0,0.0,0.0,0.0,0.0,0.0398203581571579,0.14700599014759064,0.28862276673316956,0.279940128326416,0.12275449186563492,0.06407185643911362,0.028143713250756264,0.01107784453779459,0.007485029753297567,0.0035928143188357353,0.002994012087583542,0.001497006043791771,0.0008982035797089338,0.0005988024058751762,0.0,0.001497006043791771,0.02784431166946888,0.49910178780555725,0.2446107715368271,0.06886227428913116,0.03263473138213158,0.020958084613084793,0.026047904044389725,0.03502994030714035,0.028143713250756264,0.008982036262750626,0.007185628637671471,0.0002994012029375881,0.0002994012029375881,0.0,0.0,0.0,164.58712768554688,19.25013542175293,8.618825912475586
Overripe_48.jpg,Overripe,Overripe,104.1799545288086,56.63705062866211,26.531862258911133,20.376087188720703,14.28369140625,12.95157241821289,0.035496119409799576,0.1794617772102356,0.08386990427970886,0.09856364876031876,0.19151395559310913,0.0574541836977005,0.19976885616779327,0.09823344647884369,0.017830608412623405,0.015849430114030838,0.012052170932292938,0.003136866493150592,0.0009905893821269274,0.0,0.005448241718113422,0.0003301964607089758,0.06372791528701782,0.12646524608135223,0.2636618912220001,0.17021627724170685,0.11259699612855911,0.060756150633096695,0.03764239698648453,0.027241207659244537,0.031038468703627586,0.023774145171046257,0.019646689295768738,0.020472180098295212,0.016344724223017693,0.007924715057015419,0.005283143371343613,0.013207858428359032,0.2445104867219925,0.3932639956474304,0.13950800895690918,0.07544989138841629,0.04028397053480148,0.019151395186781883,0.020637279376387596,0.03368004038929939,0.018160805106163025,0.010401188395917416,0.004622750449925661,0.0003301964607089758,0.0,0.0,0.0,0.0,153.73182678222656,17.101438522338867,6.144872665405273
Overripe_49.jpg,Overripe,Overripe,114.42163848876953,49.49485778808594,24.866127014160156,18.347373962402344,9.695798873901367,13.126455307006836,0.05927078053355217,0.041126664727926254,0.08087091892957687,0.11560393869876862,0.13184724748134613,0.0955590084195137,0.414549857378006,0.03542422503232956,0.002592016477137804,0.011750475503504276,0.00898565724492073,0.0017280110623687506,0.0003456022241152823,0.0,0.0003456022241152823,0.0,0.09538620710372925,0.10091584920883179,0.20269569754600525,0.1603594273328781,0.19319163262844086,0.10074304789304733,0.04959391802549362,0.011059271171689034,0.03317781165242195,0.009676861576735973,0.005875237751752138,0.00881285686045885,0.0008640055311843753,0.004492828622460365,0.0003456022241152823,0.022809745743870735,0.6227751970291138,0.21755659580230713,0.036806635558605194,0.017452912405133247,0.014688094146549702,0.01365128718316555,0.016243303194642067,0.028339382261037827,0.0176257137209177,0.008121651597321033,0.005356834270060062,0.0003456022241152823,0.0003456022241152823,0.0006912044482305646,0.0,0.0,151.0557098388672,17.709196090698242,4.942129135131836
Overripe_5.jpg,Overripe,Overripe,133.3169403076172,46.76863098144531,29.56063461303711,21.422056198120117,7.680111885070801,10.736591339111328,0.04329073429107666,0.006549520883709192,0.025079872459173203,0.10686901211738586,0.07092651724815369,0.02651757188141346,0.505111813545227,0.19201278686523438,0.004153354559093714,0.00527156563475728,0.005910543259233236,0.000159744406118989,0.000159744406118989,0.0,0.006549520883709192,0.001437699655070901,0.08322683721780777,0.08514376729726791,0.15862619876861572,0.12492012977600098,0.18674121797084808,0.10527156293392181,0.09968051314353943,0.012460064142942429,0.042811501771211624,0.022364217787981033,0.01948881708085537,0.008466453291475773,0.007188498508185148,0.005750798620283604,0.001277955248951912,0.03658146783709526,0.7004792094230652,0.16581469774246216,0.0452076680958271,0.021246006712317467,0.012939296662807465,0.011661341413855553,0.01645367406308651,0.006709265056997538,0.006709265056997538,0.007827475666999817,0.004952076822519302,0.0,0.0,0.0,0.0,0.0,152.51129150390625,29.60390281677246,3.407559633255005
Overripe_50.jpg,Overripe,Overripe,109.33773040771484,52.773616790771484,26.166561126708984,22.339094161987305,9.626357078552246,11.526257514953613,0.054597701877355576,0.03853955492377281,0.1266058087348938,0.1049695760011673,0.2601419985294342,0.04428667947649956,0.26081812381744385,0.06592292338609695,0.007775524165481329,0.008958755992352962,0.01233941875398159,0.008282623253762722,0.002535497071221471,0.0010141987586393952,0.0020283975172787905,0.0011832319432869554,0.11984448879957199,0.1732589602470398,0.16700473427772522,0.12423934787511826,0.13370521366596222,0.06102095916867256,0.05899256095290184,0.014874915592372417,0.04682217538356781,0.02366463840007782,0.016734279692173004,0.015212981961667538,0.004056795034557581,0.005409060046076775,0.001690331264398992,0.03346855938434601,0.5493576526641846,0.24949289858341217,0.08215010166168213,0.031609196215867996,0.02467883750796318,0.01166328601539135,0.017241379246115685,0.01098715327680111,0.007775524165481329,0.009296822361648083,0.005070994142442942,0.0,0.0003380662528797984,0.0001690331264398992,0.0001690331264398992,0.0,151.86155700683594,17.828330993652344,5.106117248535156
Overripe_51.jpg,Overripe,Overripe,92.90795135498047,57.066490173339844,37.67181396484375,27.523801803588867,12.43387508392334,14.56220817565918,0.04536456614732742,0.2015836387872696,0.19663476943969727,0.11068954318761826,0.09765753895044327,0.04354998469352722,0.19267567992210388,0.04437479376792908,0.026888815686106682,0.02523919567465782,0.011712306179106236,0.0013196964282542467,0.0003299241070635617,0.0,0.0018145826179534197,0.00016496205353178084,0.06351039558649063,0.0732431560754776,0.1388980597257614,0.12784560024738312,0.13807323575019836,0.07522270083427429,0.06796436756849289,0.030353019014000893,0.05179808661341667,0.03282744809985161,0.03315737470984459,0.03530187904834747,0.0201253704726696,0.027713626623153687,0.01649620570242405,0.06746948510408401,0.4907621145248413,0.2400197982788086,0.0859452337026596,0.026228968054056168,0.022104915231466293,0.01996040903031826,0.040910590440034866,0.04437479376792908,0.013032002374529839,0.008578026667237282,0.006268558092415333,0.000494886189699173,0.0003299241070635617,0.0008248102967627347,0.00016496205353178084,0.0,151.00843811035156,29.703815460205078,3.5947675704956055
Overripe_52.jpg,Overripe,Overripe,124.98028564453125,46.51407241821289,28.253190994262695,21.05907440185547,7.357744216918945,10.360758781433105,0.02026286907494068,0.01496896706521511,0.13052208721637726,0.10295728594064713,0.07995618879795074,0.04837531968951225,0.5507484674453735,0.0025556772015988827,0.00036509675555862486,0.024096384644508362,0.024278933182358742,0.0009127418743446469,0.0,0.0,0.0,0.0,0.0693683847784996,0.09218692779541016,0.21303395926952362,0.15041986107826233,0.17652428150177002,0.07959108799695969,0.06973347812891006,0.007667031604796648,0.04454180225729942,0.01880248263478279,0.01679445058107376,0.01569915935397148,0.0032858706545084715,0.006936838384717703,0.0023731288965791464,0.03304125741124153,0.7393209338188171,0.14695143699645996,0.02811245061457157,0.02026286907494068,0.02026286907494068,0.009309967048466206,0.01077035441994667,0.005841548088937998,0.006754289846867323,0.0060240961611270905,0.005841548088937998,0.0005476451478898525,0.0,0.0,0.0,0.0,150.0,17.8160457611084,4.548285007476807
Overripe_53.jpg,Overripe,Overripe,105.17316436767578,59.36759567260742,26.35932159423828,20.77008819580078,12.45566463470459,11.78089427947998,0.035357020795345306,0.14263539016246796,0.13228699564933777,0.1450500190258026,0.10538116842508316,0.0962400808930397,0.1961020976305008,0.0777854397892952,0.020006898790597916,0.0169023796916008,0.018454639241099358,0.0018972059478983283,0.0020696790888905525,0.00017247327195946127,0.00827871635556221,0.0013797861756756902,0.0795101746916771,0.15798550844192505,0.2180062085390091,0.13556398451328278,0.13573646545410156,0.06812693923711777,0.03915143013000488,0.028285615146160126,0.036391858011484146,0.02414625696837902,0.017764747142791748,0.01655743271112442,0.011210761964321136,0.009313556365668774,0.005346671212464571,0.0169023796916008,0.24025526642799377,0.48068299889564514,0.12866505980491638,0.04639530926942825,0.021731631830334663,0.014142807573080063,0.021731631830334663,0.021559158340096474,0.010003449395298958,0.00827871635556221,0.005519144702702761,0.0006898930878378451,0.00034494654391892254,0.0,0.0,0.0,153.74746704101562,16.845029830932617,6.198237419128418
Overripe_54.jpg,Overripe,Overripe,116.34864807128906,57.95810317993164,27.147449493408203,20.88295555114746,9.460372924804688,12.128239631652832,0.06290709972381592,0.0791909471154213,0.09838875383138657,0.08107645064592361,0.10438807308673859,0.042338017374277115,0.39046967029571533,0.1055879294872284,0.003942406736314297,0.00531367864459753,0.006170723121613264,0.005142269656062126,0.003085361560806632,0.0010284539312124252,0.00857044942677021,0.002399725839495659,0.0903325304389,0.10747343301773071,0.17569421231746674,0.15718203783035278,0.17535138130187988,0.09993143379688263,0.06016455218195915,0.013884127140045166,0.03668152168393135,0.016626670956611633,0.011141584254801273,0.01062735728919506,0.0018854987574741244,0.008741858415305614,0.001542680780403316,0.03273911401629448,0.6091875433921814,0.2147754579782486,0.04679465293884277,0.024854302406311035,0.016455262899398804,0.022797394543886185,0.03256770595908165,0.013884127140045166,0.007541995029896498,0.005827905610203743,0.003770997514948249,0.0005142269656062126,0.0006856359541416168,0.0003428179770708084,0.0,0.0,152.10470581054688,29.598173141479492,3.485006332397461
Overripe_55.jpg,Overripe,Overripe,109.86335754394531,63.03077697753906,29.844636917114258,23.27542495727539,12.777868270874023,14.475259780883789,0.053084295243024826,0.0978127270936966,0.12115999311208725,0.13074465095996857,0.1570410430431366,0.03883017972111702,0.20226100087165833,0.12902432680130005,0.011304988525807858,0.02408454194664955,0.006144015584141016,0.0071270582266151905,0.0024576063733547926,0.0,0.017940526828169823,0.0009830425260588527,0.09019415080547333,0.11747357994318008,0.15015974640846252,0.12042270600795746,0.1791594922542572,0.07299090921878815,0.089211106300354,0.018923567607998848,0.04521995410323143,0.0260506272315979,0.011796509847044945,0.016220200806856155,0.0046694520860910416,0.009093143045902252,0.0034406487829983234,0.0449741967022419,0.4910297393798828,0.20668469369411469,0.09240599721670151,0.046202998608350754,0.026542147621512413,0.03022855706512928,0.04251658916473389,0.03637257218360901,0.00983042549341917,0.007864340208470821,0.008601621724665165,0.001474563730880618,0.00024576063151471317,0.0,0.0,0.0,152.06153869628906,28.338010787963867,4.052574634552002
Overripe_56.jpg,Overripe,Overripe,99.46638488769531,60.356285095214844,22.581470489501953,19.291622161865234,13.40394115447998,13.416744232177734,0.1147426962852478,0.08089939504861832,0.12494204938411713,0.14024107158184052,0.11196105927228928,0.1703755259513855,0.08715809136629105,0.11613351851701736,0.016921650618314743,0.012517385184764862,0.008113119751214981,0.008808529935777187,0.0018544273916631937,0.0009272136958315969,0.003013444598764181,0.0013908206019550562,0.15461288392543793,0.12517385184764862,0.21974965929985046,0.16875289380550385,0.11543811112642288,0.06560037285089493,0.04265183210372925,0.023412145674228668,0.025961983948946,0.012053778395056725,0.007881316356360912,0.00834492314606905,0.003940658178180456,0.0067222993820905685,0.0018544273916631937,0.017848864197731018,0.31015297770500183,0.3889661431312561,0.12262401729822159,0.040565598756074905,0.023412145674228668,0.020862309262156487,0.025034770369529724,0.032452479004859924,0.018312470987439156,0.0092721376568079,0.006954102776944637,0.0006954103009775281,0.0002318034239578992,0.0004636068479157984,0.0,0.0,0.08368200808763504,0.021330708637833595,4.699313163757324
Overripe_57.jpg,Overripe,Overripe,99.27864837646484,54.20077133178711,27.282346725463867,20.908157348632812,10.192437171936035,11.688485145568848,0.07138106971979141,0.04965639486908913,0.18022611737251282,0.2352028340101242,0.07027266919612885,0.06628242135047913,0.19507870078086853,0.11283528804779053,0.003546885447576642,0.0033252050634473562,0.0033252050634473562,0.0,0.0013300820719450712,0.0,0.007093770895153284,0.00044336068094708025,0.11239193379878998,0.09665262699127197,0.15584127604961395,0.1604965627193451,0.17800931632518768,0.08180004358291626,0.06229217350482941,0.02394147589802742,0.04078918322920799,0.021059632301330566,0.012635779567062855,0.011084016412496567,0.004876967519521713,0.007537131663411856,0.004433606751263142,0.026158280670642853,0.5038794279098511,0.27155840396881104,0.11017512530088425,0.02593659982085228,0.01529594324529171,0.013965860940515995,0.02194635383784771,0.013744181022047997,0.009532254189252853,0.00731545127928257,0.006207049358636141,0.00044336068094708025,0.0,0.0,0.0,0.0,154.30062866210938,19.093685150146484,6.253204345703125
Overripe_58.jpg,Overripe,Overripe,71.56307983398438,58.32981491088867,45.368896484375,28.882572174072266,11.70870304107666,12.7229642868042,0.09944459050893784,0.2620999813079834,0.2039143145084381,0.21687383949756622,0.08780746161937714,0.0357048399746418,0.018778100609779358,0.028299391269683838,0.0021158424206078053,0.004496165085583925,0.013224015012383461,0.0076699284836649895,0.00238032266497612,0.0005289606051519513,0.00952129065990448,0.00714096799492836,0.07246760278940201,0.05712774395942688,0.08225337415933609,0.08622057735919952,0.08436921238899231,0.060037028044462204,0.07722824811935425,0.03914308547973633,0.08225337415933609,0.07749272882938385,0.05210261791944504,0.050780218094587326,0.042052365839481354,0.031737636774778366,0.024596666917204857,0.08013752847909927,0.42105263471603394,0.310764342546463,0.11451996862888336,0.0359693206846714,0.021687384694814682,0.017455698922276497,0.036233801394701004,0.014017455279827118,0.011637132614850998,0.00899233017116785,0.0076699284836649895,0.0,0.0,0.0,0.0,0.0,68.31734466552734,30.481149673461914,6.694155693054199
Overripe_59.jpg,Overripe,Overripe,87.52307891845703,53.73907470703125,32.441871643066406,25.717132568359375,12.211063385009766,12.697738647460938,0.03622828796505928,0.14813895523548126,0.24590571224689484,0.2506203353404999,0.09851116687059402,0.032258063554763794,0.11761786788702011,0.019106699153780937,0.011414391919970512,0.022580645978450775,0.003970223478972912,0.000744416902307421,0.000744416902307421,0.000744416902307421,0.01066997554153204,0.000744416902307421,0.06898263096809387,0.1230769231915474,0.14367245137691498,0.14292803406715393,0.17444168031215668,0.0766749382019043,0.04813895747065544,0.0151364766061306,0.03697270527482033,0.02456575632095337,0.019602976739406586,0.023076923564076424,0.015384615398943424,0.021836228668689728,0.012406948022544384,0.053101737052202225,0.43176180124282837,0.24863523244857788,0.12133994698524475,0.06029776856303215,0.04838709533214569,0.02729528583586216,0.022332506254315376,0.014143920503556728,0.00893300212919712,0.009925558231770992,0.006451612804085016,0.000248138967435807,0.000248138967435807,0.0,0.0,0.0,69.42973327636719,29.25762367248535,5.147556781768799
Overripe_6.jpg,Overripe,Overripe,120.0904769897461,55.32735061645508,29.85110092163086,20.41440773010254,11.507678985595703,15.376812934875488,0.03916272893548012,0.10438892990350723,0.09507089853286743,0.06846725195646286,0.054827820509672165,0.02660364657640457,0.461174875497818,0.09858203679323196,0.01269412599503994,0.020661715418100357,0.013909520581364632,0.0008102633291855454,0.0009453071979805827,0.0001350438833469525,0.0025658339727669954,0.0,0.06657663732767105,0.083187036216259,0.14827819168567657,0.11964888870716095,0.2163403034210205,0.13301822543144226,0.08210668712854385,0.010128291323781013,0.044834572821855545,0.021471979096531868,0.017420662567019463,0.011208643205463886,0.0052667115814983845,0.009588115848600864,0.0009453071979805827,0.02997974306344986,0.6502363085746765,0.11465226113796234,0.03646184876561165,0.020526671782135963,0.014719784259796143,0.03821742162108421,0.05334233492612839,0.04145847260951996,0.015124915167689323,0.009723160415887833,0.004861580207943916,0.00054017553338781,0.0001350438833469525,0.0,0.0,0.0,150.57398986816406,29.740324020385742,2.9493234157562256
Overripe_60.jpg,Overripe,Overripe,85.62417602539062,51.110107421875,35.509944915771484,27.76273536682129,13.00379753112793,14.494769096374512,0.044897064566612244,0.1767411231994629,0.14717477560043335,0.26500219106674194,0.1701708287000656,0.046211127191782,0.092422254383564,0.009855452924966812,0.00744634261354804,0.01620674505829811,0.014454664662480354,0.0021901007276028395,0.0013140604132786393,0.0004380201571621001,0.00394218135625124,0.0015330705791711807,0.08913709968328476,0.09220324456691742,0.13841436803340912,0.11519929766654968,0.13469119369983673,0.0716162919998169,0.07599649578332901,0.030223390087485313,0.061541829258203506,0.030004380270838737,0.021681997925043106,0.020805956795811653,0.011169513687491417,0.012264564633369446,0.010293473489582539,0.08475689589977264,0.4448094666004181,0.26390713453292847,0.09001313894987106,0.04248795285820961,0.025405168533325195,0.0203679371625185,0.03701270371675491,0.03526062145829201,0.024967148900032043,0.010950503870844841,0.004380201455205679,0.0004380201571621001,0.0,0.0,0.0,0.0,72.46052551269531,19.517555236816406,7.776060581207275
Overripe_61.jpg,Overripe,Overripe,100.9151382446289,47.23589324951172,32.12074279785156,25.735116958618164,11.211162567138672,13.967040061950684,0.03905496746301651,0.07377049326896667,0.08992285281419754,0.2307135909795761,0.23553520441055298,0.032063644379377365,0.24059787392616272,0.021456124261021614,0.014223722741007805,0.006991321220993996,0.013018322177231312,0.0019286402966827154,0.00024108003708533943,0.0,0.00048216007417067885,0.0,0.0882352963089943,0.11788813769817352,0.14079074561595917,0.12029893696308136,0.13741561770439148,0.10969141870737076,0.08027965575456619,0.013982642441987991,0.04701060801744461,0.022661523893475533,0.011812921613454819,0.0212150439620018,0.003134040394797921,0.012777241878211498,0.002892960561439395,0.06991320848464966,0.535679817199707,0.22974927723407745,0.06774348765611649,0.03399228677153587,0.022902604192495346,0.02242044359445572,0.018322082236409187,0.03109932504594326,0.021456124261021614,0.0106075219810009,0.005544840823858976,0.00048216007417067885,0.0,0.0,0.0,0.0,150.95428466796875,30.550140380859375,2.7888002395629883
Overripe_62.jpg,Overripe,Overripe,128.5179901123047,57.033409118652344,22.213401794433594,14.620330810546875,11.635514259338379,12.212211608886719,0.03699897229671478,0.07262761145830154,0.06543336808681488,0.10500171035528183,0.0822199359536171,0.045734841376543045,0.2836587727069855,0.1858513206243515,0.040596093982458115,0.047105174511671066,0.029290853068232536,0.0011990407947450876,0.0010277492692694068,0.00017129154002759606,0.0022267899475991726,0.000856457685586065,0.06766016036272049,0.15467625856399536,0.24717369675636292,0.19253169000148773,0.14731071889400482,0.06971565634012222,0.046591296792030334,0.019527235999703407,0.024837272241711617,0.010106200352311134,0.006509078666567802,0.003597122384235263,0.00171291537117213,0.001884206896647811,0.000856457685586065,0.005310037638992071,0.3418979048728943,0.44347378611564636,0.08393285423517227,0.02603631466627121,0.014388489536941051,0.009592326357960701,0.022096607834100723,0.03579993173480034,0.010277491994202137,0.00685166148468852,0.005481329280883074,0.00017129154002759606,0.0,0.0,0.0,0.0,156.21923828125,17.477455139160156,6.589171409606934
Overripe_63.jpg,Overripe,Overripe,111.82789611816406,57.23946762084961,34.16908264160156,25.804611206054688,10.951029777526855,13.144556045532227,0.036741599440574646,0.13246314227581024,0.11191684752702713,0.12231085449457169,0.0713077113032341,0.02634759433567524,0.32583996653556824,0.10708242654800415,0.02828136272728443,0.020788010209798813,0.011360889300704002,0.000483442097902298,0.001933768391609192,0.000483442097902298,0.001933768391609192,0.000725163146853447,0.08266860246658325,0.08653613924980164,0.13584722578525543,0.1203770861029625,0.1206188052892685,0.1206188052892685,0.10563210397958755,0.018612520769238472,0.04544355720281601,0.017645636573433876,0.022963499650359154,0.018612520769238472,0.010394005104899406,0.022238336503505707,0.012327773496508598,0.05946337804198265,0.5233260989189148,0.20884698629379272,0.08967851102352142,0.05994682013988495,0.02900652587413788,0.02344694174826145,0.022963499650359154,0.015228426083922386,0.009185399860143661,0.007493352517485619,0.007976794615387917,0.001692047342658043,0.001208605244755745,0.0,0.0,0.0,152.5806427001953,30.69736099243164,3.510092258453369
Overripe_64.jpg,Overripe,Overripe,49.40560531616211,5.602585792541504,3.399458646774292,0.83076012134552,56.777198791503906,6.674487113952637,0.0,0.13366016745567322,0.8504301309585571,0.015909722074866295,0.0,0.0,0.0,0.0,0.0,0.0,0.0,0.0,0.0,0.0,0.0,0.0,1.0,0.0,0.0,0.0,0.0,0.0,0.0,0.0,0.0,0.0,0.0,0.0,0.0,0.0,0.0,0.0,0.0,0.0,0.0,0.0,0.0,0.003422440029680729,0.03533438220620155,0.12894274294376373,0.26732033491134644,0.31578946113586426,0.24919064342975616,0.0,0.0,0.0,0.0,0.0,50.530826568603516,3.6428916454315186,56.778709411621094
Overripe_65.jpg,Overripe,Overripe,43.88216018676758,14.38150405883789,19.401351928710938,23.0393123626709,46.865753173828125,16.09129524230957,0.04021301120519638,0.37994128465652466,0.5395644307136536,0.03925718739628792,0.0003413668309804052,6.827336619608104e-05,0.0,0.0,0.0,0.0,0.0,0.0,0.0,0.0,0.0,0.0006144603248685598,0.6268860697746277,0.017000067979097366,0.009967911057174206,0.017341434955596924,0.030859561637043953,0.0397351011633873,0.04656243696808815,0.04622106999158859,0.04608452320098877,0.05072711035609245,0.04253430664539337,0.018775176256895065,0.005598416086286306,0.0010241004638373852,0.00027309346478432417,0.00040964019717648625,0.0006827336619608104,0.0068956101313233376,0.0480644516646862,0.09401242434978485,0.09128148853778839,0.052638765424489975,0.06554242968559265,0.08465897291898727,0.1660408228635788,0.22202499210834503,0.1654946357011795,0.002253021113574505,0.00020482009858824313,6.827336619608104e-05,0.00013654673239216208,0.0,51.2126350402832,3.8481764793395996,57.008358001708984
Overripe_66.jpg,Overripe,Overripe,49.12297058105469,12.393579483032227,3.5638139247894287,1.0915228128433228,58.82952117919922,5.8153395652771,0.04767680540680885,0.04777010530233383,0.8798283338546753,0.02472476288676262,0.0,0.0,0.0,0.0,0.0,0.0,0.0,0.0,0.0,0.0,0.0,0.0,1.0,0.0,0.0,0.0,0.0,0.0,0.0,0.0,0.0,0.0,0.0,0.0,0.0,0.0,0.0,0.0,0.0,0.0,0.0,0.0,0.0,0.0,0.01847359538078308,0.07342787832021713,0.20498226583003998,0.3798283338546753,0.3232879340648651,0.0,0.0,0.0,0.0,0.0,51.251338958740234,3.695904493331909,57.9097785949707
Overripe_67.jpg,Overripe,Overripe,54.1464958190918,57.629295349121094,19.820104598999023,25.626970291137695,48.33293533325195,16.26128578186035,0.012658912688493729,0.5052745342254639,0.4322964549064636,0.00016229375614784658,0.0,0.0,0.0,0.0,0.0,0.0,0.012821206822991371,0.0016229375032708049,0.003462266642600298,0.0,0.03159318491816521,0.00010819583258125931,0.6691371202468872,0.014281850308179855,0.007465512491762638,0.011793346144258976,0.01503922138363123,0.020394915714859962,0.03483906015753746,0.037057071924209595,0.03316202387213707,0.0384095199406147,0.04711928591132164,0.03927508741617203,0.017852311953902245,0.006924533285200596,0.003786854213103652,0.003462266642600298,0.0010278604459017515,0.017581822350621223,0.06096835434436798,0.058209359645843506,0.05875033885240555,0.048850420862436295,0.06318636983633041,0.1020827665925026,0.16115769743919373,0.20768190920352936,0.21860969066619873,0.001893427106551826,0.0,0.0,0.0,0.0,48.595123291015625,3.6796205043792725,56.68592834472656
Overripe_68.jpg,Overripe,Overripe,134.3076171875,90.1335220336914,21.16556167602539,24.315649032592773,47.30021286010742,14.629037857055664,0.010541110299527645,0.3738580346107483,0.06469899415969849,0.014804404228925705,0.0008432888425886631,9.369875624543056e-05,0.03424689546227455,0.0003279456577729434,0.004356992430984974,0.2293277084827423,0.26371514797210693,0.001171234529465437,0.00028109626146033406,4.684937812271528e-05,0.0010775356786325574,0.0006090419483371079,0.568189263343811,0.04469430819153786,0.011993440799415112,0.013539470732212067,0.027687983587384224,0.0523776076734066,0.056734599173069,0.037901148200035095,0.036027174443006516,0.05331459268927574,0.05546966567635536,0.0319044254720211,0.007636448834091425,0.0016397283179685473,0.00037479502498172224,0.0005153431557118893,0.0004684937885031104,0.003794799791648984,0.032326072454452515,0.08760833740234375,0.07533380389213562,0.055422816425561905,0.052471306174993515,0.16505035758018494,0.16603420674800873,0.23808854818344116,0.12063714861869812,0.0027641134802252054,0.0,0.0,0.0,0.0,228.0757598876953,3.4688708782196045,56.66626739501953
Overripe_69.jpg,Overripe,Overripe,37.80910873413086,13.482251167297363,50.728187561035156,17.618864059448242,38.83560562133789,19.18671226501465,0.02434323914349079,0.9228116273880005,0.04797646775841713,0.0021300334483385086,0.0006085810018703341,0.0,0.0004057206679135561,0.0,0.0,0.0,0.0004057206679135561,0.0,0.0,0.00010143016697838902,0.0008114413358271122,0.0004057206679135561,0.006085809785872698,0.020793184638023376,0.020083172246813774,0.025560401380062103,0.0585252046585083,0.11715184152126312,0.11583324521780014,0.08570849150419235,0.09402576088905334,0.1583324819803238,0.1751699000597,0.08043412119150162,0.02099604345858097,0.007505832239985466,0.005172938574105501,0.008621564134955406,0.003752916119992733,0.022416066378355026,0.10690739750862122,0.16036109626293182,0.13946647942066193,0.12790343165397644,0.0905771404504776,0.07029110193252563,0.06369814276695251,0.05903235450387001,0.05172938480973244,0.05193224549293518,0.03874632343649864,0.013084491714835167,0.00010143016697838902,0.0,35.9555549621582,32.4157829284668,19.149255752563477
Overripe_7.jpg,Overripe,Overripe,132.38528442382812,48.551307678222656,24.71440887451172,18.29920768737793,11.985782623291016,14.215100288391113,0.02263765223324299,0.05257777124643326,0.034759748727083206,0.09463998675346375,0.08909010887145996,0.038995180279016495,0.41945376992225647,0.19351540505886078,0.010077405720949173,0.02234555222094059,0.009931356646120548,0.007156419102102518,0.0013144442345947027,0.0002920987317338586,0.0026288884691894054,0.0005841974634677172,0.07711406797170639,0.1511610895395279,0.21483860909938812,0.16445158421993256,0.13860084116458893,0.0721483826637268,0.0724404826760292,0.014604936353862286,0.03344530612230301,0.0182561706751585,0.00905506033450365,0.007448517717421055,0.003505184780806303,0.004235431551933289,0.0008762961952015758,0.017818022519350052,0.514970064163208,0.225500226020813,0.06630641222000122,0.038410983979701996,0.0362202413380146,0.02979407086968422,0.0373886376619339,0.016211479902267456,0.011245801113545895,0.012414195574820042,0.008616912178695202,0.001460493658669293,0.0011683949269354343,0.0001460493658669293,0.0,0.0001460493658669293,154.19847106933594,17.80352783203125,5.94236421585083
Overripe_70.jpg,Overripe,Overripe,33.90599822998047,10.560404777526855,49.92563247680664,15.513847351074219,36.06903839111328,15.170196533203125,0.047339946031570435,0.9220017790794373,0.028178539127111435,0.0018034265376627445,0.0,0.0,0.0,0.0,0.0,0.0,0.0,0.0,0.0,0.0,0.0,0.0006762849516235292,0.0023669973015785217,0.016568981111049652,0.01555455382913351,0.03234896436333656,0.05545536428689957,0.08307033032178879,0.11620829254388809,0.14134354889392853,0.16073039174079895,0.17493237555027008,0.11181244254112244,0.05320108309388161,0.025586113333702087,0.006650135386735201,0.0020288547966629267,0.0021415690425783396,0.0007889990811236203,0.011384129524230957,0.09591975063085556,0.16490080952644348,0.1736925095319748,0.14799368381500244,0.10933273285627365,0.09445445984601974,0.08442290127277374,0.05568079277873039,0.032010819762945175,0.021190261468291283,0.006650135386735201,0.0015779981622472405,0.0,0.0,30.872238159179688,43.21332550048828,19.241300582885742
Overripe_71.jpg,Overripe,Overripe,50.60911178588867,29.603031158447266,23.216964721679688,26.17190933227539,46.82229995727539,15.249916076660156,0.026581227779388428,0.37569716572761536,0.4647561311721802,0.09119496494531631,0.015367272309958935,0.00017799928900785744,0.01548593770712614,5.933309512329288e-05,5.933309512329288e-05,0.000474664760986343,0.003203987143933773,0.004390649031847715,0.0010679956758394837,0.00017799928900785744,0.0005933309439569712,0.0007119971560314298,0.5875756740570068,0.011213955469429493,0.01287528220564127,0.014477275311946869,0.02230924367904663,0.03500652685761452,0.03945650905370712,0.03441319614648819,0.04503381997346878,0.06556306779384613,0.0693603903055191,0.04343182593584061,0.015248605981469154,0.002966654719784856,0.0007713302620686591,0.0002966654719784856,0.0002966654719784856,0.004093983676284552,0.02836121991276741,0.09030497074127197,0.08911830931901932,0.07920968532562256,0.0866263210773468,0.10899489372968674,0.16494600474834442,0.17877061665058136,0.16168268024921417,0.004331315867602825,0.0017799928318709135,0.001305328099988401,0.00017799928900785744,0.0,54.57417297363281,3.860116720199585,56.818729400634766
Overripe_72.jpg,Overripe,Overripe,52.61195373535156,25.004392623901367,3.389707088470459,1.0376204252243042,58.74040985107422,6.0239763259887695,0.04272579774260521,0.0010816657450050116,0.8818280100822449,0.061519742012023926,0.0,0.0,0.0,0.0,0.0,0.0,0.008788534440100193,0.004056246485561132,0.0,0.0,0.0,0.0,1.0,0.0,0.0,0.0,0.0,0.0,0.0,0.0,0.0,0.0,0.0,0.0,0.0,0.0,0.0,0.0,0.0,0.0,0.0,0.0,0.0,0.0,0.017847485840320587,0.0866684690117836,0.18712817132472992,0.3672255277633667,0.3411303460597992,0.0,0.0,0.0,0.0,0.0,52.482826232910156,3.5824289321899414,57.552005767822266
Overripe_73.jpg,Overripe,Overripe,54.722557067871094,36.899654388427734,3.3746747970581055,1.0867388248443604,58.15475845336914,6.983241558074951,0.0382474847137928,0.03836589679121971,0.8768501877784729,0.024629957973957062,0.0,0.0,0.0,0.0,0.0,0.0,0.007696861866861582,0.003552397945895791,0.0,0.0,0.010657194070518017,0.0,1.0,0.0,0.0,0.0,0.0,0.0,0.0,0.0,0.0,0.0,0.0,0.0,0.0,0.0,0.0,0.0,0.0,0.0,0.0,0.0,0.0,0.0030787447467446327,0.047957371920347214,0.09816459566354752,0.17596210539340973,0.3343990445137024,0.3402012884616852,0.00023682652681600302,0.0,0.0,0.0,0.0,51.48251724243164,3.704075813293457,57.832069396972656
Overripe_74.jpg,Overripe,Overripe,54.23292922973633,30.56548309326172,3.2454833984375,1.1176528930664062,56.99916458129883,7.290994644165039,0.053996823728084564,0.027104288339614868,0.8193753361701965,0.07241927087306976,0.0,0.0,0.0009528851369395852,0.0,0.0,0.026151403784751892,0.0,0.0,0.0,0.0,0.0,0.0,1.0,0.0,0.0,0.0,0.0,0.0,0.0,0.0,0.0,0.0,0.0,0.0,0.0,0.0,0.0,0.0,0.0,0.0,0.0,0.0,0.0,0.009105347096920013,0.056220222264528275,0.11180518567562103,0.21281100809574127,0.3329804241657257,0.27686607837677,0.00021175225265324116,0.0,0.0,0.0,0.0,53.09939956665039,3.600933074951172,57.27487564086914
Overripe_75.jpg,Overripe,Overripe,50.491817474365234,11.735779762268066,3.7365610599517822,1.1284575462341309,56.76787567138672,7.89474630355835,0.03889184817671776,0.03889184817671776,0.9021234512329102,0.020092852413654327,0.0,0.0,0.0,0.0,0.0,0.0,0.0,0.0,0.0,0.0,0.0,0.0,1.0,0.0,0.0,0.0,0.0,0.0,0.0,0.0,0.0,0.0,0.0,0.0,0.0,0.0,0.0,0.0,0.0,0.0,0.0,0.0,0.0017505137948319316,0.02526828460395336,0.05769084393978119,0.10655301064252853,0.20009133219718933,0.3144836127758026,0.29416242241859436,0.0,0.0,0.0,0.0,0.0,51.66646957397461,4.035295009613037,57.290218353271484
Overripe_76.jpg,Overripe,Overripe,44.554107666015625,10.739669799804688,16.792457580566406,21.81373405456543,49.18259048461914,14.81540584564209,0.00470941886305809,0.5367234349250793,0.44188377261161804,0.01437875721603632,0.0005511022172868252,0.00025050100521184504,0.00030060121207498014,0.00030060121207498014,0.00020040079834870994,0.0007014027796685696,0.0,0.0,0.0,0.0,0.0,0.0,0.6136272549629211,0.12454909831285477,0.006162324454635382,0.005010019987821579,0.010470941662788391,0.022745490074157715,0.031212424859404564,0.03627254441380501,0.049949899315834045,0.04423847794532776,0.03156312555074692,0.016082163900136948,0.005010019987821579,0.0018537073628976941,0.0005511022172868252,0.0007014027796685696,0.0006513026310130954,0.0037074147257953882,0.020841684192419052,0.07059118151664734,0.082314632833004,0.06928857415914536,0.060320641845464706,0.10350701212882996,0.14619238674640656,0.23842684924602509,0.20300601422786713,0.0010020040208473802,0.00015030060603749007,0.0,0.0,0.0,50.41078567504883,4.072201728820801,56.24843978881836
Overripe_77.jpg,Overripe,Overripe,47.50796890258789,15.383060455322266,15.521459579467773,23.09684181213379,53.67046356201172,12.96458625793457,0.017113322392106056,0.2567867040634155,0.7024279832839966,0.012118316255509853,0.0,0.0,0.011119315400719643,0.0,0.0,0.0,0.0,0.0,0.0,0.0,0.00021717413619626313,0.00021717413619626313,0.7628024220466614,0.0048647006042301655,0.00460409140214324,0.0057333968579769135,0.009381921961903572,0.014767840504646301,0.020327499136328697,0.023020457476377487,0.02645180933177471,0.03570342808961868,0.05429353192448616,0.025235634297132492,0.00820918194949627,0.0029101334512233734,0.0008252616971731186,0.0008686965447850525,4.3434825784061104e-05,0.0012596099404618144,0.008252616971731186,0.03457412123680115,0.046171221882104874,0.043608564883470535,0.05524909868836403,0.10107284039258957,0.17608478665351868,0.28510621190071106,0.21443773806095123,0.009990010410547256,0.014246623031795025,0.009077878668904305,0.0008252616971731186,0.0,50.15816879272461,3.740077257156372,57.33219528198242
Overripe_78.jpg,Overripe,Overripe,55.35602951049805,21.940256118774414,3.525912046432495,0.9066221117973328,56.0060920715332,7.938207149505615,0.004941999912261963,0.035005833953619,0.8874322175979614,0.03116205707192421,0.0175029169768095,0.0,0.017571555450558662,0.0,0.0,0.0,0.0043242499232292175,0.0020591667853295803,0.0,0.0,0.0,0.0,0.9996567964553833,0.0003431944642215967,0.0,0.0,0.0,0.0,0.0,0.0,0.0,0.0,0.0,0.0,0.0,0.0,0.0,0.0,0.0,0.0,0.0,0.0,0.0,0.028416501358151436,0.061706364154815674,0.13295352458953857,0.2164870649576187,0.30908092856407166,0.2513556182384491,0.0,0.0,0.0,0.0,0.0,50.80543899536133,3.7741944789886475,57.212100982666016
Overripe_79.jpg,Overripe,Overripe,44.73150634765625,17.148635864257812,15.376408576965332,21.192962646484375,49.20429992675781,15.598649978637695,0.03415646031498909,0.32243698835372925,0.6402692198753357,0.0007084303069859743,0.00010120432853000239,0.0,0.0,0.0,0.0,0.0,5.060216426500119e-05,0.00010120432853000239,0.00040481731412000954,0.0002530108322389424,0.0009108390077017248,0.0006072259857319295,0.7244206070899963,0.009462605230510235,0.007489120587706566,0.009614411741495132,0.017407145351171494,0.031221536919474602,0.04032992571592331,0.03673717379570007,0.03946968913078308,0.03779981657862663,0.025199878960847855,0.013460176065564156,0.004452990368008614,0.0021758931688964367,0.00035421515349298716,0.00040481731412000954,0.0008602368179708719,0.007691529113799334,0.050247952342033386,0.0664406418800354,0.054397329688072205,0.049438316375017166,0.06168403849005699,0.1033802255988121,0.16359680891036987,0.22386397421360016,0.21571703255176544,0.0013156563509255648,0.0006072259857319295,0.0007084303069859743,5.060216426500119e-05,0.0,49.48619842529297,3.7491133213043213,57.40256881713867
Overripe_8.jpg,Overripe,Overripe,119.85575866699219,57.098175048828125,28.313337326049805,21.79355239868164,11.691065788269043,12.839296340942383,0.06345689296722412,0.05922643095254898,0.09165994822978973,0.08460918813943863,0.10112812370061874,0.05257856473326683,0.2524174153804779,0.24033038318157196,0.011281224898993969,0.013295729644596577,0.01772763952612877,0.009468170814216137,0.00020145044254604727,0.00020145044254604727,0.002417405368760228,0.0,0.08561643958091736,0.10576148331165314,0.18070104718208313,0.15572118759155273,0.15511684119701385,0.08541499078273773,0.06023368239402771,0.026390008628368378,0.04633360356092453,0.021756647154688835,0.013698630034923553,0.013295729644596577,0.004431909881532192,0.01047542318701744,0.001007252256385982,0.03404512628912926,0.5102739930152893,0.20769540965557098,0.08380338549613953,0.04552780091762543,0.04190169274806976,0.04834810644388199,0.030016116797924042,0.011281224898993969,0.008460918441414833,0.00785656739026308,0.004029009025543928,0.00020145044254604727,0.000604351342190057,0.0,0.0,0.0,154.41534423828125,18.08167839050293,6.296290397644043
Overripe_80.jpg,Overripe,Overripe,46.69877243041992,6.530850410461426,4.1428117752075195,1.1428990364074707,56.385520935058594,7.698200225830078,0.0,0.36811119318008423,0.631020188331604,0.0008686420042067766,0.0,0.0,0.0,0.0,0.0,0.0,0.0,0.0,0.0,0.0,0.0,0.0,0.9501013159751892,0.0498986579477787,0.0,0.0,0.0,0.0,0.0,0.0,0.0,0.0,0.0,0.0,0.0,0.0,0.0,0.0,0.0,0.0,0.0,0.0,0.0,0.022391660138964653,0.05848856270313263,0.1164945438504219,0.22661904990673065,0.31898465752601624,0.2570215165615082,0.0,0.0,0.0,0.0,0.0,49.7713623046875,3.8726513385772705,56.22883605957031
Overripe_81.jpg,Overripe,Overripe,35.54188919067383,14.968676567077637,43.50322341918945,16.605804443359375,29.665082931518555,12.472590446472168,0.024327564984560013,0.9115984439849854,0.057563815265893936,0.0034264177083969116,0.0005139626446180046,0.0005139626446180046,0.00034264178248122334,0.0,0.0,0.0,0.0,0.0,0.0,0.00034264178248122334,0.0,0.0013705671299248934,0.004968305584043264,0.02604077383875847,0.04077437147498131,0.08411855250597,0.08840157836675644,0.11923933774232864,0.13225972652435303,0.12249442934989929,0.13208840787410736,0.12352235615253448,0.07795099914073944,0.032379645854234695,0.009422648698091507,0.0039403801783919334,0.0015418879920616746,0.0008566044270992279,0.0005139626446180046,0.019530581310391426,0.22956998646259308,0.16344012320041656,0.1543601155281067,0.17114956676959991,0.1314031183719635,0.0681857094168663,0.028610587120056152,0.018331333994865417,0.01199246197938919,0.0017132088541984558,0.0005139626446180046,0.0006852835649624467,0.0,0.0,33.28858947753906,31.25250816345215,18.201316833496094
Overripe_82.jpg,Overripe,Overripe,71.51030731201172,11.316880226135254,2.571720838546753,0.85600745677948,60.975608825683594,3.6237874031066895,0.0,0.0,0.27752068638801575,0.6160426139831543,0.10643668472766876,0.0,0.0,0.0,0.0,0.0,0.0,0.0,0.0,0.0,0.0,0.0,1.0,0.0,0.0,0.0,0.0,0.0,0.0,0.0,0.0,0.0,0.0,0.0,0.0,0.0,0.0,0.0,0.0,0.0,0.0,0.0,0.0,0.0,0.0,0.005469078663736582,0.09030991792678833,0.5267143249511719,0.37750667333602905,0.0,0.0,0.0,0.0,0.0,67.21980285644531,2.4948642253875732,58.72021484375
Overripe_83.jpg,Overripe,Overripe,57.97923278808594,5.4070048332214355,5.0824079513549805,0.7437728643417358,58.05052185058594,6.859182357788086,0.0,0.0,0.9449047446250916,0.055095233023166656,0.0,0.0,0.0,0.0,0.0,0.0,0.0,0.0,0.0,0.0,0.0,0.0,0.927741289138794,0.07225868850946426,0.0,0.0,0.0,0.0,0.0,0.0,0.0,0.0,0.0,0.0,0.0,0.0,0.0,0.0,0.0,0.0,0.0,0.0,0.0002690196852199733,0.013935220427811146,0.028946518898010254,0.07731626182794571,0.2223716825246811,0.3371354639530182,0.32002583146095276,0.0,0.0,0.0,0.0,0.0,57.97634506225586,5.021581649780273,57.22262191772461
Overripe_84.jpg,Overripe,Overripe,45.945823669433594,9.621968269348145,17.543699264526367,24.49495506286621,52.305355072021484,13.566864967346191,0.016929753124713898,0.32309600710868835,0.6464304327964783,0.013543802313506603,0.0,0.0,0.0,0.0,0.0,0.0,0.0,0.0,0.0,0.0,0.0,0.0,0.7239735126495361,0.011207019910216331,0.00448280805721879,0.004864323418587446,0.006771901156753302,0.011922361329197884,0.02470313385128975,0.0319996178150177,0.036625493317842484,0.0418713353574276,0.047880202531814575,0.03490867465734482,0.012590013444423676,0.0032905717380344868,0.0014783728402107954,0.0014306834200397134,9.537889127386734e-05,0.002336782868951559,0.016071343794465065,0.04392198100686073,0.04673565924167633,0.047880202531814575,0.06147169694304466,0.09943249821662903,0.1943344920873642,0.26319804787635803,0.1966712772846222,0.011159330606460571,0.011207019910216331,0.00524583924561739,0.00023844723182264715,0.0,50.57215881347656,3.795168399810791,57.086605072021484
Overripe_85.jpg,Overripe,Overripe,33.87771987915039,5.572927951812744,45.13539505004883,13.17084789276123,31.74403953552246,10.907485961914062,0.017989831045269966,0.951636016368866,0.02920088730752468,0.0011732499115169048,0.0,0.0,0.0,0.0,0.0,0.0,0.0,0.0,0.0,0.0,0.0,0.0,0.002085777698084712,0.016034414991736412,0.02033633179962635,0.03011341392993927,0.07417546957731247,0.132186159491539,0.14261505007743835,0.1808108389377594,0.20258115231990814,0.13479337096214294,0.045626383274793625,0.012905748561024666,0.004171555396169424,0.0006518054869957268,0.0003910833038389683,0.000521444424521178,0.0007821666076779366,0.008864554576575756,0.09242601692676544,0.22135314345359802,0.17833398282527924,0.17781254649162292,0.17416243255138397,0.0949028804898262,0.03402424603700638,0.010950332507491112,0.006257332861423492,0.0001303611061302945,0.0,0.0,0.0,0.0,31.677473068237305,44.39910125732422,31.164579391479492
Overripe_86.jpg,Overripe,Overripe,54.43970489501953,19.2574405670166,3.4654667377471924,0.9601741433143616,58.67314529418945,5.555527210235596,0.003478664206340909,0.037337660789489746,0.9240491390228271,0.004870129749178886,0.007769016548991203,0.0035946196876466274,0.007884971797466278,0.0,0.010783858597278595,0.00023191094805952162,0.0,0.0,0.0,0.0,0.0,0.0,0.9965213537216187,0.003478664206340909,0.0,0.0,0.0,0.0,0.0,0.0,0.0,0.0,0.0,0.0,0.0,0.0,0.0,0.0,0.0,0.0,0.0,0.0,0.0,0.0,0.011943413875997066,0.07409554719924927,0.2101113200187683,0.4019016623497009,0.30194804072380066,0.0,0.0,0.0,0.0,0.0,51.179466247558594,3.4747884273529053,57.636512756347656
Overripe_87.jpg,Overripe,Overripe,74.80686950683594,24.102008819580078,4.204909801483154,1.1882789134979248,58.60429763793945,6.057009696960449,0.014744005165994167,0.0,0.06237848475575447,0.851749837398529,0.02900194376707077,0.0008101101848296821,0.01117952074855566,0.014581982977688313,0.014906027354300022,0.0006480881129391491,0.0,0.0,0.0,0.0,0.0,0.0,0.9611147046089172,0.03888528794050217,0.0,0.0,0.0,0.0,0.0,0.0,0.0,0.0,0.0,0.0,0.0,0.0,0.0,0.0,0.0,0.0,0.0,0.0,0.0,0.0014581982977688313,0.026085548102855682,0.08182112872600555,0.1663966327905655,0.4170447289943695,0.307193785905838,0.0,0.0,0.0,0.0,0.0,69.99178314208984,4.204586505889893,58.163490295410156
Overripe_88.jpg,Overripe,Overripe,72.82697296142578,12.64536190032959,4.374042987823486,1.1316869258880615,57.318946838378906,6.745838642120361,0.0009302325779572129,0.0,0.04790697619318962,0.9015504121780396,0.020465116947889328,0.019844960421323776,0.009302325546741486,0.0,0.0,0.0,0.0,0.0,0.0,0.0,0.0,0.0,0.9516279101371765,0.048372093588113785,0.0,0.0,0.0,0.0,0.0,0.0,0.0,0.0,0.0,0.0,0.0,0.0,0.0,0.0,0.0,0.0,0.0,0.0,0.0,0.0072868214920163155,0.047596897929906845,0.09255813807249069,0.21147286891937256,0.3815504014492035,0.25953489542007446,0.0,0.0,0.0,0.0,0.0,70.07959747314453,4.349786758422852,57.380165100097656
Overripe_89.jpg,Overripe,Overripe,42.337318420410156,31.302692413330078,46.998294830322266,18.41927719116211,28.41404914855957,11.615152359008789,0.032042086124420166,0.8198629021644592,0.09947393834590912,0.016419576480984688,0.008289494551718235,0.002391200279816985,0.004941814113408327,0.0019129603169858456,0.0035070939920842648,0.0035070939920842648,0.001275306916795671,0.0009564801584929228,0.00015941336459945887,0.00015941336459945887,0.002550613833591342,0.002550613833591342,0.010680695064365864,0.0317232571542263,0.04208512604236603,0.048461660742759705,0.06918539851903915,0.09660449624061584,0.10377809405326843,0.1260959655046463,0.13725490868091583,0.12561772763729095,0.09835804253816605,0.06567830592393875,0.029491471126675606,0.007811254356056452,0.002231786958873272,0.004941814113408327,0.01195600163191557,0.059142354875802994,0.1465008705854416,0.1807747483253479,0.2115415334701538,0.19560019671916962,0.09915510565042496,0.05133110284805298,0.024390242993831635,0.01115893479436636,0.007492427714169025,0.0004782400792464614,0.0,0.00031882672919891775,0.00015941336459945887,0.0,36.40332794189453,56.03274154663086,31.12673568725586
Overripe_9.jpg,Overripe,Overripe,121.23458862304688,54.755943298339844,27.29216194152832,19.871749877929688,9.345475196838379,12.323063850402832,0.05270111560821533,0.0531415157020092,0.12756898999214172,0.0747210830450058,0.04139753431081772,0.025249559432268143,0.44362887740135193,0.134908989071846,0.0064591895788908005,0.022753963246941566,0.012624779716134071,0.0030827950686216354,0.00029359952895902097,0.0,0.0011743981158360839,0.00029359952895902097,0.07868467271327972,0.09116265177726746,0.18716970086097717,0.1509101539850235,0.20008808374404907,0.09013505280017853,0.06561949849128723,0.017175571992993355,0.03904873877763748,0.016735173761844635,0.016735173761844635,0.008661186322569847,0.004403993021696806,0.0048443921841681,0.0013211978366598487,0.02730475552380085,0.6470933556556702,0.18056371808052063,0.03963593766093254,0.018203170970082283,0.022900763899087906,0.025102760642766953,0.030240751802921295,0.015707574784755707,0.008514386601746082,0.006605989299714565,0.005431591533124447,0.0,0.0,0.0,0.0,0.0,152.25083923339844,28.861652374267578,3.4944350719451904
Overripe_90.jpg,Overripe,Overripe,40.98175811767578,23.525888442993164,57.73285675048828,20.561338424682617,43.85896301269531,22.059232711791992,0.028701717033982277,0.8240343332290649,0.13170601427555084,0.007778970059007406,0.0013412017142400146,0.0002682403428480029,0.00013412017142400146,0.0002682403428480029,0.0005364806856960058,0.00013412017142400146,0.00013412017142400146,0.0,0.00013412017142400146,0.00013412017142400146,0.0006706008571200073,0.004023605026304722,0.0050965663976967335,0.015557940118014812,0.021593347191810608,0.029774678871035576,0.050026822835206985,0.06746244430541992,0.07564377784729004,0.07430257648229599,0.08020386099815369,0.09603004157543182,0.12540236115455627,0.1578594446182251,0.10515021532773972,0.05230686813592911,0.023471029475331306,0.020118026062846184,0.0018776823999360204,0.01837446354329586,0.06169527769088745,0.13800965249538422,0.16657724976539612,0.10944206267595291,0.09240879863500595,0.06276824325323105,0.045869097113609314,0.05753755196928978,0.06008583679795265,0.04613734036684036,0.061829399317502975,0.057403434067964554,0.01917918398976326,0.0008047210285440087,36.2734375,43.59911346435547,29.50828742980957
Overripe_91.jpg,Overripe,Overripe,42.31245040893555,27.967632293701172,57.71959686279297,22.27714729309082,38.21512985229492,19.02764320373535,0.03384898230433464,0.795680820941925,0.14152243733406067,0.014703629538416862,0.0013784653274342418,0.0006126512307673693,0.0015316280769184232,0.0015316280769184232,0.0013784653274342418,0.00030632561538368464,0.00015316280769184232,0.00045948842307552695,0.00045948842307552695,0.0006126512307673693,0.0022974421735852957,0.0035227446351200342,0.010415071621537209,0.021749120205640793,0.031092051416635513,0.032930005341768265,0.04962475225329399,0.055138614028692245,0.05866135656833649,0.07351814955472946,0.09802419692277908,0.10338489711284637,0.10828610509634018,0.11716955155134201,0.10200643539428711,0.07137387245893478,0.034767959266901016,0.03185786306858063,0.0030632561538368464,0.046408332884311676,0.0885281041264534,0.16204625368118286,0.13876551389694214,0.12207075953483582,0.09113187342882156,0.06831061094999313,0.07596875727176666,0.06754480302333832,0.05529177561402321,0.03920967876911163,0.025425026193261147,0.012559350579977036,0.0036759073846042156,0.0,36.31144332885742,56.09022521972656,30.877363204956055
Overripe_92.jpg,Overripe,Overripe,41.082244873046875,15.955944061279297,56.97647476196289,20.572425842285156,36.9178466796875,17.210962295532227,0.010023342445492744,0.8885074853897095,0.08993546664714813,0.007826444692909718,0.00027461210265755653,0.0,0.0,0.0,0.0,0.0006865302566438913,0.0008238363079726696,0.00027461210265755653,0.0,0.0,0.0005492242053151131,0.0010984484106302261,0.0034326512832194567,0.013455993495881557,0.02814774215221405,0.041054509580135345,0.06947686523199081,0.0664561316370964,0.055197034031152725,0.049704793840646744,0.06453384459018707,0.10641219466924667,0.16257037222385406,0.16476726531982422,0.0995468869805336,0.043526019901037216,0.018261704593896866,0.013455993495881557,0.010709872469305992,0.02842235378921032,0.14829054474830627,0.10352876782417297,0.09968419373035431,0.15213510394096375,0.11931896209716797,0.1009199470281601,0.08293285965919495,0.06618151813745499,0.043526019901037216,0.029795413836836815,0.013867911882698536,0.0006865302566438913,0.0,0.0,38.995758056640625,68.92478942871094,43.50334548950195
Overripe_93.jpg,Overripe,Overripe,38.07621383666992,16.070781707763672,56.02590560913086,19.548978805541992,38.785884857177734,20.08445167541504,0.03989282622933388,0.8806192278862,0.07070557028055191,0.004763322416692972,0.0005954153020866215,0.0,0.001190830604173243,0.0,0.00044656149111688137,0.0,0.0,0.0,0.0,0.0,0.0,0.0017862459644675255,0.005507591646164656,0.01920214295387268,0.023816611617803574,0.03334325551986694,0.04644239321351051,0.04822864010930061,0.06579338759183884,0.08871687948703766,0.11298005282878876,0.15227746963500977,0.14721643924713135,0.11223578453063965,0.07070557028055191,0.03646918758749962,0.017713604494929314,0.019350998103618622,0.0008931229822337627,0.0314081571996212,0.13114021718502045,0.13292646408081055,0.13694551587104797,0.12578147649765015,0.0924382284283638,0.07517118006944656,0.06906817853450775,0.05075915530323982,0.045698124915361404,0.03736231103539467,0.03587377071380615,0.023965466767549515,0.00997320655733347,0.0005954153020866215,29.188461303710938,43.60406494140625,19.306943893432617
Overripe_94.jpg,Overripe,Overripe,42.04844284057617,31.569616317749023,58.2998046875,20.188575744628906,36.458805084228516,15.376626968383789,0.023341162130236626,0.8825601935386658,0.07413388043642044,0.0035231944639235735,0.00014679976447951049,0.0,0.00014679976447951049,0.0,0.0,0.00014679976447951049,0.0024955959524959326,0.007046388927847147,0.0013211978366598487,0.0011743981158360839,0.0011743981158360839,0.002789195626974106,0.010863183066248894,0.017322372645139694,0.01996476761996746,0.023341162130236626,0.037727538496255875,0.06811509281396866,0.07706987857818604,0.0603347048163414,0.0660598948597908,0.09292425215244293,0.1622137427330017,0.16588373482227325,0.11244861781597137,0.0546095110476017,0.02099236659705639,0.010129183530807495,0.0014679976738989353,0.013358778320252895,0.07574868202209473,0.16867293417453766,0.1679389327764511,0.15267175436019897,0.13578978180885315,0.09424544870853424,0.0760422796010971,0.04624192416667938,0.03317674621939659,0.01379917748272419,0.012037580832839012,0.007927187718451023,0.0008807986159808934,0.0,37.5432243347168,68.73526000976562,31.831531524658203
Overripe_95.jpg,Overripe,Overripe,70.84341430664062,14.258520126342773,4.59898042678833,1.767634391784668,58.41804885864258,6.3698530197143555,0.0,0.0,0.18134120106697083,0.7776684761047363,0.025250041857361794,0.0,0.01574028469622135,0.0,0.0,0.0,0.0,0.0,0.0,0.0,0.0,0.0,0.8463682532310486,0.15363174676895142,0.0,0.0,0.0,0.0,0.0,0.0,0.0,0.0,0.0,0.0,0.0,0.0,0.0,0.0,0.0,0.0,0.0,0.0,0.0,0.002459419658407569,0.033939991146326065,0.08263649791479111,0.17330710589885712,0.3958025872707367,0.31185439229011536,0.0,0.0,0.0,0.0,0.0,68.72877502441406,4.6001973152160645,57.886932373046875
Overripe_96.jpg,Overripe,Overripe,66.5134506225586,13.967607498168945,4.744166851043701,1.2900639772415161,57.36482238769531,6.796401500701904,0.0,0.008737863972783089,0.23938973248004913,0.731067955493927,0.007766990456730127,0.0005547850159928203,0.008321775123476982,0.004160887561738491,0.0,0.0,0.0,0.0,0.0,0.0,0.0,0.0,0.8897364735603333,0.11026352643966675,0.0,0.0,0.0,0.0,0.0,0.0,0.0,0.0,0.0,0.0,0.0,0.0,0.0,0.0,0.0,0.0,0.0,0.0,0.0,0.009570041671395302,0.04660193994641304,0.08529819548130035,0.2205270528793335,0.37642163038253784,0.2615811228752136,0.0,0.0,0.0,0.0,0.0,64.49414825439453,4.705592632293701,57.34615707397461
Overripe_97.jpg,Overripe,Overripe,37.6574592590332,26.559232711791992,53.876949310302734,18.736541748046875,34.33870315551758,12.39702320098877,0.04094897583127022,0.8992525339126587,0.03867403417825699,0.005362365860491991,0.0011374715249985456,0.000649983761832118,0.0014624634059146047,0.0011374715249985456,0.0014624634059146047,0.000974975642748177,0.003412414574995637,0.0021124472841620445,0.0004874878213740885,0.000324991880916059,0.0008124797022901475,0.0017874552868306637,0.009912252426147461,0.019337017089128494,0.023236919194459915,0.027786806225776672,0.047773804515600204,0.06646084040403366,0.07994800060987473,0.10269743204116821,0.11325966566801071,0.14234644174575806,0.1465713381767273,0.12073448300361633,0.05622359365224838,0.027461813762784004,0.009099772199988365,0.007149821147322655,0.004387390334159136,0.012674682773649693,0.03834903985261917,0.19499512016773224,0.20003250241279602,0.18167045712471008,0.16330841183662415,0.09522262215614319,0.04923626780509949,0.0300617478787899,0.02063698321580887,0.008449789136648178,0.000974975642748177,0.0,0.0,0.0,32.06125259399414,56.64809036254883,30.65143394470215
Overripe_98.jpg,Overripe,Overripe,73.31539916992188,25.1942138671875,4.155282020568848,1.3230583667755127,58.35973358154297,6.048771858215332,0.0032699168659746647,0.0,0.14506539702415466,0.8223840594291687,0.0019322235602885485,0.0,0.0022294886875897646,0.0002972651564050466,0.004607609938830137,0.011296075768768787,0.007728894241154194,0.0011890606256201863,0.0,0.0,0.0,0.0,0.9549643397331238,0.045035671442747116,0.0,0.0,0.0,0.0,0.0,0.0,0.0,0.0,0.0,0.0,0.0,0.0,0.0,0.0,0.0,0.0,0.0,0.0,0.0,0.0,0.02824019081890583,0.08531510084867477,0.16602259874343872,0.4429250955581665,0.2774970233440399,0.0,0.0,0.0,0.0,0.0,69.00858306884766,4.118026256561279,57.93848419189453
Overripe_99.jpg,Overripe,Overripe,43.61463928222656,29.281038284301758,55.060420989990234,19.65468406677246,45.1329231262207,26.429119110107422,0.03246839717030525,0.6753160357475281,0.2628077268600464,0.012375249527394772,0.0021290751174092293,0.0010645375587046146,0.0019960079807788134,0.0009314703638665378,0.00026613438967615366,0.0003992015845142305,0.0010645375587046146,0.0021290751174092293,0.0010645375587046146,0.0010645375587046146,0.001596806338056922,0.0033266800455749035,0.007850964553654194,0.016766466200351715,0.03606121242046356,0.042980704456567764,0.04577511548995972,0.05681969225406647,0.06360612064599991,0.06799733638763428,0.08649367839097977,0.12228875607252121,0.19015303254127502,0.15675316751003265,0.06413839012384415,0.024484364315867424,0.010512309148907661,0.00731869600713253,0.0023952096235007048,0.054025281220674515,0.0972721204161644,0.12801064550876617,0.14238190650939941,0.09634064882993698,0.05615435913205147,0.039387889206409454,0.04457751289010048,0.046573519706726074,0.042581502348184586,0.04005322605371475,0.042049236595630646,0.07478376477956772,0.08755821734666824,0.005854956805706024,35.736087799072266,56.31597137451172,30.125614166259766
