fruit,category,image,image_path,L_mean,a_mean,b_mean
Apple,Unripe,Apple_Unripe_013.jpg,C:\Users\user\code\ip-asgm\results\preprocessing\MedianFinal\ProcessedImages\Apple\Unripe\Apple_Unripe_013.jpg,197.9876502491938,110.83900127039969,168.29757891136518
Apple,Rotten,Apple_Rotten_091.jpg,C:\Users\user\code\ip-asgm\results\preprocessing\MedianFinal\ProcessedImages\Apple\Rotten\Apple_Rotten_091.jpg,131.1803488698582,136.602081285975,130.38208970939212
Apple,Unripe,Apple_Unripe_074.jpg,C:\Users\user\code\ip-asgm\results\preprocessing\MedianFinal\ProcessedImages\Apple\Unripe\Apple_Unripe_074.jpg,186.91295018007202,118.60289615846338,158.73359468787515
Apple,Unripe,Apple_Unripe_077.jpg,C:\Users\user\code\ip-asgm\results\preprocessing\MedianFinal\ProcessedImages\Apple\Unripe\Apple_Unripe_077.jpg,123.8957010428737,119.41427964465045,157.89274237157204
Apple,Overripe,Apple_Overripe_019.jpg,C:\Users\user\code\ip-asgm\results\preprocessing\MedianFinal\ProcessedImages\Apple\Overripe\Apple_Overripe_019.jpg,190.32461546565528,148.26453855878634,171.21808716111815
Apple,Unripe,Apple_Unripe_046.jpg,C:\Users\user\code\ip-asgm\results\preprocessing\MedianFinal\ProcessedImages\Apple\Unripe\Apple_Unripe_046.jpg,178.1054062699936,149.81676085874741,172.0412312504443
Apple,Ripe,Apple_Ripe_031.jpg,C:\Users\user\code\ip-asgm\results\preprocessing\MedianFinal\ProcessedImages\Apple\Ripe\Apple_Ripe_031.jpg,162.35491042934342,142.60396366112082,142.22494787455852
Apple,Unripe,Apple_Unripe_078.jpg,C:\Users\user\code\ip-asgm\results\preprocessing\MedianFinal\ProcessedImages\Apple\Unripe\Apple_Unripe_078.jpg,180.46443227130192,152.0431845457009,177.00064844566606
Apple,Rotten,Apple_Rotten_005.jpg,C:\Users\user\code\ip-asgm\results\preprocessing\MedianFinal\ProcessedImages\Apple\Rotten\Apple_Rotten_005.jpg,41.686163082937725,138.11669924602066,138.1160150795867
Apple,Overripe,Apple_Overripe_071.jpg,C:\Users\user\code\ip-asgm\results\preprocessing\MedianFinal\ProcessedImages\Apple\Overripe\Apple_Overripe_071.jpg,115.80279462671936,157.57421958766045,151.8674026590693
Apple,Unripe,Apple_Unripe_084.jpg,C:\Users\user\code\ip-asgm\results\preprocessing\MedianFinal\ProcessedImages\Apple\Unripe\Apple_Unripe_084.jpg,137.91551355099332,118.14286952458473,161.94016987730245
Apple,Ripe,Apple_Ripe_019.jpg,C:\Users\user\code\ip-asgm\results\preprocessing\MedianFinal\ProcessedImages\Apple\Ripe\Apple_Ripe_019.jpg,161.6939875910971,157.71758666535356,191.34611975576126
Apple,Unripe,Apple_Unripe_001.jpg,C:\Users\user\code\ip-asgm\results\preprocessing\MedianFinal\ProcessedImages\Apple\Unripe\Apple_Unripe_001.jpg,142.39734702738312,117.94397616516702,163.25987378916952
Apple,Rotten,Apple_Rotten_045.jpg,C:\Users\user\code\ip-asgm\results\preprocessing\MedianFinal\ProcessedImages\Apple\Rotten\Apple_Rotten_045.jpg,135.59851820787028,136.84996854686517,130.47162228279862
Apple,Unripe,Apple_Unripe_019.jpg,C:\Users\user\code\ip-asgm\results\preprocessing\MedianFinal\ProcessedImages\Apple\Unripe\Apple_Unripe_019.jpg,194.13621970360637,106.00614140750474,175.0130265367207
Apple,Unripe,Apple_Unripe_040.jpg,C:\Users\user\code\ip-asgm\results\preprocessing\MedianFinal\ProcessedImages\Apple\Unripe\Apple_Unripe_040.jpg,134.098839138896,118.72240409129995,155.91588848492162
Apple,Rotten,Apple_Rotten_001.jpg,C:\Users\user\code\ip-asgm\results\preprocessing\MedianFinal\ProcessedImages\Apple\Rotten\Apple_Rotten_001.jpg,111.90922036656721,137.34461580191422,143.27947843608322
Apple,Ripe,Apple_Ripe_032.jpg,C:\Users\user\code\ip-asgm\results\preprocessing\MedianFinal\ProcessedImages\Apple\Ripe\Apple_Ripe_032.jpg,114.62959795450537,166.72281343678364,154.08885558102628
Apple,Overripe,Apple_Overripe_023.jpg,C:\Users\user\code\ip-asgm\results\preprocessing\MedianFinal\ProcessedImages\Apple\Overripe\Apple_Overripe_023.jpg,188.51473871485382,149.35904904765226,172.01346542942858
Apple,Rotten,Apple_Rotten_054.jpg,C:\Users\user\code\ip-asgm\results\preprocessing\MedianFinal\ProcessedImages\Apple\Rotten\Apple_Rotten_054.jpg,164.1431824771662,152.85130237278307,151.8859638525105
Apple,Rotten,Apple_Rotten_077.jpg,C:\Users\user\code\ip-asgm\results\preprocessing\MedianFinal\ProcessedImages\Apple\Rotten\Apple_Rotten_077.jpg,162.94535706367282,140.08167718138392,159.47438171446998
Apple,Ripe,Apple_Ripe_045.jpg,C:\Users\user\code\ip-asgm\results\preprocessing\MedianFinal\ProcessedImages\Apple\Ripe\Apple_Ripe_045.jpg,133.30796875572995,154.0965198577139,137.89372547581502
Apple,Rotten,Apple_Rotten_031.jpg,C:\Users\user\code\ip-asgm\results\preprocessing\MedianFinal\ProcessedImages\Apple\Rotten\Apple_Rotten_031.jpg,157.17255915828216,151.08779729162083,174.60524473426278
Apple,Overripe,Apple_Overripe_013.jpg,C:\Users\user\code\ip-asgm\results\preprocessing\MedianFinal\ProcessedImages\Apple\Overripe\Apple_Overripe_013.jpg,191.11728987993138,147.70529159519725,170.19799313893654
Apple,Unripe,Apple_Unripe_054.jpg,C:\Users\user\code\ip-asgm\results\preprocessing\MedianFinal\ProcessedImages\Apple\Unripe\Apple_Unripe_054.jpg,144.5826481913739,118.02322668411115,163.37690489287996
Apple,Ripe,Apple_Ripe_001.jpg,C:\Users\user\code\ip-asgm\results\preprocessing\MedianFinal\ProcessedImages\Apple\Ripe\Apple_Ripe_001.jpg,66.03032023357123,153.73011863935488,148.69182732412642
Apple,Overripe,Apple_Overripe_081.jpg,C:\Users\user\code\ip-asgm\results\preprocessing\MedianFinal\ProcessedImages\Apple\Overripe\Apple_Overripe_081.jpg,137.17099920465486,147.53854284398676,146.9507304617188
Apple,Ripe,Apple_Ripe_011.jpg,C:\Users\user\code\ip-asgm\results\preprocessing\MedianFinal\ProcessedImages\Apple\Ripe\Apple_Ripe_011.jpg,176.24044866848297,144.444892832958,166.79933542260508
Apple,Rotten,Apple_Rotten_046.jpg,C:\Users\user\code\ip-asgm\results\preprocessing\MedianFinal\ProcessedImages\Apple\Rotten\Apple_Rotten_046.jpg,182.3941621440785,155.51077986766782,175.63416288751765
Apple,Rotten,Apple_Rotten_071.jpg,C:\Users\user\code\ip-asgm\results\preprocessing\MedianFinal\ProcessedImages\Apple\Rotten\Apple_Rotten_071.jpg,159.8693571461011,136.1433023752214,136.745719605795
Apple,Unripe,Apple_Unripe_034.jpg,C:\Users\user\code\ip-asgm\results\preprocessing\MedianFinal\ProcessedImages\Apple\Unripe\Apple_Unripe_034.jpg,235.5967768356138,95.92051455000964,186.74572653690498
Apple,Unripe,Apple_Unripe_023.jpg,C:\Users\user\code\ip-asgm\results\preprocessing\MedianFinal\ProcessedImages\Apple\Unripe\Apple_Unripe_023.jpg,182.55082626825254,119.80366512286317,154.1599067563201
Apple,Overripe,Apple_Overripe_031.jpg,C:\Users\user\code\ip-asgm\results\preprocessing\MedianFinal\ProcessedImages\Apple\Overripe\Apple_Overripe_031.jpg,113.9076563782112,139.93173641355804,156.2176355488228
Apple,Unripe,Apple_Unripe_032.jpg,C:\Users\user\code\ip-asgm\results\preprocessing\MedianFinal\ProcessedImages\Apple\Unripe\Apple_Unripe_032.jpg,138.30679934903026,118.54146572704063,161.6314294459292
Apple,Ripe,Apple_Ripe_046.jpg,C:\Users\user\code\ip-asgm\results\preprocessing\MedianFinal\ProcessedImages\Apple\Ripe\Apple_Ripe_046.jpg,161.20328369983235,157.77132432698946,191.50820924958091
Apple,Overripe,Apple_Overripe_005.jpg,C:\Users\user\code\ip-asgm\results\preprocessing\MedianFinal\ProcessedImages\Apple\Overripe\Apple_Overripe_005.jpg,189.51318405161098,145.17641873898202,168.5305408649338
Apple,Ripe,Apple_Ripe_034.jpg,C:\Users\user\code\ip-asgm\results\preprocessing\MedianFinal\ProcessedImages\Apple\Ripe\Apple_Ripe_034.jpg,133.81510368875024,145.18140943292346,154.04234721967333
Apple,Overripe,Apple_Overripe_001.jpg,C:\Users\user\code\ip-asgm\results\preprocessing\MedianFinal\ProcessedImages\Apple\Overripe\Apple_Overripe_001.jpg,95.4525515400555,130.89317072314122,150.61699680398974
Apple,Ripe,Apple_Ripe_071.jpg,C:\Users\user\code\ip-asgm\results\preprocessing\MedianFinal\ProcessedImages\Apple\Ripe\Apple_Ripe_071.jpg,148.68143178092174,138.5388760701925,131.97041411136072
Apple,Unripe,Apple_Unripe_005.jpg,C:\Users\user\code\ip-asgm\results\preprocessing\MedianFinal\ProcessedImages\Apple\Unripe\Apple_Unripe_005.jpg,162.7977820305216,158.59576034152803,189.46064576279502
Apple,Unripe,Apple_Unripe_011.jpg,C:\Users\user\code\ip-asgm\results\preprocessing\MedianFinal\ProcessedImages\Apple\Unripe\Apple_Unripe_011.jpg,175.63173243889045,118.49978108906336,159.72242464269283
Apple,Overripe,Apple_Overripe_084.jpg,C:\Users\user\code\ip-asgm\results\preprocessing\MedianFinal\ProcessedImages\Apple\Overripe\Apple_Overripe_084.jpg,196.2735523196749,142.64244835760243,167.33246698272941
Apple,Rotten,Apple_Rotten_023.jpg,C:\Users\user\code\ip-asgm\results\preprocessing\MedianFinal\ProcessedImages\Apple\Rotten\Apple_Rotten_023.jpg,196.81992506061275,142.49830100653884,169.05588310924986
Apple,Overripe,Apple_Overripe_032.jpg,C:\Users\user\code\ip-asgm\results\preprocessing\MedianFinal\ProcessedImages\Apple\Overripe\Apple_Overripe_032.jpg,57.455919286734584,153.1430612020657,140.25339444645016
Apple,Overripe,Apple_Overripe_074.jpg,C:\Users\user\code\ip-asgm\results\preprocessing\MedianFinal\ProcessedImages\Apple\Overripe\Apple_Overripe_074.jpg,166.6856608702333,149.62955540758574,176.60765871897968
Apple,Ripe,Apple_Ripe_040.jpg,C:\Users\user\code\ip-asgm\results\preprocessing\MedianFinal\ProcessedImages\Apple\Ripe\Apple_Ripe_040.jpg,123.5923629144272,160.5486593393321,155.88697611570748
Apple,Rotten,Apple_Rotten_078.jpg,C:\Users\user\code\ip-asgm\results\preprocessing\MedianFinal\ProcessedImages\Apple\Rotten\Apple_Rotten_078.jpg,116.935479458868,137.87650452601213,143.7355888789416
Apple,Overripe,Apple_Overripe_078.jpg,C:\Users\user\code\ip-asgm\results\preprocessing\MedianFinal\ProcessedImages\Apple\Overripe\Apple_Overripe_078.jpg,203.24347944037515,141.87025733441848,165.56564159206295
Apple,Overripe,Apple_Overripe_040.jpg,C:\Users\user\code\ip-asgm\results\preprocessing\MedianFinal\ProcessedImages\Apple\Overripe\Apple_Overripe_040.jpg,95.1981575343544,152.24529742322403,138.09703049001243
Apple,Rotten,Apple_Rotten_040.jpg,C:\Users\user\code\ip-asgm\results\preprocessing\MedianFinal\ProcessedImages\Apple\Rotten\Apple_Rotten_040.jpg,154.66272626852907,144.99412058152794,165.4118710803877
Apple,Overripe,Apple_Overripe_077.jpg,C:\Users\user\code\ip-asgm\results\preprocessing\MedianFinal\ProcessedImages\Apple\Overripe\Apple_Overripe_077.jpg,119.49869005328597,131.48222690941387,165.75415186500888
Apple,Rotten,Apple_Rotten_011.jpg,C:\Users\user\code\ip-asgm\results\preprocessing\MedianFinal\ProcessedImages\Apple\Rotten\Apple_Rotten_011.jpg,132.3656568228106,163.0273217922607,159.57311099796334
Apple,Overripe,Apple_Overripe_046.jpg,C:\Users\user\code\ip-asgm\results\preprocessing\MedianFinal\ProcessedImages\Apple\Overripe\Apple_Overripe_046.jpg,30.319418009067977,147.07182040449996,135.28889868932114
Apple,Ripe,Apple_Ripe_023.jpg,C:\Users\user\code\ip-asgm\results\preprocessing\MedianFinal\ProcessedImages\Apple\Ripe\Apple_Ripe_023.jpg,106.95774610715229,171.30791765637372,160.13341250989708
Apple,Rotten,Apple_Rotten_019.jpg,C:\Users\user\code\ip-asgm\results\preprocessing\MedianFinal\ProcessedImages\Apple\Rotten\Apple_Rotten_019.jpg,147.96190449118816,143.47227401932918,144.14747583854464
Apple,Ripe,Apple_Ripe_078.jpg,C:\Users\user\code\ip-asgm\results\preprocessing\MedianFinal\ProcessedImages\Apple\Ripe\Apple_Ripe_078.jpg,169.41304204124802,155.08399435924554,184.3088863916799
Apple,Unripe,Apple_Unripe_081.jpg,C:\Users\user\code\ip-asgm\results\preprocessing\MedianFinal\ProcessedImages\Apple\Unripe\Apple_Unripe_081.jpg,188.37411218446888,114.23853463710233,177.14038798276508
Apple,Unripe,Apple_Unripe_091.jpg,C:\Users\user\code\ip-asgm\results\preprocessing\MedianFinal\ProcessedImages\Apple\Unripe\Apple_Unripe_091.jpg,184.60968309859155,103.98809303187547,178.01121200889548
Apple,Rotten,Apple_Rotten_034.jpg,C:\Users\user\code\ip-asgm\results\preprocessing\MedianFinal\ProcessedImages\Apple\Rotten\Apple_Rotten_034.jpg,101.90632902246948,146.0904619126749,149.69034029333142
Apple,Overripe,Apple_Overripe_011.jpg,C:\Users\user\code\ip-asgm\results\preprocessing\MedianFinal\ProcessedImages\Apple\Overripe\Apple_Overripe_011.jpg,157.24594744260975,158.76481952275472,133.30521294804672
Apple,Ripe,Apple_Ripe_077.jpg,C:\Users\user\code\ip-asgm\results\preprocessing\MedianFinal\ProcessedImages\Apple\Ripe\Apple_Ripe_077.jpg,115.21876341777588,153.54512276045122,139.5544810492213
Apple,Rotten,Apple_Rotten_032.jpg,C:\Users\user\code\ip-asgm\results\preprocessing\MedianFinal\ProcessedImages\Apple\Rotten\Apple_Rotten_032.jpg,124.44755964982548,167.84020426846712,152.42877782228072
Apple,Ripe,Apple_Ripe_013.jpg,C:\Users\user\code\ip-asgm\results\preprocessing\MedianFinal\ProcessedImages\Apple\Ripe\Apple_Ripe_013.jpg,107.57061049860128,139.6034391969722,142.5489221655422
Apple,Ripe,Apple_Ripe_005.jpg,C:\Users\user\code\ip-asgm\results\preprocessing\MedianFinal\ProcessedImages\Apple\Ripe\Apple_Ripe_005.jpg,145.0474469947481,160.8312341956818,143.28617486870257
Apple,Overripe,Apple_Overripe_045.jpg,C:\Users\user\code\ip-asgm\results\preprocessing\MedianFinal\ProcessedImages\Apple\Overripe\Apple_Overripe_045.jpg,109.12820729237002,137.9424586428089,163.85214804186361
Apple,Rotten,Apple_Rotten_081.jpg,C:\Users\user\code\ip-asgm\results\preprocessing\MedianFinal\ProcessedImages\Apple\Rotten\Apple_Rotten_081.jpg,213.3620840829898,138.8540447288711,153.68687512810587
Apple,Ripe,Apple_Ripe_074.jpg,C:\Users\user\code\ip-asgm\results\preprocessing\MedianFinal\ProcessedImages\Apple\Ripe\Apple_Ripe_074.jpg,92.6878074143794,148.95916322564975,161.67156379038136
Apple,Ripe,Apple_Ripe_081.jpg,C:\Users\user\code\ip-asgm\results\preprocessing\MedianFinal\ProcessedImages\Apple\Ripe\Apple_Ripe_081.jpg,182.9107838672132,156.46369110874954,195.58595212792875
Apple,Unripe,Apple_Unripe_071.jpg,C:\Users\user\code\ip-asgm\results\preprocessing\MedianFinal\ProcessedImages\Apple\Unripe\Apple_Unripe_071.jpg,125.2324661230273,118.09439579156806,160.56297197895785
Apple,Unripe,Apple_Unripe_045.jpg,C:\Users\user\code\ip-asgm\results\preprocessing\MedianFinal\ProcessedImages\Apple\Unripe\Apple_Unripe_045.jpg,209.89748810967978,113.69892457589586,161.1020449425221
Apple,Overripe,Apple_Overripe_091.jpg,C:\Users\user\code\ip-asgm\results\preprocessing\MedianFinal\ProcessedImages\Apple\Overripe\Apple_Overripe_091.jpg,61.42636872414632,148.54883607754076,140.40962365155326
Apple,Rotten,Apple_Rotten_084.jpg,C:\Users\user\code\ip-asgm\results\preprocessing\MedianFinal\ProcessedImages\Apple\Rotten\Apple_Rotten_084.jpg,119.409796314258,145.2579480547473,150.4617819808169
Apple,Rotten,Apple_Rotten_074.jpg,C:\Users\user\code\ip-asgm\results\preprocessing\MedianFinal\ProcessedImages\Apple\Rotten\Apple_Rotten_074.jpg,123.75982551862982,150.48390132174015,158.44276106556183
Apple,Overripe,Apple_Overripe_054.jpg,C:\Users\user\code\ip-asgm\results\preprocessing\MedianFinal\ProcessedImages\Apple\Overripe\Apple_Overripe_054.jpg,64.13019735581528,147.09102557961296,142.28943124481063
Apple,Ripe,Apple_Ripe_091.jpg,C:\Users\user\code\ip-asgm\results\preprocessing\MedianFinal\ProcessedImages\Apple\Ripe\Apple_Ripe_091.jpg,69.91904726433015,159.5558680025327,154.18399195500763
Apple,Overripe,Apple_Overripe_034.jpg,C:\Users\user\code\ip-asgm\results\preprocessing\MedianFinal\ProcessedImages\Apple\Overripe\Apple_Overripe_034.jpg,93.04919179957244,143.6297350086895,132.17063333384598
Apple,Rotten,Apple_Rotten_013.jpg,C:\Users\user\code\ip-asgm\results\preprocessing\MedianFinal\ProcessedImages\Apple\Rotten\Apple_Rotten_013.jpg,126.40139751552795,140.19353180552582,148.35850289141143
Apple,Ripe,Apple_Ripe_054.jpg,C:\Users\user\code\ip-asgm\results\preprocessing\MedianFinal\ProcessedImages\Apple\Ripe\Apple_Ripe_054.jpg,159.63053282728706,159.542488170347,191.35365733438485
Apple,Ripe,Apple_Ripe_084.jpg,C:\Users\user\code\ip-asgm\results\preprocessing\MedianFinal\ProcessedImages\Apple\Ripe\Apple_Ripe_084.jpg,87.24127436922232,163.34706501510206,159.50781035482197
Apple,Unripe,Apple_Unripe_031.jpg,C:\Users\user\code\ip-asgm\results\preprocessing\MedianFinal\ProcessedImages\Apple\Unripe\Apple_Unripe_031.jpg,174.71363543056555,119.35353074001847,166.18819152211844
Banana,Unripe,Banana_Unripe_013.jpg,C:\Users\user\code\ip-asgm\results\preprocessing\MedianFinal\ProcessedImages\Banana\Unripe\Banana_Unripe_013.jpg,131.81059895680713,135.6513215729942,174.5519252183086
Banana,Unripe,Banana_Unripe_005.jpg,C:\Users\user\code\ip-asgm\results\preprocessing\MedianFinal\ProcessedImages\Banana\Unripe\Banana_Unripe_005.jpg,113.1528748717291,136.7556118522319,157.83631830425858
Banana,Rotten,Banana_Rotten_034.jpg,C:\Users\user\code\ip-asgm\results\preprocessing\MedianFinal\ProcessedImages\Banana\Rotten\Banana_Rotten_034.jpg,91.34515294986737,131.2731271616131,134.516092475068
Banana,Rotten,Banana_Rotten_077.jpg,C:\Users\user\code\ip-asgm\results\preprocessing\MedianFinal\ProcessedImages\Banana\Rotten\Banana_Rotten_077.jpg,74.757893118751,132.0291931775651,139.63058065550982
Banana,Ripe,Banana_Ripe_001.jpg,C:\Users\user\code\ip-asgm\results\preprocessing\MedianFinal\ProcessedImages\Banana\Ripe\Banana_Ripe_001.jpg,227.02178153446033,120.47060527249084,169.72619103912993
Banana,Rotten,Banana_Rotten_074.jpg,C:\Users\user\code\ip-asgm\results\preprocessing\MedianFinal\ProcessedImages\Banana\Rotten\Banana_Rotten_074.jpg,105.98261575730882,130.4622584374828,150.90571491493696
Banana,Unripe,Banana_Unripe_011.jpg,C:\Users\user\code\ip-asgm\results\preprocessing\MedianFinal\ProcessedImages\Banana\Unripe\Banana_Unripe_011.jpg,173.52298200766887,131.34940517156622,142.4834578704159
Banana,Overripe,Banana_Overripe_019.jpg,C:\Users\user\code\ip-asgm\results\preprocessing\MedianFinal\ProcessedImages\Banana\Overripe\Banana_Overripe_019.jpg,142.81056670034155,138.8569899456391,149.92434574493674
Banana,Rotten,Banana_Rotten_005.jpg,C:\Users\user\code\ip-asgm\results\preprocessing\MedianFinal\ProcessedImages\Banana\Rotten\Banana_Rotten_005.jpg,111.8207527975585,137.26653950491692,156.7139030179722
Banana,Overripe,Banana_Overripe_054.jpg,C:\Users\user\code\ip-asgm\results\preprocessing\MedianFinal\ProcessedImages\Banana\Overripe\Banana_Overripe_054.jpg,76.08459037711313,142.35610254504923,163.82532045327883
Banana,Rotten,Banana_Rotten_084.jpg,C:\Users\user\code\ip-asgm\results\preprocessing\MedianFinal\ProcessedImages\Banana\Rotten\Banana_Rotten_084.jpg,39.97600288145514,131.3968697942461,136.25237494934942
Banana,Rotten,Banana_Rotten_031.jpg,C:\Users\user\code\ip-asgm\results\preprocessing\MedianFinal\ProcessedImages\Banana\Rotten\Banana_Rotten_031.jpg,118.89635132904078,130.80060260855208,132.72541687303945
Banana,Ripe,Banana_Ripe_013.jpg,C:\Users\user\code\ip-asgm\results\preprocessing\MedianFinal\ProcessedImages\Banana\Ripe\Banana_Ripe_013.jpg,177.30560416282924,126.7696091975195,156.47456560446983
Banana,Ripe,Banana_Ripe_054.jpg,C:\Users\user\code\ip-asgm\results\preprocessing\MedianFinal\ProcessedImages\Banana\Ripe\Banana_Ripe_054.jpg,190.3926219845309,127.16644383104747,186.63086920267978
Banana,Unripe,Banana_Unripe_040.jpg,C:\Users\user\code\ip-asgm\results\preprocessing\MedianFinal\ProcessedImages\Banana\Unripe\Banana_Unripe_040.jpg,199.50799027798877,132.58157375056965,165.3986936047395
Banana,Overripe,Banana_Overripe_023.jpg,C:\Users\user\code\ip-asgm\results\preprocessing\MedianFinal\ProcessedImages\Banana\Overripe\Banana_Overripe_023.jpg,150.0168925935016,135.02898502841393,131.02069684898143
Banana,Ripe,Banana_Ripe_011.jpg,C:\Users\user\code\ip-asgm\results\preprocessing\MedianFinal\ProcessedImages\Banana\Ripe\Banana_Ripe_011.jpg,156.87483523146685,138.30043235263102,145.70283665506696
Banana,Ripe,Banana_Ripe_019.jpg,C:\Users\user\code\ip-asgm\results\preprocessing\MedianFinal\ProcessedImages\Banana\Ripe\Banana_Ripe_019.jpg,169.44193050020152,130.8042519367695,145.56147284044602
Banana,Overripe,Banana_Overripe_071.jpg,C:\Users\user\code\ip-asgm\results\preprocessing\MedianFinal\ProcessedImages\Banana\Overripe\Banana_Overripe_071.jpg,175.46376505581668,129.75245575058756,132.40931165540542
Banana,Ripe,Banana_Ripe_045.jpg,C:\Users\user\code\ip-asgm\results\preprocessing\MedianFinal\ProcessedImages\Banana\Ripe\Banana_Ripe_045.jpg,178.37130536237188,116.31295754026354,161.62609809663252
Banana,Ripe,Banana_Ripe_091.jpg,C:\Users\user\code\ip-asgm\results\preprocessing\MedianFinal\ProcessedImages\Banana\Ripe\Banana_Ripe_091.jpg,183.09148994018489,126.69848592985318,153.079985725938
Banana,Overripe,Banana_Overripe_074.jpg,C:\Users\user\code\ip-asgm\results\preprocessing\MedianFinal\ProcessedImages\Banana\Overripe\Banana_Overripe_074.jpg,73.16876320720864,132.93809058649975,130.4792671743551
Banana,Overripe,Banana_Overripe_001.jpg,C:\Users\user\code\ip-asgm\results\preprocessing\MedianFinal\ProcessedImages\Banana\Overripe\Banana_Overripe_001.jpg,133.25301000508733,134.45209428522978,148.5944265445707
Banana,Unripe,Banana_Unripe_084.jpg,C:\Users\user\code\ip-asgm\results\preprocessing\MedianFinal\ProcessedImages\Banana\Unripe\Banana_Unripe_084.jpg,167.5765256194465,134.2152503229342,166.54824441225975
Banana,Overripe,Banana_Overripe_046.jpg,C:\Users\user\code\ip-asgm\results\preprocessing\MedianFinal\ProcessedImages\Banana\Overripe\Banana_Overripe_046.jpg,97.03674396255076,143.01621353504666,170.2761648634405
Banana,Rotten,Banana_Rotten_078.jpg,C:\Users\user\code\ip-asgm\results\preprocessing\MedianFinal\ProcessedImages\Banana\Rotten\Banana_Rotten_078.jpg,142.31872675670385,135.1689787629673,147.87232090428654
Banana,Overripe,Banana_Overripe_045.jpg,C:\Users\user\code\ip-asgm\results\preprocessing\MedianFinal\ProcessedImages\Banana\Overripe\Banana_Overripe_045.jpg,96.1711122554068,148.74895296944732,169.84450738070717
Banana,Overripe,Banana_Overripe_034.jpg,C:\Users\user\code\ip-asgm\results\preprocessing\MedianFinal\ProcessedImages\Banana\Overripe\Banana_Overripe_034.jpg,120.58147267381528,132.36595901072295,137.12352992044276
Banana,Unripe,Banana_Unripe_034.jpg,C:\Users\user\code\ip-asgm\results\preprocessing\MedianFinal\ProcessedImages\Banana\Unripe\Banana_Unripe_034.jpg,143.97897717876634,133.57367289565073,162.75093021332893
Banana,Overripe,Banana_Overripe_011.jpg,C:\Users\user\code\ip-asgm\results\preprocessing\MedianFinal\ProcessedImages\Banana\Overripe\Banana_Overripe_011.jpg,127.20475074871993,134.7542266447686,150.85139116993528
Banana,Ripe,Banana_Ripe_078.jpg,C:\Users\user\code\ip-asgm\results\preprocessing\MedianFinal\ProcessedImages\Banana\Ripe\Banana_Ripe_078.jpg,175.1457303031447,119.58548831590471,152.76998942957454
Banana,Rotten,Banana_Rotten_040.jpg,C:\Users\user\code\ip-asgm\results\preprocessing\MedianFinal\ProcessedImages\Banana\Rotten\Banana_Rotten_040.jpg,159.2072888800819,129.61988919713332,130.92630205753161
Banana,Ripe,Banana_Ripe_077.jpg,C:\Users\user\code\ip-asgm\results\preprocessing\MedianFinal\ProcessedImages\Banana\Ripe\Banana_Ripe_077.jpg,171.6179582526691,134.31050775334955,144.377968603247
Banana,Unripe,Banana_Unripe_045.jpg,C:\Users\user\code\ip-asgm\results\preprocessing\MedianFinal\ProcessedImages\Banana\Unripe\Banana_Unripe_045.jpg,177.71241631964577,132.14264754976895,142.46394936130585
Banana,Ripe,Banana_Ripe_081.jpg,C:\Users\user\code\ip-asgm\results\preprocessing\MedianFinal\ProcessedImages\Banana\Ripe\Banana_Ripe_081.jpg,194.3105550883095,132.22318007662835,155.76861975516306
Banana,Ripe,Banana_Ripe_084.jpg,C:\Users\user\code\ip-asgm\results\preprocessing\MedianFinal\ProcessedImages\Banana\Ripe\Banana_Ripe_084.jpg,139.84316492782622,143.04065135057883,163.02256324138918
Banana,Unripe,Banana_Unripe_001.jpg,C:\Users\user\code\ip-asgm\results\preprocessing\MedianFinal\ProcessedImages\Banana\Unripe\Banana_Unripe_001.jpg,149.96878963835724,135.45623220678186,155.93728331031372
Banana,Rotten,Banana_Rotten_045.jpg,C:\Users\user\code\ip-asgm\results\preprocessing\MedianFinal\ProcessedImages\Banana\Rotten\Banana_Rotten_045.jpg,50.064559920266696,129.09203697975735,133.26189985221845
Banana,Unripe,Banana_Unripe_071.jpg,C:\Users\user\code\ip-asgm\results\preprocessing\MedianFinal\ProcessedImages\Banana\Unripe\Banana_Unripe_071.jpg,156.9428296362725,134.662800358716,161.20219977316486
Banana,Unripe,Banana_Unripe_054.jpg,C:\Users\user\code\ip-asgm\results\preprocessing\MedianFinal\ProcessedImages\Banana\Unripe\Banana_Unripe_054.jpg,131.67263812576311,140.90605921855922,175.3431394993895
Banana,Unripe,Banana_Unripe_091.jpg,C:\Users\user\code\ip-asgm\results\preprocessing\MedianFinal\ProcessedImages\Banana\Unripe\Banana_Unripe_091.jpg,126.36687791970206,135.3640439711215,160.0896573127307
Banana,Rotten,Banana_Rotten_023.jpg,C:\Users\user\code\ip-asgm\results\preprocessing\MedianFinal\ProcessedImages\Banana\Rotten\Banana_Rotten_023.jpg,87.14321194044211,137.4277415630337,146.2887511125009
Banana,Ripe,Banana_Ripe_034.jpg,C:\Users\user\code\ip-asgm\results\preprocessing\MedianFinal\ProcessedImages\Banana\Ripe\Banana_Ripe_034.jpg,153.1890243902439,132.85120292019246,185.71727227476356
Banana,Overripe,Banana_Overripe_091.jpg,C:\Users\user\code\ip-asgm\results\preprocessing\MedianFinal\ProcessedImages\Banana\Overripe\Banana_Overripe_091.jpg,141.7025650455875,134.17147060332883,137.19839545664482
Banana,Unripe,Banana_Unripe_078.jpg,C:\Users\user\code\ip-asgm\results\preprocessing\MedianFinal\ProcessedImages\Banana\Unripe\Banana_Unripe_078.jpg,118.00992734195904,137.16394684695186,167.53585305202625
Banana,Unripe,Banana_Unripe_074.jpg,C:\Users\user\code\ip-asgm\results\preprocessing\MedianFinal\ProcessedImages\Banana\Unripe\Banana_Unripe_074.jpg,210.3998232896502,110.27190821380663,158.31286115983903
Banana,Ripe,Banana_Ripe_046.jpg,C:\Users\user\code\ip-asgm\results\preprocessing\MedianFinal\ProcessedImages\Banana\Ripe\Banana_Ripe_046.jpg,142.745015876616,129.3242572011794,180.3055965071445
Banana,Ripe,Banana_Ripe_005.jpg,C:\Users\user\code\ip-asgm\results\preprocessing\MedianFinal\ProcessedImages\Banana\Ripe\Banana_Ripe_005.jpg,158.50616404914965,129.05968752542924,145.83308243144276
Banana,Ripe,Banana_Ripe_032.jpg,C:\Users\user\code\ip-asgm\results\preprocessing\MedianFinal\ProcessedImages\Banana\Ripe\Banana_Ripe_032.jpg,180.4691267664077,135.30861130961986,149.3380149381037
Banana,Unripe,Banana_Unripe_031.jpg,C:\Users\user\code\ip-asgm\results\preprocessing\MedianFinal\ProcessedImages\Banana\Unripe\Banana_Unripe_031.jpg,202.45725673740677,130.9449840781347,145.61490991857409
Banana,Rotten,Banana_Rotten_032.jpg,C:\Users\user\code\ip-asgm\results\preprocessing\MedianFinal\ProcessedImages\Banana\Rotten\Banana_Rotten_032.jpg,38.81195689954814,128.93849763375312,131.19452019999466
Banana,Ripe,Banana_Ripe_031.jpg,C:\Users\user\code\ip-asgm\results\preprocessing\MedianFinal\ProcessedImages\Banana\Ripe\Banana_Ripe_031.jpg,177.2798287165757,123.53663371434456,143.69140665225004
Banana,Unripe,Banana_Unripe_019.jpg,C:\Users\user\code\ip-asgm\results\preprocessing\MedianFinal\ProcessedImages\Banana\Unripe\Banana_Unripe_019.jpg,167.6160477732453,97.80235712183018,164.3060368392279
Banana,Rotten,Banana_Rotten_081.jpg,C:\Users\user\code\ip-asgm\results\preprocessing\MedianFinal\ProcessedImages\Banana\Rotten\Banana_Rotten_081.jpg,101.93345697329377,130.03127101879326,141.1284668644906
Banana,Unripe,Banana_Unripe_023.jpg,C:\Users\user\code\ip-asgm\results\preprocessing\MedianFinal\ProcessedImages\Banana\Unripe\Banana_Unripe_023.jpg,157.9332895600788,133.27070912672357,152.46298095863426
Banana,Unripe,Banana_Unripe_081.jpg,C:\Users\user\code\ip-asgm\results\preprocessing\MedianFinal\ProcessedImages\Banana\Unripe\Banana_Unripe_081.jpg,152.11571189990192,135.01341356731967,155.19464252578004
Banana,Rotten,Banana_Rotten_046.jpg,C:\Users\user\code\ip-asgm\results\preprocessing\MedianFinal\ProcessedImages\Banana\Rotten\Banana_Rotten_046.jpg,173.1442767403469,132.91702399073816,148.34111227836974
Banana,Overripe,Banana_Overripe_077.jpg,C:\Users\user\code\ip-asgm\results\preprocessing\MedianFinal\ProcessedImages\Banana\Overripe\Banana_Overripe_077.jpg,123.40555538452065,129.4134597623299,140.36109229727234
Banana,Unripe,Banana_Unripe_046.jpg,C:\Users\user\code\ip-asgm\results\preprocessing\MedianFinal\ProcessedImages\Banana\Unripe\Banana_Unripe_046.jpg,136.1457367539623,135.47279192252614,156.38295187010024
Banana,Overripe,Banana_Overripe_078.jpg,C:\Users\user\code\ip-asgm\results\preprocessing\MedianFinal\ProcessedImages\Banana\Overripe\Banana_Overripe_078.jpg,211.6935580836108,132.3981378715008,147.1185488346282
Banana,Rotten,Banana_Rotten_071.jpg,C:\Users\user\code\ip-asgm\results\preprocessing\MedianFinal\ProcessedImages\Banana\Rotten\Banana_Rotten_071.jpg,133.27106421121252,134.45604395604394,151.04911878375862
Banana,Rotten,Banana_Rotten_001.jpg,C:\Users\user\code\ip-asgm\results\preprocessing\MedianFinal\ProcessedImages\Banana\Rotten\Banana_Rotten_001.jpg,96.40331411114543,128.6918614629458,138.636031304706
Banana,Ripe,Banana_Ripe_074.jpg,C:\Users\user\code\ip-asgm\results\preprocessing\MedianFinal\ProcessedImages\Banana\Ripe\Banana_Ripe_074.jpg,177.46629382933267,124.75207992962171,160.82610908633907
Banana,Overripe,Banana_Overripe_040.jpg,C:\Users\user\code\ip-asgm\results\preprocessing\MedianFinal\ProcessedImages\Banana\Overripe\Banana_Overripe_040.jpg,197.8918060235451,128.5589458796123,141.42400370231707
Banana,Unripe,Banana_Unripe_032.jpg,C:\Users\user\code\ip-asgm\results\preprocessing\MedianFinal\ProcessedImages\Banana\Unripe\Banana_Unripe_032.jpg,132.37602742250562,139.35540525598023,168.7489403265637
Banana,Overripe,Banana_Overripe_005.jpg,C:\Users\user\code\ip-asgm\results\preprocessing\MedianFinal\ProcessedImages\Banana\Overripe\Banana_Overripe_005.jpg,88.70189938398357,131.99732326195365,137.14331915517747
Banana,Overripe,Banana_Overripe_013.jpg,C:\Users\user\code\ip-asgm\results\preprocessing\MedianFinal\ProcessedImages\Banana\Overripe\Banana_Overripe_013.jpg,160.55862392140386,132.57144588436802,162.54942151698285
Banana,Rotten,Banana_Rotten_091.jpg,C:\Users\user\code\ip-asgm\results\preprocessing\MedianFinal\ProcessedImages\Banana\Rotten\Banana_Rotten_091.jpg,90.22805641211681,128.1570197714493,130.01252494104844
Banana,Rotten,Banana_Rotten_013.jpg,C:\Users\user\code\ip-asgm\results\preprocessing\MedianFinal\ProcessedImages\Banana\Rotten\Banana_Rotten_013.jpg,146.91933831410378,135.6686132652418,157.5248565664208
Banana,Rotten,Banana_Rotten_011.jpg,C:\Users\user\code\ip-asgm\results\preprocessing\MedianFinal\ProcessedImages\Banana\Rotten\Banana_Rotten_011.jpg,109.89914577324163,156.06039494120256,159.0888562236521
Banana,Unripe,Banana_Unripe_077.jpg,C:\Users\user\code\ip-asgm\results\preprocessing\MedianFinal\ProcessedImages\Banana\Unripe\Banana_Unripe_077.jpg,165.50994109930812,128.9093662388436,140.34533424213586
Banana,Ripe,Banana_Ripe_040.jpg,C:\Users\user\code\ip-asgm\results\preprocessing\MedianFinal\ProcessedImages\Banana\Ripe\Banana_Ripe_040.jpg,115.46449938637758,137.46588642871754,177.11638371855184
Banana,Overripe,Banana_Overripe_084.jpg,C:\Users\user\code\ip-asgm\results\preprocessing\MedianFinal\ProcessedImages\Banana\Overripe\Banana_Overripe_084.jpg,174.63541136196457,132.45484637582754,144.23253692072655
Banana,Overripe,Banana_Overripe_031.jpg,C:\Users\user\code\ip-asgm\results\preprocessing\MedianFinal\ProcessedImages\Banana\Overripe\Banana_Overripe_031.jpg,73.18418560606061,138.2943215638528,130.9921875
Banana,Rotten,Banana_Rotten_019.jpg,C:\Users\user\code\ip-asgm\results\preprocessing\MedianFinal\ProcessedImages\Banana\Rotten\Banana_Rotten_019.jpg,38.72803594008365,131.04423815776676,127.78119224783582
Banana,Overripe,Banana_Overripe_032.jpg,C:\Users\user\code\ip-asgm\results\preprocessing\MedianFinal\ProcessedImages\Banana\Overripe\Banana_Overripe_032.jpg,173.3222355050807,139.15482665869695,145.15282426778242
Banana,Overripe,Banana_Overripe_081.jpg,C:\Users\user\code\ip-asgm\results\preprocessing\MedianFinal\ProcessedImages\Banana\Overripe\Banana_Overripe_081.jpg,115.21927858353739,139.74924656244113,163.8517234884159
Banana,Rotten,Banana_Rotten_054.jpg,C:\Users\user\code\ip-asgm\results\preprocessing\MedianFinal\ProcessedImages\Banana\Rotten\Banana_Rotten_054.jpg,69.27651515151516,132.37598262964372,141.18991695194623
Banana,Ripe,Banana_Ripe_023.jpg,C:\Users\user\code\ip-asgm\results\preprocessing\MedianFinal\ProcessedImages\Banana\Ripe\Banana_Ripe_023.jpg,199.29627183161665,131.4660434393193,181.03858038513212
Banana,Ripe,Banana_Ripe_071.jpg,C:\Users\user\code\ip-asgm\results\preprocessing\MedianFinal\ProcessedImages\Banana\Ripe\Banana_Ripe_071.jpg,183.49392185068152,133.28211809649576,174.53777177757866
Grape,Rotten,Grape_Rotten_074.jpg,C:\Users\user\code\ip-asgm\results\preprocessing\MedianFinal\ProcessedImages\Grape\Rotten\Grape_Rotten_074.jpg,81.72355250668737,127.5757399257917,116.3805979808439
Grape,Unripe,Grape_Unripe_091.jpg,C:\Users\user\code\ip-asgm\results\preprocessing\MedianFinal\ProcessedImages\Grape\Unripe\Grape_Unripe_091.jpg,128.22462115978075,128.84777301828566,132.91576850444474
Grape,Ripe,Grape_Ripe_032.jpg,C:\Users\user\code\ip-asgm\results\preprocessing\MedianFinal\ProcessedImages\Grape\Ripe\Grape_Ripe_032.jpg,242.27616279069767,127.32703488372093,131.2485465116279
Grape,Unripe,Grape_Unripe_046.jpg,C:\Users\user\code\ip-asgm\results\preprocessing\MedianFinal\ProcessedImages\Grape\Unripe\Grape_Unripe_046.jpg,231.14349593495936,126.78170731707317,122.2560975609756
Grape,Ripe,Grape_Ripe_054.jpg,C:\Users\user\code\ip-asgm\results\preprocessing\MedianFinal\ProcessedImages\Grape\Ripe\Grape_Ripe_054.jpg,155.25148075932603,128.6410952100655,142.8794422779781
Grape,Overripe,Grape_Overripe_077.jpg,C:\Users\user\code\ip-asgm\results\preprocessing\MedianFinal\ProcessedImages\Grape\Overripe\Grape_Overripe_077.jpg,49.58605313092979,127.58805909460558,131.8889400921659
Grape,Overripe,Grape_Overripe_091.jpg,C:\Users\user\code\ip-asgm\results\preprocessing\MedianFinal\ProcessedImages\Grape\Overripe\Grape_Overripe_091.jpg,84.6650626475395,126.09704315719388,150.41450275407058
Grape,Rotten,Grape_Rotten_031.jpg,C:\Users\user\code\ip-asgm\results\preprocessing\MedianFinal\ProcessedImages\Grape\Rotten\Grape_Rotten_031.jpg,117.4394852135816,138.67889740781308,152.668994158452
Grape,Rotten,Grape_Rotten_045.jpg,C:\Users\user\code\ip-asgm\results\preprocessing\MedianFinal\ProcessedImages\Grape\Rotten\Grape_Rotten_045.jpg,168.96880938806538,136.83936122196883,136.9094035062714
Grape,Rotten,Grape_Rotten_001.jpg,C:\Users\user\code\ip-asgm\results\preprocessing\MedianFinal\ProcessedImages\Grape\Rotten\Grape_Rotten_001.jpg,87.61494476268412,134.24132569558103,137.48438011456628
Grape,Overripe,Grape_Overripe_040.jpg,C:\Users\user\code\ip-asgm\results\preprocessing\MedianFinal\ProcessedImages\Grape\Overripe\Grape_Overripe_040.jpg,71.43754243041413,133.09360149355058,154.1764044467074
Grape,Overripe,Grape_Overripe_045.jpg,C:\Users\user\code\ip-asgm\results\preprocessing\MedianFinal\ProcessedImages\Grape\Overripe\Grape_Overripe_045.jpg,73.48733704226521,135.89448227185918,157.5251598438927
Grape,Rotten,Grape_Rotten_011.jpg,C:\Users\user\code\ip-asgm\results\preprocessing\MedianFinal\ProcessedImages\Grape\Rotten\Grape_Rotten_011.jpg,65.78882216603455,127.14675516224189,128.37887168141592
Grape,Rotten,Grape_Rotten_013.jpg,C:\Users\user\code\ip-asgm\results\preprocessing\MedianFinal\ProcessedImages\Grape\Rotten\Grape_Rotten_013.jpg,89.74078175505807,129.51807733748353,138.29616604812642
Grape,Unripe,Grape_Unripe_084.jpg,C:\Users\user\code\ip-asgm\results\preprocessing\MedianFinal\ProcessedImages\Grape\Unripe\Grape_Unripe_084.jpg,135.69472361809045,129.52386934673368,138.3999162479062
Grape,Rotten,Grape_Rotten_005.jpg,C:\Users\user\code\ip-asgm\results\preprocessing\MedianFinal\ProcessedImages\Grape\Rotten\Grape_Rotten_005.jpg,152.43218187413447,135.02321511001693,163.1326165563933
Grape,Rotten,Grape_Rotten_034.jpg,C:\Users\user\code\ip-asgm\results\preprocessing\MedianFinal\ProcessedImages\Grape\Rotten\Grape_Rotten_034.jpg,94.85340204017247,126.95333368387843,129.7978756967084
Grape,Ripe,Grape_Ripe_071.jpg,C:\Users\user\code\ip-asgm\results\preprocessing\MedianFinal\ProcessedImages\Grape\Ripe\Grape_Ripe_071.jpg,149.6012770414535,132.18468758812392,140.82071063126938
Grape,Unripe,Grape_Unripe_031.jpg,C:\Users\user\code\ip-asgm\results\preprocessing\MedianFinal\ProcessedImages\Grape\Unripe\Grape_Unripe_031.jpg,160.6556299166373,114.44924122343548,172.33152812023013
Grape,Overripe,Grape_Overripe_046.jpg,C:\Users\user\code\ip-asgm\results\preprocessing\MedianFinal\ProcessedImages\Grape\Overripe\Grape_Overripe_046.jpg,129.7987849779087,128.59192439862542,162.919734904271
Grape,Overripe,Grape_Overripe_081.jpg,C:\Users\user\code\ip-asgm\results\preprocessing\MedianFinal\ProcessedImages\Grape\Overripe\Grape_Overripe_081.jpg,128.96548939377624,135.41428879078282,151.42319909550986
Grape,Rotten,Grape_Rotten_019.jpg,C:\Users\user\code\ip-asgm\results\preprocessing\MedianFinal\ProcessedImages\Grape\Rotten\Grape_Rotten_019.jpg,67.86006503723907,128.08971467533829,125.94435120109095
Grape,Overripe,Grape_Overripe_013.jpg,C:\Users\user\code\ip-asgm\results\preprocessing\MedianFinal\ProcessedImages\Grape\Overripe\Grape_Overripe_013.jpg,171.58329141515762,125.90404929577464,149.0814889336016
Grape,Overripe,Grape_Overripe_078.jpg,C:\Users\user\code\ip-asgm\results\preprocessing\MedianFinal\ProcessedImages\Grape\Overripe\Grape_Overripe_078.jpg,100.37594670406732,133.60528284244975,160.16467975689574
Grape,Unripe,Grape_Unripe_054.jpg,C:\Users\user\code\ip-asgm\results\preprocessing\MedianFinal\ProcessedImages\Grape\Unripe\Grape_Unripe_054.jpg,147.3421550094518,116.89674518927828,141.02593185012844
Grape,Rotten,Grape_Rotten_046.jpg,C:\Users\user\code\ip-asgm\results\preprocessing\MedianFinal\ProcessedImages\Grape\Rotten\Grape_Rotten_046.jpg,141.0655276816609,135.1998053633218,153.06987456747405
Grape,Ripe,Grape_Ripe_077.jpg,C:\Users\user\code\ip-asgm\results\preprocessing\MedianFinal\ProcessedImages\Grape\Ripe\Grape_Ripe_077.jpg,96.77586026488086,123.86220813776197,134.05099554545725
Grape,Ripe,Grape_Ripe_045.jpg,C:\Users\user\code\ip-asgm\results\preprocessing\MedianFinal\ProcessedImages\Grape\Ripe\Grape_Ripe_045.jpg,153.39909316402694,130.31309166211543,151.26925177498634
Grape,Ripe,Grape_Ripe_011.jpg,C:\Users\user\code\ip-asgm\results\preprocessing\MedianFinal\ProcessedImages\Grape\Ripe\Grape_Ripe_011.jpg,227.14106145251398,118.17178770949721,127.86871508379889
Grape,Unripe,Grape_Unripe_077.jpg,C:\Users\user\code\ip-asgm\results\preprocessing\MedianFinal\ProcessedImages\Grape\Unripe\Grape_Unripe_077.jpg,65.33715156794425,107.39701655052265,156.36019163763066
Grape,Unripe,Grape_Unripe_013.jpg,C:\Users\user\code\ip-asgm\results\preprocessing\MedianFinal\ProcessedImages\Grape\Unripe\Grape_Unripe_013.jpg,95.88740206879667,129.92694944301627,149.69388082996696
Grape,Ripe,Grape_Ripe_005.jpg,C:\Users\user\code\ip-asgm\results\preprocessing\MedianFinal\ProcessedImages\Grape\Ripe\Grape_Ripe_005.jpg,235.53334442042242,127.3548977216032,129.01326293031764
Grape,Overripe,Grape_Overripe_032.jpg,C:\Users\user\code\ip-asgm\results\preprocessing\MedianFinal\ProcessedImages\Grape\Overripe\Grape_Overripe_032.jpg,107.29924242424242,128.05525987725355,160.27898446490218
Grape,Ripe,Grape_Ripe_040.jpg,C:\Users\user\code\ip-asgm\results\preprocessing\MedianFinal\ProcessedImages\Grape\Ripe\Grape_Ripe_040.jpg,188.12755102040816,110.421768707483,137.29761904761904
Grape,Overripe,Grape_Overripe_074.jpg,C:\Users\user\code\ip-asgm\results\preprocessing\MedianFinal\ProcessedImages\Grape\Overripe\Grape_Overripe_074.jpg,104.15831394060284,130.6269808289007,152.9319176640071
Grape,Overripe,Grape_Overripe_001.jpg,C:\Users\user\code\ip-asgm\results\preprocessing\MedianFinal\ProcessedImages\Grape\Overripe\Grape_Overripe_001.jpg,104.26998964023356,132.75412036165002,154.6719250329629
Grape,Overripe,Grape_Overripe_034.jpg,C:\Users\user\code\ip-asgm\results\preprocessing\MedianFinal\ProcessedImages\Grape\Overripe\Grape_Overripe_034.jpg,115.11911644326204,127.88129924281183,132.67611659674614
Grape,Unripe,Grape_Unripe_071.jpg,C:\Users\user\code\ip-asgm\results\preprocessing\MedianFinal\ProcessedImages\Grape\Unripe\Grape_Unripe_071.jpg,145.9323897531875,125.10790735758569,137.2203474090537
Grape,Ripe,Grape_Ripe_019.jpg,C:\Users\user\code\ip-asgm\results\preprocessing\MedianFinal\ProcessedImages\Grape\Ripe\Grape_Ripe_019.jpg,98.34417732454015,117.52054318282379,165.3201470681191
Grape,Ripe,Grape_Ripe_084.jpg,C:\Users\user\code\ip-asgm\results\preprocessing\MedianFinal\ProcessedImages\Grape\Ripe\Grape_Ripe_084.jpg,77.46723300970874,129.67236579097658,113.23273605558728
Grape,Overripe,Grape_Overripe_031.jpg,C:\Users\user\code\ip-asgm\results\preprocessing\MedianFinal\ProcessedImages\Grape\Overripe\Grape_Overripe_031.jpg,60.881312236785135,128.0172688629118,138.67618176093202
Grape,Unripe,Grape_Unripe_040.jpg,C:\Users\user\code\ip-asgm\results\preprocessing\MedianFinal\ProcessedImages\Grape\Unripe\Grape_Unripe_040.jpg,213.3962048981118,115.70391661992896,164.71965787997758
Grape,Unripe,Grape_Unripe_078.jpg,C:\Users\user\code\ip-asgm\results\preprocessing\MedianFinal\ProcessedImages\Grape\Unripe\Grape_Unripe_078.jpg,100.92195492879856,127.95807410479746,133.5386423337481
Grape,Overripe,Grape_Overripe_005.jpg,C:\Users\user\code\ip-asgm\results\preprocessing\MedianFinal\ProcessedImages\Grape\Overripe\Grape_Overripe_005.jpg,59.75570198450665,128.27935094595847,141.30337026634982
Grape,Ripe,Grape_Ripe_091.jpg,C:\Users\user\code\ip-asgm\results\preprocessing\MedianFinal\ProcessedImages\Grape\Ripe\Grape_Ripe_091.jpg,115.42655803996195,127.53945647002854,150.75120421027592
Grape,Overripe,Grape_Overripe_011.jpg,C:\Users\user\code\ip-asgm\results\preprocessing\MedianFinal\ProcessedImages\Grape\Overripe\Grape_Overripe_011.jpg,124.44212335398916,128.73111928737413,157.070100697134
Grape,Overripe,Grape_Overripe_071.jpg,C:\Users\user\code\ip-asgm\results\preprocessing\MedianFinal\ProcessedImages\Grape\Overripe\Grape_Overripe_071.jpg,89.7847846824748,132.1902085036795,149.96712319433087
Grape,Ripe,Grape_Ripe_034.jpg,C:\Users\user\code\ip-asgm\results\preprocessing\MedianFinal\ProcessedImages\Grape\Ripe\Grape_Ripe_034.jpg,250.61,121.9,144.74
Grape,Unripe,Grape_Unripe_023.jpg,C:\Users\user\code\ip-asgm\results\preprocessing\MedianFinal\ProcessedImages\Grape\Unripe\Grape_Unripe_023.jpg,105.57680698095604,118.3376872839032,150.3626173096976
Grape,Rotten,Grape_Rotten_081.jpg,C:\Users\user\code\ip-asgm\results\preprocessing\MedianFinal\ProcessedImages\Grape\Rotten\Grape_Rotten_081.jpg,176.5650205032894,123.13087441366493,135.65885624096526
Grape,Ripe,Grape_Ripe_013.jpg,C:\Users\user\code\ip-asgm\results\preprocessing\MedianFinal\ProcessedImages\Grape\Ripe\Grape_Ripe_013.jpg,148.2699666450477,129.66390252941721,138.0552673028815
Grape,Ripe,Grape_Ripe_023.jpg,C:\Users\user\code\ip-asgm\results\preprocessing\MedianFinal\ProcessedImages\Grape\Ripe\Grape_Ripe_023.jpg,148.33775371561669,119.0706383096717,147.48560891748002
Grape,Unripe,Grape_Unripe_032.jpg,C:\Users\user\code\ip-asgm\results\preprocessing\MedianFinal\ProcessedImages\Grape\Unripe\Grape_Unripe_032.jpg,178.40355136708175,124.53274736058474,152.19442000541417
Grape,Ripe,Grape_Ripe_078.jpg,C:\Users\user\code\ip-asgm\results\preprocessing\MedianFinal\ProcessedImages\Grape\Ripe\Grape_Ripe_078.jpg,85.3322380159391,129.99782175567978,149.84341917449746
Grape,Ripe,Grape_Ripe_046.jpg,C:\Users\user\code\ip-asgm\results\preprocessing\MedianFinal\ProcessedImages\Grape\Ripe\Grape_Ripe_046.jpg,241.77056962025316,119.84335443037975,129.69620253164558
Grape,Rotten,Grape_Rotten_071.jpg,C:\Users\user\code\ip-asgm\results\preprocessing\MedianFinal\ProcessedImages\Grape\Rotten\Grape_Rotten_071.jpg,168.36894343649948,134.24167556029883,170.98772678762006
Grape,Rotten,Grape_Rotten_032.jpg,C:\Users\user\code\ip-asgm\results\preprocessing\MedianFinal\ProcessedImages\Grape\Rotten\Grape_Rotten_032.jpg,70.07628780840301,127.07040363373594,128.8248683803035
Grape,Unripe,Grape_Unripe_034.jpg,C:\Users\user\code\ip-asgm\results\preprocessing\MedianFinal\ProcessedImages\Grape\Unripe\Grape_Unripe_034.jpg,152.34614188618897,113.89532339745014,155.1617264892719
Grape,Unripe,Grape_Unripe_045.jpg,C:\Users\user\code\ip-asgm\results\preprocessing\MedianFinal\ProcessedImages\Grape\Unripe\Grape_Unripe_045.jpg,133.85260860773147,117.34760372080483,150.78139429072158
Grape,Overripe,Grape_Overripe_019.jpg,C:\Users\user\code\ip-asgm\results\preprocessing\MedianFinal\ProcessedImages\Grape\Overripe\Grape_Overripe_019.jpg,98.29976635514019,126.83042990654205,142.52609345794392
Grape,Rotten,Grape_Rotten_023.jpg,C:\Users\user\code\ip-asgm\results\preprocessing\MedianFinal\ProcessedImages\Grape\Rotten\Grape_Rotten_023.jpg,168.9690260475651,115.1451302378256,170.65999748332703
Grape,Rotten,Grape_Rotten_078.jpg,C:\Users\user\code\ip-asgm\results\preprocessing\MedianFinal\ProcessedImages\Grape\Rotten\Grape_Rotten_078.jpg,130.88185582075013,127.26592791037505,127.76249391134924
Grape,Rotten,Grape_Rotten_084.jpg,C:\Users\user\code\ip-asgm\results\preprocessing\MedianFinal\ProcessedImages\Grape\Rotten\Grape_Rotten_084.jpg,132.6457014434034,134.9709736642188,146.05878070397569
Grape,Unripe,Grape_Unripe_019.jpg,C:\Users\user\code\ip-asgm\results\preprocessing\MedianFinal\ProcessedImages\Grape\Unripe\Grape_Unripe_019.jpg,141.58058651920228,128.86127318644952,140.93232387006879
Grape,Ripe,Grape_Ripe_081.jpg,C:\Users\user\code\ip-asgm\results\preprocessing\MedianFinal\ProcessedImages\Grape\Ripe\Grape_Ripe_081.jpg,59.388166380051594,131.2692211235311,126.46409250501577
Grape,Rotten,Grape_Rotten_077.jpg,C:\Users\user\code\ip-asgm\results\preprocessing\MedianFinal\ProcessedImages\Grape\Rotten\Grape_Rotten_077.jpg,158.38118952760388,143.16704610130904,140.32270916334662
Grape,Rotten,Grape_Rotten_054.jpg,C:\Users\user\code\ip-asgm\results\preprocessing\MedianFinal\ProcessedImages\Grape\Rotten\Grape_Rotten_054.jpg,141.13129907209137,137.64164882226981,157.23344039971448
Grape,Overripe,Grape_Overripe_054.jpg,C:\Users\user\code\ip-asgm\results\preprocessing\MedianFinal\ProcessedImages\Grape\Overripe\Grape_Overripe_054.jpg,76.41052005812674,129.91391078427054,130.53037342022986
Grape,Rotten,Grape_Rotten_040.jpg,C:\Users\user\code\ip-asgm\results\preprocessing\MedianFinal\ProcessedImages\Grape\Rotten\Grape_Rotten_040.jpg,183.03037706707852,128.66111895188135,137.7740127286768
Grape,Overripe,Grape_Overripe_023.jpg,C:\Users\user\code\ip-asgm\results\preprocessing\MedianFinal\ProcessedImages\Grape\Overripe\Grape_Overripe_023.jpg,115.47126307922272,132.23221225710014,166.70829596412557
Grape,Ripe,Grape_Ripe_001.jpg,C:\Users\user\code\ip-asgm\results\preprocessing\MedianFinal\ProcessedImages\Grape\Ripe\Grape_Ripe_001.jpg,105.87339825730395,136.04066595884893,141.2340374899319
Grape,Overripe,Grape_Overripe_084.jpg,C:\Users\user\code\ip-asgm\results\preprocessing\MedianFinal\ProcessedImages\Grape\Overripe\Grape_Overripe_084.jpg,111.61796514069718,128.81662116757664,155.48990270194597
Grape,Rotten,Grape_Rotten_091.jpg,C:\Users\user\code\ip-asgm\results\preprocessing\MedianFinal\ProcessedImages\Grape\Rotten\Grape_Rotten_091.jpg,68.91136245449817,127.83907956318252,127.07124284971398
Guava,Defect,Guava_Defect_001.jpg,C:\Users\user\code\ip-asgm\results\preprocessing\MedianFinal\ProcessedImages\Guava\Defect\Guava_Defect_001.jpg,113.61415856750476,135.87082717092753,158.4627350517642
Guava,Defect,Guava_Defect_019.jpg,C:\Users\user\code\ip-asgm\results\preprocessing\MedianFinal\ProcessedImages\Guava\Defect\Guava_Defect_019.jpg,125.88962374171372,134.2666799656273,146.13888718389393
Guava,Defect,Guava_Defect_045.jpg,C:\Users\user\code\ip-asgm\results\preprocessing\MedianFinal\ProcessedImages\Guava\Defect\Guava_Defect_045.jpg,101.66744147888865,136.10503719098665,154.23208816451543
Guava,Class_A,Guava_Class_A_011.jpg,C:\Users\user\code\ip-asgm\results\preprocessing\MedianFinal\ProcessedImages\Guava\Class_A\Guava_Class_A_011.jpg,142.07738876732313,132.7673231218089,176.87283005105763
Guava,Class_A,Guava_Class_A_091.jpg,C:\Users\user\code\ip-asgm\results\preprocessing\MedianFinal\ProcessedImages\Guava\Class_A\Guava_Class_A_091.jpg,169.1080995403392,130.22335816558356,149.0511174512601
Guava,Class_A,Guava_Class_A_077.jpg,C:\Users\user\code\ip-asgm\results\preprocessing\MedianFinal\ProcessedImages\Guava\Class_A\Guava_Class_A_077.jpg,132.3272218952325,132.7771041789288,171.97339611536196
Guava,Class_A,Guava_Class_A_045.jpg,C:\Users\user\code\ip-asgm\results\preprocessing\MedianFinal\ProcessedImages\Guava\Class_A\Guava_Class_A_045.jpg,131.80191894962758,134.2323885872996,173.74349829566975
Guava,Class_B,Guava_Class_B_031.jpg,C:\Users\user\code\ip-asgm\results\preprocessing\MedianFinal\ProcessedImages\Guava\Class_B\Guava_Class_B_031.jpg,102.05302450229709,134.48241632028004,146.9779862174579
Guava,Class_A,Guava_Class_A_001.jpg,C:\Users\user\code\ip-asgm\results\preprocessing\MedianFinal\ProcessedImages\Guava\Class_A\Guava_Class_A_001.jpg,132.24974288652726,134.8605016569535,174.9525197120329
Guava,Class_A,Guava_Class_A_032.jpg,C:\Users\user\code\ip-asgm\results\preprocessing\MedianFinal\ProcessedImages\Guava\Class_A\Guava_Class_A_032.jpg,203.52299750517543,129.0859453792664,131.80667100164553
Guava,Defect,Guava_Defect_032.jpg,C:\Users\user\code\ip-asgm\results\preprocessing\MedianFinal\ProcessedImages\Guava\Defect\Guava_Defect_032.jpg,108.47487521787356,133.32687965457137,152.90195690064965
Guava,Defect,Guava_Defect_054.jpg,C:\Users\user\code\ip-asgm\results\preprocessing\MedianFinal\ProcessedImages\Guava\Defect\Guava_Defect_054.jpg,106.58250725338492,135.59517045454547,155.47128868471953
Guava,Class_A,Guava_Class_A_019.jpg,C:\Users\user\code\ip-asgm\results\preprocessing\MedianFinal\ProcessedImages\Guava\Class_A\Guava_Class_A_019.jpg,106.7352510460251,132.96663179916317,164.66663179916318
Guava,Class_B,Guava_Class_B_084.jpg,C:\Users\user\code\ip-asgm\results\preprocessing\MedianFinal\ProcessedImages\Guava\Class_B\Guava_Class_B_084.jpg,170.22399288141077,130.33244620611552,137.89052742274714
Guava,Class_B,Guava_Class_B_045.jpg,C:\Users\user\code\ip-asgm\results\preprocessing\MedianFinal\ProcessedImages\Guava\Class_B\Guava_Class_B_045.jpg,171.19955858494342,129.31401045068583,133.9324181959925
Guava,Defect,Guava_Defect_077.jpg,C:\Users\user\code\ip-asgm\results\preprocessing\MedianFinal\ProcessedImages\Guava\Defect\Guava_Defect_077.jpg,103.54941137311236,138.92484495988228,158.14443257068777
Guava,Defect,Guava_Defect_023.jpg,C:\Users\user\code\ip-asgm\results\preprocessing\MedianFinal\ProcessedImages\Guava\Defect\Guava_Defect_023.jpg,101.7364999096984,136.4097525735958,154.34262235867797
Guava,Class_B,Guava_Class_B_078.jpg,C:\Users\user\code\ip-asgm\results\preprocessing\MedianFinal\ProcessedImages\Guava\Class_B\Guava_Class_B_078.jpg,170.16170776441817,130.52540433888507,137.8833808844508
Guava,Defect,Guava_Defect_031.jpg,C:\Users\user\code\ip-asgm\results\preprocessing\MedianFinal\ProcessedImages\Guava\Defect\Guava_Defect_031.jpg,180.6644800300816,130.74261039449377,137.35461932087563
Guava,Defect,Guava_Defect_074.jpg,C:\Users\user\code\ip-asgm\results\preprocessing\MedianFinal\ProcessedImages\Guava\Defect\Guava_Defect_074.jpg,96.8668472063854,136.2747006841505,150.5407354618016
Guava,Class_B,Guava_Class_B_005.jpg,C:\Users\user\code\ip-asgm\results\preprocessing\MedianFinal\ProcessedImages\Guava\Class_B\Guava_Class_B_005.jpg,119.65699106867878,134.6145287958115,157.34705112411456
Guava,Class_A,Guava_Class_A_078.jpg,C:\Users\user\code\ip-asgm\results\preprocessing\MedianFinal\ProcessedImages\Guava\Class_A\Guava_Class_A_078.jpg,193.6324374311349,128.61914974552704,132.38853035311402
Guava,Class_A,Guava_Class_A_081.jpg,C:\Users\user\code\ip-asgm\results\preprocessing\MedianFinal\ProcessedImages\Guava\Class_A\Guava_Class_A_081.jpg,169.96855135277121,131.07949172576832,141.4209548200683
Guava,Defect,Guava_Defect_091.jpg,C:\Users\user\code\ip-asgm\results\preprocessing\MedianFinal\ProcessedImages\Guava\Defect\Guava_Defect_091.jpg,112.38986280487805,135.2098153794038,152.5861845076784
Guava,Class_B,Guava_Class_B_040.jpg,C:\Users\user\code\ip-asgm\results\preprocessing\MedianFinal\ProcessedImages\Guava\Class_B\Guava_Class_B_040.jpg,129.4433100853446,133.42354547123063,147.85608424336974
Guava,Class_B,Guava_Class_B_013.jpg,C:\Users\user\code\ip-asgm\results\preprocessing\MedianFinal\ProcessedImages\Guava\Class_B\Guava_Class_B_013.jpg,104.54706255771006,133.92018698060943,147.8875807940905
Guava,Class_B,Guava_Class_B_091.jpg,C:\Users\user\code\ip-asgm\results\preprocessing\MedianFinal\ProcessedImages\Guava\Class_B\Guava_Class_B_091.jpg,158.23474331713246,130.41215066828676,138.1724103888214
Guava,Class_B,Guava_Class_B_011.jpg,C:\Users\user\code\ip-asgm\results\preprocessing\MedianFinal\ProcessedImages\Guava\Class_B\Guava_Class_B_011.jpg,155.02224440894568,130.2072484025559,135.9734125399361
Guava,Class_B,Guava_Class_B_054.jpg,C:\Users\user\code\ip-asgm\results\preprocessing\MedianFinal\ProcessedImages\Guava\Class_B\Guava_Class_B_054.jpg,110.19714727996461,134.6422674332891,156.6799351319475
Guava,Class_A,Guava_Class_A_040.jpg,C:\Users\user\code\ip-asgm\results\preprocessing\MedianFinal\ProcessedImages\Guava\Class_A\Guava_Class_A_040.jpg,150.0134763948498,132.89431330472104,162.13791845493563
Guava,Defect,Guava_Defect_013.jpg,C:\Users\user\code\ip-asgm\results\preprocessing\MedianFinal\ProcessedImages\Guava\Defect\Guava_Defect_013.jpg,134.12371452531227,138.23779626605463,163.43921304674052
Guava,Class_B,Guava_Class_B_074.jpg,C:\Users\user\code\ip-asgm\results\preprocessing\MedianFinal\ProcessedImages\Guava\Class_B\Guava_Class_B_074.jpg,163.08228153842992,131.83196291652106,143.05005961313134
Guava,Defect,Guava_Defect_081.jpg,C:\Users\user\code\ip-asgm\results\preprocessing\MedianFinal\ProcessedImages\Guava\Defect\Guava_Defect_081.jpg,117.53779036172426,134.96693343349128,154.1611724257483
Guava,Defect,Guava_Defect_084.jpg,C:\Users\user\code\ip-asgm\results\preprocessing\MedianFinal\ProcessedImages\Guava\Defect\Guava_Defect_084.jpg,144.9215898546242,134.09082121868235,153.1872293535416
Guava,Class_A,Guava_Class_A_005.jpg,C:\Users\user\code\ip-asgm\results\preprocessing\MedianFinal\ProcessedImages\Guava\Class_A\Guava_Class_A_005.jpg,130.53143826322932,132.0897421981004,163.4493080054274
Guava,Defect,Guava_Defect_046.jpg,C:\Users\user\code\ip-asgm\results\preprocessing\MedianFinal\ProcessedImages\Guava\Defect\Guava_Defect_046.jpg,102.04064697287919,137.03247420326912,148.32505022372385
Guava,Defect,Guava_Defect_040.jpg,C:\Users\user\code\ip-asgm\results\preprocessing\MedianFinal\ProcessedImages\Guava\Defect\Guava_Defect_040.jpg,182.37203979885675,129.37678364206818,134.5538530966605
Guava,Class_B,Guava_Class_B_046.jpg,C:\Users\user\code\ip-asgm\results\preprocessing\MedianFinal\ProcessedImages\Guava\Class_B\Guava_Class_B_046.jpg,113.28882176900909,132.9705165151851,148.51906450897806
Guava,Class_A,Guava_Class_A_034.jpg,C:\Users\user\code\ip-asgm\results\preprocessing\MedianFinal\ProcessedImages\Guava\Class_A\Guava_Class_A_034.jpg,124.15065869068424,134.0582571582202,172.15035623067615
Guava,Class_B,Guava_Class_B_071.jpg,C:\Users\user\code\ip-asgm\results\preprocessing\MedianFinal\ProcessedImages\Guava\Class_B\Guava_Class_B_071.jpg,125.85710218833547,133.33578819685118,152.6597064065749
Guava,Defect,Guava_Defect_078.jpg,C:\Users\user\code\ip-asgm\results\preprocessing\MedianFinal\ProcessedImages\Guava\Defect\Guava_Defect_078.jpg,99.19507876621657,139.27374569764362,165.06413820492455
Guava,Class_B,Guava_Class_B_023.jpg,C:\Users\user\code\ip-asgm\results\preprocessing\MedianFinal\ProcessedImages\Guava\Class_B\Guava_Class_B_023.jpg,108.82892092448017,136.63770580505528,157.26043518590092
Guava,Class_B,Guava_Class_B_032.jpg,C:\Users\user\code\ip-asgm\results\preprocessing\MedianFinal\ProcessedImages\Guava\Class_B\Guava_Class_B_032.jpg,103.33510821023704,135.83374842551243,148.20768922477959
Guava,Defect,Guava_Defect_034.jpg,C:\Users\user\code\ip-asgm\results\preprocessing\MedianFinal\ProcessedImages\Guava\Defect\Guava_Defect_034.jpg,108.23848039215686,134.36588235294118,153.0336642156863
Guava,Class_A,Guava_Class_A_023.jpg,C:\Users\user\code\ip-asgm\results\preprocessing\MedianFinal\ProcessedImages\Guava\Class_A\Guava_Class_A_023.jpg,127.66420765027323,134.49024199843873,171.68380171740827
Guava,Class_B,Guava_Class_B_081.jpg,C:\Users\user\code\ip-asgm\results\preprocessing\MedianFinal\ProcessedImages\Guava\Class_B\Guava_Class_B_081.jpg,112.6745567894019,133.298533995714,153.63357198519384
Guava,Class_A,Guava_Class_A_013.jpg,C:\Users\user\code\ip-asgm\results\preprocessing\MedianFinal\ProcessedImages\Guava\Class_A\Guava_Class_A_013.jpg,137.93993765984655,131.92235453964193,157.28156969309464
Guava,Defect,Guava_Defect_071.jpg,C:\Users\user\code\ip-asgm\results\preprocessing\MedianFinal\ProcessedImages\Guava\Defect\Guava_Defect_071.jpg,169.45428461833527,131.01231683927887,136.9067472190257
Guava,Class_A,Guava_Class_A_071.jpg,C:\Users\user\code\ip-asgm\results\preprocessing\MedianFinal\ProcessedImages\Guava\Class_A\Guava_Class_A_071.jpg,133.33353530031613,134.67489462592204,177.58274499473129
Guava,Class_A,Guava_Class_A_084.jpg,C:\Users\user\code\ip-asgm\results\preprocessing\MedianFinal\ProcessedImages\Guava\Class_A\Guava_Class_A_084.jpg,132.39135974056057,134.89135974056057,175.15360782951123
Guava,Defect,Guava_Defect_011.jpg,C:\Users\user\code\ip-asgm\results\preprocessing\MedianFinal\ProcessedImages\Guava\Defect\Guava_Defect_011.jpg,138.72561582483206,134.36638467280417,153.88888716098532
Guava,Defect,Guava_Defect_005.jpg,C:\Users\user\code\ip-asgm\results\preprocessing\MedianFinal\ProcessedImages\Guava\Defect\Guava_Defect_005.jpg,110.00831293059272,133.89897796504013,156.8615697773729
Guava,Class_A,Guava_Class_A_031.jpg,C:\Users\user\code\ip-asgm\results\preprocessing\MedianFinal\ProcessedImages\Guava\Class_A\Guava_Class_A_031.jpg,154.81341172773224,131.5519079171359,142.33714611214415
Guava,Class_B,Guava_Class_B_001.jpg,C:\Users\user\code\ip-asgm\results\preprocessing\MedianFinal\ProcessedImages\Guava\Class_B\Guava_Class_B_001.jpg,124.35051595643034,135.94147716415057,160.68939900630613
Guava,Class_A,Guava_Class_A_054.jpg,C:\Users\user\code\ip-asgm\results\preprocessing\MedianFinal\ProcessedImages\Guava\Class_A\Guava_Class_A_054.jpg,134.39863648057627,134.43877025984048,177.93452534087984
Guava,Class_B,Guava_Class_B_034.jpg,C:\Users\user\code\ip-asgm\results\preprocessing\MedianFinal\ProcessedImages\Guava\Class_B\Guava_Class_B_034.jpg,173.2160374050263,129.32471654003507,133.7392226767972
Guava,Class_A,Guava_Class_A_046.jpg,C:\Users\user\code\ip-asgm\results\preprocessing\MedianFinal\ProcessedImages\Guava\Class_A\Guava_Class_A_046.jpg,123.16346178319631,134.32696174501768,157.4819224210339
Guava,Class_A,Guava_Class_A_074.jpg,C:\Users\user\code\ip-asgm\results\preprocessing\MedianFinal\ProcessedImages\Guava\Class_A\Guava_Class_A_074.jpg,118.56089743589743,135.55723443223442,169.9705586080586
Guava,Class_B,Guava_Class_B_077.jpg,C:\Users\user\code\ip-asgm\results\preprocessing\MedianFinal\ProcessedImages\Guava\Class_B\Guava_Class_B_077.jpg,114.84294339204608,133.36861637310292,148.83842915697352
Guava,Class_B,Guava_Class_B_019.jpg,C:\Users\user\code\ip-asgm\results\preprocessing\MedianFinal\ProcessedImages\Guava\Class_B\Guava_Class_B_019.jpg,98.9739181254757,136.98492715015766,149.8771610307709
Mango,Ripe,Mango_Ripe_054.jpg,C:\Users\user\code\ip-asgm\results\preprocessing\MedianFinal\ProcessedImages\Mango\Ripe\Mango_Ripe_054.jpg,108.29920744088557,128.69789415078273,172.1852361302155
Mango,Overripe,Mango_Overripe_084.jpg,C:\Users\user\code\ip-asgm\results\preprocessing\MedianFinal\ProcessedImages\Mango\Overripe\Mango_Overripe_084.jpg,115.88778527402965,138.48284191237715,148.46176911544228
Mango,Rotten,Mango_Rotten_077.jpg,C:\Users\user\code\ip-asgm\results\preprocessing\MedianFinal\ProcessedImages\Mango\Rotten\Mango_Rotten_077.jpg,125.60494128512997,156.24652328803273,150.48395566697454
Mango,Ripe,Mango_Ripe_011.jpg,C:\Users\user\code\ip-asgm\results\preprocessing\MedianFinal\ProcessedImages\Mango\Ripe\Mango_Ripe_011.jpg,181.07538599722582,131.3311901675876,136.15160765854878
Mango,Unripe,Mango_Unripe_084.jpg,C:\Users\user\code\ip-asgm\results\preprocessing\MedianFinal\ProcessedImages\Mango\Unripe\Mango_Unripe_084.jpg,92.45762307298216,135.03738181733502,135.37104117181315
Mango,Ripe,Mango_Ripe_013.jpg,C:\Users\user\code\ip-asgm\results\preprocessing\MedianFinal\ProcessedImages\Mango\Ripe\Mango_Ripe_013.jpg,172.6434461585304,139.5658598058121,194.59876856456577
Mango,Ripe,Mango_Ripe_031.jpg,C:\Users\user\code\ip-asgm\results\preprocessing\MedianFinal\ProcessedImages\Mango\Ripe\Mango_Ripe_031.jpg,173.7409230167525,112.93075744736328,155.80154487973405
Mango,Rotten,Mango_Rotten_074.jpg,C:\Users\user\code\ip-asgm\results\preprocessing\MedianFinal\ProcessedImages\Mango\Rotten\Mango_Rotten_074.jpg,100.04797542250893,134.39863117769366,137.70826891293916
Mango,Rotten,Mango_Rotten_023.jpg,C:\Users\user\code\ip-asgm\results\preprocessing\MedianFinal\ProcessedImages\Mango\Rotten\Mango_Rotten_023.jpg,93.44747153868481,133.02716322120813,139.72513464701518
Mango,Unripe,Mango_Unripe_001.jpg,C:\Users\user\code\ip-asgm\results\preprocessing\MedianFinal\ProcessedImages\Mango\Unripe\Mango_Unripe_001.jpg,60.41958818126148,133.23261124719332,141.683073076138
Mango,Rotten,Mango_Rotten_084.jpg,C:\Users\user\code\ip-asgm\results\preprocessing\MedianFinal\ProcessedImages\Mango\Rotten\Mango_Rotten_084.jpg,164.46886896264573,132.6757450035689,138.76969575303355
Mango,Overripe,Mango_Overripe_031.jpg,C:\Users\user\code\ip-asgm\results\preprocessing\MedianFinal\ProcessedImages\Mango\Overripe\Mango_Overripe_031.jpg,101.9382028686258,152.01162383392943,152.9243759448398
Mango,Overripe,Mango_Overripe_019.jpg,C:\Users\user\code\ip-asgm\results\preprocessing\MedianFinal\ProcessedImages\Mango\Overripe\Mango_Overripe_019.jpg,103.48807437366588,150.24955061229076,152.18233906302663
Mango,Ripe,Mango_Ripe_046.jpg,C:\Users\user\code\ip-asgm\results\preprocessing\MedianFinal\ProcessedImages\Mango\Ripe\Mango_Ripe_046.jpg,168.6171533559587,131.2495788265742,180.69724955441072
Mango,Overripe,Mango_Overripe_013.jpg,C:\Users\user\code\ip-asgm\results\preprocessing\MedianFinal\ProcessedImages\Mango\Overripe\Mango_Overripe_013.jpg,57.286646549843674,137.55142514360503,150.78024794590272
Mango,Rotten,Mango_Rotten_034.jpg,C:\Users\user\code\ip-asgm\results\preprocessing\MedianFinal\ProcessedImages\Mango\Rotten\Mango_Rotten_034.jpg,107.76892622980186,130.9186297517108,134.80598151266526
Mango,Unripe,Mango_Unripe_054.jpg,C:\Users\user\code\ip-asgm\results\preprocessing\MedianFinal\ProcessedImages\Mango\Unripe\Mango_Unripe_054.jpg,184.11731722946618,106.07944667335339,174.02430207288532
Mango,Overripe,Mango_Overripe_071.jpg,C:\Users\user\code\ip-asgm\results\preprocessing\MedianFinal\ProcessedImages\Mango\Overripe\Mango_Overripe_071.jpg,131.7604695505697,135.8906019699132,146.70120838499872
Mango,Unripe,Mango_Unripe_078.jpg,C:\Users\user\code\ip-asgm\results\preprocessing\MedianFinal\ProcessedImages\Mango\Unripe\Mango_Unripe_078.jpg,17.436179722741777,132.39012817691716,135.91597673011333
Mango,Overripe,Mango_Overripe_023.jpg,C:\Users\user\code\ip-asgm\results\preprocessing\MedianFinal\ProcessedImages\Mango\Overripe\Mango_Overripe_023.jpg,96.98389916436489,134.4165676025314,139.08832733121218
Mango,Ripe,Mango_Ripe_001.jpg,C:\Users\user\code\ip-asgm\results\preprocessing\MedianFinal\ProcessedImages\Mango\Ripe\Mango_Ripe_001.jpg,140.76608737592184,130.0830117932601,141.6966969536671
Mango,Rotten,Mango_Rotten_071.jpg,C:\Users\user\code\ip-asgm\results\preprocessing\MedianFinal\ProcessedImages\Mango\Rotten\Mango_Rotten_071.jpg,111.15816112084063,157.910411558669,148.13084938704029
Mango,Ripe,Mango_Ripe_023.jpg,C:\Users\user\code\ip-asgm\results\preprocessing\MedianFinal\ProcessedImages\Mango\Ripe\Mango_Ripe_023.jpg,169.12973122458743,135.8395569241808,163.0028327553217
Mango,Unripe,Mango_Unripe_071.jpg,C:\Users\user\code\ip-asgm\results\preprocessing\MedianFinal\ProcessedImages\Mango\Unripe\Mango_Unripe_071.jpg,191.1883662681705,107.79393189710808,181.00418728295276
Mango,Ripe,Mango_Ripe_077.jpg,C:\Users\user\code\ip-asgm\results\preprocessing\MedianFinal\ProcessedImages\Mango\Ripe\Mango_Ripe_077.jpg,187.31225081551287,128.76376486869418,140.17865498039475
Mango,Unripe,Mango_Unripe_046.jpg,C:\Users\user\code\ip-asgm\results\preprocessing\MedianFinal\ProcessedImages\Mango\Unripe\Mango_Unripe_046.jpg,119.23696651055934,109.28591389060705,157.66361999646548
Mango,Rotten,Mango_Rotten_078.jpg,C:\Users\user\code\ip-asgm\results\preprocessing\MedianFinal\ProcessedImages\Mango\Rotten\Mango_Rotten_078.jpg,117.83418891170432,133.63893488772604,139.2305342120951
Mango,Rotten,Mango_Rotten_091.jpg,C:\Users\user\code\ip-asgm\results\preprocessing\MedianFinal\ProcessedImages\Mango\Rotten\Mango_Rotten_091.jpg,160.21524530587521,131.8381708055724,135.0984191399152
Mango,Overripe,Mango_Overripe_091.jpg,C:\Users\user\code\ip-asgm\results\preprocessing\MedianFinal\ProcessedImages\Mango\Overripe\Mango_Overripe_091.jpg,109.90312254426108,133.17875468034947,156.5740188600749
Mango,Ripe,Mango_Ripe_091.jpg,C:\Users\user\code\ip-asgm\results\preprocessing\MedianFinal\ProcessedImages\Mango\Ripe\Mango_Ripe_091.jpg,112.77389484852057,129.2220322998939,145.18132146646235
Mango,Ripe,Mango_Ripe_005.jpg,C:\Users\user\code\ip-asgm\results\preprocessing\MedianFinal\ProcessedImages\Mango\Ripe\Mango_Ripe_005.jpg,198.66048257449617,132.19857036228973,171.84305563529884
Mango,Ripe,Mango_Ripe_081.jpg,C:\Users\user\code\ip-asgm\results\preprocessing\MedianFinal\ProcessedImages\Mango\Ripe\Mango_Ripe_081.jpg,194.05479036236008,128.4247296528173,147.43901536710302
Mango,Unripe,Mango_Unripe_005.jpg,C:\Users\user\code\ip-asgm\results\preprocessing\MedianFinal\ProcessedImages\Mango\Unripe\Mango_Unripe_005.jpg,149.65929564232226,139.11817817568874,139.64963110337396
Mango,Ripe,Mango_Ripe_074.jpg,C:\Users\user\code\ip-asgm\results\preprocessing\MedianFinal\ProcessedImages\Mango\Ripe\Mango_Ripe_074.jpg,195.36171443684088,129.44822142880756,152.21074250388443
Mango,Overripe,Mango_Overripe_032.jpg,C:\Users\user\code\ip-asgm\results\preprocessing\MedianFinal\ProcessedImages\Mango\Overripe\Mango_Overripe_032.jpg,91.25096148674089,159.07492200527136,150.6521569576677
Mango,Rotten,Mango_Rotten_019.jpg,C:\Users\user\code\ip-asgm\results\preprocessing\MedianFinal\ProcessedImages\Mango\Rotten\Mango_Rotten_019.jpg,88.33664309031556,147.53661135291983,151.81438157417483
Mango,Ripe,Mango_Ripe_034.jpg,C:\Users\user\code\ip-asgm\results\preprocessing\MedianFinal\ProcessedImages\Mango\Ripe\Mango_Ripe_034.jpg,151.51090370295324,130.5411643280482,136.471208398764
Mango,Overripe,Mango_Overripe_045.jpg,C:\Users\user\code\ip-asgm\results\preprocessing\MedianFinal\ProcessedImages\Mango\Overripe\Mango_Overripe_045.jpg,66.94973236343672,135.10242245402142,139.14227056455303
Mango,Rotten,Mango_Rotten_001.jpg,C:\Users\user\code\ip-asgm\results\preprocessing\MedianFinal\ProcessedImages\Mango\Rotten\Mango_Rotten_001.jpg,67.03205984380507,131.49950841263657,131.11129816164876
Mango,Rotten,Mango_Rotten_045.jpg,C:\Users\user\code\ip-asgm\results\preprocessing\MedianFinal\ProcessedImages\Mango\Rotten\Mango_Rotten_045.jpg,154.00710063814208,145.57039177738258,152.63305523590333
Mango,Ripe,Mango_Ripe_084.jpg,C:\Users\user\code\ip-asgm\results\preprocessing\MedianFinal\ProcessedImages\Mango\Ripe\Mango_Ripe_084.jpg,169.48820931277137,131.3134887957279,137.56182312721467
Mango,Overripe,Mango_Overripe_074.jpg,C:\Users\user\code\ip-asgm\results\preprocessing\MedianFinal\ProcessedImages\Mango\Overripe\Mango_Overripe_074.jpg,67.52914847161573,144.8193959243086,152.2394286754003
Mango,Overripe,Mango_Overripe_040.jpg,C:\Users\user\code\ip-asgm\results\preprocessing\MedianFinal\ProcessedImages\Mango\Overripe\Mango_Overripe_040.jpg,130.37206491326245,129.23372132064912,140.18254616675992
Mango,Rotten,Mango_Rotten_054.jpg,C:\Users\user\code\ip-asgm\results\preprocessing\MedianFinal\ProcessedImages\Mango\Rotten\Mango_Rotten_054.jpg,84.27897603485839,157.37399485046544,148.5873044167162
Mango,Unripe,Mango_Unripe_081.jpg,C:\Users\user\code\ip-asgm\results\preprocessing\MedianFinal\ProcessedImages\Mango\Unripe\Mango_Unripe_081.jpg,136.66590550712564,110.92137990538812,172.990695010562
Mango,Rotten,Mango_Rotten_005.jpg,C:\Users\user\code\ip-asgm\results\preprocessing\MedianFinal\ProcessedImages\Mango\Rotten\Mango_Rotten_005.jpg,82.21824787334593,153.69295447385002,155.19047337744172
Mango,Ripe,Mango_Ripe_071.jpg,C:\Users\user\code\ip-asgm\results\preprocessing\MedianFinal\ProcessedImages\Mango\Ripe\Mango_Ripe_071.jpg,152.43321111714647,128.54740780976522,155.31747540587844
Mango,Overripe,Mango_Overripe_054.jpg,C:\Users\user\code\ip-asgm\results\preprocessing\MedianFinal\ProcessedImages\Mango\Overripe\Mango_Overripe_054.jpg,133.4256945959706,132.02986580842244,133.11053531165902
Mango,Overripe,Mango_Overripe_077.jpg,C:\Users\user\code\ip-asgm\results\preprocessing\MedianFinal\ProcessedImages\Mango\Overripe\Mango_Overripe_077.jpg,185.38954593107064,139.7177221202988,161.53740499279255
Mango,Unripe,Mango_Unripe_045.jpg,C:\Users\user\code\ip-asgm\results\preprocessing\MedianFinal\ProcessedImages\Mango\Unripe\Mango_Unripe_045.jpg,93.66355978591412,135.58053308599926,138.49506598953897
Mango,Unripe,Mango_Unripe_091.jpg,C:\Users\user\code\ip-asgm\results\preprocessing\MedianFinal\ProcessedImages\Mango\Unripe\Mango_Unripe_091.jpg,79.89437080187838,129.14041788028294,133.25006439596584
Mango,Unripe,Mango_Unripe_019.jpg,C:\Users\user\code\ip-asgm\results\preprocessing\MedianFinal\ProcessedImages\Mango\Unripe\Mango_Unripe_019.jpg,96.62075008252268,130.9534814857964,134.73850022329663
Mango,Overripe,Mango_Overripe_001.jpg,C:\Users\user\code\ip-asgm\results\preprocessing\MedianFinal\ProcessedImages\Mango\Overripe\Mango_Overripe_001.jpg,110.07643801531931,152.51135532029076,150.13354393325852
Mango,Unripe,Mango_Unripe_040.jpg,C:\Users\user\code\ip-asgm\results\preprocessing\MedianFinal\ProcessedImages\Mango\Unripe\Mango_Unripe_040.jpg,120.50021870526483,135.59717141190816,138.2392237951328
Mango,Overripe,Mango_Overripe_046.jpg,C:\Users\user\code\ip-asgm\results\preprocessing\MedianFinal\ProcessedImages\Mango\Overripe\Mango_Overripe_046.jpg,104.39896670493685,131.27215843857635,147.529420206659
Mango,Unripe,Mango_Unripe_011.jpg,C:\Users\user\code\ip-asgm\results\preprocessing\MedianFinal\ProcessedImages\Mango\Unripe\Mango_Unripe_011.jpg,93.10346180301792,104.29112033016638,158.91775396586561
Mango,Rotten,Mango_Rotten_032.jpg,C:\Users\user\code\ip-asgm\results\preprocessing\MedianFinal\ProcessedImages\Mango\Rotten\Mango_Rotten_032.jpg,97.61803198527296,154.56851521601564,147.92402059483405
Mango,Overripe,Mango_Overripe_081.jpg,C:\Users\user\code\ip-asgm\results\preprocessing\MedianFinal\ProcessedImages\Mango\Overripe\Mango_Overripe_081.jpg,168.21375986102012,134.34231623615185,151.87825022071598
Mango,Rotten,Mango_Rotten_031.jpg,C:\Users\user\code\ip-asgm\results\preprocessing\MedianFinal\ProcessedImages\Mango\Rotten\Mango_Rotten_031.jpg,77.6909143770897,132.96428986771332,134.64972379706353
Mango,Rotten,Mango_Rotten_011.jpg,C:\Users\user\code\ip-asgm\results\preprocessing\MedianFinal\ProcessedImages\Mango\Rotten\Mango_Rotten_011.jpg,108.69642050951306,156.1797887778136,150.76510802966786
Mango,Ripe,Mango_Ripe_040.jpg,C:\Users\user\code\ip-asgm\results\preprocessing\MedianFinal\ProcessedImages\Mango\Ripe\Mango_Ripe_040.jpg,143.33499068256404,129.8450584607266,132.17791355398342
Mango,Unripe,Mango_Unripe_031.jpg,C:\Users\user\code\ip-asgm\results\preprocessing\MedianFinal\ProcessedImages\Mango\Unripe\Mango_Unripe_031.jpg,114.5009260901263,108.07213650962542,153.30021575929538
Mango,Ripe,Mango_Ripe_045.jpg,C:\Users\user\code\ip-asgm\results\preprocessing\MedianFinal\ProcessedImages\Mango\Ripe\Mango_Ripe_045.jpg,130.62662473550816,131.62170693142977,149.27593763805893
Mango,Unripe,Mango_Unripe_034.jpg,C:\Users\user\code\ip-asgm\results\preprocessing\MedianFinal\ProcessedImages\Mango\Unripe\Mango_Unripe_034.jpg,125.97107650179703,113.59393005875977,135.96323235780707
Mango,Overripe,Mango_Overripe_078.jpg,C:\Users\user\code\ip-asgm\results\preprocessing\MedianFinal\ProcessedImages\Mango\Overripe\Mango_Overripe_078.jpg,104.99428129829984,132.53114374034004,139.933114374034
Mango,Rotten,Mango_Rotten_013.jpg,C:\Users\user\code\ip-asgm\results\preprocessing\MedianFinal\ProcessedImages\Mango\Rotten\Mango_Rotten_013.jpg,138.13273820574705,157.41294325143883,149.32070878973533
Mango,Unripe,Mango_Unripe_077.jpg,C:\Users\user\code\ip-asgm\results\preprocessing\MedianFinal\ProcessedImages\Mango\Unripe\Mango_Unripe_077.jpg,128.74924405829822,109.73798052694177,166.0017185074687
Mango,Rotten,Mango_Rotten_081.jpg,C:\Users\user\code\ip-asgm\results\preprocessing\MedianFinal\ProcessedImages\Mango\Rotten\Mango_Rotten_081.jpg,142.95467096180397,133.5569489185458,139.2846151633686
Mango,Unripe,Mango_Unripe_013.jpg,C:\Users\user\code\ip-asgm\results\preprocessing\MedianFinal\ProcessedImages\Mango\Unripe\Mango_Unripe_013.jpg,108.18288946981455,141.66199656890777,154.97489992647658
Mango,Unripe,Mango_Unripe_032.jpg,C:\Users\user\code\ip-asgm\results\preprocessing\MedianFinal\ProcessedImages\Mango\Unripe\Mango_Unripe_032.jpg,126.53326824053063,112.53870112585093,138.59750283644615
Mango,Ripe,Mango_Ripe_078.jpg,C:\Users\user\code\ip-asgm\results\preprocessing\MedianFinal\ProcessedImages\Mango\Ripe\Mango_Ripe_078.jpg,189.61670321637428,152.96833751044278,170.32462928153717
Mango,Unripe,Mango_Unripe_023.jpg,C:\Users\user\code\ip-asgm\results\preprocessing\MedianFinal\ProcessedImages\Mango\Unripe\Mango_Unripe_023.jpg,88.166288649478,127.71209265868383,142.47892832127013
Mango,Ripe,Mango_Ripe_032.jpg,C:\Users\user\code\ip-asgm\results\preprocessing\MedianFinal\ProcessedImages\Mango\Ripe\Mango_Ripe_032.jpg,113.77008223436795,128.38673970816828,142.8806097377526
Mango,Rotten,Mango_Rotten_040.jpg,C:\Users\user\code\ip-asgm\results\preprocessing\MedianFinal\ProcessedImages\Mango\Rotten\Mango_Rotten_040.jpg,123.87087352522963,135.66652895738056,138.42539679489644
Mango,Overripe,Mango_Overripe_005.jpg,C:\Users\user\code\ip-asgm\results\preprocessing\MedianFinal\ProcessedImages\Mango\Overripe\Mango_Overripe_005.jpg,183.97328178694158,132.1823024054983,167.37225085910652
Mango,Overripe,Mango_Overripe_034.jpg,C:\Users\user\code\ip-asgm\results\preprocessing\MedianFinal\ProcessedImages\Mango\Overripe\Mango_Overripe_034.jpg,100.98784953965158,153.84159906903514,151.20337474757847
Mango,Rotten,Mango_Rotten_046.jpg,C:\Users\user\code\ip-asgm\results\preprocessing\MedianFinal\ProcessedImages\Mango\Rotten\Mango_Rotten_046.jpg,144.15096811266727,130.18788593022578,133.55278356740752
Mango,Overripe,Mango_Overripe_011.jpg,C:\Users\user\code\ip-asgm\results\preprocessing\MedianFinal\ProcessedImages\Mango\Overripe\Mango_Overripe_011.jpg,118.64627361728262,132.1001860481919,138.93985043892923
Mango,Unripe,Mango_Unripe_074.jpg,C:\Users\user\code\ip-asgm\results\preprocessing\MedianFinal\ProcessedImages\Mango\Unripe\Mango_Unripe_074.jpg,198.02177350865375,120.46707617067385,173.31766333792135
Mango,Ripe,Mango_Ripe_019.jpg,C:\Users\user\code\ip-asgm\results\preprocessing\MedianFinal\ProcessedImages\Mango\Ripe\Mango_Ripe_019.jpg,109.9215856008885,130.37920164635938,144.2843563192108
Melon,Overripe,Melon_Overripe_042.jpg,C:\Users\user\code\ip-asgm\results\preprocessing\MedianFinal\ProcessedImages\Melon\Overripe\Melon_Overripe_042.jpg,160.102541611699,129.54390630701434,166.38289780222865
Melon,Unripe,Melon_Unripe_070.jpg,C:\Users\user\code\ip-asgm\results\preprocessing\MedianFinal\ProcessedImages\Melon\Unripe\Melon_Unripe_070.jpg,103.66185856288743,127.92999669882258,170.7090470601181
Melon,Rotten,Melon_Rotten_005.jpg,C:\Users\user\code\ip-asgm\results\preprocessing\MedianFinal\ProcessedImages\Melon\Rotten\Melon_Rotten_005.jpg,144.67700172957575,127.10198562078205,142.31971716349577
Melon,Overripe,Melon_Overripe_013.jpg,C:\Users\user\code\ip-asgm\results\preprocessing\MedianFinal\ProcessedImages\Melon\Overripe\Melon_Overripe_013.jpg,127.46305377584794,141.22562475328698,151.66220811951538
Melon,Ripe,Melon_Ripe_001.jpg,C:\Users\user\code\ip-asgm\results\preprocessing\MedianFinal\ProcessedImages\Melon\Ripe\Melon_Ripe_001.jpg,186.36006477385573,140.70649205561074,174.96295815654057
Melon,Rotten,Melon_Rotten_009.jpg,C:\Users\user\code\ip-asgm\results\preprocessing\MedianFinal\ProcessedImages\Melon\Rotten\Melon_Rotten_009.jpg,62.923014219726475,145.4839386528998,152.10547806660026
Melon,Overripe,Melon_Overripe_007.jpg,C:\Users\user\code\ip-asgm\results\preprocessing\MedianFinal\ProcessedImages\Melon\Overripe\Melon_Overripe_007.jpg,92.14465986963062,130.33295030363809,156.37926904005795
Melon,Rotten,Melon_Rotten_001.jpg,C:\Users\user\code\ip-asgm\results\preprocessing\MedianFinal\ProcessedImages\Melon\Rotten\Melon_Rotten_001.jpg,86.16019011406844,128.24796958174906,144.81803041825094
Melon,Rotten,Melon_Rotten_002.jpg,C:\Users\user\code\ip-asgm\results\preprocessing\MedianFinal\ProcessedImages\Melon\Rotten\Melon_Rotten_002.jpg,112.08269764702582,143.6654934514962,155.27223266118855
Melon,Rotten,Melon_Rotten_016.jpg,C:\Users\user\code\ip-asgm\results\preprocessing\MedianFinal\ProcessedImages\Melon\Rotten\Melon_Rotten_016.jpg,99.26730384035214,139.64803160315537,148.7748769751972
Melon,Overripe,Melon_Overripe_033.jpg,C:\Users\user\code\ip-asgm\results\preprocessing\MedianFinal\ProcessedImages\Melon\Overripe\Melon_Overripe_033.jpg,164.55132674706368,143.83782456691677,183.78418018619632
Melon,Rotten,Melon_Rotten_004.jpg,C:\Users\user\code\ip-asgm\results\preprocessing\MedianFinal\ProcessedImages\Melon\Rotten\Melon_Rotten_004.jpg,92.95563424458531,128.21117274167986,146.41540379027998
Melon,Rotten,Melon_Rotten_024.jpg,C:\Users\user\code\ip-asgm\results\preprocessing\MedianFinal\ProcessedImages\Melon\Rotten\Melon_Rotten_024.jpg,117.50464429187834,139.5512306842094,151.0422503028886
Melon,Ripe,Melon_Ripe_011.jpg,C:\Users\user\code\ip-asgm\results\preprocessing\MedianFinal\ProcessedImages\Melon\Ripe\Melon_Ripe_011.jpg,108.45111221108776,156.31074228220461,172.296493656053
Melon,Overripe,Melon_Overripe_014.jpg,C:\Users\user\code\ip-asgm\results\preprocessing\MedianFinal\ProcessedImages\Melon\Overripe\Melon_Overripe_014.jpg,118.34468289998624,129.77027789241987,160.2498280368689
Melon,Rotten,Melon_Rotten_010.jpg,C:\Users\user\code\ip-asgm\results\preprocessing\MedianFinal\ProcessedImages\Melon\Rotten\Melon_Rotten_010.jpg,115.42675163521844,142.9784595300261,154.59268929503915
Melon,Unripe,Melon_Unripe_013.jpg,C:\Users\user\code\ip-asgm\results\preprocessing\MedianFinal\ProcessedImages\Melon\Unripe\Melon_Unripe_013.jpg,218.55680209600914,124.26883055603844,174.4139245536047
Melon,Unripe,Melon_Unripe_034.jpg,C:\Users\user\code\ip-asgm\results\preprocessing\MedianFinal\ProcessedImages\Melon\Unripe\Melon_Unripe_034.jpg,179.10288074886287,124.72949856072425,168.30949372651563
Melon,Unripe,Melon_Unripe_005.jpg,C:\Users\user\code\ip-asgm\results\preprocessing\MedianFinal\ProcessedImages\Melon\Unripe\Melon_Unripe_005.jpg,122.0958189723142,132.8752675091798,165.4098409587529
Melon,Overripe,Melon_Overripe_040.jpg,C:\Users\user\code\ip-asgm\results\preprocessing\MedianFinal\ProcessedImages\Melon\Overripe\Melon_Overripe_040.jpg,116.78273968504946,139.69610157902608,151.08693724493065
Melon,Ripe,Melon_Ripe_045.jpg,C:\Users\user\code\ip-asgm\results\preprocessing\MedianFinal\ProcessedImages\Melon\Ripe\Melon_Ripe_045.jpg,97.05074801994719,145.51552508066882,161.68291287767673
Melon,Overripe,Melon_Overripe_016.jpg,C:\Users\user\code\ip-asgm\results\preprocessing\MedianFinal\ProcessedImages\Melon\Overripe\Melon_Overripe_016.jpg,115.5815139849786,142.96501063342936,154.7536140199747
Melon,Overripe,Melon_Overripe_031.jpg,C:\Users\user\code\ip-asgm\results\preprocessing\MedianFinal\ProcessedImages\Melon\Overripe\Melon_Overripe_031.jpg,116.40067014841856,128.9736736923446,155.42630365850408
Melon,Rotten,Melon_Rotten_018.jpg,C:\Users\user\code\ip-asgm\results\preprocessing\MedianFinal\ProcessedImages\Melon\Rotten\Melon_Rotten_018.jpg,108.11510160185657,141.38732523914643,151.58907143261447
Melon,Rotten,Melon_Rotten_012.jpg,C:\Users\user\code\ip-asgm\results\preprocessing\MedianFinal\ProcessedImages\Melon\Rotten\Melon_Rotten_012.jpg,117.71282768904929,140.16577337857404,146.79712995180566
Melon,Overripe,Melon_Overripe_009.jpg,C:\Users\user\code\ip-asgm\results\preprocessing\MedianFinal\ProcessedImages\Melon\Overripe\Melon_Overripe_009.jpg,125.03693825742694,149.8372042068361,164.29850554564962
Melon,Ripe,Melon_Ripe_031.jpg,C:\Users\user\code\ip-asgm\results\preprocessing\MedianFinal\ProcessedImages\Melon\Ripe\Melon_Ripe_031.jpg,202.92466562570624,131.71961867976086,157.49349742156843
Melon,Rotten,Melon_Rotten_003.jpg,C:\Users\user\code\ip-asgm\results\preprocessing\MedianFinal\ProcessedImages\Melon\Rotten\Melon_Rotten_003.jpg,56.383826226501604,129.9469662234449,147.49671404554485
Melon,Unripe,Melon_Unripe_095.jpg,C:\Users\user\code\ip-asgm\results\preprocessing\MedianFinal\ProcessedImages\Melon\Unripe\Melon_Unripe_095.jpg,145.9806478704259,130.69131373725256,160.78853029394122
Melon,Ripe,Melon_Ripe_040.jpg,C:\Users\user\code\ip-asgm\results\preprocessing\MedianFinal\ProcessedImages\Melon\Ripe\Melon_Ripe_040.jpg,183.62881518746659,136.00678860741945,160.49178038780724
Melon,Ripe,Melon_Ripe_078.jpg,C:\Users\user\code\ip-asgm\results\preprocessing\MedianFinal\ProcessedImages\Melon\Ripe\Melon_Ripe_078.jpg,141.29287677176742,126.53064796065954,152.48022852183973
Melon,Rotten,Melon_Rotten_025.jpg,C:\Users\user\code\ip-asgm\results\preprocessing\MedianFinal\ProcessedImages\Melon\Rotten\Melon_Rotten_025.jpg,188.4963155538721,131.13060845012225,144.21976688130573
Melon,Unripe,Melon_Unripe_031.jpg,C:\Users\user\code\ip-asgm\results\preprocessing\MedianFinal\ProcessedImages\Melon\Unripe\Melon_Unripe_031.jpg,204.82217642391112,119.88335941632869,177.4689153147593
Melon,Rotten,Melon_Rotten_014.jpg,C:\Users\user\code\ip-asgm\results\preprocessing\MedianFinal\ProcessedImages\Melon\Rotten\Melon_Rotten_014.jpg,112.87387821800745,143.24350371025207,154.56460794556511
Melon,Overripe,Melon_Overripe_048.jpg,C:\Users\user\code\ip-asgm\results\preprocessing\MedianFinal\ProcessedImages\Melon\Overripe\Melon_Overripe_048.jpg,94.32137043585642,133.39196907187562,160.79094748954563
Melon,Unripe,Melon_Unripe_011.jpg,C:\Users\user\code\ip-asgm\results\preprocessing\MedianFinal\ProcessedImages\Melon\Unripe\Melon_Unripe_011.jpg,155.52167667128418,112.64718972859268,167.55599379200657
Melon,Ripe,Melon_Ripe_074.jpg,C:\Users\user\code\ip-asgm\results\preprocessing\MedianFinal\ProcessedImages\Melon\Ripe\Melon_Ripe_074.jpg,180.992046967508,134.3225758477097,177.88315486813406
Melon,Rotten,Melon_Rotten_013.jpg,C:\Users\user\code\ip-asgm\results\preprocessing\MedianFinal\ProcessedImages\Melon\Rotten\Melon_Rotten_013.jpg,86.51863757551213,133.7006007222166,146.89716850595659
Melon,Unripe,Melon_Unripe_080.jpg,C:\Users\user\code\ip-asgm\results\preprocessing\MedianFinal\ProcessedImages\Melon\Unripe\Melon_Unripe_080.jpg,120.34196623093682,128.82231753812636,160.50930010893245
Melon,Unripe,Melon_Unripe_001.jpg,C:\Users\user\code\ip-asgm\results\preprocessing\MedianFinal\ProcessedImages\Melon\Unripe\Melon_Unripe_001.jpg,225.2972733711048,121.99563562322946,174.13702638101984
Melon,Unripe,Melon_Unripe_043.jpg,C:\Users\user\code\ip-asgm\results\preprocessing\MedianFinal\ProcessedImages\Melon\Unripe\Melon_Unripe_043.jpg,147.38968646864686,122.63998556105611,154.0857157590759
Melon,Overripe,Melon_Overripe_046.jpg,C:\Users\user\code\ip-asgm\results\preprocessing\MedianFinal\ProcessedImages\Melon\Overripe\Melon_Overripe_046.jpg,119.95357765192769,129.78926840557614,160.03877150947505
Melon,Unripe,Melon_Unripe_023.jpg,C:\Users\user\code\ip-asgm\results\preprocessing\MedianFinal\ProcessedImages\Melon\Unripe\Melon_Unripe_023.jpg,91.00224148972856,126.96686618388426,154.25555446081088
Melon,Rotten,Melon_Rotten_026.jpg,C:\Users\user\code\ip-asgm\results\preprocessing\MedianFinal\ProcessedImages\Melon\Rotten\Melon_Rotten_026.jpg,114.45768552652669,142.95811962387134,154.57883207779025
Melon,Ripe,Melon_Ripe_081.jpg,C:\Users\user\code\ip-asgm\results\preprocessing\MedianFinal\ProcessedImages\Melon\Ripe\Melon_Ripe_081.jpg,207.5328445015343,137.2324210851828,165.9653476533695
Melon,Ripe,Melon_Ripe_046.jpg,C:\Users\user\code\ip-asgm\results\preprocessing\MedianFinal\ProcessedImages\Melon\Ripe\Melon_Ripe_046.jpg,122.75874862901014,132.8957962023581,152.70552851658897
Melon,Unripe,Melon_Unripe_019.jpg,C:\Users\user\code\ip-asgm\results\preprocessing\MedianFinal\ProcessedImages\Melon\Unripe\Melon_Unripe_019.jpg,196.57153401595576,123.68708775676865,144.26169985551857
Melon,Ripe,Melon_Ripe_091.jpg,C:\Users\user\code\ip-asgm\results\preprocessing\MedianFinal\ProcessedImages\Melon\Ripe\Melon_Ripe_091.jpg,105.56291119623381,125.87408257551391,151.96121962630485
Melon,Rotten,Melon_Rotten_006.jpg,C:\Users\user\code\ip-asgm\results\preprocessing\MedianFinal\ProcessedImages\Melon\Rotten\Melon_Rotten_006.jpg,117.22037759014346,139.6324850299401,151.17180566923707
Melon,Unripe,Melon_Unripe_081.jpg,C:\Users\user\code\ip-asgm\results\preprocessing\MedianFinal\ProcessedImages\Melon\Unripe\Melon_Unripe_081.jpg,148.50410383286209,125.96659990574929,168.57289375850874
Melon,Rotten,Melon_Rotten_022.jpg,C:\Users\user\code\ip-asgm\results\preprocessing\MedianFinal\ProcessedImages\Melon\Rotten\Melon_Rotten_022.jpg,160.44640585596645,136.27353321877303,140.72433551295498
Melon,Ripe,Melon_Ripe_077.jpg,C:\Users\user\code\ip-asgm\results\preprocessing\MedianFinal\ProcessedImages\Melon\Ripe\Melon_Ripe_077.jpg,165.01391185856374,133.9019065477161,159.11810230369662
Melon,Unripe,Melon_Unripe_065.jpg,C:\Users\user\code\ip-asgm\results\preprocessing\MedianFinal\ProcessedImages\Melon\Unripe\Melon_Unripe_065.jpg,190.52016571091247,128.11690947039972,152.47915963906223
Melon,Ripe,Melon_Ripe_032.jpg,C:\Users\user\code\ip-asgm\results\preprocessing\MedianFinal\ProcessedImages\Melon\Ripe\Melon_Ripe_032.jpg,93.50594158038923,125.00269505817056,153.68737325221474
Melon,Unripe,Melon_Unripe_074.jpg,C:\Users\user\code\ip-asgm\results\preprocessing\MedianFinal\ProcessedImages\Melon\Unripe\Melon_Unripe_074.jpg,132.09380687219883,125.86704468287382,162.33999049300556
Melon,Overripe,Melon_Overripe_004.jpg,C:\Users\user\code\ip-asgm\results\preprocessing\MedianFinal\ProcessedImages\Melon\Overripe\Melon_Overripe_004.jpg,110.71855311152868,129.01202746766884,155.41985602962308
Melon,Ripe,Melon_Ripe_084.jpg,C:\Users\user\code\ip-asgm\results\preprocessing\MedianFinal\ProcessedImages\Melon\Ripe\Melon_Ripe_084.jpg,163.2191174397293,133.7507754123784,174.10601297053432
Melon,Rotten,Melon_Rotten_027.jpg,C:\Users\user\code\ip-asgm\results\preprocessing\MedianFinal\ProcessedImages\Melon\Rotten\Melon_Rotten_027.jpg,115.44391797837028,142.95985919263305,154.60531106114146
Melon,Ripe,Melon_Ripe_005.jpg,C:\Users\user\code\ip-asgm\results\preprocessing\MedianFinal\ProcessedImages\Melon\Ripe\Melon_Ripe_005.jpg,166.20747901547608,138.63056308472503,167.16810024481944
Melon,Ripe,Melon_Ripe_071.jpg,C:\Users\user\code\ip-asgm\results\preprocessing\MedianFinal\ProcessedImages\Melon\Ripe\Melon_Ripe_071.jpg,189.99937461479897,127.80526501830838,150.31230286770838
Melon,Overripe,Melon_Overripe_027.jpg,C:\Users\user\code\ip-asgm\results\preprocessing\MedianFinal\ProcessedImages\Melon\Overripe\Melon_Overripe_027.jpg,173.9529020794946,127.78491050276388,156.81173993156094
Melon,Unripe,Melon_Unripe_078.jpg,C:\Users\user\code\ip-asgm\results\preprocessing\MedianFinal\ProcessedImages\Melon\Unripe\Melon_Unripe_078.jpg,109.74173084430564,129.5553021968272,172.33259395961244
Melon,Ripe,Melon_Ripe_019.jpg,C:\Users\user\code\ip-asgm\results\preprocessing\MedianFinal\ProcessedImages\Melon\Ripe\Melon_Ripe_019.jpg,219.50098574986166,133.81074899695628,174.1941192238517
Melon,Overripe,Melon_Overripe_018.jpg,C:\Users\user\code\ip-asgm\results\preprocessing\MedianFinal\ProcessedImages\Melon\Overripe\Melon_Overripe_018.jpg,124.46690632703368,129.14426184606958,158.53349767187072
Melon,Overripe,Melon_Overripe_038.jpg,C:\Users\user\code\ip-asgm\results\preprocessing\MedianFinal\ProcessedImages\Melon\Overripe\Melon_Overripe_038.jpg,127.4095539059906,143.37587155528152,167.83696580183087
Melon,Overripe,Melon_Overripe_047.jpg,C:\Users\user\code\ip-asgm\results\preprocessing\MedianFinal\ProcessedImages\Melon\Overripe\Melon_Overripe_047.jpg,77.88854835982414,130.0813535678052,152.44522179010258
Melon,Ripe,Melon_Ripe_023.jpg,C:\Users\user\code\ip-asgm\results\preprocessing\MedianFinal\ProcessedImages\Melon\Ripe\Melon_Ripe_023.jpg,93.53289048473968,125.00860861759425,153.92561938958707
Melon,Ripe,Melon_Ripe_013.jpg,C:\Users\user\code\ip-asgm\results\preprocessing\MedianFinal\ProcessedImages\Melon\Ripe\Melon_Ripe_013.jpg,181.87442335574008,141.37467048899433,170.53342889152498
Melon,Overripe,Melon_Overripe_005.jpg,C:\Users\user\code\ip-asgm\results\preprocessing\MedianFinal\ProcessedImages\Melon\Overripe\Melon_Overripe_005.jpg,81.33317974310262,144.93138769954916,153.56812317463917
Melon,Unripe,Melon_Unripe_027.jpg,C:\Users\user\code\ip-asgm\results\preprocessing\MedianFinal\ProcessedImages\Melon\Unripe\Melon_Unripe_027.jpg,234.66206039076377,118.15233570159857,182.77888987566607
Melon,Ripe,Melon_Ripe_054.jpg,C:\Users\user\code\ip-asgm\results\preprocessing\MedianFinal\ProcessedImages\Melon\Ripe\Melon_Ripe_054.jpg,173.54470917459986,141.38263024374933,161.65739094047495
Melon,Overripe,Melon_Overripe_020.jpg,C:\Users\user\code\ip-asgm\results\preprocessing\MedianFinal\ProcessedImages\Melon\Overripe\Melon_Overripe_020.jpg,186.2614319022013,136.89931314064864,171.34141845908252
Melon,Rotten,Melon_Rotten_023.jpg,C:\Users\user\code\ip-asgm\results\preprocessing\MedianFinal\ProcessedImages\Melon\Rotten\Melon_Rotten_023.jpg,76.8894229073336,127.98007866238667,142.99792761649442
Melon,Unripe,Melon_Unripe_032.jpg,C:\Users\user\code\ip-asgm\results\preprocessing\MedianFinal\ProcessedImages\Melon\Unripe\Melon_Unripe_032.jpg,168.08476304502275,126.27687287845697,173.8916861826698
Melon,Overripe,Melon_Overripe_026.jpg,C:\Users\user\code\ip-asgm\results\preprocessing\MedianFinal\ProcessedImages\Melon\Overripe\Melon_Overripe_026.jpg,162.04775483325878,129.51136871924854,162.61066795884895
Melon,Unripe,Melon_Unripe_086.jpg,C:\Users\user\code\ip-asgm\results\preprocessing\MedianFinal\ProcessedImages\Melon\Unripe\Melon_Unripe_086.jpg,233.9231086612094,119.77329240383769,170.93570658392747
Melon,Overripe,Melon_Overripe_049.jpg,C:\Users\user\code\ip-asgm\results\preprocessing\MedianFinal\ProcessedImages\Melon\Overripe\Melon_Overripe_049.jpg,138.34247171099693,141.23485156402418,175.35552692332703
Melon,Ripe,Melon_Ripe_034.jpg,C:\Users\user\code\ip-asgm\results\preprocessing\MedianFinal\ProcessedImages\Melon\Ripe\Melon_Ripe_034.jpg,135.48641172721477,138.69528362014023,164.25739324410452
Melon,Unripe,Melon_Unripe_054.jpg,C:\Users\user\code\ip-asgm\results\preprocessing\MedianFinal\ProcessedImages\Melon\Unripe\Melon_Unripe_054.jpg,91.98674761539304,131.56314183386326,154.80486880093557
Melon,Rotten,Melon_Rotten_017.jpg,C:\Users\user\code\ip-asgm\results\preprocessing\MedianFinal\ProcessedImages\Melon\Rotten\Melon_Rotten_017.jpg,59.95744473808207,143.08193514022904,150.9976952860918
Orange,Rotten,Orange_Rotten_084.jpg,C:\Users\user\code\ip-asgm\results\preprocessing\MedianFinal\ProcessedImages\Orange\Rotten\Orange_Rotten_084.jpg,128.01522538779193,128.01076621438733,138.01886039490577
Orange,Rotten,Orange_Rotten_081.jpg,C:\Users\user\code\ip-asgm\results\preprocessing\MedianFinal\ProcessedImages\Orange\Rotten\Orange_Rotten_081.jpg,117.16661927629639,140.7725999410253,157.2204389401407
Orange,Ripe,Orange_Ripe_032.jpg,C:\Users\user\code\ip-asgm\results\preprocessing\MedianFinal\ProcessedImages\Orange\Ripe\Orange_Ripe_032.jpg,213.35367507637207,138.76754582323818,171.2773754345307
Orange,Overripe,Orange_Overripe_013.jpg,C:\Users\user\code\ip-asgm\results\preprocessing\MedianFinal\ProcessedImages\Orange\Overripe\Orange_Overripe_013.jpg,149.80450423317606,129.11276896563263,136.02149633570926
Orange,Unripe,Orange_Unripe_034.jpg,C:\Users\user\code\ip-asgm\results\preprocessing\MedianFinal\ProcessedImages\Orange\Unripe\Orange_Unripe_034.jpg,130.56191685366719,142.45990315341916,150.98538443368372
Orange,Ripe,Orange_Ripe_046.jpg,C:\Users\user\code\ip-asgm\results\preprocessing\MedianFinal\ProcessedImages\Orange\Ripe\Orange_Ripe_046.jpg,181.70998568499246,162.0643885170426,184.40272565481487
Orange,Rotten,Orange_Rotten_078.jpg,C:\Users\user\code\ip-asgm\results\preprocessing\MedianFinal\ProcessedImages\Orange\Rotten\Orange_Rotten_078.jpg,186.97217207407024,149.39048503292585,168.34609102319425
Orange,Unripe,Orange_Unripe_040.jpg,C:\Users\user\code\ip-asgm\results\preprocessing\MedianFinal\ProcessedImages\Orange\Unripe\Orange_Unripe_040.jpg,140.3149447031432,141.09217840512224,147.07045256111758
Orange,Ripe,Orange_Ripe_040.jpg,C:\Users\user\code\ip-asgm\results\preprocessing\MedianFinal\ProcessedImages\Orange\Ripe\Orange_Ripe_040.jpg,191.46226009014026,145.1670084907412,188.1379070238517
Orange,Overripe,Orange_Overripe_034.jpg,C:\Users\user\code\ip-asgm\results\preprocessing\MedianFinal\ProcessedImages\Orange\Overripe\Orange_Overripe_034.jpg,94.84270485892004,129.04242540340755,149.87353511223293
Orange,Rotten,Orange_Rotten_031.jpg,C:\Users\user\code\ip-asgm\results\preprocessing\MedianFinal\ProcessedImages\Orange\Rotten\Orange_Rotten_031.jpg,52.846365211158236,131.12777014515262,147.05029568126156
Orange,Rotten,Orange_Rotten_077.jpg,C:\Users\user\code\ip-asgm\results\preprocessing\MedianFinal\ProcessedImages\Orange\Rotten\Orange_Rotten_077.jpg,106.97745000879142,157.09464362781924,132.61682198174583
Orange,Overripe,Orange_Overripe_019.jpg,C:\Users\user\code\ip-asgm\results\preprocessing\MedianFinal\ProcessedImages\Orange\Overripe\Orange_Overripe_019.jpg,83.03310823785445,135.44634513217693,136.74262305575112
Orange,Ripe,Orange_Ripe_081.jpg,C:\Users\user\code\ip-asgm\results\preprocessing\MedianFinal\ProcessedImages\Orange\Ripe\Orange_Ripe_081.jpg,180.8734962255595,152.63778708421137,184.35299021046174
Orange,Ripe,Orange_Ripe_071.jpg,C:\Users\user\code\ip-asgm\results\preprocessing\MedianFinal\ProcessedImages\Orange\Ripe\Orange_Ripe_071.jpg,147.40639224654254,144.36549602526406,173.65245017967985
Orange,Rotten,Orange_Rotten_005.jpg,C:\Users\user\code\ip-asgm\results\preprocessing\MedianFinal\ProcessedImages\Orange\Rotten\Orange_Rotten_005.jpg,152.76804484363305,139.79761788538514,138.45758078687885
Orange,Rotten,Orange_Rotten_013.jpg,C:\Users\user\code\ip-asgm\results\preprocessing\MedianFinal\ProcessedImages\Orange\Rotten\Orange_Rotten_013.jpg,109.375827220539,130.49601339499281,131.51898620634668
Orange,Overripe,Orange_Overripe_045.jpg,C:\Users\user\code\ip-asgm\results\preprocessing\MedianFinal\ProcessedImages\Orange\Overripe\Orange_Overripe_045.jpg,130.43850105066542,135.61121877188887,164.72037123511558
Orange,Overripe,Orange_Overripe_081.jpg,C:\Users\user\code\ip-asgm\results\preprocessing\MedianFinal\ProcessedImages\Orange\Overripe\Orange_Overripe_081.jpg,120.59782487076778,130.72323046971155,129.7129925929241
Orange,Unripe,Orange_Unripe_001.jpg,C:\Users\user\code\ip-asgm\results\preprocessing\MedianFinal\ProcessedImages\Orange\Unripe\Orange_Unripe_001.jpg,138.32787113287336,135.27901736033832,154.21029935455152
Orange,Unripe,Orange_Unripe_071.jpg,C:\Users\user\code\ip-asgm\results\preprocessing\MedianFinal\ProcessedImages\Orange\Unripe\Orange_Unripe_071.jpg,138.39062358276644,149.63507936507938,170.29681405895693
Orange,Unripe,Orange_Unripe_091.jpg,C:\Users\user\code\ip-asgm\results\preprocessing\MedianFinal\ProcessedImages\Orange\Unripe\Orange_Unripe_091.jpg,73.47660758450124,126.86210583264634,148.24263190436932
Orange,Unripe,Orange_Unripe_077.jpg,C:\Users\user\code\ip-asgm\results\preprocessing\MedianFinal\ProcessedImages\Orange\Unripe\Orange_Unripe_077.jpg,120.70558943535296,156.740852454701,175.2225463958233
Orange,Ripe,Orange_Ripe_023.jpg,C:\Users\user\code\ip-asgm\results\preprocessing\MedianFinal\ProcessedImages\Orange\Ripe\Orange_Ripe_023.jpg,186.9260435295074,146.16816879369208,188.830271500569
Orange,Rotten,Orange_Rotten_034.jpg,C:\Users\user\code\ip-asgm\results\preprocessing\MedianFinal\ProcessedImages\Orange\Rotten\Orange_Rotten_034.jpg,88.27435102673383,137.6141321193336,152.90470747772181
Orange,Unripe,Orange_Unripe_031.jpg,C:\Users\user\code\ip-asgm\results\preprocessing\MedianFinal\ProcessedImages\Orange\Unripe\Orange_Unripe_031.jpg,113.49438401734321,132.48237646707034,131.3377065111759
Orange,Overripe,Orange_Overripe_078.jpg,C:\Users\user\code\ip-asgm\results\preprocessing\MedianFinal\ProcessedImages\Orange\Overripe\Orange_Overripe_078.jpg,101.9828151827324,131.06007787588914,154.07226514594063
Orange,Ripe,Orange_Ripe_034.jpg,C:\Users\user\code\ip-asgm\results\preprocessing\MedianFinal\ProcessedImages\Orange\Ripe\Orange_Ripe_034.jpg,157.56899558127094,148.97562268413023,175.487283769592
Orange,Rotten,Orange_Rotten_054.jpg,C:\Users\user\code\ip-asgm\results\preprocessing\MedianFinal\ProcessedImages\Orange\Rotten\Orange_Rotten_054.jpg,113.51200613815163,145.47051958156825,129.887562678309
Orange,Overripe,Orange_Overripe_040.jpg,C:\Users\user\code\ip-asgm\results\preprocessing\MedianFinal\ProcessedImages\Orange\Overripe\Orange_Overripe_040.jpg,128.5842291047604,132.10912789422252,132.41006222204496
Orange,Overripe,Orange_Overripe_071.jpg,C:\Users\user\code\ip-asgm\results\preprocessing\MedianFinal\ProcessedImages\Orange\Overripe\Orange_Overripe_071.jpg,127.67374720235821,129.02583383372456,128.23169932856598
Orange,Unripe,Orange_Unripe_054.jpg,C:\Users\user\code\ip-asgm\results\preprocessing\MedianFinal\ProcessedImages\Orange\Unripe\Orange_Unripe_054.jpg,89.84745480616583,154.31036513545348,167.51807753367132
Orange,Unripe,Orange_Unripe_074.jpg,C:\Users\user\code\ip-asgm\results\preprocessing\MedianFinal\ProcessedImages\Orange\Unripe\Orange_Unripe_074.jpg,133.2190760637679,145.92511927388387,161.2829215313603
Orange,Rotten,Orange_Rotten_023.jpg,C:\Users\user\code\ip-asgm\results\preprocessing\MedianFinal\ProcessedImages\Orange\Rotten\Orange_Rotten_023.jpg,137.38587034813926,151.88800720288114,173.91614045618246
Orange,Rotten,Orange_Rotten_032.jpg,C:\Users\user\code\ip-asgm\results\preprocessing\MedianFinal\ProcessedImages\Orange\Rotten\Orange_Rotten_032.jpg,124.41489018087856,125.89586563307493,149.8174580103359
Orange,Ripe,Orange_Ripe_084.jpg,C:\Users\user\code\ip-asgm\results\preprocessing\MedianFinal\ProcessedImages\Orange\Ripe\Orange_Ripe_084.jpg,205.40824798829553,143.62109089246525,164.87782095830286
Orange,Unripe,Orange_Unripe_032.jpg,C:\Users\user\code\ip-asgm\results\preprocessing\MedianFinal\ProcessedImages\Orange\Unripe\Orange_Unripe_032.jpg,123.91804472587089,151.1486995656497,143.61484989620948
Orange,Rotten,Orange_Rotten_074.jpg,C:\Users\user\code\ip-asgm\results\preprocessing\MedianFinal\ProcessedImages\Orange\Rotten\Orange_Rotten_074.jpg,126.36016879228647,133.34285933190316,134.78484287701266
Orange,Unripe,Orange_Unripe_023.jpg,C:\Users\user\code\ip-asgm\results\preprocessing\MedianFinal\ProcessedImages\Orange\Unripe\Orange_Unripe_023.jpg,58.43101180546645,129.12799948671886,142.25852527909663
Orange,Rotten,Orange_Rotten_046.jpg,C:\Users\user\code\ip-asgm\results\preprocessing\MedianFinal\ProcessedImages\Orange\Rotten\Orange_Rotten_046.jpg,107.22388418622548,132.63089512449844,136.63520310009343
Orange,Ripe,Orange_Ripe_054.jpg,C:\Users\user\code\ip-asgm\results\preprocessing\MedianFinal\ProcessedImages\Orange\Ripe\Orange_Ripe_054.jpg,215.43369155565506,135.92905518862645,164.91781409754094
Orange,Rotten,Orange_Rotten_091.jpg,C:\Users\user\code\ip-asgm\results\preprocessing\MedianFinal\ProcessedImages\Orange\Rotten\Orange_Rotten_091.jpg,198.2279246133053,130.99067677829504,136.18663337838515
Orange,Unripe,Orange_Unripe_005.jpg,C:\Users\user\code\ip-asgm\results\preprocessing\MedianFinal\ProcessedImages\Orange\Unripe\Orange_Unripe_005.jpg,129.71769669379685,152.60345105071963,173.3660160022072
Orange,Overripe,Orange_Overripe_032.jpg,C:\Users\user\code\ip-asgm\results\preprocessing\MedianFinal\ProcessedImages\Orange\Overripe\Orange_Overripe_032.jpg,94.80301071296638,131.28320096047284,150.3467553256988
Orange,Ripe,Orange_Ripe_078.jpg,C:\Users\user\code\ip-asgm\results\preprocessing\MedianFinal\ProcessedImages\Orange\Ripe\Orange_Ripe_078.jpg,179.22135068980865,153.97386515353804,182.4586893635959
Orange,Unripe,Orange_Unripe_011.jpg,C:\Users\user\code\ip-asgm\results\preprocessing\MedianFinal\ProcessedImages\Orange\Unripe\Orange_Unripe_011.jpg,114.18633070755381,138.0951610634407,169.22431073287382
Orange,Ripe,Orange_Ripe_011.jpg,C:\Users\user\code\ip-asgm\results\preprocessing\MedianFinal\ProcessedImages\Orange\Ripe\Orange_Ripe_011.jpg,171.7041717198709,142.2150917798927,178.61446278443543
Orange,Overripe,Orange_Overripe_011.jpg,C:\Users\user\code\ip-asgm\results\preprocessing\MedianFinal\ProcessedImages\Orange\Overripe\Orange_Overripe_011.jpg,101.7107435011816,155.02520905289947,148.26802854026542
Orange,Unripe,Orange_Unripe_013.jpg,C:\Users\user\code\ip-asgm\results\preprocessing\MedianFinal\ProcessedImages\Orange\Unripe\Orange_Unripe_013.jpg,180.44772507260407,139.76120321071312,168.3404021458535
Orange,Unripe,Orange_Unripe_081.jpg,C:\Users\user\code\ip-asgm\results\preprocessing\MedianFinal\ProcessedImages\Orange\Unripe\Orange_Unripe_081.jpg,89.36230429307928,129.38314010120928,134.61564823834073
Orange,Ripe,Orange_Ripe_019.jpg,C:\Users\user\code\ip-asgm\results\preprocessing\MedianFinal\ProcessedImages\Orange\Ripe\Orange_Ripe_019.jpg,170.32723555928294,150.78075532026418,179.61740399063493
Orange,Ripe,Orange_Ripe_091.jpg,C:\Users\user\code\ip-asgm\results\preprocessing\MedianFinal\ProcessedImages\Orange\Ripe\Orange_Ripe_091.jpg,193.16549697907456,141.81232961243737,176.10495413351018
Orange,Ripe,Orange_Ripe_005.jpg,C:\Users\user\code\ip-asgm\results\preprocessing\MedianFinal\ProcessedImages\Orange\Ripe\Orange_Ripe_005.jpg,169.7734421809467,158.54613006077207,188.23507981682786
Orange,Unripe,Orange_Unripe_046.jpg,C:\Users\user\code\ip-asgm\results\preprocessing\MedianFinal\ProcessedImages\Orange\Unripe\Orange_Unripe_046.jpg,133.91821158969805,142.6137738676732,146.41162022646537
Orange,Overripe,Orange_Overripe_046.jpg,C:\Users\user\code\ip-asgm\results\preprocessing\MedianFinal\ProcessedImages\Orange\Overripe\Orange_Overripe_046.jpg,119.18703468313056,130.639901489014,153.55169556927547
Orange,Overripe,Orange_Overripe_001.jpg,C:\Users\user\code\ip-asgm\results\preprocessing\MedianFinal\ProcessedImages\Orange\Overripe\Orange_Overripe_001.jpg,124.22471266458136,132.18759547537644,153.6734105623045
Orange,Unripe,Orange_Unripe_019.jpg,C:\Users\user\code\ip-asgm\results\preprocessing\MedianFinal\ProcessedImages\Orange\Unripe\Orange_Unripe_019.jpg,97.84819093868403,134.01402155931478,150.88721383211484
Orange,Unripe,Orange_Unripe_078.jpg,C:\Users\user\code\ip-asgm\results\preprocessing\MedianFinal\ProcessedImages\Orange\Unripe\Orange_Unripe_078.jpg,90.82742805755396,151.73690904419323,166.76568602261048
Orange,Rotten,Orange_Rotten_001.jpg,C:\Users\user\code\ip-asgm\results\preprocessing\MedianFinal\ProcessedImages\Orange\Rotten\Orange_Rotten_001.jpg,200.47769172242923,138.42941239587194,161.96849821494763
Orange,Ripe,Orange_Ripe_077.jpg,C:\Users\user\code\ip-asgm\results\preprocessing\MedianFinal\ProcessedImages\Orange\Ripe\Orange_Ripe_077.jpg,167.0336340258786,154.5996571288624,183.63398506061472
Orange,Overripe,Orange_Overripe_074.jpg,C:\Users\user\code\ip-asgm\results\preprocessing\MedianFinal\ProcessedImages\Orange\Overripe\Orange_Overripe_074.jpg,96.08306996913126,126.53460483120192,138.3203121172032
Orange,Rotten,Orange_Rotten_040.jpg,C:\Users\user\code\ip-asgm\results\preprocessing\MedianFinal\ProcessedImages\Orange\Rotten\Orange_Rotten_040.jpg,178.31368030215737,137.39039327401147,165.2386637645904
Orange,Unripe,Orange_Unripe_045.jpg,C:\Users\user\code\ip-asgm\results\preprocessing\MedianFinal\ProcessedImages\Orange\Unripe\Orange_Unripe_045.jpg,139.38091036604678,149.46796525044115,170.75494321523914
Orange,Overripe,Orange_Overripe_084.jpg,C:\Users\user\code\ip-asgm\results\preprocessing\MedianFinal\ProcessedImages\Orange\Overripe\Orange_Overripe_084.jpg,88.14977206371971,134.27189724939814,157.6171822978026
Orange,Rotten,Orange_Rotten_071.jpg,C:\Users\user\code\ip-asgm\results\preprocessing\MedianFinal\ProcessedImages\Orange\Rotten\Orange_Rotten_071.jpg,183.81173703901658,136.15535542490647,145.13034206306787
Orange,Ripe,Orange_Ripe_001.jpg,C:\Users\user\code\ip-asgm\results\preprocessing\MedianFinal\ProcessedImages\Orange\Ripe\Orange_Ripe_001.jpg,178.86942079940783,138.57544874167283,177.2220531088083
Orange,Ripe,Orange_Ripe_013.jpg,C:\Users\user\code\ip-asgm\results\preprocessing\MedianFinal\ProcessedImages\Orange\Ripe\Orange_Ripe_013.jpg,175.6838801997251,159.04171523512935,176.5292454635606
Orange,Overripe,Orange_Overripe_031.jpg,C:\Users\user\code\ip-asgm\results\preprocessing\MedianFinal\ProcessedImages\Orange\Overripe\Orange_Overripe_031.jpg,114.38414384961177,128.6953696135858,136.73371588793535
Orange,Unripe,Orange_Unripe_084.jpg,C:\Users\user\code\ip-asgm\results\preprocessing\MedianFinal\ProcessedImages\Orange\Unripe\Orange_Unripe_084.jpg,137.4548235906783,143.93282124723342,152.9286144382242
Orange,Ripe,Orange_Ripe_074.jpg,C:\Users\user\code\ip-asgm\results\preprocessing\MedianFinal\ProcessedImages\Orange\Ripe\Orange_Ripe_074.jpg,163.725549864417,155.79051421110776,186.0505724615848
Orange,Overripe,Orange_Overripe_054.jpg,C:\Users\user\code\ip-asgm\results\preprocessing\MedianFinal\ProcessedImages\Orange\Overripe\Orange_Overripe_054.jpg,136.9572320968573,129.64779108706853,129.88626996393612
Orange,Overripe,Orange_Overripe_077.jpg,C:\Users\user\code\ip-asgm\results\preprocessing\MedianFinal\ProcessedImages\Orange\Overripe\Orange_Overripe_077.jpg,120.1204748595987,133.51460700819996,135.16004429562054
Orange,Rotten,Orange_Rotten_011.jpg,C:\Users\user\code\ip-asgm\results\preprocessing\MedianFinal\ProcessedImages\Orange\Rotten\Orange_Rotten_011.jpg,110.63455038515957,129.62711575748048,128.61263297175498
Orange,Ripe,Orange_Ripe_045.jpg,C:\Users\user\code\ip-asgm\results\preprocessing\MedianFinal\ProcessedImages\Orange\Ripe\Orange_Ripe_045.jpg,182.25895893418277,155.01931148034953,175.00183483276655
Orange,Rotten,Orange_Rotten_045.jpg,C:\Users\user\code\ip-asgm\results\preprocessing\MedianFinal\ProcessedImages\Orange\Rotten\Orange_Rotten_045.jpg,131.4749983402306,135.55255936441898,160.9837563901122
Orange,Overripe,Orange_Overripe_005.jpg,C:\Users\user\code\ip-asgm\results\preprocessing\MedianFinal\ProcessedImages\Orange\Overripe\Orange_Overripe_005.jpg,94.36787969071433,131.75743065900545,147.79558594027097
Orange,Rotten,Orange_Rotten_019.jpg,C:\Users\user\code\ip-asgm\results\preprocessing\MedianFinal\ProcessedImages\Orange\Rotten\Orange_Rotten_019.jpg,113.18975334154062,132.88551925782625,126.95137179036229
Orange,Overripe,Orange_Overripe_091.jpg,C:\Users\user\code\ip-asgm\results\preprocessing\MedianFinal\ProcessedImages\Orange\Overripe\Orange_Overripe_091.jpg,114.42279147050678,134.62046524508446,161.28662420382165
Orange,Ripe,Orange_Ripe_031.jpg,C:\Users\user\code\ip-asgm\results\preprocessing\MedianFinal\ProcessedImages\Orange\Ripe\Orange_Ripe_031.jpg,170.40110298515114,160.86913264870222,177.94100610016574
Orange,Overripe,Orange_Overripe_023.jpg,C:\Users\user\code\ip-asgm\results\preprocessing\MedianFinal\ProcessedImages\Orange\Overripe\Orange_Overripe_023.jpg,133.04392053614168,130.5514824676879,138.76677686692196
Peach,Rotten,Peach_Rotten_032.jpg,C:\Users\user\code\ip-asgm\results\preprocessing\MedianFinal\ProcessedImages\Peach\Rotten\Peach_Rotten_032.jpg,167.01902027215698,131.93894152906793,135.1678363335133
Peach,Ripe,Peach_Ripe_019.jpg,C:\Users\user\code\ip-asgm\results\preprocessing\MedianFinal\ProcessedImages\Peach\Ripe\Peach_Ripe_019.jpg,175.9671195913269,148.31271818851488,199.89029721679532
Peach,Overripe,Peach_Overripe_078.jpg,C:\Users\user\code\ip-asgm\results\preprocessing\MedianFinal\ProcessedImages\Peach\Overripe\Peach_Overripe_078.jpg,175.095926707311,149.5457747063807,199.59738442115057
Peach,Overripe,Peach_Overripe_032.jpg,C:\Users\user\code\ip-asgm\results\preprocessing\MedianFinal\ProcessedImages\Peach\Overripe\Peach_Overripe_032.jpg,174.75924119384095,149.042062152851,197.82270793784716
Peach,Ripe,Peach_Ripe_013.jpg,C:\Users\user\code\ip-asgm\results\preprocessing\MedianFinal\ProcessedImages\Peach\Ripe\Peach_Ripe_013.jpg,174.2990000569768,134.10809213150247,136.28872998689533
Peach,Rotten,Peach_Rotten_077.jpg,C:\Users\user\code\ip-asgm\results\preprocessing\MedianFinal\ProcessedImages\Peach\Rotten\Peach_Rotten_077.jpg,119.22772260332412,149.68609006518548,175.0470120473704
Peach,Overripe,Peach_Overripe_054.jpg,C:\Users\user\code\ip-asgm\results\preprocessing\MedianFinal\ProcessedImages\Peach\Overripe\Peach_Overripe_054.jpg,172.89250742334767,149.40696209922262,196.86798118306476
Peach,Overripe,Peach_Overripe_001.jpg,C:\Users\user\code\ip-asgm\results\preprocessing\MedianFinal\ProcessedImages\Peach\Overripe\Peach_Overripe_001.jpg,177.77505510017087,140.29328149377181,184.31850375176444
Peach,Unripe,Peach_Unripe_040.jpg,C:\Users\user\code\ip-asgm\results\preprocessing\MedianFinal\ProcessedImages\Peach\Unripe\Peach_Unripe_040.jpg,176.08178372424518,149.6042341583517,199.94172767914992
Peach,Unripe,Peach_Unripe_054.jpg,C:\Users\user\code\ip-asgm\results\preprocessing\MedianFinal\ProcessedImages\Peach\Unripe\Peach_Unripe_054.jpg,193.44515521008825,127.0674509182499,192.20933345565544
Peach,Overripe,Peach_Overripe_046.jpg,C:\Users\user\code\ip-asgm\results\preprocessing\MedianFinal\ProcessedImages\Peach\Overripe\Peach_Overripe_046.jpg,172.72218848272075,149.49594848671404,196.69494683948687
Peach,Rotten,Peach_Rotten_071.jpg,C:\Users\user\code\ip-asgm\results\preprocessing\MedianFinal\ProcessedImages\Peach\Rotten\Peach_Rotten_071.jpg,142.53789754076305,157.900217941129,163.2778749394608
Peach,Overripe,Peach_Overripe_040.jpg,C:\Users\user\code\ip-asgm\results\preprocessing\MedianFinal\ProcessedImages\Peach\Overripe\Peach_Overripe_040.jpg,178.16486349114146,148.50827312663375,199.63980358698808
Peach,Ripe,Peach_Ripe_078.jpg,C:\Users\user\code\ip-asgm\results\preprocessing\MedianFinal\ProcessedImages\Peach\Ripe\Peach_Ripe_078.jpg,178.91929283944341,142.86493344558104,200.40465960353262
Peach,Rotten,Peach_Rotten_040.jpg,C:\Users\user\code\ip-asgm\results\preprocessing\MedianFinal\ProcessedImages\Peach\Rotten\Peach_Rotten_040.jpg,122.18873043270217,153.25805335292912,177.2109636680566
Peach,Rotten,Peach_Rotten_084.jpg,C:\Users\user\code\ip-asgm\results\preprocessing\MedianFinal\ProcessedImages\Peach\Rotten\Peach_Rotten_084.jpg,161.78779580566396,132.9742646219849,139.04388877478834
Peach,Unripe,Peach_Unripe_013.jpg,C:\Users\user\code\ip-asgm\results\preprocessing\MedianFinal\ProcessedImages\Peach\Unripe\Peach_Unripe_013.jpg,85.4209323583181,148.65892240503757,168.04555149299208
Peach,Ripe,Peach_Ripe_032.jpg,C:\Users\user\code\ip-asgm\results\preprocessing\MedianFinal\ProcessedImages\Peach\Ripe\Peach_Ripe_032.jpg,182.34537322535832,142.07133720733236,200.7311184901569
Peach,Unripe,Peach_Unripe_034.jpg,C:\Users\user\code\ip-asgm\results\preprocessing\MedianFinal\ProcessedImages\Peach\Unripe\Peach_Unripe_034.jpg,176.08385002196943,149.230845904734,200.09816270403098
Peach,Rotten,Peach_Rotten_023.jpg,C:\Users\user\code\ip-asgm\results\preprocessing\MedianFinal\ProcessedImages\Peach\Rotten\Peach_Rotten_023.jpg,129.08772336863558,149.0014284674455,178.57679604760344
Peach,Ripe,Peach_Ripe_081.jpg,C:\Users\user\code\ip-asgm\results\preprocessing\MedianFinal\ProcessedImages\Peach\Ripe\Peach_Ripe_081.jpg,144.50992512624063,137.16139212954903,156.79343331011665
Peach,Unripe,Peach_Unripe_031.jpg,C:\Users\user\code\ip-asgm\results\preprocessing\MedianFinal\ProcessedImages\Peach\Unripe\Peach_Unripe_031.jpg,142.775249788315,144.30558425063506,188.0589881456393
Peach,Ripe,Peach_Ripe_011.jpg,C:\Users\user\code\ip-asgm\results\preprocessing\MedianFinal\ProcessedImages\Peach\Ripe\Peach_Ripe_011.jpg,126.88655163286239,146.42324967739802,184.0366856367667
Peach,Ripe,Peach_Ripe_077.jpg,C:\Users\user\code\ip-asgm\results\preprocessing\MedianFinal\ProcessedImages\Peach\Ripe\Peach_Ripe_077.jpg,115.06085312394625,144.45842365560318,179.1534194004207
Peach,Unripe,Peach_Unripe_019.jpg,C:\Users\user\code\ip-asgm\results\preprocessing\MedianFinal\ProcessedImages\Peach\Unripe\Peach_Unripe_019.jpg,165.31107588666535,132.50651377055678,134.577112641173
Peach,Ripe,Peach_Ripe_031.jpg,C:\Users\user\code\ip-asgm\results\preprocessing\MedianFinal\ProcessedImages\Peach\Ripe\Peach_Ripe_031.jpg,122.98783033131738,147.35962973310544,182.7310881212201
Peach,Rotten,Peach_Rotten_011.jpg,C:\Users\user\code\ip-asgm\results\preprocessing\MedianFinal\ProcessedImages\Peach\Rotten\Peach_Rotten_011.jpg,180.09886373148072,141.94395036410813,142.1202498535197
Peach,Overripe,Peach_Overripe_045.jpg,C:\Users\user\code\ip-asgm\results\preprocessing\MedianFinal\ProcessedImages\Peach\Overripe\Peach_Overripe_045.jpg,162.99874907174936,145.1259945542629,191.78156936242442
Peach,Rotten,Peach_Rotten_046.jpg,C:\Users\user\code\ip-asgm\results\preprocessing\MedianFinal\ProcessedImages\Peach\Rotten\Peach_Rotten_046.jpg,118.55577623303542,151.25006533214864,174.83749716894022
Peach,Ripe,Peach_Ripe_005.jpg,C:\Users\user\code\ip-asgm\results\preprocessing\MedianFinal\ProcessedImages\Peach\Ripe\Peach_Ripe_005.jpg,146.32073779314393,150.49000701262273,191.3882383639388
Peach,Unripe,Peach_Unripe_077.jpg,C:\Users\user\code\ip-asgm\results\preprocessing\MedianFinal\ProcessedImages\Peach\Unripe\Peach_Unripe_077.jpg,212.7446460440214,133.2289353228898,202.15148060017185
Peach,Rotten,Peach_Rotten_031.jpg,C:\Users\user\code\ip-asgm\results\preprocessing\MedianFinal\ProcessedImages\Peach\Rotten\Peach_Rotten_031.jpg,167.53183365535008,131.91524979298924,135.16184561597203
Peach,Ripe,Peach_Ripe_074.jpg,C:\Users\user\code\ip-asgm\results\preprocessing\MedianFinal\ProcessedImages\Peach\Ripe\Peach_Ripe_074.jpg,180.9825097213221,144.40675226830848,201.34571451717434
Peach,Unripe,Peach_Unripe_001.jpg,C:\Users\user\code\ip-asgm\results\preprocessing\MedianFinal\ProcessedImages\Peach\Unripe\Peach_Unripe_001.jpg,176.2055469531275,148.85145488564146,199.87942756217942
Peach,Rotten,Peach_Rotten_045.jpg,C:\Users\user\code\ip-asgm\results\preprocessing\MedianFinal\ProcessedImages\Peach\Rotten\Peach_Rotten_045.jpg,157.68420071149873,135.82213248795043,149.38371442506312
Peach,Overripe,Peach_Overripe_074.jpg,C:\Users\user\code\ip-asgm\results\preprocessing\MedianFinal\ProcessedImages\Peach\Overripe\Peach_Overripe_074.jpg,206.49454536397448,135.66447761689693,198.01198027364507
Peach,Unripe,Peach_Unripe_023.jpg,C:\Users\user\code\ip-asgm\results\preprocessing\MedianFinal\ProcessedImages\Peach\Unripe\Peach_Unripe_023.jpg,143.66696342966716,134.78020134228188,155.9515249052641
Peach,Unripe,Peach_Unripe_078.jpg,C:\Users\user\code\ip-asgm\results\preprocessing\MedianFinal\ProcessedImages\Peach\Unripe\Peach_Unripe_078.jpg,144.96430893721552,136.39068708908317,172.09968571634997
Peach,Overripe,Peach_Overripe_011.jpg,C:\Users\user\code\ip-asgm\results\preprocessing\MedianFinal\ProcessedImages\Peach\Overripe\Peach_Overripe_011.jpg,130.93712122463134,155.6643905741698,184.91833726901928
Peach,Unripe,Peach_Unripe_046.jpg,C:\Users\user\code\ip-asgm\results\preprocessing\MedianFinal\ProcessedImages\Peach\Unripe\Peach_Unripe_046.jpg,151.53294408817976,132.06189933490958,136.04003299937062
Peach,Rotten,Peach_Rotten_091.jpg,C:\Users\user\code\ip-asgm\results\preprocessing\MedianFinal\ProcessedImages\Peach\Rotten\Peach_Rotten_091.jpg,118.34437852432819,131.69441434160498,133.78760354866557
Peach,Unripe,Peach_Unripe_071.jpg,C:\Users\user\code\ip-asgm\results\preprocessing\MedianFinal\ProcessedImages\Peach\Unripe\Peach_Unripe_071.jpg,140.71957906990994,136.0925188407573,169.1055695116721
Peach,Rotten,Peach_Rotten_054.jpg,C:\Users\user\code\ip-asgm\results\preprocessing\MedianFinal\ProcessedImages\Peach\Rotten\Peach_Rotten_054.jpg,165.49774410705515,132.12004828940906,135.9783771893927
Peach,Rotten,Peach_Rotten_013.jpg,C:\Users\user\code\ip-asgm\results\preprocessing\MedianFinal\ProcessedImages\Peach\Rotten\Peach_Rotten_013.jpg,160.03182858982845,146.79194468793045,185.24149836317775
Peach,Unripe,Peach_Unripe_045.jpg,C:\Users\user\code\ip-asgm\results\preprocessing\MedianFinal\ProcessedImages\Peach\Unripe\Peach_Unripe_045.jpg,176.93095840659973,148.71454454322856,200.27493796322165
Peach,Overripe,Peach_Overripe_013.jpg,C:\Users\user\code\ip-asgm\results\preprocessing\MedianFinal\ProcessedImages\Peach\Overripe\Peach_Overripe_013.jpg,151.13155559857395,155.62250560583328,192.1495305618739
Peach,Unripe,Peach_Unripe_005.jpg,C:\Users\user\code\ip-asgm\results\preprocessing\MedianFinal\ProcessedImages\Peach\Unripe\Peach_Unripe_005.jpg,133.01932116800236,157.53727128796905,187.19215074999593
Peach,Rotten,Peach_Rotten_081.jpg,C:\Users\user\code\ip-asgm\results\preprocessing\MedianFinal\ProcessedImages\Peach\Rotten\Peach_Rotten_081.jpg,163.14874111993313,147.78928558991504,187.29497057389608
Peach,Overripe,Peach_Overripe_091.jpg,C:\Users\user\code\ip-asgm\results\preprocessing\MedianFinal\ProcessedImages\Peach\Overripe\Peach_Overripe_091.jpg,171.25580268368898,149.39104824290226,195.94127550423607
Peach,Unripe,Peach_Unripe_011.jpg,C:\Users\user\code\ip-asgm\results\preprocessing\MedianFinal\ProcessedImages\Peach\Unripe\Peach_Unripe_011.jpg,208.14651441928046,132.13890994661867,146.0684481506049
Peach,Overripe,Peach_Overripe_081.jpg,C:\Users\user\code\ip-asgm\results\preprocessing\MedianFinal\ProcessedImages\Peach\Overripe\Peach_Overripe_081.jpg,175.3995981582252,149.31401004604436,199.4410841356216
Peach,Rotten,Peach_Rotten_034.jpg,C:\Users\user\code\ip-asgm\results\preprocessing\MedianFinal\ProcessedImages\Peach\Rotten\Peach_Rotten_034.jpg,111.31863797731405,153.43912459953242,174.13899471815742
Peach,Unripe,Peach_Unripe_032.jpg,C:\Users\user\code\ip-asgm\results\preprocessing\MedianFinal\ProcessedImages\Peach\Unripe\Peach_Unripe_032.jpg,179.21826901977994,142.1873491426601,199.70416679727907
Peach,Overripe,Peach_Overripe_019.jpg,C:\Users\user\code\ip-asgm\results\preprocessing\MedianFinal\ProcessedImages\Peach\Overripe\Peach_Overripe_019.jpg,172.20967594211587,149.44174118665802,196.4890967677474
Peach,Overripe,Peach_Overripe_071.jpg,C:\Users\user\code\ip-asgm\results\preprocessing\MedianFinal\ProcessedImages\Peach\Overripe\Peach_Overripe_071.jpg,166.71062717770036,145.1756387921022,193.00854073336652
Peach,Unripe,Peach_Unripe_081.jpg,C:\Users\user\code\ip-asgm\results\preprocessing\MedianFinal\ProcessedImages\Peach\Unripe\Peach_Unripe_081.jpg,219.411592447981,128.43497421703816,185.45952569235078
Peach,Overripe,Peach_Overripe_031.jpg,C:\Users\user\code\ip-asgm\results\preprocessing\MedianFinal\ProcessedImages\Peach\Overripe\Peach_Overripe_031.jpg,175.3894042187842,149.40657564687464,199.2728194811535
Peach,Ripe,Peach_Ripe_001.jpg,C:\Users\user\code\ip-asgm\results\preprocessing\MedianFinal\ProcessedImages\Peach\Ripe\Peach_Ripe_001.jpg,178.42090335620793,144.14040163653848,195.7593522306802
Peach,Rotten,Peach_Rotten_005.jpg,C:\Users\user\code\ip-asgm\results\preprocessing\MedianFinal\ProcessedImages\Peach\Rotten\Peach_Rotten_005.jpg,122.2244094488189,137.06774221157139,167.25129807143674
Peach,Overripe,Peach_Overripe_077.jpg,C:\Users\user\code\ip-asgm\results\preprocessing\MedianFinal\ProcessedImages\Peach\Overripe\Peach_Overripe_077.jpg,165.6392451180414,136.40176576314,174.54337292334597
Peach,Overripe,Peach_Overripe_084.jpg,C:\Users\user\code\ip-asgm\results\preprocessing\MedianFinal\ProcessedImages\Peach\Overripe\Peach_Overripe_084.jpg,168.54467206988755,151.78573267343177,196.0223256547807
Peach,Rotten,Peach_Rotten_078.jpg,C:\Users\user\code\ip-asgm\results\preprocessing\MedianFinal\ProcessedImages\Peach\Rotten\Peach_Rotten_078.jpg,145.85119997099767,133.37113453451275,135.27411724187934
Peach,Rotten,Peach_Rotten_001.jpg,C:\Users\user\code\ip-asgm\results\preprocessing\MedianFinal\ProcessedImages\Peach\Rotten\Peach_Rotten_001.jpg,158.00498330633698,153.81497305874186,146.8241297808337
Peach,Ripe,Peach_Ripe_046.jpg,C:\Users\user\code\ip-asgm\results\preprocessing\MedianFinal\ProcessedImages\Peach\Ripe\Peach_Ripe_046.jpg,179.4783732073065,143.95647250249382,199.81695311605696
Peach,Ripe,Peach_Ripe_091.jpg,C:\Users\user\code\ip-asgm\results\preprocessing\MedianFinal\ProcessedImages\Peach\Ripe\Peach_Ripe_091.jpg,193.7311942523114,133.76390344442115,135.9151354246722
Peach,Overripe,Peach_Overripe_034.jpg,C:\Users\user\code\ip-asgm\results\preprocessing\MedianFinal\ProcessedImages\Peach\Overripe\Peach_Overripe_034.jpg,175.6437985862758,149.29538356923388,199.47929783911752
Peach,Unripe,Peach_Unripe_074.jpg,C:\Users\user\code\ip-asgm\results\preprocessing\MedianFinal\ProcessedImages\Peach\Unripe\Peach_Unripe_074.jpg,195.12954309863647,142.630938521649,201.5124750817319
Peach,Rotten,Peach_Rotten_019.jpg,C:\Users\user\code\ip-asgm\results\preprocessing\MedianFinal\ProcessedImages\Peach\Rotten\Peach_Rotten_019.jpg,201.31983602366518,133.5654307574319,184.63163300708496
Peach,Overripe,Peach_Overripe_023.jpg,C:\Users\user\code\ip-asgm\results\preprocessing\MedianFinal\ProcessedImages\Peach\Overripe\Peach_Overripe_023.jpg,213.28797138604037,132.61631657294078,199.3095434998346
Peach,Ripe,Peach_Ripe_034.jpg,C:\Users\user\code\ip-asgm\results\preprocessing\MedianFinal\ProcessedImages\Peach\Ripe\Peach_Ripe_034.jpg,216.76560482474096,129.5592463704217,201.38189304947565
Peach,Rotten,Peach_Rotten_074.jpg,C:\Users\user\code\ip-asgm\results\preprocessing\MedianFinal\ProcessedImages\Peach\Rotten\Peach_Rotten_074.jpg,182.1801310043668,143.68262193246818,155.6384925272157
Peach,Overripe,Peach_Overripe_005.jpg,C:\Users\user\code\ip-asgm\results\preprocessing\MedianFinal\ProcessedImages\Peach\Overripe\Peach_Overripe_005.jpg,176.96648620073645,148.42906230631814,198.61742134237485
Peach,Ripe,Peach_Ripe_040.jpg,C:\Users\user\code\ip-asgm\results\preprocessing\MedianFinal\ProcessedImages\Peach\Ripe\Peach_Ripe_040.jpg,175.85601184758247,148.47108149215498,199.78968539865514
Peach,Ripe,Peach_Ripe_054.jpg,C:\Users\user\code\ip-asgm\results\preprocessing\MedianFinal\ProcessedImages\Peach\Ripe\Peach_Ripe_054.jpg,151.9630951790702,156.27547639116136,193.7991141520816
Peach,Ripe,Peach_Ripe_045.jpg,C:\Users\user\code\ip-asgm\results\preprocessing\MedianFinal\ProcessedImages\Peach\Ripe\Peach_Ripe_045.jpg,178.32527720834887,142.7848451671015,199.35259814883835
Peach,Unripe,Peach_Unripe_084.jpg,C:\Users\user\code\ip-asgm\results\preprocessing\MedianFinal\ProcessedImages\Peach\Unripe\Peach_Unripe_084.jpg,214.25124155903757,131.91091916344325,199.76265324854128
Peach,Ripe,Peach_Ripe_023.jpg,C:\Users\user\code\ip-asgm\results\preprocessing\MedianFinal\ProcessedImages\Peach\Ripe\Peach_Ripe_023.jpg,165.46580500933283,135.82531362590615,156.48003212223813
Peach,Ripe,Peach_Ripe_071.jpg,C:\Users\user\code\ip-asgm\results\preprocessing\MedianFinal\ProcessedImages\Peach\Ripe\Peach_Ripe_071.jpg,193.26860216819975,142.48497864651773,204.4501108738502
Peach,Ripe,Peach_Ripe_084.jpg,C:\Users\user\code\ip-asgm\results\preprocessing\MedianFinal\ProcessedImages\Peach\Ripe\Peach_Ripe_084.jpg,159.72953415600475,133.10881469704998,135.72644913821384
Peach,Unripe,Peach_Unripe_091.jpg,C:\Users\user\code\ip-asgm\results\preprocessing\MedianFinal\ProcessedImages\Peach\Unripe\Peach_Unripe_091.jpg,177.3746306597778,148.75205922649016,200.53541126755914
Pear,Rotten,Pear_Rotten_034.jpg,C:\Users\user\code\ip-asgm\results\preprocessing\MedianFinal\ProcessedImages\Pear\Rotten\Pear_Rotten_034.jpg,70.37241483167124,132.92709657988087,139.56552439595742
Pear,Overripe,Pear_Overripe_019.jpg,C:\Users\user\code\ip-asgm\results\preprocessing\MedianFinal\ProcessedImages\Pear\Overripe\Pear_Overripe_019.jpg,214.1825422262107,116.57023012082946,192.78188199096184
Pear,Ripe,Pear_Ripe_026.jpg,C:\Users\user\code\ip-asgm\results\preprocessing\MedianFinal\ProcessedImages\Pear\Ripe\Pear_Ripe_026.jpg,134.45628176289262,129.11521078063817,166.39428684495542
Pear,Rotten,Pear_Rotten_081.jpg,C:\Users\user\code\ip-asgm\results\preprocessing\MedianFinal\ProcessedImages\Pear\Rotten\Pear_Rotten_081.jpg,135.98200674289066,153.01496078862505,164.04880350337143
Pear,Rotten,Pear_Rotten_011.jpg,C:\Users\user\code\ip-asgm\results\preprocessing\MedianFinal\ProcessedImages\Pear\Rotten\Pear_Rotten_011.jpg,157.8634646552799,142.65719361675602,173.4196484228899
Pear,Rotten,Pear_Rotten_023.jpg,C:\Users\user\code\ip-asgm\results\preprocessing\MedianFinal\ProcessedImages\Pear\Rotten\Pear_Rotten_023.jpg,167.13416759850028,137.3770308491745,174.87716240215747
Pear,Rotten,Pear_Rotten_074.jpg,C:\Users\user\code\ip-asgm\results\preprocessing\MedianFinal\ProcessedImages\Pear\Rotten\Pear_Rotten_074.jpg,172.27361546899314,147.5345335578174,192.7933598632688
Pear,Unripe,Pear_Unripe_005.jpg,C:\Users\user\code\ip-asgm\results\preprocessing\MedianFinal\ProcessedImages\Pear\Unripe\Pear_Unripe_005.jpg,64.93454968089789,130.85606706646126,149.64317644146126
Pear,Unripe,Pear_Unripe_081.jpg,C:\Users\user\code\ip-asgm\results\preprocessing\MedianFinal\ProcessedImages\Pear\Unripe\Pear_Unripe_081.jpg,132.1974169426708,125.18716495373374,172.26366647317923
Pear,Unripe,Pear_Unripe_054.jpg,C:\Users\user\code\ip-asgm\results\preprocessing\MedianFinal\ProcessedImages\Pear\Unripe\Pear_Unripe_054.jpg,118.55277579356222,116.65210500468771,159.66585003794813
Pear,Overripe,Pear_Overripe_011.jpg,C:\Users\user\code\ip-asgm\results\preprocessing\MedianFinal\ProcessedImages\Pear\Overripe\Pear_Overripe_011.jpg,137.3813754353956,135.04480427931662,149.26933363741915
Pear,Ripe,Pear_Ripe_056.jpg,C:\Users\user\code\ip-asgm\results\preprocessing\MedianFinal\ProcessedImages\Pear\Ripe\Pear_Ripe_056.jpg,149.4597979632063,123.20605289093298,177.1001149802891
Pear,Ripe,Pear_Ripe_017.jpg,C:\Users\user\code\ip-asgm\results\preprocessing\MedianFinal\ProcessedImages\Pear\Ripe\Pear_Ripe_017.jpg,150.06792673421668,122.87849766173032,180.8319563522993
Pear,Unripe,Pear_Unripe_077.jpg,C:\Users\user\code\ip-asgm\results\preprocessing\MedianFinal\ProcessedImages\Pear\Unripe\Pear_Unripe_077.jpg,233.2834872380162,122.57575741855156,161.55286885245903
Pear,Overripe,Pear_Overripe_048.jpg,C:\Users\user\code\ip-asgm\results\preprocessing\MedianFinal\ProcessedImages\Pear\Overripe\Pear_Overripe_048.jpg,176.21502115829355,138.39212960684938,185.07107710475816
Pear,Overripe,Pear_Overripe_056.jpg,C:\Users\user\code\ip-asgm\results\preprocessing\MedianFinal\ProcessedImages\Pear\Overripe\Pear_Overripe_056.jpg,218.95404257462312,116.12667461303428,189.19708390692676
Pear,Unripe,Pear_Unripe_031.jpg,C:\Users\user\code\ip-asgm\results\preprocessing\MedianFinal\ProcessedImages\Pear\Unripe\Pear_Unripe_031.jpg,64.35727818545698,130.3236157438292,147.35681120747165
Pear,Rotten,Pear_Rotten_001.jpg,C:\Users\user\code\ip-asgm\results\preprocessing\MedianFinal\ProcessedImages\Pear\Rotten\Pear_Rotten_001.jpg,153.10932663050667,136.22406402963355,141.55172641883848
Pear,Ripe,Pear_Ripe_050.jpg,C:\Users\user\code\ip-asgm\results\preprocessing\MedianFinal\ProcessedImages\Pear\Ripe\Pear_Ripe_050.jpg,158.81244083040303,126.41753448742223,152.61760380037867
Pear,Overripe,Pear_Overripe_005.jpg,C:\Users\user\code\ip-asgm\results\preprocessing\MedianFinal\ProcessedImages\Pear\Overripe\Pear_Overripe_005.jpg,180.44379237371163,131.93727221068306,163.65026257005132
Pear,Overripe,Pear_Overripe_050.jpg,C:\Users\user\code\ip-asgm\results\preprocessing\MedianFinal\ProcessedImages\Pear\Overripe\Pear_Overripe_050.jpg,221.8365857946554,126.2539117440225,181.69627159935703
Pear,Overripe,Pear_Overripe_077.jpg,C:\Users\user\code\ip-asgm\results\preprocessing\MedianFinal\ProcessedImages\Pear\Overripe\Pear_Overripe_077.jpg,176.6529628131557,141.03919028237732,184.57784336527038
Pear,Ripe,Pear_Ripe_013.jpg,C:\Users\user\code\ip-asgm\results\preprocessing\MedianFinal\ProcessedImages\Pear\Ripe\Pear_Ripe_013.jpg,142.1580638231388,103.00454066088587,176.845173228654
Pear,Ripe,Pear_Ripe_055.jpg,C:\Users\user\code\ip-asgm\results\preprocessing\MedianFinal\ProcessedImages\Pear\Ripe\Pear_Ripe_055.jpg,185.19191174736446,109.19962382962666,191.360451404448
Pear,Unripe,Pear_Unripe_040.jpg,C:\Users\user\code\ip-asgm\results\preprocessing\MedianFinal\ProcessedImages\Pear\Unripe\Pear_Unripe_040.jpg,191.0747187433666,116.73853746550625,152.72387320455672
Pear,Overripe,Pear_Overripe_001.jpg,C:\Users\user\code\ip-asgm\results\preprocessing\MedianFinal\ProcessedImages\Pear\Overripe\Pear_Overripe_001.jpg,160.05985983848424,119.87528148780866,172.52099510793602
Pear,Unripe,Pear_Unripe_071.jpg,C:\Users\user\code\ip-asgm\results\preprocessing\MedianFinal\ProcessedImages\Pear\Unripe\Pear_Unripe_071.jpg,181.14228745969794,113.64479648978207,159.0006302877506
Pear,Unripe,Pear_Unripe_045.jpg,C:\Users\user\code\ip-asgm\results\preprocessing\MedianFinal\ProcessedImages\Pear\Unripe\Pear_Unripe_045.jpg,198.46768294425237,125.05177586650284,165.87090322027603
Pear,Unripe,Pear_Unripe_074.jpg,C:\Users\user\code\ip-asgm\results\preprocessing\MedianFinal\ProcessedImages\Pear\Unripe\Pear_Unripe_074.jpg,178.296924508374,110.18870391791982,194.22936679575517
Pear,Unripe,Pear_Unripe_013.jpg,C:\Users\user\code\ip-asgm\results\preprocessing\MedianFinal\ProcessedImages\Pear\Unripe\Pear_Unripe_013.jpg,154.3804494046136,126.98005829305964,177.5105874146779
Pear,Overripe,Pear_Overripe_036.jpg,C:\Users\user\code\ip-asgm\results\preprocessing\MedianFinal\ProcessedImages\Pear\Overripe\Pear_Overripe_036.jpg,152.24395354708406,140.01258520575612,178.61064756374654
Pear,Unripe,Pear_Unripe_032.jpg,C:\Users\user\code\ip-asgm\results\preprocessing\MedianFinal\ProcessedImages\Pear\Unripe\Pear_Unripe_032.jpg,176.51215832162472,117.33714395197343,182.01818559202962
Pear,Overripe,Pear_Overripe_071.jpg,C:\Users\user\code\ip-asgm\results\preprocessing\MedianFinal\ProcessedImages\Pear\Overripe\Pear_Overripe_071.jpg,177.29883082886556,140.9560082055929,184.8095094263636
Pear,Unripe,Pear_Unripe_019.jpg,C:\Users\user\code\ip-asgm\results\preprocessing\MedianFinal\ProcessedImages\Pear\Unripe\Pear_Unripe_019.jpg,141.22280320635883,124.67602135327203,158.77527701997238
Pear,Ripe,Pear_Ripe_042.jpg,C:\Users\user\code\ip-asgm\results\preprocessing\MedianFinal\ProcessedImages\Pear\Ripe\Pear_Ripe_042.jpg,93.66409934958543,128.35072116578124,151.9046286182414
Pear,Rotten,Pear_Rotten_071.jpg,C:\Users\user\code\ip-asgm\results\preprocessing\MedianFinal\ProcessedImages\Pear\Rotten\Pear_Rotten_071.jpg,147.02888635822825,149.233903865112,166.09385729340178
Pear,Ripe,Pear_Ripe_066.jpg,C:\Users\user\code\ip-asgm\results\preprocessing\MedianFinal\ProcessedImages\Pear\Ripe\Pear_Ripe_066.jpg,111.98034055727554,128.68734950120398,160.28726350189197
Pear,Rotten,Pear_Rotten_019.jpg,C:\Users\user\code\ip-asgm\results\preprocessing\MedianFinal\ProcessedImages\Pear\Rotten\Pear_Rotten_019.jpg,97.28267715237247,131.9033534474231,171.61227618953407
Pear,Rotten,Pear_Rotten_032.jpg,C:\Users\user\code\ip-asgm\results\preprocessing\MedianFinal\ProcessedImages\Pear\Rotten\Pear_Rotten_032.jpg,179.71216825020937,134.63550119848674,142.68330349149508
Pear,Ripe,Pear_Ripe_005.jpg,C:\Users\user\code\ip-asgm\results\preprocessing\MedianFinal\ProcessedImages\Pear\Ripe\Pear_Ripe_005.jpg,108.643397505423,128.66936686550977,152.7631643167028
Pear,Ripe,Pear_Ripe_010.jpg,C:\Users\user\code\ip-asgm\results\preprocessing\MedianFinal\ProcessedImages\Pear\Ripe\Pear_Ripe_010.jpg,207.51652196449396,118.24902811973566,189.167584553583
Pear,Unripe,Pear_Unripe_023.jpg,C:\Users\user\code\ip-asgm\results\preprocessing\MedianFinal\ProcessedImages\Pear\Unripe\Pear_Unripe_023.jpg,155.35905115716875,123.16452771161435,160.75801663763377
Pear,Rotten,Pear_Rotten_077.jpg,C:\Users\user\code\ip-asgm\results\preprocessing\MedianFinal\ProcessedImages\Pear\Rotten\Pear_Rotten_077.jpg,56.367252230720204,129.33466778202677,138.06943116634798
Pear,Ripe,Pear_Ripe_047.jpg,C:\Users\user\code\ip-asgm\results\preprocessing\MedianFinal\ProcessedImages\Pear\Ripe\Pear_Ripe_047.jpg,133.4988834472987,127.54558615166636,149.79734953489805
Pear,Ripe,Pear_Ripe_029.jpg,C:\Users\user\code\ip-asgm\results\preprocessing\MedianFinal\ProcessedImages\Pear\Ripe\Pear_Ripe_029.jpg,164.2642243754592,113.71571340007347,178.2499540778839
Pear,Rotten,Pear_Rotten_013.jpg,C:\Users\user\code\ip-asgm\results\preprocessing\MedianFinal\ProcessedImages\Pear\Rotten\Pear_Rotten_013.jpg,149.6528024632638,141.823053045285,166.14521115478007
Pear,Rotten,Pear_Rotten_031.jpg,C:\Users\user\code\ip-asgm\results\preprocessing\MedianFinal\ProcessedImages\Pear\Rotten\Pear_Rotten_031.jpg,155.34064959538853,130.9177890477774,190.5284613679193
Pear,Rotten,Pear_Rotten_005.jpg,C:\Users\user\code\ip-asgm\results\preprocessing\MedianFinal\ProcessedImages\Pear\Rotten\Pear_Rotten_005.jpg,133.75703350878493,153.1663855734302,161.7964174512566
Pear,Ripe,Pear_Ripe_048.jpg,C:\Users\user\code\ip-asgm\results\preprocessing\MedianFinal\ProcessedImages\Pear\Ripe\Pear_Ripe_048.jpg,192.5854345633499,119.8527718846729,181.66120057037526
Pear,Rotten,Pear_Rotten_091.jpg,C:\Users\user\code\ip-asgm\results\preprocessing\MedianFinal\ProcessedImages\Pear\Rotten\Pear_Rotten_091.jpg,82.24300622643165,140.60776769271246,140.57624090151714
Pear,Ripe,Pear_Ripe_032.jpg,C:\Users\user\code\ip-asgm\results\preprocessing\MedianFinal\ProcessedImages\Pear\Ripe\Pear_Ripe_032.jpg,122.12626945539284,128.3700911994016,153.47576886561754
Pear,Unripe,Pear_Unripe_011.jpg,C:\Users\user\code\ip-asgm\results\preprocessing\MedianFinal\ProcessedImages\Pear\Unripe\Pear_Unripe_011.jpg,142.52032216293452,114.76350159630283,173.71924605389475
Pear,Ripe,Pear_Ripe_006.jpg,C:\Users\user\code\ip-asgm\results\preprocessing\MedianFinal\ProcessedImages\Pear\Ripe\Pear_Ripe_006.jpg,166.95805708413445,121.18283829476894,184.01519923092224
Pear,Overripe,Pear_Overripe_082.jpg,C:\Users\user\code\ip-asgm\results\preprocessing\MedianFinal\ProcessedImages\Pear\Overripe\Pear_Overripe_082.jpg,176.52528658958394,139.16741402312482,184.81685443225615
Pear,Rotten,Pear_Rotten_084.jpg,C:\Users\user\code\ip-asgm\results\preprocessing\MedianFinal\ProcessedImages\Pear\Rotten\Pear_Rotten_084.jpg,143.86173005001578,135.65834384715902,139.89778308475644
Pear,Rotten,Pear_Rotten_040.jpg,C:\Users\user\code\ip-asgm\results\preprocessing\MedianFinal\ProcessedImages\Pear\Rotten\Pear_Rotten_040.jpg,178.80900787965615,133.17650131327602,147.19872254059217
Pear,Overripe,Pear_Overripe_074.jpg,C:\Users\user\code\ip-asgm\results\preprocessing\MedianFinal\ProcessedImages\Pear\Overripe\Pear_Overripe_074.jpg,170.37708671181915,130.3673328245731,148.45068205666317
Pear,Ripe,Pear_Ripe_062.jpg,C:\Users\user\code\ip-asgm\results\preprocessing\MedianFinal\ProcessedImages\Pear\Ripe\Pear_Ripe_062.jpg,76.47449727939437,130.33683463449256,160.0505914360066
Pear,Overripe,Pear_Overripe_059.jpg,C:\Users\user\code\ip-asgm\results\preprocessing\MedianFinal\ProcessedImages\Pear\Overripe\Pear_Overripe_059.jpg,144.9778865795532,135.91430238967607,168.33573814078662
Pear,Overripe,Pear_Overripe_055.jpg,C:\Users\user\code\ip-asgm\results\preprocessing\MedianFinal\ProcessedImages\Pear\Overripe\Pear_Overripe_055.jpg,147.8635158073414,137.6354763420327,156.44629747506895
Pear,Overripe,Pear_Overripe_043.jpg,C:\Users\user\code\ip-asgm\results\preprocessing\MedianFinal\ProcessedImages\Pear\Overripe\Pear_Overripe_043.jpg,212.12465714746693,129.84769280413036,133.41332553511884
Pear,Rotten,Pear_Rotten_078.jpg,C:\Users\user\code\ip-asgm\results\preprocessing\MedianFinal\ProcessedImages\Pear\Rotten\Pear_Rotten_078.jpg,108.12567609939641,131.06192678529436,139.0401348279376
Pear,Overripe,Pear_Overripe_013.jpg,C:\Users\user\code\ip-asgm\results\preprocessing\MedianFinal\ProcessedImages\Pear\Overripe\Pear_Overripe_013.jpg,153.48621864097026,128.60495929556404,171.28601096527663
Pear,Rotten,Pear_Rotten_045.jpg,C:\Users\user\code\ip-asgm\results\preprocessing\MedianFinal\ProcessedImages\Pear\Rotten\Pear_Rotten_045.jpg,188.7090493942218,139.70279589934762,162.68679403541472
Pear,Unripe,Pear_Unripe_001.jpg,C:\Users\user\code\ip-asgm\results\preprocessing\MedianFinal\ProcessedImages\Pear\Unripe\Pear_Unripe_001.jpg,193.07608780640368,119.55986355995152,168.3280425348919
Pear,Ripe,Pear_Ripe_008.jpg,C:\Users\user\code\ip-asgm\results\preprocessing\MedianFinal\ProcessedImages\Pear\Ripe\Pear_Ripe_008.jpg,54.73098473175515,129.61773357613112,146.94575570808237
Pear,Overripe,Pear_Overripe_066.jpg,C:\Users\user\code\ip-asgm\results\preprocessing\MedianFinal\ProcessedImages\Pear\Overripe\Pear_Overripe_066.jpg,188.2175786299009,127.19831161137441,149.01723395088325
Pear,Ripe,Pear_Ripe_043.jpg,C:\Users\user\code\ip-asgm\results\preprocessing\MedianFinal\ProcessedImages\Pear\Ripe\Pear_Ripe_043.jpg,122.6100255344932,128.7890591188436,168.52210464814334
Pear,Unripe,Pear_Unripe_034.jpg,C:\Users\user\code\ip-asgm\results\preprocessing\MedianFinal\ProcessedImages\Pear\Unripe\Pear_Unripe_034.jpg,122.01401266745138,125.91590064084599,167.39353175270443
Pear,Unripe,Pear_Unripe_084.jpg,C:\Users\user\code\ip-asgm\results\preprocessing\MedianFinal\ProcessedImages\Pear\Unripe\Pear_Unripe_084.jpg,124.75618760036305,123.17599315785799,150.9602300495706
Pear,Unripe,Pear_Unripe_078.jpg,C:\Users\user\code\ip-asgm\results\preprocessing\MedianFinal\ProcessedImages\Pear\Unripe\Pear_Unripe_078.jpg,102.16393514024739,128.02687349112722,149.24006321710345
Pear,Ripe,Pear_Ripe_001.jpg,C:\Users\user\code\ip-asgm\results\preprocessing\MedianFinal\ProcessedImages\Pear\Ripe\Pear_Ripe_001.jpg,199.4889549288717,114.91838339689875,171.02277915425518
Pear,Unripe,Pear_Unripe_091.jpg,C:\Users\user\code\ip-asgm\results\preprocessing\MedianFinal\ProcessedImages\Pear\Unripe\Pear_Unripe_091.jpg,161.99907597535935,126.46015143737166,166.0357931211499
Pear,Ripe,Pear_Ripe_059.jpg,C:\Users\user\code\ip-asgm\results\preprocessing\MedianFinal\ProcessedImages\Pear\Ripe\Pear_Ripe_059.jpg,190.18402106591975,120.55477533630518,185.22376622351968
Pear,Unripe,Pear_Unripe_046.jpg,C:\Users\user\code\ip-asgm\results\preprocessing\MedianFinal\ProcessedImages\Pear\Unripe\Pear_Unripe_046.jpg,165.02933778998576,120.75170433861733,183.24563987159547
Pear,Rotten,Pear_Rotten_054.jpg,C:\Users\user\code\ip-asgm\results\preprocessing\MedianFinal\ProcessedImages\Pear\Rotten\Pear_Rotten_054.jpg,120.72645340989963,141.37342020663084,167.4966134138261
Pear,Rotten,Pear_Rotten_046.jpg,C:\Users\user\code\ip-asgm\results\preprocessing\MedianFinal\ProcessedImages\Pear\Rotten\Pear_Rotten_046.jpg,110.49270510835913,132.0217105263158,139.63003095975233
