fruit,category,image,image_path,R_mean,G_mean,B_mean
Apple,Unripe,Apple_Unripe_013.jpg,C:\Users\user\code\ip-asgm\results\preprocessing\MedianFinal\ProcessedImages\Apple\Unripe\Apple_Unripe_013.jpg,185.83641771718948,199.04652228085607,115.11845866314863
Apple,Rotten,Apple_Rotten_091.jpg,C:\Users\user\code\ip-asgm\results\preprocessing\MedianFinal\ProcessedImages\Apple\Rotten\Apple_Rotten_091.jpg,143.8171767513688,124.97629159062193,127.4291029060789
Apple,Unripe,Apple_Unripe_074.jpg,C:\Users\user\code\ip-asgm\results\preprocessing\MedianFinal\ProcessedImages\Apple\Unripe\Apple_Unripe_074.jpg,184.9030424669868,184.87585159063624,124.21503226290517
Apple,Unripe,Apple_Unripe_077.jpg,C:\Users\user\code\ip-asgm\results\preprocessing\MedianFinal\ProcessedImages\Apple\Unripe\Apple_Unripe_077.jpg,121.32959443800695,121.40536500579374,65.22004634994207
Apple,Overripe,Apple_Overripe_019.jpg,C:\Users\user\code\ip-asgm\results\preprocessing\MedianFinal\ProcessedImages\Apple\Overripe\Apple_Overripe_019.jpg,230.96193285573816,164.5777760219132,94.85746769209159
Apple,Unripe,Apple_Unripe_046.jpg,C:\Users\user\code\ip-asgm\results\preprocessing\MedianFinal\ProcessedImages\Apple\Unripe\Apple_Unripe_046.jpg,219.954814459373,149.77039347408828,80.58255136134215
Apple,Ripe,Apple_Ripe_031.jpg,C:\Users\user\code\ip-asgm\results\preprocessing\MedianFinal\ProcessedImages\Apple\Ripe\Apple_Ripe_031.jpg,184.9170035317646,145.3428896642696,131.75785072975617
Apple,Unripe,Apple_Unripe_078.jpg,C:\Users\user\code\ip-asgm\results\preprocessing\MedianFinal\ProcessedImages\Apple\Unripe\Apple_Unripe_078.jpg,227.81830939568735,149.8988811892687,71.46825519724362
Apple,Rotten,Apple_Rotten_005.jpg,C:\Users\user\code\ip-asgm\results\preprocessing\MedianFinal\ProcessedImages\Apple\Rotten\Apple_Rotten_005.jpg,57.28216978497626,32.941957553755934,23.32846970120078
Apple,Overripe,Apple_Overripe_071.jpg,C:\Users\user\code\ip-asgm\results\preprocessing\MedianFinal\ProcessedImages\Apple\Overripe\Apple_Overripe_071.jpg,161.75390206169777,85.67837668106485,68.98163082437276
Apple,Unripe,Apple_Unripe_084.jpg,C:\Users\user\code\ip-asgm\results\preprocessing\MedianFinal\ProcessedImages\Apple\Unripe\Apple_Unripe_084.jpg,134.03018073015585,134.82930119682857,70.396588887884
Apple,Ripe,Apple_Ripe_019.jpg,C:\Users\user\code\ip-asgm\results\preprocessing\MedianFinal\ProcessedImages\Apple\Ripe\Apple_Ripe_019.jpg,221.05814211148316,123.81314014181604,19.990508666535355
Apple,Unripe,Apple_Unripe_001.jpg,C:\Users\user\code\ip-asgm\results\preprocessing\MedianFinal\ProcessedImages\Apple\Unripe\Apple_Unripe_001.jpg,139.02569131495815,139.45616681388768,72.04181201622924
Apple,Rotten,Apple_Rotten_045.jpg,C:\Users\user\code\ip-asgm\results\preprocessing\MedianFinal\ProcessedImages\Apple\Rotten\Apple_Rotten_045.jpg,148.4524009226253,129.1454882225484,131.64728804081918
Apple,Unripe,Apple_Unripe_019.jpg,C:\Users\user\code\ip-asgm\results\preprocessing\MedianFinal\ProcessedImages\Apple\Unripe\Apple_Unripe_019.jpg,176.00412012702586,197.31817144838664,96.94279730617609
Apple,Unripe,Apple_Unripe_040.jpg,C:\Users\user\code\ip-asgm\results\preprocessing\MedianFinal\ProcessedImages\Apple\Unripe\Apple_Unripe_040.jpg,128.05321556262916,130.61057975168586,78.07827703772988
Apple,Rotten,Apple_Rotten_001.jpg,C:\Users\user\code\ip-asgm\results\preprocessing\MedianFinal\ProcessedImages\Apple\Rotten\Apple_Rotten_001.jpg,125.45083698221413,99.47751579028946,80.76920021699539
Apple,Ripe,Apple_Ripe_032.jpg,C:\Users\user\code\ip-asgm\results\preprocessing\MedianFinal\ProcessedImages\Apple\Ripe\Apple_Ripe_032.jpg,171.18726855933699,73.78734350202787,65.80778081467113
Apple,Overripe,Apple_Overripe_023.jpg,C:\Users\user\code\ip-asgm\results\preprocessing\MedianFinal\ProcessedImages\Apple\Overripe\Apple_Overripe_023.jpg,230.76476487825298,161.3517581804228,90.83668806251308
Apple,Rotten,Apple_Rotten_054.jpg,C:\Users\user\code\ip-asgm\results\preprocessing\MedianFinal\ProcessedImages\Apple\Rotten\Apple_Rotten_054.jpg,209.54613879089547,138.1265222539023,115.01348886096747
Apple,Rotten,Apple_Rotten_077.jpg,C:\Users\user\code\ip-asgm\results\preprocessing\MedianFinal\ProcessedImages\Apple\Rotten\Apple_Rotten_077.jpg,192.43697720355553,145.8779755306069,99.37626730897144
Apple,Ripe,Apple_Ripe_045.jpg,C:\Users\user\code\ip-asgm\results\preprocessing\MedianFinal\ProcessedImages\Apple\Ripe\Apple_Ripe_045.jpg,171.34196340166488,106.84775752686201,109.2288954490447
Apple,Rotten,Apple_Rotten_031.jpg,C:\Users\user\code\ip-asgm\results\preprocessing\MedianFinal\ProcessedImages\Apple\Rotten\Apple_Rotten_031.jpg,205.57987118196547,130.42049886984177,64.76011641629829
Apple,Overripe,Apple_Overripe_013.jpg,C:\Users\user\code\ip-asgm\results\preprocessing\MedianFinal\ProcessedImages\Apple\Overripe\Apple_Overripe_013.jpg,230.60493138936536,165.99867066895368,97.78045454545455
Apple,Unripe,Apple_Unripe_054.jpg,C:\Users\user\code\ip-asgm\results\preprocessing\MedianFinal\ProcessedImages\Apple\Unripe\Apple_Unripe_054.jpg,140.95152837454097,141.2315048839595,73.77761258381528
Apple,Ripe,Apple_Ripe_001.jpg,C:\Users\user\code\ip-asgm\results\preprocessing\MedianFinal\ProcessedImages\Apple\Ripe\Apple_Ripe_001.jpg,104.68842686996014,40.833151821299474,30.45774631569191
Apple,Overripe,Apple_Overripe_081.jpg,C:\Users\user\code\ip-asgm\results\preprocessing\MedianFinal\ProcessedImages\Apple\Overripe\Apple_Overripe_081.jpg,171.23282682406128,116.89954581606597,98.65357486709364
Apple,Ripe,Apple_Ripe_011.jpg,C:\Users\user\code\ip-asgm\results\preprocessing\MedianFinal\ProcessedImages\Apple\Ripe\Apple_Ripe_011.jpg,217.25144884171405,156.53851241751838,98.71136159624561
Apple,Rotten,Apple_Rotten_046.jpg,C:\Users\user\code\ip-asgm\results\preprocessing\MedianFinal\ProcessedImages\Apple\Rotten\Apple_Rotten_046.jpg,233.8446955616683,147.79704111218496,77.38286186900602
Apple,Rotten,Apple_Rotten_071.jpg,C:\Users\user\code\ip-asgm\results\preprocessing\MedianFinal\ProcessedImages\Apple\Rotten\Apple_Rotten_071.jpg,172.67805077433127,148.14184908488124,138.69330464598755
Apple,Unripe,Apple_Unripe_034.jpg,C:\Users\user\code\ip-asgm\results\preprocessing\MedianFinal\ProcessedImages\Apple\Unripe\Apple_Unripe_034.jpg,207.34755251493544,247.3500385430719,113.44558681826942
Apple,Unripe,Apple_Unripe_023.jpg,C:\Users\user\code\ip-asgm\results\preprocessing\MedianFinal\ProcessedImages\Apple\Unripe\Apple_Unripe_023.jpg,179.60505685402595,179.65102091058762,128.21421042913633
Apple,Overripe,Apple_Overripe_031.jpg,C:\Users\user\code\ip-asgm\results\preprocessing\MedianFinal\ProcessedImages\Apple\Overripe\Apple_Overripe_031.jpg,136.27504260556714,99.98048033831977,55.733715205453514
Apple,Unripe,Apple_Unripe_032.jpg,C:\Users\user\code\ip-asgm\results\preprocessing\MedianFinal\ProcessedImages\Apple\Unripe\Apple_Unripe_032.jpg,135.43232378279112,135.40210445376772,71.52758036340833
Apple,Ripe,Apple_Ripe_046.jpg,C:\Users\user\code\ip-asgm\results\preprocessing\MedianFinal\ProcessedImages\Apple\Ripe\Apple_Ripe_046.jpg,220.64866630509812,123.15803421753279,19.1708534661276
Apple,Overripe,Apple_Overripe_005.jpg,C:\Users\user\code\ip-asgm\results\preprocessing\MedianFinal\ProcessedImages\Apple\Overripe\Apple_Overripe_005.jpg,226.49084805521173,168.4494673868197,106.96792130827801
Apple,Ripe,Apple_Ripe_034.jpg,C:\Users\user\code\ip-asgm\results\preprocessing\MedianFinal\ProcessedImages\Apple\Ripe\Apple_Ripe_034.jpg,164.41181868232704,114.03396953569462,82.20787300422096
Apple,Overripe,Apple_Overripe_001.jpg,C:\Users\user\code\ip-asgm\results\preprocessing\MedianFinal\ProcessedImages\Apple\Overripe\Apple_Overripe_001.jpg,104.34678467319917,87.26405717697467,50.90109050679591
Apple,Ripe,Apple_Ripe_071.jpg,C:\Users\user\code\ip-asgm\results\preprocessing\MedianFinal\ProcessedImages\Apple\Ripe\Apple_Ripe_071.jpg,157.62547817110936,134.66633523589775,136.9326993138624
Apple,Unripe,Apple_Unripe_005.jpg,C:\Users\user\code\ip-asgm\results\preprocessing\MedianFinal\ProcessedImages\Apple\Unripe\Apple_Unripe_005.jpg,222.74163354433486,124.26178909661907,26.057044015898718
Apple,Unripe,Apple_Unripe_011.jpg,C:\Users\user\code\ip-asgm\results\preprocessing\MedianFinal\ProcessedImages\Apple\Unripe\Apple_Unripe_011.jpg,173.19000356194067,173.08849196337138,111.1943187046409
Apple,Overripe,Apple_Overripe_084.jpg,C:\Users\user\code\ip-asgm\results\preprocessing\MedianFinal\ProcessedImages\Apple\Overripe\Apple_Overripe_084.jpg,230.16592448357602,177.7132577040298,116.16462072468676
Apple,Rotten,Apple_Rotten_023.jpg,C:\Users\user\code\ip-asgm\results\preprocessing\MedianFinal\ProcessedImages\Apple\Rotten\Apple_Rotten_023.jpg,232.0601535522739,178.50129490852987,113.39766549114687
Apple,Overripe,Apple_Overripe_032.jpg,C:\Users\user\code\ip-asgm\results\preprocessing\MedianFinal\ProcessedImages\Apple\Overripe\Apple_Overripe_032.jpg,91.0214144442526,35.417191203478424,36.61366097917026
Apple,Overripe,Apple_Overripe_074.jpg,C:\Users\user\code\ip-asgm\results\preprocessing\MedianFinal\ProcessedImages\Apple\Overripe\Apple_Overripe_074.jpg,215.3992944400338,142.16006991574255,67.98782877045612
Apple,Ripe,Apple_Ripe_040.jpg,C:\Users\user\code\ip-asgm\results\preprocessing\MedianFinal\ProcessedImages\Apple\Ripe\Apple_Ripe_040.jpg,176.09728848360407,90.3937662298448,70.53909127966665
Apple,Rotten,Apple_Rotten_078.jpg,C:\Users\user\code\ip-asgm\results\preprocessing\MedianFinal\ProcessedImages\Apple\Rotten\Apple_Rotten_078.jpg,131.27710633641698,104.2906470705262,84.91367004874166
Apple,Overripe,Apple_Overripe_078.jpg,C:\Users\user\code\ip-asgm\results\preprocessing\MedianFinal\ProcessedImages\Apple\Overripe\Apple_Overripe_078.jpg,237.37167189861643,186.1766848816029,127.3360655737705
Apple,Overripe,Apple_Overripe_040.jpg,C:\Users\user\code\ip-asgm\results\preprocessing\MedianFinal\ProcessedImages\Apple\Overripe\Apple_Overripe_040.jpg,127.96498843048057,71.7823041445639,73.25737852004596
Apple,Rotten,Apple_Rotten_040.jpg,C:\Users\user\code\ip-asgm\results\preprocessing\MedianFinal\ProcessedImages\Apple\Rotten\Apple_Rotten_040.jpg,191.90029931584948,134.2249501140251,80.86649265963511
Apple,Overripe,Apple_Overripe_077.jpg,C:\Users\user\code\ip-asgm\results\preprocessing\MedianFinal\ProcessedImages\Apple\Overripe\Apple_Overripe_077.jpg,134.8581705150977,108.6221691829485,41.96504218472469
Apple,Rotten,Apple_Rotten_011.jpg,C:\Users\user\code\ip-asgm\results\preprocessing\MedianFinal\ProcessedImages\Apple\Rotten\Apple_Rotten_011.jpg,189.84562627291243,97.05122708757638,71.60664969450102
Apple,Overripe,Apple_Overripe_046.jpg,C:\Users\user\code\ip-asgm\results\preprocessing\MedianFinal\ProcessedImages\Apple\Overripe\Apple_Overripe_046.jpg,56.19185506708138,14.618142921250948,18.38800813951689
Apple,Ripe,Apple_Ripe_023.jpg,C:\Users\user\code\ip-asgm\results\preprocessing\MedianFinal\ProcessedImages\Apple\Ripe\Apple_Ripe_023.jpg,169.62410926365797,57.068078648719975,48.03427025600422
Apple,Rotten,Apple_Rotten_019.jpg,C:\Users\user\code\ip-asgm\results\preprocessing\MedianFinal\ProcessedImages\Apple\Rotten\Apple_Rotten_019.jpg,173.80673678226265,130.8781637293917,114.78297328027288
Apple,Ripe,Apple_Ripe_078.jpg,C:\Users\user\code\ip-asgm\results\preprocessing\MedianFinal\ProcessedImages\Apple\Ripe\Apple_Ripe_078.jpg,222.86258372994888,134.81610259122158,43.42101842058875
Apple,Unripe,Apple_Unripe_081.jpg,C:\Users\user\code\ip-asgm\results\preprocessing\MedianFinal\ProcessedImages\Apple\Unripe\Apple_Unripe_081.jpg,185.69786235662147,187.433554016566,87.08176264583784
Apple,Unripe,Apple_Unripe_091.jpg,C:\Users\user\code\ip-asgm\results\preprocessing\MedianFinal\ProcessedImages\Apple\Unripe\Apple_Unripe_091.jpg,163.45463306152706,187.93947368421053,80.87513435878428
Apple,Rotten,Apple_Rotten_034.jpg,C:\Users\user\code\ip-asgm\results\preprocessing\MedianFinal\ProcessedImages\Apple\Rotten\Apple_Rotten_034.jpg,130.37426847771115,82.78304794932929,60.75969342292223
Apple,Overripe,Apple_Overripe_011.jpg,C:\Users\user\code\ip-asgm\results\preprocessing\MedianFinal\ProcessedImages\Apple\Overripe\Apple_Overripe_011.jpg,201.84461211236408,126.61942458719291,141.249710531615
Apple,Ripe,Apple_Ripe_077.jpg,C:\Users\user\code\ip-asgm\results\preprocessing\MedianFinal\ProcessedImages\Apple\Ripe\Apple_Ripe_077.jpg,149.0430930169015,89.01183691791249,90.96611889613177
Apple,Rotten,Apple_Rotten_032.jpg,C:\Users\user\code\ip-asgm\results\preprocessing\MedianFinal\ProcessedImages\Apple\Rotten\Apple_Rotten_032.jpg,184.86956428448818,83.92665360187675,77.30704640384505
Apple,Ripe,Apple_Ripe_013.jpg,C:\Users\user\code\ip-asgm\results\preprocessing\MedianFinal\ProcessedImages\Apple\Ripe\Apple_Ripe_013.jpg,120.35437715978279,91.00861444791838,76.09753167681421
Apple,Ripe,Apple_Ripe_005.jpg,C:\Users\user\code\ip-asgm\results\preprocessing\MedianFinal\ProcessedImages\Apple\Ripe\Apple_Ripe_005.jpg,195.70823769694613,112.55472670686636,112.20552907994553
Apple,Overripe,Apple_Overripe_045.jpg,C:\Users\user\code\ip-asgm\results\preprocessing\MedianFinal\ProcessedImages\Apple\Overripe\Apple_Overripe_045.jpg,132.5785153612424,95.68610735989196,37.68680367994598
Apple,Rotten,Apple_Rotten_081.jpg,C:\Users\user\code\ip-asgm\results\preprocessing\MedianFinal\ProcessedImages\Apple\Rotten\Apple_Rotten_081.jpg,243.2275216925915,200.29470040310642,161.47174269511945
Apple,Ripe,Apple_Ripe_074.jpg,C:\Users\user\code\ip-asgm\results\preprocessing\MedianFinal\ProcessedImages\Apple\Ripe\Apple_Ripe_074.jpg,129.50647088292445,70.32855765727471,29.064272376730628
Apple,Ripe,Apple_Ripe_081.jpg,C:\Users\user\code\ip-asgm\results\preprocessing\MedianFinal\ProcessedImages\Apple\Ripe\Apple_Ripe_081.jpg,245.29880825869137,145.30622185112088,38.42935580183189
Apple,Unripe,Apple_Unripe_071.jpg,C:\Users\user\code\ip-asgm\results\preprocessing\MedianFinal\ProcessedImages\Apple\Unripe\Apple_Unripe_071.jpg,120.86882188022851,122.67570052605399,61.11620291515307
Apple,Unripe,Apple_Unripe_045.jpg,C:\Users\user\code\ip-asgm\results\preprocessing\MedianFinal\ProcessedImages\Apple\Unripe\Apple_Unripe_045.jpg,200.95349296208576,211.03841488071168,142.10403308108525
Apple,Overripe,Apple_Overripe_091.jpg,C:\Users\user\code\ip-asgm\results\preprocessing\MedianFinal\ProcessedImages\Apple\Overripe\Apple_Overripe_091.jpg,90.14311785221835,43.34815070159786,39.15922621461595
Apple,Rotten,Apple_Rotten_084.jpg,C:\Users\user\code\ip-asgm\results\preprocessing\MedianFinal\ProcessedImages\Apple\Rotten\Apple_Rotten_084.jpg,148.6480493587671,99.79134335596508,74.38995311994827
Apple,Rotten,Apple_Rotten_074.jpg,C:\Users\user\code\ip-asgm\results\preprocessing\MedianFinal\ProcessedImages\Apple\Rotten\Apple_Rotten_074.jpg,163.30490473550608,99.57910746068333,65.26700318034605
Apple,Overripe,Apple_Overripe_054.jpg,C:\Users\user\code\ip-asgm\results\preprocessing\MedianFinal\ProcessedImages\Apple\Overripe\Apple_Overripe_054.jpg,92.12141134955611,47.37069282110238,38.31183336526793
Apple,Ripe,Apple_Ripe_091.jpg,C:\Users\user\code\ip-asgm\results\preprocessing\MedianFinal\ProcessedImages\Apple\Ripe\Apple_Ripe_091.jpg,114.87805877313866,38.56839174643376,23.097089277068047
Apple,Overripe,Apple_Overripe_034.jpg,C:\Users\user\code\ip-asgm\results\preprocessing\MedianFinal\ProcessedImages\Apple\Overripe\Apple_Overripe_034.jpg,111.72299718552468,76.78733409206257,80.41115947155534
Apple,Rotten,Apple_Rotten_013.jpg,C:\Users\user\code\ip-asgm\results\preprocessing\MedianFinal\ProcessedImages\Apple\Rotten\Apple_Rotten_013.jpg,147.46972585136004,111.0734364960377,86.25353930177768
Apple,Ripe,Apple_Ripe_054.jpg,C:\Users\user\code\ip-asgm\results\preprocessing\MedianFinal\ProcessedImages\Apple\Ripe\Apple_Ripe_054.jpg,221.12313929416405,119.0348851537855,18.13644765378549
Apple,Ripe,Apple_Ripe_084.jpg,C:\Users\user\code\ip-asgm\results\preprocessing\MedianFinal\ProcessedImages\Apple\Ripe\Apple_Ripe_084.jpg,139.8749733044513,50.69221557799676,31.212389785520333
Apple,Unripe,Apple_Unripe_031.jpg,C:\Users\user\code\ip-asgm\results\preprocessing\MedianFinal\ProcessedImages\Apple\Unripe\Apple_Unripe_031.jpg,175.07787129220978,171.0026685825721,97.07790208354716
Banana,Unripe,Banana_Unripe_013.jpg,C:\Users\user\code\ip-asgm\results\preprocessing\MedianFinal\ProcessedImages\Banana\Unripe\Banana_Unripe_013.jpg,156.33930141241282,117.81313368106429,33.715656684053215
Banana,Unripe,Banana_Unripe_005.jpg,C:\Users\user\code\ip-asgm\results\preprocessing\MedianFinal\ProcessedImages\Banana\Unripe\Banana_Unripe_005.jpg,130.01832670600308,99.50075359158542,48.41117239610056
Banana,Rotten,Banana_Rotten_034.jpg,C:\Users\user\code\ip-asgm\results\preprocessing\MedianFinal\ProcessedImages\Banana\Rotten\Banana_Rotten_034.jpg,95.66555018300258,84.10298512474397,75.46909103119438
Banana,Rotten,Banana_Rotten_077.jpg,C:\Users\user\code\ip-asgm\results\preprocessing\MedianFinal\ProcessedImages\Banana\Rotten\Banana_Rotten_077.jpg,81.78916483986526,68.2002553066353,49.983050847457626
Banana,Ripe,Banana_Ripe_001.jpg,C:\Users\user\code\ip-asgm\results\preprocessing\MedianFinal\ProcessedImages\Banana\Ripe\Banana_Ripe_001.jpg,236.9563837333018,226.1211195176735,143.01916302163377
Banana,Rotten,Banana_Rotten_074.jpg,C:\Users\user\code\ip-asgm\results\preprocessing\MedianFinal\ProcessedImages\Banana\Rotten\Banana_Rotten_074.jpg,117.4844464020261,98.75834113307273,60.87956284754721
Banana,Unripe,Banana_Unripe_011.jpg,C:\Users\user\code\ip-asgm\results\preprocessing\MedianFinal\ProcessedImages\Banana\Unripe\Banana_Unripe_011.jpg,178.08991249631305,163.50514698653032,137.21194572805035
Banana,Overripe,Banana_Overripe_019.jpg,C:\Users\user\code\ip-asgm\results\preprocessing\MedianFinal\ProcessedImages\Banana\Overripe\Banana_Overripe_019.jpg,165.28944171838168,127.54031365757444,96.73275965747823
Banana,Rotten,Banana_Rotten_005.jpg,C:\Users\user\code\ip-asgm\results\preprocessing\MedianFinal\ProcessedImages\Banana\Rotten\Banana_Rotten_005.jpg,134.00821464903356,99.01525940996949,55.20322990844354
Banana,Overripe,Banana_Overripe_054.jpg,C:\Users\user\code\ip-asgm\results\preprocessing\MedianFinal\ProcessedImages\Banana\Overripe\Banana_Overripe_054.jpg,103.52493962474456,60.85718929964704,4.3903956901356125
Banana,Rotten,Banana_Rotten_084.jpg,C:\Users\user\code\ip-asgm\results\preprocessing\MedianFinal\ProcessedImages\Banana\Rotten\Banana_Rotten_084.jpg,47.62158952771149,36.27694047994237,24.03247827652965
Banana,Rotten,Banana_Rotten_031.jpg,C:\Users\user\code\ip-asgm\results\preprocessing\MedianFinal\ProcessedImages\Banana\Rotten\Banana_Rotten_031.jpg,119.43928512464916,110.24345385504375,104.28382862803367
Banana,Ripe,Banana_Ripe_013.jpg,C:\Users\user\code\ip-asgm\results\preprocessing\MedianFinal\ProcessedImages\Banana\Ripe\Banana_Ripe_013.jpg,182.81252686191442,170.99089764843126,116.03358506784552
Banana,Ripe,Banana_Ripe_054.jpg,C:\Users\user\code\ip-asgm\results\preprocessing\MedianFinal\ProcessedImages\Banana\Ripe\Banana_Ripe_054.jpg,212.91623537191984,182.15555363869,69.58882515310964
Banana,Unripe,Banana_Unripe_040.jpg,C:\Users\user\code\ip-asgm\results\preprocessing\MedianFinal\ProcessedImages\Banana\Unripe\Banana_Unripe_040.jpg,221.34841257785203,189.71130943338903,122.26661856296522
Banana,Overripe,Banana_Overripe_023.jpg,C:\Users\user\code\ip-asgm\results\preprocessing\MedianFinal\ProcessedImages\Banana\Overripe\Banana_Overripe_023.jpg,156.27336360375327,139.8926218211339,139.0988445635962
Banana,Ripe,Banana_Ripe_011.jpg,C:\Users\user\code\ip-asgm\results\preprocessing\MedianFinal\ProcessedImages\Banana\Ripe\Banana_Ripe_011.jpg,174.91874275018455,143.82848254771696,119.90696509543393
Banana,Ripe,Banana_Ripe_019.jpg,C:\Users\user\code\ip-asgm\results\preprocessing\MedianFinal\ProcessedImages\Banana\Ripe\Banana_Ripe_019.jpg,178.0295665218754,161.04356052124848,130.1167883211679
Banana,Overripe,Banana_Overripe_071.jpg,C:\Users\user\code\ip-asgm\results\preprocessing\MedianFinal\ProcessedImages\Banana\Overripe\Banana_Overripe_071.jpg,178.80132748237367,173.07452629259694,166.84116113396004
Banana,Ripe,Banana_Ripe_045.jpg,C:\Users\user\code\ip-asgm\results\preprocessing\MedianFinal\ProcessedImages\Banana\Ripe\Banana_Ripe_045.jpg,171.25713762811128,176.27781844802342,108.59226299414348
Banana,Ripe,Banana_Ripe_091.jpg,C:\Users\user\code\ip-asgm\results\preprocessing\MedianFinal\ProcessedImages\Banana\Ripe\Banana_Ripe_091.jpg,185.8883054649266,176.33041054921154,124.60843189233279
Banana,Overripe,Banana_Overripe_074.jpg,C:\Users\user\code\ip-asgm\results\preprocessing\MedianFinal\ProcessedImages\Banana\Overripe\Banana_Overripe_074.jpg,76.44807822654599,66.47197081456082,65.18089390375184
Banana,Overripe,Banana_Overripe_001.jpg,C:\Users\user\code\ip-asgm\results\preprocessing\MedianFinal\ProcessedImages\Banana\Overripe\Banana_Overripe_001.jpg,148.0445565541801,120.68273415861172,89.97986264202137
Banana,Unripe,Banana_Unripe_084.jpg,C:\Users\user\code\ip-asgm\results\preprocessing\MedianFinal\ProcessedImages\Banana\Unripe\Banana_Unripe_084.jpg,191.18091165303167,154.74954984929738,88.79731475319998
Banana,Overripe,Banana_Overripe_046.jpg,C:\Users\user\code\ip-asgm\results\preprocessing\MedianFinal\ProcessedImages\Banana\Overripe\Banana_Overripe_046.jpg,128.60462070248317,79.95552128220231,7.113866757603001
Banana,Rotten,Banana_Rotten_078.jpg,C:\Users\user\code\ip-asgm\results\preprocessing\MedianFinal\ProcessedImages\Banana\Rotten\Banana_Rotten_078.jpg,158.99296584458799,130.17399442160894,100.18732873360736
Banana,Overripe,Banana_Overripe_045.jpg,C:\Users\user\code\ip-asgm\results\preprocessing\MedianFinal\ProcessedImages\Banana\Overripe\Banana_Overripe_045.jpg,134.16065911431514,74.77818400274631,11.236371438379678
Banana,Overripe,Banana_Overripe_034.jpg,C:\Users\user\code\ip-asgm\results\preprocessing\MedianFinal\ProcessedImages\Banana\Overripe\Banana_Overripe_034.jpg,122.14370460048426,109.77543237634036,94.73417934970598
Banana,Unripe,Banana_Unripe_034.jpg,C:\Users\user\code\ip-asgm\results\preprocessing\MedianFinal\ProcessedImages\Banana\Unripe\Banana_Unripe_034.jpg,159.78773220880876,131.75602916046523,68.37095529463646
Banana,Overripe,Banana_Overripe_011.jpg,C:\Users\user\code\ip-asgm\results\preprocessing\MedianFinal\ProcessedImages\Banana\Overripe\Banana_Overripe_011.jpg,141.77174910636654,114.01515554052749,79.05712008501594
Banana,Ripe,Banana_Ripe_078.jpg,C:\Users\user\code\ip-asgm\results\preprocessing\MedianFinal\ProcessedImages\Banana\Ripe\Banana_Ripe_078.jpg,169.4731775453962,172.41214277624675,122.54562271131412
Banana,Rotten,Banana_Rotten_040.jpg,C:\Users\user\code\ip-asgm\results\preprocessing\MedianFinal\ProcessedImages\Banana\Rotten\Banana_Rotten_040.jpg,156.6236913372304,150.5357343373295,146.60707090722943
Banana,Ripe,Banana_Ripe_077.jpg,C:\Users\user\code\ip-asgm\results\preprocessing\MedianFinal\ProcessedImages\Banana\Ripe\Banana_Ripe_077.jpg,181.99009986390908,160.21612102509056,134.7989831515593
Banana,Unripe,Banana_Unripe_045.jpg,C:\Users\user\code\ip-asgm\results\preprocessing\MedianFinal\ProcessedImages\Banana\Unripe\Banana_Unripe_045.jpg,183.96768752306153,167.09972677595627,142.15350622880538
Banana,Ripe,Banana_Ripe_081.jpg,C:\Users\user\code\ip-asgm\results\preprocessing\MedianFinal\ProcessedImages\Banana\Ripe\Banana_Ripe_081.jpg,213.71479300999906,184.27382954864032,137.2532707223624
Banana,Ripe,Banana_Ripe_084.jpg,C:\Users\user\code\ip-asgm\results\preprocessing\MedianFinal\ProcessedImages\Banana\Ripe\Banana_Ripe_084.jpg,167.1043393597256,120.8748928112048,57.74384557667572
Banana,Unripe,Banana_Unripe_001.jpg,C:\Users\user\code\ip-asgm\results\preprocessing\MedianFinal\ProcessedImages\Banana\Unripe\Banana_Unripe_001.jpg,165.54411308735237,136.58161625842095,86.63895622515996
Banana,Rotten,Banana_Rotten_045.jpg,C:\Users\user\code\ip-asgm\results\preprocessing\MedianFinal\ProcessedImages\Banana\Rotten\Banana_Rotten_045.jpg,51.96171426607554,47.13761728013197,39.44919579338076
Banana,Unripe,Banana_Unripe_071.jpg,C:\Users\user\code\ip-asgm\results\preprocessing\MedianFinal\ProcessedImages\Banana\Unripe\Banana_Unripe_071.jpg,174.33700841400048,144.26514651966343,82.66461372088729
Banana,Unripe,Banana_Unripe_054.jpg,C:\Users\user\code\ip-asgm\results\preprocessing\MedianFinal\ProcessedImages\Banana\Unripe\Banana_Unripe_054.jpg,162.74002213064713,113.78174603174604,28.0411134004884
Banana,Unripe,Banana_Unripe_091.jpg,C:\Users\user\code\ip-asgm\results\preprocessing\MedianFinal\ProcessedImages\Banana\Unripe\Banana_Unripe_091.jpg,143.52497468230374,113.40644702884585,56.749460978079775
Banana,Rotten,Banana_Rotten_023.jpg,C:\Users\user\code\ip-asgm\results\preprocessing\MedianFinal\ProcessedImages\Banana\Rotten\Banana_Rotten_023.jpg,104.54559449642797,75.51476318764583,51.844352103528735
Banana,Ripe,Banana_Ripe_034.jpg,C:\Users\user\code\ip-asgm\results\preprocessing\MedianFinal\ProcessedImages\Banana\Ripe\Banana_Ripe_034.jpg,178.9637630662021,140.50931640949062,24.76056080968973
Banana,Overripe,Banana_Overripe_091.jpg,C:\Users\user\code\ip-asgm\results\preprocessing\MedianFinal\ProcessedImages\Banana\Overripe\Banana_Overripe_091.jpg,147.32113104911133,130.30801074257172,117.25247181785525
Banana,Unripe,Banana_Unripe_078.jpg,C:\Users\user\code\ip-asgm\results\preprocessing\MedianFinal\ProcessedImages\Banana\Unripe\Banana_Unripe_078.jpg,141.51450246726503,103.75551734856433,36.17016357772856
Banana,Unripe,Banana_Unripe_074.jpg,C:\Users\user\code\ip-asgm\results\preprocessing\MedianFinal\ProcessedImages\Banana\Unripe\Banana_Unripe_074.jpg,192.41060004127542,213.5076424001651,147.8814879785368
Banana,Ripe,Banana_Ripe_046.jpg,C:\Users\user\code\ip-asgm\results\preprocessing\MedianFinal\ProcessedImages\Banana\Ripe\Banana_Ripe_046.jpg,161.5096337037877,132.79157972329327,32.84722726241778
Banana,Ripe,Banana_Ripe_005.jpg,C:\Users\user\code\ip-asgm\results\preprocessing\MedianFinal\ProcessedImages\Banana\Ripe\Banana_Ripe_005.jpg,164.3704735942713,149.62055496785743,119.85063878265115
Banana,Ripe,Banana_Ripe_032.jpg,C:\Users\user\code\ip-asgm\results\preprocessing\MedianFinal\ProcessedImages\Banana\Ripe\Banana_Ripe_032.jpg,193.92724590239516,168.81467415108693,131.71585905622536
Banana,Unripe,Banana_Unripe_031.jpg,C:\Users\user\code\ip-asgm\results\preprocessing\MedianFinal\ProcessedImages\Banana\Unripe\Banana_Unripe_031.jpg,213.0276281763587,195.14921672971298,165.73492765702807
Banana,Rotten,Banana_Rotten_032.jpg,C:\Users\user\code\ip-asgm\results\preprocessing\MedianFinal\ProcessedImages\Banana\Rotten\Banana_Rotten_032.jpg,39.98137081896206,37.066134595331675,32.50690489559103
Banana,Ripe,Banana_Ripe_031.jpg,C:\Users\user\code\ip-asgm\results\preprocessing\MedianFinal\ProcessedImages\Banana\Ripe\Banana_Ripe_031.jpg,172.77244876943672,172.63812515017335,142.1381423128411
Banana,Unripe,Banana_Unripe_019.jpg,C:\Users\user\code\ip-asgm\results\preprocessing\MedianFinal\ProcessedImages\Banana\Unripe\Banana_Unripe_019.jpg,122.47410530299844,173.26057655914883,89.49434374868582
Banana,Rotten,Banana_Rotten_081.jpg,C:\Users\user\code\ip-asgm\results\preprocessing\MedianFinal\ProcessedImages\Banana\Rotten\Banana_Rotten_081.jpg,104.86374381800198,93.27845697329377,72.26191889218596
Banana,Unripe,Banana_Unripe_023.jpg,C:\Users\user\code\ip-asgm\results\preprocessing\MedianFinal\ProcessedImages\Banana\Unripe\Banana_Unripe_023.jpg,170.95161523309258,146.20638870650032,105.55964543663822
Banana,Unripe,Banana_Unripe_081.jpg,C:\Users\user\code\ip-asgm\results\preprocessing\MedianFinal\ProcessedImages\Banana\Unripe\Banana_Unripe_081.jpg,166.82060679161253,139.066915409697,90.23781910240437
Banana,Rotten,Banana_Rotten_046.jpg,C:\Users\user\code\ip-asgm\results\preprocessing\MedianFinal\ProcessedImages\Banana\Rotten\Banana_Rotten_046.jpg,189.00777715841605,162.8262065047274,129.94691057607787
Banana,Overripe,Banana_Overripe_077.jpg,C:\Users\user\code\ip-asgm\results\preprocessing\MedianFinal\ProcessedImages\Banana\Overripe\Banana_Overripe_077.jpg,125.8828581983868,115.86475586478664,95.58668647250785
Banana,Unripe,Banana_Unripe_046.jpg,C:\Users\user\code\ip-asgm\results\preprocessing\MedianFinal\ProcessedImages\Banana\Unripe\Banana_Unripe_046.jpg,152.47132957937913,123.27061843159147,75.35561030072085
Banana,Overripe,Banana_Overripe_078.jpg,C:\Users\user\code\ip-asgm\results\preprocessing\MedianFinal\ProcessedImages\Banana\Overripe\Banana_Overripe_078.jpg,227.18696818349983,203.40929060303367,171.90243864841534
Banana,Rotten,Banana_Rotten_071.jpg,C:\Users\user\code\ip-asgm\results\preprocessing\MedianFinal\ProcessedImages\Banana\Rotten\Banana_Rotten_071.jpg,148.477096526355,120.42110379027751,85.45379144160924
Banana,Rotten,Banana_Rotten_001.jpg,C:\Users\user\code\ip-asgm\results\preprocessing\MedianFinal\ProcessedImages\Banana\Rotten\Banana_Rotten_001.jpg,99.06719184430028,90.46280849895308,73.37250712250712
Banana,Ripe,Banana_Ripe_074.jpg,C:\Users\user\code\ip-asgm\results\preprocessing\MedianFinal\ProcessedImages\Banana\Ripe\Banana_Ripe_074.jpg,185.92952746009803,171.48659670730174,110.90286540153325
Banana,Overripe,Banana_Overripe_040.jpg,C:\Users\user\code\ip-asgm\results\preprocessing\MedianFinal\ProcessedImages\Banana\Overripe\Banana_Overripe_040.jpg,201.92859519946754,190.9543034236033,166.81249220017472
Banana,Unripe,Banana_Unripe_032.jpg,C:\Users\user\code\ip-asgm\results\preprocessing\MedianFinal\ProcessedImages\Banana\Unripe\Banana_Unripe_032.jpg,158.29166820242526,116.10078876561866,42.18400538129815
Banana,Overripe,Banana_Overripe_005.jpg,C:\Users\user\code\ip-asgm\results\preprocessing\MedianFinal\ProcessedImages\Banana\Overripe\Banana_Overripe_005.jpg,95.05462012320328,80.53074215312408,68.57982546201232
Banana,Overripe,Banana_Overripe_013.jpg,C:\Users\user\code\ip-asgm\results\preprocessing\MedianFinal\ProcessedImages\Banana\Overripe\Banana_Overripe_013.jpg,180.2886517144427,148.7735917655043,89.83248230617588
Banana,Rotten,Banana_Rotten_091.jpg,C:\Users\user\code\ip-asgm\results\preprocessing\MedianFinal\ProcessedImages\Banana\Rotten\Banana_Rotten_091.jpg,85.2672047886813,84.23863595138764,80.8975467077816
Banana,Rotten,Banana_Rotten_013.jpg,C:\Users\user\code\ip-asgm\results\preprocessing\MedianFinal\ProcessedImages\Banana\Rotten\Banana_Rotten_013.jpg,168.175044133409,134.24238698694913,86.46816089779963
Banana,Rotten,Banana_Rotten_011.jpg,C:\Users\user\code\ip-asgm\results\preprocessing\MedianFinal\ProcessedImages\Banana\Rotten\Banana_Rotten_011.jpg,157.0845684490792,82.15028289327712,51.5650099844686
Banana,Unripe,Banana_Unripe_077.jpg,C:\Users\user\code\ip-asgm\results\preprocessing\MedianFinal\ProcessedImages\Banana\Unripe\Banana_Unripe_077.jpg,167.45838370328454,156.78665860747446,135.73521052496207
Banana,Ripe,Banana_Ripe_040.jpg,C:\Users\user\code\ip-asgm\results\preprocessing\MedianFinal\ProcessedImages\Banana\Ripe\Banana_Ripe_040.jpg,142.4064097975046,101.32399263653099,5.610778022090407
Banana,Overripe,Banana_Overripe_084.jpg,C:\Users\user\code\ip-asgm\results\preprocessing\MedianFinal\ProcessedImages\Banana\Overripe\Banana_Overripe_084.jpg,185.2087718553726,165.48890256323205,140.79645504441802
Banana,Overripe,Banana_Overripe_031.jpg,C:\Users\user\code\ip-asgm\results\preprocessing\MedianFinal\ProcessedImages\Banana\Overripe\Banana_Overripe_031.jpg,86.48067167207792,63.213102002164504,64.80138156114718
Banana,Rotten,Banana_Rotten_019.jpg,C:\Users\user\code\ip-asgm\results\preprocessing\MedianFinal\ProcessedImages\Banana\Rotten\Banana_Rotten_019.jpg,39.360112099990275,35.816269088610056,36.49832214765101
Banana,Overripe,Banana_Overripe_032.jpg,C:\Users\user\code\ip-asgm\results\preprocessing\MedianFinal\ProcessedImages\Banana\Overripe\Banana_Overripe_032.jpg,196.5597429766886,158.05648535564853,135.53977884040646
Banana,Overripe,Banana_Overripe_081.jpg,C:\Users\user\code\ip-asgm\results\preprocessing\MedianFinal\ProcessedImages\Banana\Overripe\Banana_Overripe_081.jpg,141.4898756828028,98.98396119796571,44.922951591636846
Banana,Rotten,Banana_Rotten_054.jpg,C:\Users\user\code\ip-asgm\results\preprocessing\MedianFinal\ProcessedImages\Banana\Rotten\Banana_Rotten_054.jpg,78.79041460631419,62.88953340940789,42.70348358057563
Banana,Ripe,Banana_Ripe_023.jpg,C:\Users\user\code\ip-asgm\results\preprocessing\MedianFinal\ProcessedImages\Banana\Ripe\Banana_Ripe_023.jpg,227.81425212718315,188.8000223914017,91.61280788177339
Banana,Ripe,Banana_Ripe_071.jpg,C:\Users\user\code\ip-asgm\results\preprocessing\MedianFinal\ProcessedImages\Banana\Ripe\Banana_Ripe_071.jpg,210.12869051549308,171.2584186200066,89.31579847191435
Grape,Rotten,Grape_Rotten_074.jpg,C:\Users\user\code\ip-asgm\results\preprocessing\MedianFinal\ProcessedImages\Grape\Rotten\Grape_Rotten_074.jpg,64.23233238415739,78.14556907412201,95.34830442661143
Grape,Unripe,Grape_Unripe_091.jpg,C:\Users\user\code\ip-asgm\results\preprocessing\MedianFinal\ProcessedImages\Grape\Unripe\Grape_Unripe_091.jpg,123.90238819031828,121.01529178757312,112.62429183363273
Grape,Ripe,Grape_Ripe_032.jpg,C:\Users\user\code\ip-asgm\results\preprocessing\MedianFinal\ProcessedImages\Grape\Ripe\Grape_Ripe_032.jpg,241.84011627906978,240.8081395348837,234.45639534883722
Grape,Unripe,Grape_Unripe_046.jpg,C:\Users\user\code\ip-asgm\results\preprocessing\MedianFinal\ProcessedImages\Grape\Unripe\Grape_Unripe_046.jpg,220.1219512195122,229.72642276422764,239.1560975609756
Grape,Ripe,Grape_Ripe_054.jpg,C:\Users\user\code\ip-asgm\results\preprocessing\MedianFinal\ProcessedImages\Grape\Ripe\Grape_Ripe_054.jpg,158.0705154146126,147.11178353322052,121.30415348392319
Grape,Overripe,Grape_Overripe_077.jpg,C:\Users\user\code\ip-asgm\results\preprocessing\MedianFinal\ProcessedImages\Grape\Overripe\Grape_Overripe_077.jpg,49.15821360802386,48.4121306587151,40.7781512605042
Grape,Overripe,Grape_Overripe_091.jpg,C:\Users\user\code\ip-asgm\results\preprocessing\MedianFinal\ProcessedImages\Grape\Overripe\Grape_Overripe_091.jpg,87.56387325222444,79.72910235457903,38.567731977483206
Grape,Rotten,Grape_Rotten_031.jpg,C:\Users\user\code\ip-asgm\results\preprocessing\MedianFinal\ProcessedImages\Grape\Rotten\Grape_Rotten_031.jpg,137.79344651332602,102.69121942314713,69.1890288426433
Grape,Rotten,Grape_Rotten_045.jpg,C:\Users\user\code\ip-asgm\results\preprocessing\MedianFinal\ProcessedImages\Grape\Rotten\Grape_Rotten_045.jpg,182.6637032022045,157.80224368110984,149.14935504561004
Grape,Rotten,Grape_Rotten_001.jpg,C:\Users\user\code\ip-asgm\results\preprocessing\MedianFinal\ProcessedImages\Grape\Rotten\Grape_Rotten_001.jpg,94.43905482815057,77.08250818330606,65.10004091653028
Grape,Overripe,Grape_Overripe_040.jpg,C:\Users\user\code\ip-asgm\results\preprocessing\MedianFinal\ProcessedImages\Grape\Overripe\Grape_Overripe_040.jpg,87.17398591310251,64.45005940257977,20.474181093007466
Grape,Overripe,Grape_Overripe_045.jpg,C:\Users\user\code\ip-asgm\results\preprocessing\MedianFinal\ProcessedImages\Grape\Overripe\Grape_Overripe_045.jpg,94.10263223449307,64.70991447313793,12.14481441501287
Grape,Rotten,Grape_Rotten_011.jpg,C:\Users\user\code\ip-asgm\results\preprocessing\MedianFinal\ProcessedImages\Grape\Rotten\Grape_Rotten_011.jpg,58.416745680573115,63.19966814159292,62.81758322798146
Grape,Rotten,Grape_Rotten_013.jpg,C:\Users\user\code\ip-asgm\results\preprocessing\MedianFinal\ProcessedImages\Grape\Rotten\Grape_Rotten_013.jpg,93.11875972704418,83.26958877050161,66.79041960972106
Grape,Unripe,Grape_Unripe_084.jpg,C:\Users\user\code\ip-asgm\results\preprocessing\MedianFinal\ProcessedImages\Grape\Unripe\Grape_Unripe_084.jpg,137.21943048576213,126.071608040201,109.93048576214406
Grape,Rotten,Grape_Rotten_005.jpg,C:\Users\user\code\ip-asgm\results\preprocessing\MedianFinal\ProcessedImages\Grape\Rotten\Grape_Rotten_005.jpg,174.37638482843514,138.5705589321434,82.15443722111094
Grape,Rotten,Grape_Rotten_034.jpg,C:\Users\user\code\ip-asgm\results\preprocessing\MedianFinal\ProcessedImages\Grape\Rotten\Grape_Rotten_034.jpg,85.5476653696498,89.27689557261542,86.43051319802292
Grape,Ripe,Grape_Ripe_071.jpg,C:\Users\user\code\ip-asgm\results\preprocessing\MedianFinal\ProcessedImages\Grape\Ripe\Grape_Ripe_071.jpg,156.30513032268462,139.67242073883094,119.6285299923458
Grape,Unripe,Grape_Unripe_031.jpg,C:\Users\user\code\ip-asgm\results\preprocessing\MedianFinal\ProcessedImages\Grape\Unripe\Grape_Unripe_031.jpg,153.69573353293413,159.5878243512974,64.68212105201361
Grape,Overripe,Grape_Overripe_046.jpg,C:\Users\user\code\ip-asgm\results\preprocessing\MedianFinal\ProcessedImages\Grape\Overripe\Grape_Overripe_046.jpg,142.15635738831614,121.87880461462936,57.033975617738506
Grape,Overripe,Grape_Overripe_081.jpg,C:\Users\user\code\ip-asgm\results\preprocessing\MedianFinal\ProcessedImages\Grape\Overripe\Grape_Overripe_081.jpg,146.952971896199,117.12280607300528,81.18857004414774
Grape,Rotten,Grape_Rotten_019.jpg,C:\Users\user\code\ip-asgm\results\preprocessing\MedianFinal\ProcessedImages\Grape\Rotten\Grape_Rotten_019.jpg,60.004379523759575,64.81388335256477,68.55158397146754
Grape,Overripe,Grape_Overripe_013.jpg,C:\Users\user\code\ip-asgm\results\preprocessing\MedianFinal\ProcessedImages\Grape\Overripe\Grape_Overripe_013.jpg,175.83310278336685,165.66886737089203,125.7701626425218
Grape,Overripe,Grape_Overripe_078.jpg,C:\Users\user\code\ip-asgm\results\preprocessing\MedianFinal\ProcessedImages\Grape\Overripe\Grape_Overripe_078.jpg,116.96362786348762,89.6835904628331,30.080107526881722
Grape,Unripe,Grape_Unripe_054.jpg,C:\Users\user\code\ip-asgm\results\preprocessing\MedianFinal\ProcessedImages\Grape\Unripe\Grape_Unripe_054.jpg,130.27139983519945,146.3283287286123,118.1655397217779
Grape,Rotten,Grape_Rotten_046.jpg,C:\Users\user\code\ip-asgm\results\preprocessing\MedianFinal\ProcessedImages\Grape\Rotten\Grape_Rotten_046.jpg,158.42830882352942,127.34907006920415,89.49571799307958
Grape,Ripe,Grape_Ripe_077.jpg,C:\Users\user\code\ip-asgm\results\preprocessing\MedianFinal\ProcessedImages\Grape\Ripe\Grape_Ripe_077.jpg,87.41976591228438,92.575667434004,80.39640945917665
Grape,Ripe,Grape_Ripe_045.jpg,C:\Users\user\code\ip-asgm\results\preprocessing\MedianFinal\ProcessedImages\Grape\Ripe\Grape_Ripe_045.jpg,162.147596941562,143.50124021481886,104.28013494447478
Grape,Ripe,Grape_Ripe_011.jpg,C:\Users\user\code\ip-asgm\results\preprocessing\MedianFinal\ProcessedImages\Grape\Ripe\Grape_Ripe_011.jpg,202.60893854748602,229.3840782122905,223.78351955307264
Grape,Unripe,Grape_Unripe_077.jpg,C:\Users\user\code\ip-asgm\results\preprocessing\MedianFinal\ProcessedImages\Grape\Unripe\Grape_Unripe_077.jpg,40.3941637630662,68.6483449477352,9.371559233449478
Grape,Unripe,Grape_Unripe_013.jpg,C:\Users\user\code\ip-asgm\results\preprocessing\MedianFinal\ProcessedImages\Grape\Unripe\Grape_Unripe_013.jpg,101.91590157914065,88.2785148120945,52.07521575468233
Grape,Ripe,Grape_Ripe_005.jpg,C:\Users\user\code\ip-asgm\results\preprocessing\MedianFinal\ProcessedImages\Grape\Ripe\Grape_Ripe_005.jpg,232.62111258938967,233.60078163978048,231.5160485614502
Grape,Overripe,Grape_Overripe_032.jpg,C:\Users\user\code\ip-asgm\results\preprocessing\MedianFinal\ProcessedImages\Grape\Overripe\Grape_Overripe_032.jpg,118.33275795934024,100.89990889911776,41.53198120444956
Grape,Ripe,Grape_Ripe_040.jpg,C:\Users\user\code\ip-asgm\results\preprocessing\MedianFinal\ProcessedImages\Grape\Ripe\Grape_Ripe_040.jpg,153.18027210884352,190.27721088435374,163.94387755102042
Grape,Overripe,Grape_Overripe_074.jpg,C:\Users\user\code\ip-asgm\results\preprocessing\MedianFinal\ProcessedImages\Grape\Overripe\Grape_Overripe_074.jpg,115.63696808510639,96.43895445478724,52.54681959219858
Grape,Overripe,Grape_Overripe_001.jpg,C:\Users\user\code\ip-asgm\results\preprocessing\MedianFinal\ProcessedImages\Grape\Overripe\Grape_Overripe_001.jpg,117.75499152382746,94.00331983424374,49.542804671312865
Grape,Overripe,Grape_Overripe_034.jpg,C:\Users\user\code\ip-asgm\results\preprocessing\MedianFinal\ProcessedImages\Grape\Overripe\Grape_Overripe_034.jpg,110.47845467103244,107.50628005730073,99.02957126777858
Grape,Unripe,Grape_Unripe_071.jpg,C:\Users\user\code\ip-asgm\results\preprocessing\MedianFinal\ProcessedImages\Grape\Unripe\Grape_Unripe_071.jpg,138.58740788396304,138.82848871213008,121.91879167154053
Grape,Ripe,Grape_Ripe_019.jpg,C:\Users\user\code\ip-asgm\results\preprocessing\MedianFinal\ProcessedImages\Grape\Ripe\Grape_Ripe_019.jpg,92.840195107562,95.74245696466572,19.713886138092327
Grape,Ripe,Grape_Ripe_084.jpg,C:\Users\user\code\ip-asgm\results\preprocessing\MedianFinal\ProcessedImages\Grape\Ripe\Grape_Ripe_084.jpg,59.06358271463925,73.6641264515515,96.35301851323054
Grape,Overripe,Grape_Overripe_031.jpg,C:\Users\user\code\ip-asgm\results\preprocessing\MedianFinal\ProcessedImages\Grape\Overripe\Grape_Overripe_031.jpg,63.75474278742079,57.80282992875979,39.12278112331247
Grape,Unripe,Grape_Unripe_040.jpg,C:\Users\user\code\ip-asgm\results\preprocessing\MedianFinal\ProcessedImages\Grape\Unripe\Grape_Unripe_040.jpg,210.43677322864087,213.75768367919238,138.4173677322864
Grape,Unripe,Grape_Unripe_078.jpg,C:\Users\user\code\ip-asgm\results\preprocessing\MedianFinal\ProcessedImages\Grape\Unripe\Grape_Unripe_078.jpg,97.60168671367344,94.56311350753491,85.10289644684087
Grape,Overripe,Grape_Overripe_005.jpg,C:\Users\user\code\ip-asgm\results\preprocessing\MedianFinal\ProcessedImages\Grape\Overripe\Grape_Overripe_005.jpg,64.36159377796982,56.938042035739635,33.257175704453566
Grape,Ripe,Grape_Ripe_091.jpg,C:\Users\user\code\ip-asgm\results\preprocessing\MedianFinal\ProcessedImages\Grape\Ripe\Grape_Ripe_091.jpg,118.90360371075167,109.75395456707898,67.0120569695528
Grape,Overripe,Grape_Overripe_011.jpg,C:\Users\user\code\ip-asgm\results\preprocessing\MedianFinal\ProcessedImages\Grape\Overripe\Grape_Overripe_011.jpg,134.68229570100698,116.62538729666925,64.51740414407436
Grape,Overripe,Grape_Overripe_071.jpg,C:\Users\user\code\ip-asgm\results\preprocessing\MedianFinal\ProcessedImages\Grape\Overripe\Grape_Overripe_071.jpg,100.69301921504497,80.93397383483239,44.67869310438812
Grape,Ripe,Grape_Ripe_034.jpg,C:\Users\user\code\ip-asgm\results\preprocessing\MedianFinal\ProcessedImages\Grape\Ripe\Grape_Ripe_034.jpg,251.24,252.37,217.28
Grape,Unripe,Grape_Unripe_023.jpg,C:\Users\user\code\ip-asgm\results\preprocessing\MedianFinal\ProcessedImages\Grape\Unripe\Grape_Unripe_023.jpg,94.50638000109764,102.96099281049338,58.33062126118215
Grape,Rotten,Grape_Rotten_081.jpg,C:\Users\user\code\ip-asgm\results\preprocessing\MedianFinal\ProcessedImages\Grape\Rotten\Grape_Rotten_081.jpg,166.6602427943476,172.66272088975427,156.8918045844765
Grape,Ripe,Grape_Ripe_013.jpg,C:\Users\user\code\ip-asgm\results\preprocessing\MedianFinal\ProcessedImages\Grape\Ripe\Grape_Ripe_013.jpg,149.62128231261002,141.1604743815436,124.47628092282035
Grape,Ripe,Grape_Ripe_023.jpg,C:\Users\user\code\ip-asgm\results\preprocessing\MedianFinal\ProcessedImages\Grape\Ripe\Grape_Ripe_023.jpg,135.92425964951198,144.72924523070097,104.28775926131323
Grape,Unripe,Grape_Unripe_032.jpg,C:\Users\user\code\ip-asgm\results\preprocessing\MedianFinal\ProcessedImages\Grape\Unripe\Grape_Unripe_032.jpg,178.54468394694098,173.05126556578236,123.60973030590146
Grape,Ripe,Grape_Ripe_078.jpg,C:\Users\user\code\ip-asgm\results\preprocessing\MedianFinal\ProcessedImages\Grape\Ripe\Grape_Ripe_078.jpg,91.86312745331271,77.04927441417865,42.86209408825978
Grape,Ripe,Grape_Ripe_046.jpg,C:\Users\user\code\ip-asgm\results\preprocessing\MedianFinal\ProcessedImages\Grape\Ripe\Grape_Ripe_046.jpg,223.96044303797467,244.58544303797467,236.43512658227849
Grape,Rotten,Grape_Rotten_071.jpg,C:\Users\user\code\ip-asgm\results\preprocessing\MedianFinal\ProcessedImages\Grape\Rotten\Grape_Rotten_071.jpg,193.40896478121664,154.92395944503735,81.9547491995731
Grape,Rotten,Grape_Rotten_032.jpg,C:\Users\user\code\ip-asgm\results\preprocessing\MedianFinal\ProcessedImages\Grape\Rotten\Grape_Rotten_032.jpg,62.57631361618664,67.4363838133581,66.37467740270466
Grape,Unripe,Grape_Unripe_034.jpg,C:\Users\user\code\ip-asgm\results\preprocessing\MedianFinal\ProcessedImages\Grape\Unripe\Grape_Unripe_034.jpg,135.31326351561458,150.17488116920617,94.81447958775709
Grape,Unripe,Grape_Unripe_045.jpg,C:\Users\user\code\ip-asgm\results\preprocessing\MedianFinal\ProcessedImages\Grape\Unripe\Grape_Unripe_045.jpg,121.55806174379023,130.8713305921607,85.70917731117926
Grape,Overripe,Grape_Overripe_019.jpg,C:\Users\user\code\ip-asgm\results\preprocessing\MedianFinal\ProcessedImages\Grape\Overripe\Grape_Overripe_019.jpg,97.62299065420561,92.2887476635514,64.98405607476636
Grape,Rotten,Grape_Rotten_023.jpg,C:\Users\user\code\ip-asgm\results\preprocessing\MedianFinal\ProcessedImages\Grape\Rotten\Grape_Rotten_023.jpg,163.690877060526,167.63891405561847,78.44458915313955
Grape,Rotten,Grape_Rotten_078.jpg,C:\Users\user\code\ip-asgm\results\preprocessing\MedianFinal\ProcessedImages\Grape\Rotten\Grape_Rotten_078.jpg,120.99283974671212,124.30087676570872,124.5328056502679
Grape,Rotten,Grape_Rotten_084.jpg,C:\Users\user\code\ip-asgm\results\preprocessing\MedianFinal\ProcessedImages\Grape\Rotten\Grape_Rotten_084.jpg,145.17244872119525,119.86059761965055,94.03228665484933
Grape,Unripe,Grape_Unripe_019.jpg,C:\Users\user\code\ip-asgm\results\preprocessing\MedianFinal\ProcessedImages\Grape\Unripe\Grape_Unripe_019.jpg,142.24437211530088,132.52293607942175,110.8716907602543
Grape,Ripe,Grape_Ripe_081.jpg,C:\Users\user\code\ip-asgm\results\preprocessing\MedianFinal\ProcessedImages\Grape\Ripe\Grape_Ripe_081.jpg,55.39399720550301,54.485812553740324,54.09659823731728
Grape,Rotten,Grape_Rotten_077.jpg,C:\Users\user\code\ip-asgm\results\preprocessing\MedianFinal\ProcessedImages\Grape\Rotten\Grape_Rotten_077.jpg,183.36326124075129,140.2832953898691,129.2904097894138
Grape,Rotten,Grape_Rotten_054.jpg,C:\Users\user\code\ip-asgm\results\preprocessing\MedianFinal\ProcessedImages\Grape\Rotten\Grape_Rotten_054.jpg,164.8353675945753,126.67958600999286,82.64689507494647
Grape,Overripe,Grape_Overripe_054.jpg,C:\Users\user\code\ip-asgm\results\preprocessing\MedianFinal\ProcessedImages\Grape\Overripe\Grape_Overripe_054.jpg,76.4688669690431,70.83137742745167,67.22809238627856
Grape,Rotten,Grape_Rotten_040.jpg,C:\Users\user\code\ip-asgm\results\preprocessing\MedianFinal\ProcessedImages\Grape\Rotten\Grape_Rotten_040.jpg,185.74651159694298,176.42444012462386,159.83304929033633
Grape,Overripe,Grape_Overripe_023.jpg,C:\Users\user\code\ip-asgm\results\preprocessing\MedianFinal\ProcessedImages\Grape\Overripe\Grape_Overripe_023.jpg,131.2858370702541,103.70313901345291,38.37765321375187
Grape,Ripe,Grape_Ripe_001.jpg,C:\Users\user\code\ip-asgm\results\preprocessing\MedianFinal\ProcessedImages\Grape\Ripe\Grape_Ripe_001.jpg,118.5897342022406,94.75993995753093,77.34696492641136
Grape,Overripe,Grape_Overripe_084.jpg,C:\Users\user\code\ip-asgm\results\preprocessing\MedianFinal\ProcessedImages\Grape\Overripe\Grape_Overripe_084.jpg,121.42077908441831,104.71270824583509,55.631282374352516
Grape,Rotten,Grape_Rotten_091.jpg,C:\Users\user\code\ip-asgm\results\preprocessing\MedianFinal\ProcessedImages\Grape\Rotten\Grape_Rotten_091.jpg,61.43603744149766,65.98013520540822,67.92020280811232
Guava,Defect,Guava_Defect_001.jpg,C:\Users\user\code\ip-asgm\results\preprocessing\MedianFinal\ProcessedImages\Guava\Defect\Guava_Defect_001.jpg,131.2154421085992,100.69427424466512,50.74532537502641
Guava,Defect,Guava_Defect_019.jpg,C:\Users\user\code\ip-asgm\results\preprocessing\MedianFinal\ProcessedImages\Guava\Defect\Guava_Defect_019.jpg,135.44299349373927,113.93300392830837,87.51849067026761
Guava,Defect,Guava_Defect_045.jpg,C:\Users\user\code\ip-asgm\results\preprocessing\MedianFinal\ProcessedImages\Guava\Defect\Guava_Defect_045.jpg,118.33972325530519,89.14671297309123,50.52920586304966
Guava,Class_A,Guava_Class_A_011.jpg,C:\Users\user\code\ip-asgm\results\preprocessing\MedianFinal\ProcessedImages\Guava\Class_A\Guava_Class_A_011.jpg,163.39671772428883,128.9112326768782,39.23442742523705
Guava,Class_A,Guava_Class_A_091.jpg,C:\Users\user\code\ip-asgm\results\preprocessing\MedianFinal\ProcessedImages\Guava\Class_A\Guava_Class_A_091.jpg,175.54370740212394,159.32021715010302,121.11928726158398
Guava,Class_A,Guava_Class_A_077.jpg,C:\Users\user\code\ip-asgm\results\preprocessing\MedianFinal\ProcessedImages\Guava\Class_A\Guava_Class_A_077.jpg,152.34755738669807,120.08346085932902,41.64202472042378
Guava,Class_A,Guava_Class_A_045.jpg,C:\Users\user\code\ip-asgm\results\preprocessing\MedianFinal\ProcessedImages\Guava\Class_A\Guava_Class_A_045.jpg,153.3460106047216,118.1103396035854,34.66730842065396
Guava,Class_B,Guava_Class_B_031.jpg,C:\Users\user\code\ip-asgm\results\preprocessing\MedianFinal\ProcessedImages\Guava\Class_B\Guava_Class_B_031.jpg,113.51255195799607,90.58726208707067,63.39154451979873
Guava,Class_A,Guava_Class_A_001.jpg,C:\Users\user\code\ip-asgm\results\preprocessing\MedianFinal\ProcessedImages\Guava\Class_A\Guava_Class_A_001.jpg,155.51891212432864,118.41392412295738,33.593589304079536
Guava,Class_A,Guava_Class_A_032.jpg,C:\Users\user\code\ip-asgm\results\preprocessing\MedianFinal\ProcessedImages\Guava\Class_A\Guava_Class_A_032.jpg,201.75740485163757,196.98178645363342,190.89649132119538
Guava,Defect,Guava_Defect_032.jpg,C:\Users\user\code\ip-asgm\results\preprocessing\MedianFinal\ProcessedImages\Guava\Defect\Guava_Defect_032.jpg,120.44690817620028,97.65691847567739,56.55166574235462
Guava,Defect,Guava_Defect_054.jpg,C:\Users\user\code\ip-asgm\results\preprocessing\MedianFinal\ProcessedImages\Guava\Defect\Guava_Defect_054.jpg,122.46409574468085,93.96185928433269,51.27009792069632
Guava,Class_A,Guava_Class_A_019.jpg,C:\Users\user\code\ip-asgm\results\preprocessing\MedianFinal\ProcessedImages\Guava\Class_A\Guava_Class_A_019.jpg,123.03226987447698,95.07981171548117,32.531433054393304
Guava,Class_B,Guava_Class_B_084.jpg,C:\Users\user\code\ip-asgm\results\preprocessing\MedianFinal\ProcessedImages\Guava\Class_B\Guava_Class_B_084.jpg,171.84087526290244,160.727851480343,144.81540203850508
Guava,Class_B,Guava_Class_B_045.jpg,C:\Users\user\code\ip-asgm\results\preprocessing\MedianFinal\ProcessedImages\Guava\Class_B\Guava_Class_B_045.jpg,169.2362044626114,163.06209835443838,153.55658856745538
Guava,Defect,Guava_Defect_077.jpg,C:\Users\user\code\ip-asgm\results\preprocessing\MedianFinal\ProcessedImages\Guava\Defect\Guava_Defect_077.jpg,125.09562559125469,89.41852948390036,42.196585613678565
Guava,Defect,Guava_Defect_023.jpg,C:\Users\user\code\ip-asgm\results\preprocessing\MedianFinal\ProcessedImages\Guava\Defect\Guava_Defect_023.jpg,118.16130576124255,89.16095358497381,47.88854072602492
Guava,Class_B,Guava_Class_B_078.jpg,C:\Users\user\code\ip-asgm\results\preprocessing\MedianFinal\ProcessedImages\Guava\Class_B\Guava_Class_B_078.jpg,171.96940363488153,161.35960223799026,145.74362691516757
Guava,Defect,Guava_Defect_031.jpg,C:\Users\user\code\ip-asgm\results\preprocessing\MedianFinal\ProcessedImages\Guava\Defect\Guava_Defect_031.jpg,182.89665587653474,172.18997171677537,157.2818513250609
Guava,Defect,Guava_Defect_074.jpg,C:\Users\user\code\ip-asgm\results\preprocessing\MedianFinal\ProcessedImages\Guava\Defect\Guava_Defect_074.jpg,111.59253135689852,84.67629703534777,52.121850057012544
Guava,Class_B,Guava_Class_B_005.jpg,C:\Users\user\code\ip-asgm\results\preprocessing\MedianFinal\ProcessedImages\Guava\Class_B\Guava_Class_B_005.jpg,135.31902525408069,106.6303510933169,59.79931475207884
Guava,Class_A,Guava_Class_A_078.jpg,C:\Users\user\code\ip-asgm\results\preprocessing\MedianFinal\ProcessedImages\Guava\Class_A\Guava_Class_A_078.jpg,190.935739020935,186.89147515609423,179.45088278503593
Guava,Class_A,Guava_Class_A_081.jpg,C:\Users\user\code\ip-asgm\results\preprocessing\MedianFinal\ProcessedImages\Guava\Class_A\Guava_Class_A_081.jpg,173.92318754925137,160.75934462831626,139.0919950091936
Guava,Defect,Guava_Defect_091.jpg,C:\Users\user\code\ip-asgm\results\preprocessing\MedianFinal\ProcessedImages\Guava\Defect\Guava_Defect_091.jpg,127.40550191960253,100.06643800813008,61.955115176151764
Guava,Class_B,Guava_Class_B_040.jpg,C:\Users\user\code\ip-asgm\results\preprocessing\MedianFinal\ProcessedImages\Guava\Class_B\Guava_Class_B_040.jpg,138.62878544553547,117.64604937138662,85.77634899513627
Guava,Class_B,Guava_Class_B_013.jpg,C:\Users\user\code\ip-asgm\results\preprocessing\MedianFinal\ProcessedImages\Guava\Class_B\Guava_Class_B_013.jpg,115.53000923361034,93.53719413665743,64.33515120036934
Guava,Class_B,Guava_Class_B_091.jpg,C:\Users\user\code\ip-asgm\results\preprocessing\MedianFinal\ProcessedImages\Guava\Class_B\Guava_Class_B_091.jpg,159.20681956257593,148.63840370595383,132.62947296476307
Guava,Class_B,Guava_Class_B_011.jpg,C:\Users\user\code\ip-asgm\results\preprocessing\MedianFinal\ProcessedImages\Guava\Class_B\Guava_Class_B_011.jpg,154.82169528753994,146.03783945686902,134.0062300319489
Guava,Class_B,Guava_Class_B_054.jpg,C:\Users\user\code\ip-asgm\results\preprocessing\MedianFinal\ProcessedImages\Guava\Class_B\Guava_Class_B_054.jpg,125.36001769128704,97.81003980539585,51.61421937195931
Guava,Class_A,Guava_Class_A_040.jpg,C:\Users\user\code\ip-asgm\results\preprocessing\MedianFinal\ProcessedImages\Guava\Class_A\Guava_Class_A_040.jpg,165.39,138.21008583690988,77.59103004291846
Guava,Defect,Guava_Defect_013.jpg,C:\Users\user\code\ip-asgm\results\preprocessing\MedianFinal\ProcessedImages\Guava\Defect\Guava_Defect_013.jpg,157.44450942313634,119.30430992629209,61.192600520810345
Guava,Class_B,Guava_Class_B_074.jpg,C:\Users\user\code\ip-asgm\results\preprocessing\MedianFinal\ProcessedImages\Guava\Class_B\Guava_Class_B_074.jpg,168.89320513084056,153.40234752399942,129.27751968261146
Guava,Defect,Guava_Defect_081.jpg,C:\Users\user\code\ip-asgm\results\preprocessing\MedianFinal\ProcessedImages\Guava\Defect\Guava_Defect_081.jpg,131.9341991216919,104.79098289610539,63.458569282329826
Guava,Defect,Guava_Defect_084.jpg,C:\Users\user\code\ip-asgm\results\preprocessing\MedianFinal\ProcessedImages\Guava\Defect\Guava_Defect_084.jpg,157.772299334983,132.43536382616765,90.44929245283019
Guava,Class_A,Guava_Class_A_005.jpg,C:\Users\user\code\ip-asgm\results\preprocessing\MedianFinal\ProcessedImages\Guava\Class_A\Guava_Class_A_005.jpg,144.99812754409768,118.9174355495251,54.517801899592946
Guava,Defect,Guava_Defect_046.jpg,C:\Users\user\code\ip-asgm\results\preprocessing\MedianFinal\ProcessedImages\Guava\Defect\Guava_Defect_046.jpg,117.96448954433384,89.37269427449549,61.63834353027121
Guava,Defect,Guava_Defect_040.jpg,C:\Users\user\code\ip-asgm\results\preprocessing\MedianFinal\ProcessedImages\Guava\Defect\Guava_Defect_040.jpg,182.06327094167705,174.59127734559678,164.14256779988824
Guava,Class_B,Guava_Class_B_046.jpg,C:\Users\user\code\ip-asgm\results\preprocessing\MedianFinal\ProcessedImages\Guava\Class_B\Guava_Class_B_046.jpg,122.77565949900244,102.26310684992241,70.43848370649523
Guava,Class_A,Guava_Class_A_034.jpg,C:\Users\user\code\ip-asgm\results\preprocessing\MedianFinal\ProcessedImages\Guava\Class_A\Guava_Class_A_034.jpg,145.6420049737868,111.62315163328404,32.15447304745261
Guava,Class_B,Guava_Class_B_071.jpg,C:\Users\user\code\ip-asgm\results\preprocessing\MedianFinal\ProcessedImages\Guava\Class_B\Guava_Class_B_071.jpg,136.8949153381523,113.76122635904545,73.02178433508269
Guava,Defect,Guava_Defect_078.jpg,C:\Users\user\code\ip-asgm\results\preprocessing\MedianFinal\ProcessedImages\Guava\Defect\Guava_Defect_078.jpg,124.00920042361663,84.70254169976171,26.511517077045273
Guava,Class_B,Guava_Class_B_023.jpg,C:\Users\user\code\ip-asgm\results\preprocessing\MedianFinal\ProcessedImages\Guava\Class_B\Guava_Class_B_023.jpg,126.4858158769421,94.90326196181495,48.84820669397851
Guava,Class_B,Guava_Class_B_032.jpg,C:\Users\user\code\ip-asgm\results\preprocessing\MedianFinal\ProcessedImages\Guava\Class_B\Guava_Class_B_032.jpg,116.97579583190198,90.94910111072942,62.63029600366426
Guava,Defect,Guava_Defect_034.jpg,C:\Users\user\code\ip-asgm\results\preprocessing\MedianFinal\ProcessedImages\Guava\Defect\Guava_Defect_034.jpg,121.79838235294118,96.82498774509804,56.80685049019608
Guava,Class_A,Guava_Class_A_023.jpg,C:\Users\user\code\ip-asgm\results\preprocessing\MedianFinal\ProcessedImages\Guava\Class_A\Guava_Class_A_023.jpg,149.01338797814208,114.18676814988291,36.37263856362217
Guava,Class_B,Guava_Class_B_081.jpg,C:\Users\user\code\ip-asgm\results\preprocessing\MedianFinal\ProcessedImages\Guava\Class_B\Guava_Class_B_081.jpg,124.40897136177674,100.71067114747711,58.62088447301773
Guava,Class_A,Guava_Class_A_013.jpg,C:\Users\user\code\ip-asgm\results\preprocessing\MedianFinal\ProcessedImages\Guava\Class_A\Guava_Class_A_013.jpg,150.10086317135548,126.52293797953965,76.06705562659846
Guava,Defect,Guava_Defect_071.jpg,C:\Users\user\code\ip-asgm\results\preprocessing\MedianFinal\ProcessedImages\Guava\Defect\Guava_Defect_071.jpg,171.69160721135404,160.2743843498274,146.9103567318757
Guava,Class_A,Guava_Class_A_071.jpg,C:\Users\user\code\ip-asgm\results\preprocessing\MedianFinal\ProcessedImages\Guava\Class_A\Guava_Class_A_071.jpg,157.3790569020021,119.67473656480506,27.626238145416227
Guava,Class_A,Guava_Class_A_084.jpg,C:\Users\user\code\ip-asgm\results\preprocessing\MedianFinal\ProcessedImages\Guava\Class_A\Guava_Class_A_084.jpg,155.830872133426,118.52727588603197,33.62575283761872
Guava,Defect,Guava_Defect_011.jpg,C:\Users\user\code\ip-asgm\results\preprocessing\MedianFinal\ProcessedImages\Guava\Defect\Guava_Defect_011.jpg,152.59131624782285,126.31150472754416,83.58870365762627
Guava,Defect,Guava_Defect_005.jpg,C:\Users\user\code\ip-asgm\results\preprocessing\MedianFinal\ProcessedImages\Guava\Defect\Guava_Defect_005.jpg,124.46476968627228,98.62569037180437,49.4219096965211
Guava,Class_A,Guava_Class_A_031.jpg,C:\Users\user\code\ip-asgm\results\preprocessing\MedianFinal\ProcessedImages\Guava\Class_A\Guava_Class_A_031.jpg,159.95934054422125,144.54655867794568,121.83040882067937
Guava,Class_B,Guava_Class_B_001.jpg,C:\Users\user\code\ip-asgm\results\preprocessing\MedianFinal\ProcessedImages\Guava\Class_B\Guava_Class_B_001.jpg,143.33807089623542,110.28422988725397,57.24966558379515
Guava,Class_A,Guava_Class_A_054.jpg,C:\Users\user\code\ip-asgm\results\preprocessing\MedianFinal\ProcessedImages\Guava\Class_A\Guava_Class_A_054.jpg,158.01447131463854,120.60168510419346,28.96231026498585
Guava,Class_B,Guava_Class_B_034.jpg,C:\Users\user\code\ip-asgm\results\preprocessing\MedianFinal\ProcessedImages\Guava\Class_B\Guava_Class_B_034.jpg,171.70995908825248,164.5283693746347,155.60755698421974
Guava,Class_A,Guava_Class_A_046.jpg,C:\Users\user\code\ip-asgm\results\preprocessing\MedianFinal\ProcessedImages\Guava\Class_A\Guava_Class_A_046.jpg,139.31748071979433,110.60692560258596,63.80719794344473
Guava,Class_A,Guava_Class_A_074.jpg,C:\Users\user\code\ip-asgm\results\preprocessing\MedianFinal\ProcessedImages\Guava\Class_A\Guava_Class_A_074.jpg,140.00815018315018,104.54885531135531,31.74441391941392
Guava,Class_B,Guava_Class_B_077.jpg,C:\Users\user\code\ip-asgm\results\preprocessing\MedianFinal\ProcessedImages\Guava\Class_B\Guava_Class_B_077.jpg,125.10593220338983,103.28312285366124,71.25825301872162
Guava,Class_B,Guava_Class_B_019.jpg,C:\Users\user\code\ip-asgm\results\preprocessing\MedianFinal\ProcessedImages\Guava\Class_B\Guava_Class_B_019.jpg,114.85559149722735,86.10300913341307,56.00445797542677
Mango,Ripe,Mango_Ripe_054.jpg,C:\Users\user\code\ip-asgm\results\preprocessing\MedianFinal\ProcessedImages\Mango\Ripe\Mango_Ripe_054.jpg,120.20467347874501,98.65540053710617,17.695830877055087
Mango,Overripe,Mango_Overripe_084.jpg,C:\Users\user\code\ip-asgm\results\preprocessing\MedianFinal\ProcessedImages\Mango\Overripe\Mango_Overripe_084.jpg,136.27101032816924,101.4292749458604,74.15028943861402
Mango,Rotten,Mango_Rotten_077.jpg,C:\Users\user\code\ip-asgm\results\preprocessing\MedianFinal\ProcessedImages\Mango\Rotten\Mango_Rotten_077.jpg,171.68675286977174,97.3701807626336,81.03848132999076
Mango,Ripe,Mango_Ripe_011.jpg,C:\Users\user\code\ip-asgm\results\preprocessing\MedianFinal\ProcessedImages\Mango\Ripe\Mango_Ripe_011.jpg,184.65874206971827,171.97805102667303,159.85475362121107
Mango,Unripe,Mango_Unripe_084.jpg,C:\Users\user\code\ip-asgm\results\preprocessing\MedianFinal\ProcessedImages\Mango\Unripe\Mango_Unripe_084.jpg,100.19604932234176,80.77239648828653,73.49956918634437
Mango,Ripe,Mango_Ripe_013.jpg,C:\Users\user\code\ip-asgm\results\preprocessing\MedianFinal\ProcessedImages\Mango\Ripe\Mango_Ripe_013.jpg,212.50279525694373,154.63247657227916,25.34728001623871
Mango,Ripe,Mango_Ripe_031.jpg,C:\Users\user\code\ip-asgm\results\preprocessing\MedianFinal\ProcessedImages\Mango\Ripe\Mango_Ripe_031.jpg,157.87816961084675,173.53510201421028,116.29800860439346
Mango,Rotten,Mango_Rotten_074.jpg,C:\Users\user\code\ip-asgm\results\preprocessing\MedianFinal\ProcessedImages\Mango\Rotten\Mango_Rotten_074.jpg,109.3064989070747,89.38413658900677,77.72636882230634
Mango,Rotten,Mango_Rotten_023.jpg,C:\Users\user\code\ip-asgm\results\preprocessing\MedianFinal\ProcessedImages\Mango\Rotten\Mango_Rotten_023.jpg,101.1746218595801,83.49430773696263,67.96153287967233
Mango,Unripe,Mango_Unripe_001.jpg,C:\Users\user\code\ip-asgm\results\preprocessing\MedianFinal\ProcessedImages\Mango\Unripe\Mango_Unripe_001.jpg,70.06299755052052,53.04688456827924,34.58916360481731
Mango,Rotten,Mango_Rotten_084.jpg,C:\Users\user\code\ip-asgm\results\preprocessing\MedianFinal\ProcessedImages\Mango\Rotten\Mango_Rotten_084.jpg,172.506706519153,154.18332143706877,138.45609534856055
Mango,Overripe,Mango_Overripe_031.jpg,C:\Users\user\code\ip-asgm\results\preprocessing\MedianFinal\ProcessedImages\Mango\Overripe\Mango_Overripe_031.jpg,141.40151543084696,78.33795767117732,55.22832860145275
Mango,Overripe,Mango_Overripe_019.jpg,C:\Users\user\code\ip-asgm\results\preprocessing\MedianFinal\ProcessedImages\Mango\Overripe\Mango_Overripe_019.jpg,139.92235142118864,80.58855184810696,57.72015503875969
Mango,Ripe,Mango_Ripe_046.jpg,C:\Users\user\code\ip-asgm\results\preprocessing\MedianFinal\ProcessedImages\Mango\Ripe\Mango_Ripe_046.jpg,189.9814195375638,155.91830456332252,53.04636570061284
Mango,Overripe,Mango_Overripe_013.jpg,C:\Users\user\code\ip-asgm\results\preprocessing\MedianFinal\ProcessedImages\Mango\Overripe\Mango_Overripe_013.jpg,75.75588962408202,47.98740274849124,15.991420053806442
Mango,Rotten,Mango_Rotten_034.jpg,C:\Users\user\code\ip-asgm\results\preprocessing\MedianFinal\ProcessedImages\Mango\Rotten\Mango_Rotten_034.jpg,109.20096915194726,98.41862079466877,89.1343511518756
Mango,Unripe,Mango_Unripe_054.jpg,C:\Users\user\code\ip-asgm\results\preprocessing\MedianFinal\ProcessedImages\Mango\Unripe\Mango_Unripe_054.jpg,164.44302351498942,186.35560152680264,88.47133762398306
Mango,Overripe,Mango_Overripe_071.jpg,C:\Users\user\code\ip-asgm\results\preprocessing\MedianFinal\ProcessedImages\Mango\Overripe\Mango_Overripe_071.jpg,143.96893058512504,117.40138151276233,87.43156189317548
Mango,Unripe,Mango_Unripe_078.jpg,C:\Users\user\code\ip-asgm\results\preprocessing\MedianFinal\ProcessedImages\Mango\Unripe\Mango_Unripe_078.jpg,27.893160688744636,15.596930355374628,4.801841511717461
Mango,Overripe,Mango_Overripe_023.jpg,C:\Users\user\code\ip-asgm\results\preprocessing\MedianFinal\ProcessedImages\Mango\Overripe\Mango_Overripe_023.jpg,106.68432047830495,86.71278976259572,72.76494702982413
Mango,Ripe,Mango_Ripe_001.jpg,C:\Users\user\code\ip-asgm\results\preprocessing\MedianFinal\ProcessedImages\Mango\Ripe\Mango_Ripe_001.jpg,143.38956654323675,131.33503438404333,108.8616625696238
Mango,Rotten,Mango_Rotten_071.jpg,C:\Users\user\code\ip-asgm\results\preprocessing\MedianFinal\ProcessedImages\Mango\Rotten\Mango_Rotten_071.jpg,157.05758318739055,81.85590192644483,71.89755691768826
Mango,Ripe,Mango_Ripe_023.jpg,C:\Users\user\code\ip-asgm\results\preprocessing\MedianFinal\ProcessedImages\Mango\Ripe\Mango_Ripe_023.jpg,191.15456828509926,155.93686468548194,96.96522961014111
Mango,Unripe,Mango_Unripe_071.jpg,C:\Users\user\code\ip-asgm\results\preprocessing\MedianFinal\ProcessedImages\Mango\Unripe\Mango_Unripe_071.jpg,178.6582255139986,193.1985617259289,80.86511570730508
Mango,Ripe,Mango_Ripe_077.jpg,C:\Users\user\code\ip-asgm\results\preprocessing\MedianFinal\ProcessedImages\Mango\Ripe\Mango_Ripe_077.jpg,188.64235230155853,179.8985304293387,158.47976869089592
Mango,Unripe,Mango_Unripe_046.jpg,C:\Users\user\code\ip-asgm\results\preprocessing\MedianFinal\ProcessedImages\Mango\Unripe\Mango_Unripe_046.jpg,95.48893810197049,118.3735585844305,58.66213439957586
Mango,Rotten,Mango_Rotten_078.jpg,C:\Users\user\code\ip-asgm\results\preprocessing\MedianFinal\ProcessedImages\Mango\Rotten\Mango_Rotten_078.jpg,127.37509107769756,107.83227628005564,92.67947274292906
Mango,Rotten,Mango_Rotten_091.jpg,C:\Users\user\code\ip-asgm\results\preprocessing\MedianFinal\ProcessedImages\Mango\Rotten\Mango_Rotten_091.jpg,164.457365233192,150.19924288310116,140.47721380981224
Mango,Overripe,Mango_Overripe_091.jpg,C:\Users\user\code\ip-asgm\results\preprocessing\MedianFinal\ProcessedImages\Mango\Overripe\Mango_Overripe_091.jpg,125.28193038413535,98.99722645957564,54.6905884528267
Mango,Ripe,Mango_Ripe_091.jpg,C:\Users\user\code\ip-asgm\results\preprocessing\MedianFinal\ProcessedImages\Mango\Ripe\Mango_Ripe_091.jpg,114.73623128610161,104.158935518095,76.01826004951079
Mango,Ripe,Mango_Ripe_005.jpg,C:\Users\user\code\ip-asgm\results\preprocessing\MedianFinal\ProcessedImages\Mango\Ripe\Mango_Ripe_005.jpg,223.81099644025952,187.37173451225814,109.07258712751909
Mango,Ripe,Mango_Ripe_081.jpg,C:\Users\user\code\ip-asgm\results\preprocessing\MedianFinal\ProcessedImages\Mango\Ripe\Mango_Ripe_081.jpg,200.73828495541642,186.824046670461,151.89722064124456
Mango,Unripe,Mango_Unripe_005.jpg,C:\Users\user\code\ip-asgm\results\preprocessing\MedianFinal\ProcessedImages\Mango\Unripe\Mango_Unripe_005.jpg,167.06993147088895,134.2869103871342,120.87586697615298
Mango,Ripe,Mango_Ripe_074.jpg,C:\Users\user\code\ip-asgm\results\preprocessing\MedianFinal\ProcessedImages\Mango\Ripe\Mango_Ripe_074.jpg,204.00471089953388,187.3665823663592,143.12392145194883
Mango,Overripe,Mango_Overripe_032.jpg,C:\Users\user\code\ip-asgm\results\preprocessing\MedianFinal\ProcessedImages\Mango\Overripe\Mango_Overripe_032.jpg,137.97490721316765,61.17150771878866,48.859723791081706
Mango,Rotten,Mango_Rotten_019.jpg,C:\Users\user\code\ip-asgm\results\preprocessing\MedianFinal\ProcessedImages\Mango\Rotten\Mango_Rotten_019.jpg,120.50752629669931,68.87053409503083,44.57578436706565
Mango,Ripe,Mango_Ripe_034.jpg,C:\Users\user\code\ip-asgm\results\preprocessing\MedianFinal\ProcessedImages\Mango\Ripe\Mango_Ripe_034.jpg,150.06833493743986,142.14556633402563,128.54829415936376
Mango,Overripe,Mango_Overripe_045.jpg,C:\Users\user\code\ip-asgm\results\preprocessing\MedianFinal\ProcessedImages\Mango\Overripe\Mango_Overripe_045.jpg,79.66355567755512,58.67379220422728,45.906693201573795
Mango,Rotten,Mango_Rotten_001.jpg,C:\Users\user\code\ip-asgm\results\preprocessing\MedianFinal\ProcessedImages\Mango\Rotten\Mango_Rotten_001.jpg,67.26490066225166,59.89630289201774,55.80081900309793
Mango,Rotten,Mango_Rotten_045.jpg,C:\Users\user\code\ip-asgm\results\preprocessing\MedianFinal\ProcessedImages\Mango\Rotten\Mango_Rotten_045.jpg,188.55025368762423,133.32747933884298,102.91539386965164
Mango,Ripe,Mango_Ripe_084.jpg,C:\Users\user\code\ip-asgm\results\preprocessing\MedianFinal\ProcessedImages\Mango\Ripe\Mango_Ripe_084.jpg,172.48880820482108,159.9232607176723,145.13799470978688
Mango,Overripe,Mango_Overripe_074.jpg,C:\Users\user\code\ip-asgm\results\preprocessing\MedianFinal\ProcessedImages\Mango\Overripe\Mango_Overripe_074.jpg,95.35699599708879,51.31031659388646,24.428529839883552
Mango,Overripe,Mango_Overripe_040.jpg,C:\Users\user\code\ip-asgm\results\preprocessing\MedianFinal\ProcessedImages\Mango\Overripe\Mango_Overripe_040.jpg,131.06851706771124,122.18242305540011,103.2605931729155
Mango,Rotten,Mango_Rotten_054.jpg,C:\Users\user\code\ip-asgm\results\preprocessing\MedianFinal\ProcessedImages\Mango\Rotten\Mango_Rotten_054.jpg,127.30010893246187,56.34402852049911,46.61418102594573
Mango,Unripe,Mango_Unripe_081.jpg,C:\Users\user\code\ip-asgm\results\preprocessing\MedianFinal\ProcessedImages\Mango\Unripe\Mango_Unripe_081.jpg,122.6302103478028,135.21268334771355,41.90099967272619
Mango,Rotten,Mango_Rotten_005.jpg,C:\Users\user\code\ip-asgm\results\preprocessing\MedianFinal\ProcessedImages\Mango\Rotten\Mango_Rotten_005.jpg,122.1414815689981,56.940306001890356,32.55965461562697
Mango,Ripe,Mango_Ripe_071.jpg,C:\Users\user\code\ip-asgm\results\preprocessing\MedianFinal\ProcessedImages\Mango\Ripe\Mango_Ripe_071.jpg,160.44500271591525,143.27373408171889,95.86382702637455
Mango,Overripe,Mango_Overripe_054.jpg,C:\Users\user\code\ip-asgm\results\preprocessing\MedianFinal\ProcessedImages\Mango\Overripe\Mango_Overripe_054.jpg,135.8949105389483,122.77141973961743,116.64642883118772
Mango,Overripe,Mango_Overripe_077.jpg,C:\Users\user\code\ip-asgm\results\preprocessing\MedianFinal\ProcessedImages\Mango\Overripe\Mango_Overripe_077.jpg,214.96586292753244,170.73292327348972,118.00847693618137
Mango,Unripe,Mango_Unripe_045.jpg,C:\Users\user\code\ip-asgm\results\preprocessing\MedianFinal\ProcessedImages\Mango\Unripe\Mango_Unripe_045.jpg,103.22556562461988,81.4020952438876,69.09892348862668
Mango,Unripe,Mango_Unripe_091.jpg,C:\Users\user\code\ip-asgm\results\preprocessing\MedianFinal\ProcessedImages\Mango\Unripe\Mango_Unripe_091.jpg,78.10222116546791,73.74439755097188,64.56028948463413
Mango,Unripe,Mango_Unripe_019.jpg,C:\Users\user\code\ip-asgm\results\preprocessing\MedianFinal\ProcessedImages\Mango\Unripe\Mango_Unripe_019.jpg,97.68567115201647,87.944083610027,77.72302479563504
Mango,Overripe,Mango_Overripe_001.jpg,C:\Users\user\code\ip-asgm\results\preprocessing\MedianFinal\ProcessedImages\Mango\Overripe\Mango_Overripe_001.jpg,149.7515002195443,85.49814607015661,66.9582499878031
Mango,Unripe,Mango_Unripe_040.jpg,C:\Users\user\code\ip-asgm\results\preprocessing\MedianFinal\ProcessedImages\Mango\Unripe\Mango_Unripe_040.jpg,129.9603016807168,107.06186708021843,95.55692301574678
Mango,Overripe,Mango_Overripe_046.jpg,C:\Users\user\code\ip-asgm\results\preprocessing\MedianFinal\ProcessedImages\Mango\Overripe\Mango_Overripe_046.jpg,115.30338691159587,96.2098306544202,65.37080941446614
Mango,Unripe,Mango_Unripe_011.jpg,C:\Users\user\code\ip-asgm\results\preprocessing\MedianFinal\ProcessedImages\Mango\Unripe\Mango_Unripe_011.jpg,61.602564378143676,95.02919049052062,31.608674390610894
Mango,Rotten,Mango_Rotten_032.jpg,C:\Users\user\code\ip-asgm\results\preprocessing\MedianFinal\ProcessedImages\Mango\Rotten\Mango_Rotten_032.jpg,138.57197405511133,71.66507507334752,59.103261807513086
Mango,Overripe,Mango_Overripe_081.jpg,C:\Users\user\code\ip-asgm\results\preprocessing\MedianFinal\ProcessedImages\Mango\Overripe\Mango_Overripe_081.jpg,182.4554794520548,155.1222695298038,113.79521829521829
Mango,Rotten,Mango_Rotten_031.jpg,C:\Users\user\code\ip-asgm\results\preprocessing\MedianFinal\ProcessedImages\Mango\Rotten\Mango_Rotten_031.jpg,84.67059165576391,70.58416921064108,63.243727285942725
Mango,Rotten,Mango_Rotten_011.jpg,C:\Users\user\code\ip-asgm\results\preprocessing\MedianFinal\ProcessedImages\Mango\Rotten\Mango_Rotten_011.jpg,152.96559174459853,81.10968236052886,65.28115124153499
Mango,Ripe,Mango_Ripe_040.jpg,C:\Users\user\code\ip-asgm\results\preprocessing\MedianFinal\ProcessedImages\Mango\Ripe\Mango_Ripe_040.jpg,138.3523103943007,134.34354540807072,128.20884661686372
Mango,Unripe,Mango_Unripe_031.jpg,C:\Users\user\code\ip-asgm\results\preprocessing\MedianFinal\ProcessedImages\Mango\Unripe\Mango_Unripe_031.jpg,86.6787550984217,114.58537762802703,62.70974956158499
Mango,Ripe,Mango_Ripe_045.jpg,C:\Users\user\code\ip-asgm\results\preprocessing\MedianFinal\ProcessedImages\Mango\Ripe\Mango_Ripe_045.jpg,142.72108028925524,121.27857093031368,84.974248378171
Mango,Unripe,Mango_Unripe_034.jpg,C:\Users\user\code\ip-asgm\results\preprocessing\MedianFinal\ProcessedImages\Mango\Unripe\Mango_Unripe_034.jpg,96.05387738414437,124.30674881624736,104.1740068838306
Mango,Overripe,Mango_Overripe_078.jpg,C:\Users\user\code\ip-asgm\results\preprocessing\MedianFinal\ProcessedImages\Mango\Overripe\Mango_Overripe_078.jpg,111.9366228748068,96.1438485316847,79.24265069551778
Mango,Rotten,Mango_Rotten_013.jpg,C:\Users\user\code\ip-asgm\results\preprocessing\MedianFinal\ProcessedImages\Mango\Rotten\Mango_Rotten_013.jpg,186.61093405119954,108.51175299626627,94.70913526002022
Mango,Unripe,Mango_Unripe_077.jpg,C:\Users\user\code\ip-asgm\results\preprocessing\MedianFinal\ProcessedImages\Mango\Unripe\Mango_Unripe_077.jpg,109.71877960771666,127.58748261334085,50.64587658999738
Mango,Rotten,Mango_Rotten_081.jpg,C:\Users\user\code\ip-asgm\results\preprocessing\MedianFinal\ProcessedImages\Mango\Rotten\Mango_Rotten_081.jpg,151.82985791532442,132.06411786700414,116.37154135987115
Mango,Unripe,Mango_Unripe_013.jpg,C:\Users\user\code\ip-asgm\results\preprocessing\MedianFinal\ProcessedImages\Mango\Unripe\Mango_Unripe_013.jpg,134.05211992484274,91.00100073523404,54.949187157911936
Mango,Unripe,Mango_Unripe_032.jpg,C:\Users\user\code\ip-asgm\results\preprocessing\MedianFinal\ProcessedImages\Mango\Unripe\Mango_Unripe_032.jpg,96.61685067201955,125.03678106999476,99.96174615988829
Mango,Ripe,Mango_Ripe_078.jpg,C:\Users\user\code\ip-asgm\results\preprocessing\MedianFinal\ProcessedImages\Mango\Ripe\Mango_Ripe_078.jpg,242.90913220551377,160.7201388888889,103.49459064327485
Mango,Unripe,Mango_Unripe_023.jpg,C:\Users\user\code\ip-asgm\results\preprocessing\MedianFinal\ProcessedImages\Mango\Unripe\Mango_Unripe_023.jpg,91.23298922651013,82.55393415830025,58.592116673893464
Mango,Ripe,Mango_Ripe_032.jpg,C:\Users\user\code\ip-asgm\results\preprocessing\MedianFinal\ProcessedImages\Mango\Ripe\Mango_Ripe_032.jpg,115.56930376573234,105.94255503184074,82.02465150679437
Mango,Rotten,Mango_Rotten_040.jpg,C:\Users\user\code\ip-asgm\results\preprocessing\MedianFinal\ProcessedImages\Mango\Rotten\Mango_Rotten_040.jpg,135.23427231851198,111.83978325198878,99.56825256523577
Mango,Overripe,Mango_Overripe_005.jpg,C:\Users\user\code\ip-asgm\results\preprocessing\MedianFinal\ProcessedImages\Mango\Overripe\Mango_Overripe_005.jpg,206.8995990836197,173.51245704467354,103.44209621993127
Mango,Overripe,Mango_Overripe_034.jpg,C:\Users\user\code\ip-asgm\results\preprocessing\MedianFinal\ProcessedImages\Mango\Overripe\Mango_Overripe_034.jpg,141.60228634014445,75.42537734880378,57.54096074203375
Mango,Rotten,Mango_Rotten_046.jpg,C:\Users\user\code\ip-asgm\results\preprocessing\MedianFinal\ProcessedImages\Mango\Rotten\Mango_Rotten_046.jpg,143.80159047081054,134.40076358182208,126.27449500360363
Mango,Overripe,Mango_Overripe_011.jpg,C:\Users\user\code\ip-asgm\results\preprocessing\MedianFinal\ProcessedImages\Mango\Overripe\Mango_Overripe_011.jpg,124.75095733535638,109.12571800151728,93.56153137531159
Mango,Unripe,Mango_Unripe_074.jpg,C:\Users\user\code\ip-asgm\results\preprocessing\MedianFinal\ProcessedImages\Mango\Unripe\Mango_Unripe_074.jpg,205.5883752599057,193.82852080709873,104.24583418748352
Mango,Ripe,Mango_Ripe_019.jpg,C:\Users\user\code\ip-asgm\results\preprocessing\MedianFinal\ProcessedImages\Mango\Ripe\Mango_Ripe_019.jpg,111.95341031587887,101.0996798745631,73.91141835168065
Melon,Overripe,Melon_Overripe_042.jpg,C:\Users\user\code\ip-asgm\results\preprocessing\MedianFinal\ProcessedImages\Melon\Overripe\Melon_Overripe_042.jpg,174.8022216296629,149.78328935919387,81.45393942796194
Melon,Unripe,Melon_Unripe_070.jpg,C:\Users\user\code\ip-asgm\results\preprocessing\MedianFinal\ProcessedImages\Melon\Unripe\Melon_Unripe_070.jpg,114.25320947804717,94.3028738583428,16.347650662069473
Melon,Rotten,Melon_Rotten_005.jpg,C:\Users\user\code\ip-asgm\results\preprocessing\MedianFinal\ProcessedImages\Melon\Rotten\Melon_Rotten_005.jpg,146.9954556245125,138.34271882524502,112.55342184691558
Melon,Overripe,Melon_Overripe_013.jpg,C:\Users\user\code\ip-asgm\results\preprocessing\MedianFinal\ProcessedImages\Melon\Overripe\Melon_Overripe_013.jpg,152.89462696990861,110.49902833024626,79.93703124525553
Melon,Ripe,Melon_Ripe_001.jpg,C:\Users\user\code\ip-asgm\results\preprocessing\MedianFinal\ProcessedImages\Melon\Ripe\Melon_Ripe_001.jpg,224.39224857813488,168.27803105533988,90.7794472781439
Melon,Rotten,Melon_Rotten_009.jpg,C:\Users\user\code\ip-asgm\results\preprocessing\MedianFinal\ProcessedImages\Melon\Rotten\Melon_Rotten_009.jpg,91.79641789692963,46.83672976481599,19.34789270295565
Melon,Overripe,Melon_Overripe_007.jpg,C:\Users\user\code\ip-asgm\results\preprocessing\MedianFinal\ProcessedImages\Melon\Overripe\Melon_Overripe_007.jpg,102.07262939439524,83.89922836926849,36.13774444258733
Melon,Rotten,Melon_Rotten_001.jpg,C:\Users\user\code\ip-asgm\results\preprocessing\MedianFinal\ProcessedImages\Melon\Rotten\Melon_Rotten_001.jpg,93.03174144486692,82.05802281368821,53.27041064638783
Melon,Rotten,Melon_Rotten_002.jpg,C:\Users\user\code\ip-asgm\results\preprocessing\MedianFinal\ProcessedImages\Melon\Rotten\Melon_Rotten_002.jpg,140.23834730908376,94.7339442465715,60.7771405334156
Melon,Rotten,Melon_Rotten_016.jpg,C:\Users\user\code\ip-asgm\results\preprocessing\MedianFinal\ProcessedImages\Melon\Rotten\Melon_Rotten_016.jpg,119.58828111476545,85.99447315710081,60.01608595662603
Melon,Overripe,Melon_Overripe_033.jpg,C:\Users\user\code\ip-asgm\results\preprocessing\MedianFinal\ProcessedImages\Melon\Overripe\Melon_Overripe_033.jpg,205.15824233020388,141.78849628785795,44.17331185921358
Melon,Rotten,Melon_Rotten_004.jpg,C:\Users\user\code\ip-asgm\results\preprocessing\MedianFinal\ProcessedImages\Melon\Rotten\Melon_Rotten_004.jpg,100.08013074484944,88.17003433703117,56.62456253301637
Melon,Rotten,Melon_Rotten_024.jpg,C:\Users\user\code\ip-asgm\results\preprocessing\MedianFinal\ProcessedImages\Melon\Rotten\Melon_Rotten_024.jpg,138.25515442004803,102.76516037154335,72.88660275894318
Melon,Ripe,Melon_Ripe_011.jpg,C:\Users\user\code\ip-asgm\results\preprocessing\MedianFinal\ProcessedImages\Melon\Ripe\Melon_Ripe_011.jpg,156.7101533457249,77.73341785194764,23.18964663811217
Melon,Overripe,Melon_Overripe_014.jpg,C:\Users\user\code\ip-asgm\results\preprocessing\MedianFinal\ProcessedImages\Melon\Overripe\Melon_Overripe_014.jpg,129.11944559086533,108.75057779612051,53.22617278855413
Melon,Rotten,Melon_Rotten_010.jpg,C:\Users\user\code\ip-asgm\results\preprocessing\MedianFinal\ProcessedImages\Melon\Rotten\Melon_Rotten_010.jpg,142.42257274366773,98.55511964684665,65.18936906139808
Melon,Unripe,Melon_Unripe_013.jpg,C:\Users\user\code\ip-asgm\results\preprocessing\MedianFinal\ProcessedImages\Melon\Unripe\Melon_Unripe_013.jpg,233.30770854545906,213.9170785010058,122.91974197233466
Melon,Unripe,Melon_Unripe_034.jpg,C:\Users\user\code\ip-asgm\results\preprocessing\MedianFinal\ProcessedImages\Melon\Unripe\Melon_Unripe_034.jpg,187.39704234327277,171.64184007558944,93.04299698960645
Melon,Unripe,Melon_Unripe_005.jpg,C:\Users\user\code\ip-asgm\results\preprocessing\MedianFinal\ProcessedImages\Melon\Unripe\Melon_Unripe_005.jpg,136.25702845171318,109.30021288098939,41.621939131805995
Melon,Overripe,Melon_Overripe_040.jpg,C:\Users\user\code\ip-asgm\results\preprocessing\MedianFinal\ProcessedImages\Melon\Overripe\Melon_Overripe_040.jpg,137.7415653511677,101.96822717463301,72.12556355633427
Melon,Ripe,Melon_Ripe_045.jpg,C:\Users\user\code\ip-asgm\results\preprocessing\MedianFinal\ProcessedImages\Melon\Ripe\Melon_Ripe_045.jpg,128.91545907890878,76.4217805808155,29.558140217072456
Melon,Overripe,Melon_Overripe_016.jpg,C:\Users\user\code\ip-asgm\results\preprocessing\MedianFinal\ProcessedImages\Melon\Overripe\Melon_Overripe_016.jpg,142.64357821627587,98.70685385091663,65.04624868764638
Melon,Overripe,Melon_Overripe_031.jpg,C:\Users\user\code\ip-asgm\results\preprocessing\MedianFinal\ProcessedImages\Melon\Overripe\Melon_Overripe_031.jpg,124.5668016733726,107.66970875856005,62.02931066641797
Melon,Rotten,Melon_Rotten_018.jpg,C:\Users\user\code\ip-asgm\results\preprocessing\MedianFinal\ProcessedImages\Melon\Rotten\Melon_Rotten_018.jpg,132.24036338937,92.65180845644421,63.49720524141054
Melon,Rotten,Melon_Rotten_012.jpg,C:\Users\user\code\ip-asgm\results\preprocessing\MedianFinal\ProcessedImages\Melon\Rotten\Melon_Rotten_012.jpg,136.94515463249118,101.92550409543774,78.68551036286227
Melon,Overripe,Melon_Overripe_009.jpg,C:\Users\user\code\ip-asgm\results\preprocessing\MedianFinal\ProcessedImages\Melon\Overripe\Melon_Overripe_009.jpg,165.48464746592524,101.16128471697543,55.025227416966366
Melon,Ripe,Melon_Ripe_031.jpg,C:\Users\user\code\ip-asgm\results\preprocessing\MedianFinal\ProcessedImages\Melon\Ripe\Melon_Ripe_031.jpg,222.03607236044624,193.296766174265,142.58809298789885
Melon,Rotten,Melon_Rotten_003.jpg,C:\Users\user\code\ip-asgm\results\preprocessing\MedianFinal\ProcessedImages\Melon\Rotten\Melon_Rotten_003.jpg,64.67491976157726,51.142919914412346,18.814066559682104
Melon,Unripe,Melon_Unripe_095.jpg,C:\Users\user\code\ip-asgm\results\preprocessing\MedianFinal\ProcessedImages\Melon\Unripe\Melon_Unripe_095.jpg,159.66027594481105,134.7087102579484,79.37439112177564
Melon,Ripe,Melon_Ripe_040.jpg,C:\Users\user\code\ip-asgm\results\preprocessing\MedianFinal\ProcessedImages\Melon\Ripe\Melon_Ripe_040.jpg,209.74038899562282,170.04556438036008,117.4069846897344
Melon,Ripe,Melon_Ripe_078.jpg,C:\Users\user\code\ip-asgm\results\preprocessing\MedianFinal\ProcessedImages\Melon\Ripe\Melon_Ripe_078.jpg,146.21048597049466,134.19636245299392,92.42372722013306
Melon,Rotten,Melon_Rotten_025.jpg,C:\Users\user\code\ip-asgm\results\preprocessing\MedianFinal\ProcessedImages\Melon\Rotten\Melon_Rotten_025.jpg,198.92922075686099,179.4934661340863,152.83394166867532
Melon,Unripe,Melon_Unripe_031.jpg,C:\Users\user\code\ip-asgm\results\preprocessing\MedianFinal\ProcessedImages\Melon\Unripe\Melon_Unripe_031.jpg,211.58310372950098,201.43623258684536,100.29806802151296
Melon,Rotten,Melon_Rotten_014.jpg,C:\Users\user\code\ip-asgm\results\preprocessing\MedianFinal\ProcessedImages\Melon\Rotten\Melon_Rotten_014.jpg,140.1215944707868,95.86641083340031,62.78355969889362
Melon,Overripe,Melon_Overripe_048.jpg,C:\Users\user\code\ip-asgm\results\preprocessing\MedianFinal\ProcessedImages\Melon\Overripe\Melon_Overripe_048.jpg,109.57869551794785,83.85387022536555,28.583824478684292
Melon,Unripe,Melon_Unripe_011.jpg,C:\Users\user\code\ip-asgm\results\preprocessing\MedianFinal\ProcessedImages\Melon\Unripe\Melon_Unripe_011.jpg,141.77565927864143,153.72626468626547,70.82808090913755
Melon,Ripe,Melon_Ripe_074.jpg,C:\Users\user\code\ip-asgm\results\preprocessing\MedianFinal\ProcessedImages\Melon\Ripe\Melon_Ripe_074.jpg,210.33547208294382,167.31501940454945,79.61998243675816
Melon,Rotten,Melon_Rotten_013.jpg,C:\Users\user\code\ip-asgm\results\preprocessing\MedianFinal\ProcessedImages\Melon\Rotten\Melon_Rotten_013.jpg,98.05048766494549,77.03361344537815,49.80453747764166
Melon,Unripe,Melon_Unripe_080.jpg,C:\Users\user\code\ip-asgm\results\preprocessing\MedianFinal\ProcessedImages\Melon\Unripe\Melon_Unripe_080.jpg,129.86229575163398,109.89596949891067,55.9629970043573
Melon,Unripe,Melon_Unripe_001.jpg,C:\Users\user\code\ip-asgm\results\preprocessing\MedianFinal\ProcessedImages\Melon\Unripe\Melon_Unripe_001.jpg,239.03904479461755,222.5954674220963,131.76994511331444
Melon,Unripe,Melon_Unripe_043.jpg,C:\Users\user\code\ip-asgm\results\preprocessing\MedianFinal\ProcessedImages\Melon\Unripe\Melon_Unripe_043.jpg,146.36897689768978,141.44391501650165,93.60878712871288
Melon,Overripe,Melon_Overripe_046.jpg,C:\Users\user\code\ip-asgm\results\preprocessing\MedianFinal\ProcessedImages\Melon\Overripe\Melon_Overripe_046.jpg,130.65331627096492,110.3387538118057,55.275702461337396
Melon,Unripe,Melon_Unripe_023.jpg,C:\Users\user\code\ip-asgm\results\preprocessing\MedianFinal\ProcessedImages\Melon\Unripe\Melon_Unripe_023.jpg,93.31749921999442,83.38934183949948,37.05564724042235
Melon,Rotten,Melon_Rotten_026.jpg,C:\Users\user\code\ip-asgm\results\preprocessing\MedianFinal\ProcessedImages\Melon\Rotten\Melon_Rotten_026.jpg,141.41538440989476,97.67753245712454,64.30951808516322
Melon,Ripe,Melon_Ripe_081.jpg,C:\Users\user\code\ip-asgm\results\preprocessing\MedianFinal\ProcessedImages\Melon\Ripe\Melon_Ripe_081.jpg,239.15809129617736,193.86639786864578,131.03205951616357
Melon,Ripe,Melon_Ripe_046.jpg,C:\Users\user\code\ip-asgm\results\preprocessing\MedianFinal\ProcessedImages\Melon\Ripe\Melon_Ripe_046.jpg,135.83441870030163,111.01902248423362,71.75862866739786
Melon,Unripe,Melon_Unripe_019.jpg,C:\Users\user\code\ip-asgm\results\preprocessing\MedianFinal\ProcessedImages\Melon\Unripe\Melon_Unripe_019.jpg,190.83939003706263,191.47603492681702,160.24902632074878
Melon,Ripe,Melon_Ripe_091.jpg,C:\Users\user\code\ip-asgm\results\preprocessing\MedianFinal\ProcessedImages\Melon\Ripe\Melon_Ripe_091.jpg,112.33686657504606,102.51617737360742,57.96654141933975
Melon,Rotten,Melon_Rotten_006.jpg,C:\Users\user\code\ip-asgm\results\preprocessing\MedianFinal\ProcessedImages\Melon\Rotten\Melon_Rotten_006.jpg,138.12973872399087,102.43460560892603,72.40361004609485
Melon,Unripe,Melon_Unripe_081.jpg,C:\Users\user\code\ip-asgm\results\preprocessing\MedianFinal\ProcessedImages\Melon\Unripe\Melon_Unripe_081.jpg,157.9926890250288,139.10281181275525,66.2853178343282
Melon,Rotten,Melon_Rotten_022.jpg,C:\Users\user\code\ip-asgm\results\preprocessing\MedianFinal\ProcessedImages\Melon\Rotten\Melon_Rotten_022.jpg,174.63888392956773,147.4906882545917,131.00913320984623
Melon,Ripe,Melon_Ripe_077.jpg,C:\Users\user\code\ip-asgm\results\preprocessing\MedianFinal\ProcessedImages\Melon\Ripe\Melon_Ripe_077.jpg,185.07368801099437,152.3023922107568,101.73938995131724
Melon,Unripe,Melon_Unripe_065.jpg,C:\Users\user\code\ip-asgm\results\preprocessing\MedianFinal\ProcessedImages\Melon\Unripe\Melon_Unripe_065.jpg,199.5339538708045,182.3444510035419,138.81510899814472
Melon,Ripe,Melon_Ripe_032.jpg,C:\Users\user\code\ip-asgm\results\preprocessing\MedianFinal\ProcessedImages\Melon\Ripe\Melon_Ripe_032.jpg,97.40064752552745,89.1787544028178,42.02307254420607
Melon,Unripe,Melon_Unripe_074.jpg,C:\Users\user\code\ip-asgm\results\preprocessing\MedianFinal\ProcessedImages\Melon\Unripe\Melon_Unripe_074.jpg,138.31730952057586,122.95526959119924,63.15318484313459
Melon,Overripe,Melon_Overripe_004.jpg,C:\Users\user\code\ip-asgm\results\preprocessing\MedianFinal\ProcessedImages\Melon\Overripe\Melon_Overripe_004.jpg,118.77509809881728,102.10784652370951,56.55709074831436
Melon,Ripe,Melon_Ripe_084.jpg,C:\Users\user\code\ip-asgm\results\preprocessing\MedianFinal\ProcessedImages\Melon\Ripe\Melon_Ripe_084.jpg,188.11653038206683,149.42127449598195,69.99701113774144
Melon,Rotten,Melon_Rotten_027.jpg,C:\Users\user\code\ip-asgm\results\preprocessing\MedianFinal\ProcessedImages\Melon\Rotten\Melon_Rotten_027.jpg,142.4314969482814,98.6043875147232,65.22135667630367
Melon,Ripe,Melon_Ripe_005.jpg,C:\Users\user\code\ip-asgm\results\preprocessing\MedianFinal\ProcessedImages\Melon\Ripe\Melon_Ripe_005.jpg,196.74612551368367,149.4084112966687,87.61514711025619
Melon,Ripe,Melon_Ripe_071.jpg,C:\Users\user\code\ip-asgm\results\preprocessing\MedianFinal\ProcessedImages\Melon\Ripe\Melon_Ripe_071.jpg,197.0506335423993,182.8257939672987,143.25194413225537
Melon,Overripe,Melon_Overripe_027.jpg,C:\Users\user\code\ip-asgm\results\preprocessing\MedianFinal\ProcessedImages\Melon\Overripe\Melon_Overripe_027.jpg,183.43247565148724,165.513674651224,114.48494340615952
Melon,Unripe,Melon_Unripe_078.jpg,C:\Users\user\code\ip-asgm\results\preprocessing\MedianFinal\ProcessedImages\Melon\Unripe\Melon_Unripe_078.jpg,123.271533520247,99.27407992334173,18.172232672037477
Melon,Ripe,Melon_Ripe_019.jpg,C:\Users\user\code\ip-asgm\results\preprocessing\MedianFinal\ProcessedImages\Melon\Ripe\Melon_Ripe_019.jpg,252.2599526148312,208.8427339858882,126.82105181239623
Melon,Overripe,Melon_Overripe_018.jpg,C:\Users\user\code\ip-asgm\results\preprocessing\MedianFinal\ProcessedImages\Melon\Overripe\Melon_Overripe_018.jpg,133.9561147630786,115.06610517666392,63.19957545877842
Melon,Overripe,Melon_Overripe_038.jpg,C:\Users\user\code\ip-asgm\results\preprocessing\MedianFinal\ProcessedImages\Melon\Overripe\Melon_Overripe_038.jpg,161.2413140919224,108.94563748043447,50.41874970355263
Melon,Overripe,Melon_Overripe_047.jpg,C:\Users\user\code\ip-asgm\results\preprocessing\MedianFinal\ProcessedImages\Melon\Overripe\Melon_Overripe_047.jpg,86.74457501972721,71.15511920865742,31.050100045090744
Melon,Ripe,Melon_Ripe_023.jpg,C:\Users\user\code\ip-asgm\results\preprocessing\MedianFinal\ProcessedImages\Melon\Ripe\Melon_Ripe_023.jpg,97.44850089766607,89.12793536804308,41.63507181328546
Melon,Ripe,Melon_Ripe_013.jpg,C:\Users\user\code\ip-asgm\results\preprocessing\MedianFinal\ProcessedImages\Melon\Ripe\Melon_Ripe_013.jpg,219.7212666403058,163.79824041122973,96.50958877026493
Melon,Overripe,Melon_Overripe_005.jpg,C:\Users\user\code\ip-asgm\results\preprocessing\MedianFinal\ProcessedImages\Melon\Overripe\Melon_Overripe_005.jpg,109.51564493719341,64.65495363937958,34.28063770663793
Melon,Unripe,Melon_Unripe_027.jpg,C:\Users\user\code\ip-asgm\results\preprocessing\MedianFinal\ProcessedImages\Melon\Unripe\Melon_Unripe_027.jpg,246.57403641207816,234.84178507992894,122.10410746003552
Melon,Ripe,Melon_Ripe_054.jpg,C:\Users\user\code\ip-asgm\results\preprocessing\MedianFinal\ProcessedImages\Melon\Ripe\Melon_Ripe_054.jpg,202.8918623810022,156.2051142901977,104.28014175122921
Melon,Overripe,Melon_Overripe_020.jpg,C:\Users\user\code\ip-asgm\results\preprocessing\MedianFinal\ProcessedImages\Melon\Overripe\Melon_Overripe_020.jpg,216.1126228785078,171.60538144849605,96.2454944547135
Melon,Rotten,Melon_Rotten_023.jpg,C:\Users\user\code\ip-asgm\results\preprocessing\MedianFinal\ProcessedImages\Melon\Rotten\Melon_Rotten_023.jpg,81.80478147377333,72.36095629475467,47.25452396909944
Melon,Unripe,Melon_Unripe_032.jpg,C:\Users\user\code\ip-asgm\results\preprocessing\MedianFinal\ProcessedImages\Melon\Unripe\Melon_Unripe_032.jpg,179.62948977712287,158.81028471436466,71.53329342420335
Melon,Overripe,Melon_Overripe_026.jpg,C:\Users\user\code\ip-asgm\results\preprocessing\MedianFinal\ProcessedImages\Melon\Overripe\Melon_Overripe_026.jpg,175.07425078276427,152.13253565926146,90.71123453108693
Melon,Unripe,Melon_Unripe_086.jpg,C:\Users\user\code\ip-asgm\results\preprocessing\MedianFinal\ProcessedImages\Melon\Unripe\Melon_Unripe_086.jpg,242.32182466332188,233.81775922013907,146.99354700290468
Melon,Overripe,Melon_Overripe_049.jpg,C:\Users\user\code\ip-asgm\results\preprocessing\MedianFinal\ProcessedImages\Melon\Overripe\Melon_Overripe_049.jpg,169.63302334655654,118.27307829875788,39.68822754763608
Melon,Ripe,Melon_Ripe_034.jpg,C:\Users\user\code\ip-asgm\results\preprocessing\MedianFinal\ProcessedImages\Melon\Ripe\Melon_Ripe_034.jpg,159.91003186743148,118.13840662842576,58.71580624601657
Melon,Unripe,Melon_Unripe_054.jpg,C:\Users\user\code\ip-asgm\results\preprocessing\MedianFinal\ProcessedImages\Melon\Unripe\Melon_Unripe_054.jpg,103.30029602017322,82.65438731133283,39.517761210393594
Melon,Rotten,Melon_Rotten_017.jpg,C:\Users\user\code\ip-asgm\results\preprocessing\MedianFinal\ProcessedImages\Melon\Rotten\Melon_Rotten_017.jpg,85.74853522627168,46.30599430479585,18.693201606129513
Orange,Rotten,Orange_Rotten_084.jpg,C:\Users\user\code\ip-asgm\results\preprocessing\MedianFinal\ProcessedImages\Orange\Rotten\Orange_Rotten_084.jpg,126.6992834090988,119.6163202276434,102.98282263941424
Orange,Rotten,Orange_Rotten_081.jpg,C:\Users\user\code\ip-asgm\results\preprocessing\MedianFinal\ProcessedImages\Orange\Rotten\Orange_Rotten_081.jpg,141.51783457601417,99.30671047643119,60.190714646783775
Orange,Ripe,Orange_Ripe_032.jpg,C:\Users\user\code\ip-asgm\results\preprocessing\MedianFinal\ProcessedImages\Orange\Ripe\Orange_Ripe_032.jpg,252.2395317602444,199.07106552196356,126.96796323606868
Orange,Overripe,Orange_Overripe_013.jpg,C:\Users\user\code\ip-asgm\results\preprocessing\MedianFinal\ProcessedImages\Orange\Overripe\Orange_Overripe_013.jpg,145.6024035404745,141.28621206036877,128.72156828297025
Orange,Unripe,Orange_Unripe_034.jpg,C:\Users\user\code\ip-asgm\results\preprocessing\MedianFinal\ProcessedImages\Orange\Unripe\Orange_Unripe_034.jpg,153.95148813038855,114.3975286406047,81.48289683477029
Orange,Ripe,Orange_Ripe_046.jpg,C:\Users\user\code\ip-asgm\results\preprocessing\MedianFinal\ProcessedImages\Orange\Ripe\Orange_Ripe_046.jpg,252.6763502534143,147.09988586683173,69.43726061051572
Orange,Rotten,Orange_Rotten_078.jpg,C:\Users\user\code\ip-asgm\results\preprocessing\MedianFinal\ProcessedImages\Orange\Rotten\Orange_Rotten_078.jpg,234.05395797871427,163.45018139302968,106.3378724574887
Orange,Unripe,Orange_Unripe_040.jpg,C:\Users\user\code\ip-asgm\results\preprocessing\MedianFinal\ProcessedImages\Orange\Unripe\Orange_Unripe_040.jpg,160.40174621653085,125.08741268917346,99.39922875436554
Orange,Ripe,Orange_Ripe_040.jpg,C:\Users\user\code\ip-asgm\results\preprocessing\MedianFinal\ProcessedImages\Orange\Ripe\Orange_Ripe_040.jpg,241.60190155466654,170.4938176263061,69.61267956314039
Orange,Overripe,Orange_Overripe_034.jpg,C:\Users\user\code\ip-asgm\results\preprocessing\MedianFinal\ProcessedImages\Orange\Overripe\Orange_Overripe_034.jpg,103.25006761020464,89.30604885964121,52.87344496529343
Orange,Rotten,Orange_Rotten_031.jpg,C:\Users\user\code\ip-asgm\results\preprocessing\MedianFinal\ProcessedImages\Orange\Rotten\Orange_Rotten_031.jpg,63.40802520757422,47.59291559643988,16.476927901559048
Orange,Rotten,Orange_Rotten_077.jpg,C:\Users\user\code\ip-asgm\results\preprocessing\MedianFinal\ProcessedImages\Orange\Rotten\Orange_Rotten_077.jpg,144.16425169035023,78.14822333402599,91.3469174086092
Orange,Overripe,Orange_Overripe_019.jpg,C:\Users\user\code\ip-asgm\results\preprocessing\MedianFinal\ProcessedImages\Orange\Overripe\Orange_Overripe_019.jpg,92.09915669205658,74.50788900979326,65.46396338731357
Orange,Ripe,Orange_Ripe_081.jpg,C:\Users\user\code\ip-asgm\results\preprocessing\MedianFinal\ProcessedImages\Orange\Ripe\Orange_Ripe_081.jpg,238.64408226413082,154.08671877083944,67.82399503854464
Orange,Ripe,Orange_Ripe_071.jpg,C:\Users\user\code\ip-asgm\results\preprocessing\MedianFinal\ProcessedImages\Orange\Ripe\Orange_Ripe_071.jpg,185.3614232821518,126.54179462049439,57.08866383534792
Orange,Rotten,Orange_Rotten_005.jpg,C:\Users\user\code\ip-asgm\results\preprocessing\MedianFinal\ProcessedImages\Orange\Rotten\Orange_Rotten_005.jpg,171.15744898955384,136.3933662013082,126.32673533144586
Orange,Rotten,Orange_Rotten_013.jpg,C:\Users\user\code\ip-asgm\results\preprocessing\MedianFinal\ProcessedImages\Orange\Rotten\Orange_Rotten_013.jpg,107.76579692234094,99.88086030936054,95.78953715515867
Orange,Overripe,Orange_Overripe_045.jpg,C:\Users\user\code\ip-asgm\results\preprocessing\MedianFinal\ProcessedImages\Orange\Overripe\Orange_Overripe_045.jpg,152.58630632734065,116.6181181414896,57.93881625029185
Orange,Overripe,Orange_Overripe_081.jpg,C:\Users\user\code\ip-asgm\results\preprocessing\MedianFinal\ProcessedImages\Orange\Overripe\Orange_Overripe_081.jpg,113.74556358672545,111.79831382728757,110.3970561908385
Orange,Unripe,Orange_Unripe_001.jpg,C:\Users\user\code\ip-asgm\results\preprocessing\MedianFinal\ProcessedImages\Orange\Unripe\Orange_Unripe_001.jpg,153.82612768009497,125.27072668595594,84.71742154462497
Orange,Unripe,Orange_Unripe_071.jpg,C:\Users\user\code\ip-asgm\results\preprocessing\MedianFinal\ProcessedImages\Orange\Unripe\Orange_Unripe_071.jpg,182.4334693877551,115.29078231292517,55.14109977324263
Orange,Unripe,Orange_Unripe_091.jpg,C:\Users\user\code\ip-asgm\results\preprocessing\MedianFinal\ProcessedImages\Orange\Unripe\Orange_Unripe_091.jpg,77.7129405399835,69.31257728771641,36.605214344600164
Orange,Unripe,Orange_Unripe_077.jpg,C:\Users\user\code\ip-asgm\results\preprocessing\MedianFinal\ProcessedImages\Orange\Unripe\Orange_Unripe_077.jpg,172.7014982670118,91.24905672794279,24.47680208836046
Orange,Ripe,Orange_Ripe_023.jpg,C:\Users\user\code\ip-asgm\results\preprocessing\MedianFinal\ProcessedImages\Orange\Ripe\Orange_Ripe_023.jpg,237.5183659161112,164.9524619980491,63.15902393919688
Orange,Rotten,Orange_Rotten_034.jpg,C:\Users\user\code\ip-asgm\results\preprocessing\MedianFinal\ProcessedImages\Orange\Rotten\Orange_Rotten_034.jpg,106.53406625339017,76.2149748159628,40.50081363812476
Orange,Unripe,Orange_Unripe_031.jpg,C:\Users\user\code\ip-asgm\results\preprocessing\MedianFinal\ProcessedImages\Orange\Unripe\Orange_Unripe_031.jpg,114.62596247290125,102.65175300889587,100.08293152425806
Orange,Overripe,Orange_Overripe_078.jpg,C:\Users\user\code\ip-asgm\results\preprocessing\MedianFinal\ProcessedImages\Orange\Overripe\Orange_Overripe_078.jpg,113.05156978170223,92.96231910718666,51.51485467255335
Orange,Ripe,Orange_Ripe_034.jpg,C:\Users\user\code\ip-asgm\results\preprocessing\MedianFinal\ProcessedImages\Orange\Ripe\Orange_Ripe_034.jpg,202.23287990171795,130.8863267085422,63.51937404640656
Orange,Rotten,Orange_Rotten_054.jpg,C:\Users\user\code\ip-asgm\results\preprocessing\MedianFinal\ProcessedImages\Orange\Rotten\Orange_Rotten_054.jpg,133.75776454569032,94.26078499178698,102.81206773580013
Orange,Overripe,Orange_Overripe_040.jpg,C:\Users\user\code\ip-asgm\results\preprocessing\MedianFinal\ProcessedImages\Orange\Overripe\Orange_Overripe_040.jpg,125.86965279301198,119.25929342081646,112.73487326246934
Orange,Overripe,Orange_Overripe_071.jpg,C:\Users\user\code\ip-asgm\results\preprocessing\MedianFinal\ProcessedImages\Orange\Overripe\Orange_Overripe_071.jpg,112.59076641738086,121.40509170806267,115.09256100223811
Orange,Unripe,Orange_Unripe_054.jpg,C:\Users\user\code\ip-asgm\results\preprocessing\MedianFinal\ProcessedImages\Orange\Unripe\Orange_Unripe_054.jpg,133.77709069493523,63.42296563732268,10.834383161776003
Orange,Unripe,Orange_Unripe_074.jpg,C:\Users\user\code\ip-asgm\results\preprocessing\MedianFinal\ProcessedImages\Orange\Unripe\Orange_Unripe_074.jpg,166.97966525736007,113.76716380280051,65.15749970908809
Orange,Rotten,Orange_Rotten_023.jpg,C:\Users\user\code\ip-asgm\results\preprocessing\MedianFinal\ProcessedImages\Orange\Rotten\Orange_Rotten_023.jpg,184.77513205282114,111.50058823529412,47.421128451380554
Orange,Rotten,Orange_Rotten_032.jpg,C:\Users\user\code\ip-asgm\results\preprocessing\MedianFinal\ProcessedImages\Orange\Rotten\Orange_Rotten_032.jpg,121.40812338501291,117.4923449612403,69.75966569767442
Orange,Ripe,Orange_Ripe_084.jpg,C:\Users\user\code\ip-asgm\results\preprocessing\MedianFinal\ProcessedImages\Orange\Ripe\Orange_Ripe_084.jpg,247.39925932699342,187.51456199707388,131.6510881492319
Orange,Unripe,Orange_Unripe_032.jpg,C:\Users\user\code\ip-asgm\results\preprocessing\MedianFinal\ProcessedImages\Orange\Unripe\Orange_Unripe_032.jpg,159.93209569661764,98.82493851064943,90.58652990737349
Orange,Rotten,Orange_Rotten_074.jpg,C:\Users\user\code\ip-asgm\results\preprocessing\MedianFinal\ProcessedImages\Orange\Rotten\Orange_Rotten_074.jpg,119.1001202291426,113.58944105235861,106.53359343690327
Orange,Unripe,Orange_Unripe_023.jpg,C:\Users\user\code\ip-asgm\results\preprocessing\MedianFinal\ProcessedImages\Orange\Unripe\Orange_Unripe_023.jpg,64.5929279481586,55.07444180674965,32.70714904401386
Orange,Rotten,Orange_Rotten_046.jpg,C:\Users\user\code\ip-asgm\results\preprocessing\MedianFinal\ProcessedImages\Orange\Rotten\Orange_Rotten_046.jpg,108.79690677733194,97.097180234156,86.16678117957456
Orange,Ripe,Orange_Ripe_054.jpg,C:\Users\user\code\ip-asgm\results\preprocessing\MedianFinal\ProcessedImages\Orange\Ripe\Orange_Ripe_054.jpg,247.75262603082206,203.49760252248217,141.40355050561587
Orange,Rotten,Orange_Rotten_091.jpg,C:\Users\user\code\ip-asgm\results\preprocessing\MedianFinal\ProcessedImages\Orange\Rotten\Orange_Rotten_091.jpg,195.03397657305902,189.5424613305301,177.91015918306053
Orange,Unripe,Orange_Unripe_005.jpg,C:\Users\user\code\ip-asgm\results\preprocessing\MedianFinal\ProcessedImages\Orange\Unripe\Orange_Unripe_005.jpg,177.24155055869775,104.1889800892077,39.085735963581186
Orange,Overripe,Orange_Overripe_032.jpg,C:\Users\user\code\ip-asgm\results\preprocessing\MedianFinal\ProcessedImages\Orange\Overripe\Orange_Overripe_032.jpg,105.94067848787095,88.11468723063662,49.35012621598325
Orange,Ripe,Orange_Ripe_078.jpg,C:\Users\user\code\ip-asgm\results\preprocessing\MedianFinal\ProcessedImages\Orange\Ripe\Orange_Ripe_078.jpg,236.8606753449043,150.22141188251,70.7263406764575
Orange,Unripe,Orange_Unripe_011.jpg,C:\Users\user\code\ip-asgm\results\preprocessing\MedianFinal\ProcessedImages\Orange\Unripe\Orange_Unripe_011.jpg,140.20951434800958,100.91710331973555,30.480394570263048
Orange,Ripe,Orange_Ripe_011.jpg,C:\Users\user\code\ip-asgm\results\preprocessing\MedianFinal\ProcessedImages\Orange\Ripe\Orange_Ripe_011.jpg,211.3253766778351,152.2946566219244,70.35480174309852
Orange,Overripe,Orange_Overripe_011.jpg,C:\Users\user\code\ip-asgm\results\preprocessing\MedianFinal\ProcessedImages\Orange\Overripe\Orange_Overripe_011.jpg,143.477040538084,74.20678058534811,62.707603163061265
Orange,Unripe,Orange_Unripe_013.jpg,C:\Users\user\code\ip-asgm\results\preprocessing\MedianFinal\ProcessedImages\Orange\Unripe\Orange_Unripe_013.jpg,214.83226444014198,164.68365803484994,98.80310180703452
Orange,Unripe,Orange_Unripe_081.jpg,C:\Users\user\code\ip-asgm\results\preprocessing\MedianFinal\ProcessedImages\Orange\Unripe\Orange_Unripe_081.jpg,88.8056354089948,82.84138533178114,72.11659856026229
Orange,Ripe,Orange_Ripe_019.jpg,C:\Users\user\code\ip-asgm\results\preprocessing\MedianFinal\ProcessedImages\Orange\Ripe\Orange_Ripe_019.jpg,218.2365595624978,141.75410595100814,64.56189065939826
Orange,Ripe,Orange_Ripe_091.jpg,C:\Users\user\code\ip-asgm\results\preprocessing\MedianFinal\ProcessedImages\Orange\Ripe\Orange_Ripe_091.jpg,233.70193689213085,174.2995505452402,96.56236645299145
Orange,Ripe,Orange_Ripe_005.jpg,C:\Users\user\code\ip-asgm\results\preprocessing\MedianFinal\ProcessedImages\Orange\Ripe\Orange_Ripe_005.jpg,233.79682016605324,136.69521954977319,47.42871586921167
Orange,Unripe,Orange_Unripe_046.jpg,C:\Users\user\code\ip-asgm\results\preprocessing\MedianFinal\ProcessedImages\Orange\Unripe\Orange_Unripe_046.jpg,153.97872724245116,117.30210646092362,92.41633825488455
Orange,Overripe,Orange_Overripe_046.jpg,C:\Users\user\code\ip-asgm\results\preprocessing\MedianFinal\ProcessedImages\Orange\Overripe\Orange_Overripe_046.jpg,129.41531232976212,109.05528191392773,67.85848692573089
Orange,Overripe,Orange_Overripe_001.jpg,C:\Users\user\code\ip-asgm\results\preprocessing\MedianFinal\ProcessedImages\Orange\Overripe\Orange_Overripe_001.jpg,134.28336182439804,113.13050120026188,71.31597803157052
Orange,Unripe,Orange_Unripe_019.jpg,C:\Users\user\code\ip-asgm\results\preprocessing\MedianFinal\ProcessedImages\Orange\Unripe\Orange_Unripe_019.jpg,112.39915417044666,87.76877101232724,53.99510379422595
Orange,Unripe,Orange_Unripe_078.jpg,C:\Users\user\code\ip-asgm\results\preprocessing\MedianFinal\ProcessedImages\Orange\Unripe\Orange_Unripe_078.jpg,131.7752183967112,66.9497430626927,13.754599177800616
Orange,Rotten,Orange_Rotten_001.jpg,C:\Users\user\code\ip-asgm\results\preprocessing\MedianFinal\ProcessedImages\Orange\Rotten\Orange_Rotten_001.jpg,230.67756881718333,186.11652100119002,130.8249868315808
Orange,Ripe,Orange_Ripe_077.jpg,C:\Users\user\code\ip-asgm\results\preprocessing\MedianFinal\ProcessedImages\Orange\Ripe\Orange_Ripe_077.jpg,223.3963835258582,137.06975794930406,52.93649740805747
Orange,Overripe,Orange_Overripe_074.jpg,C:\Users\user\code\ip-asgm\results\preprocessing\MedianFinal\ProcessedImages\Orange\Overripe\Orange_Overripe_074.jpg,90.06738448723603,91.01243324023714,68.37185187907296
Orange,Rotten,Orange_Rotten_040.jpg,C:\Users\user\code\ip-asgm\results\preprocessing\MedianFinal\ProcessedImages\Orange\Rotten\Orange_Rotten_040.jpg,203.321751701769,162.65264174295285,101.25581482192774
Orange,Unripe,Orange_Unripe_045.jpg,C:\Users\user\code\ip-asgm\results\preprocessing\MedianFinal\ProcessedImages\Orange\Unripe\Orange_Unripe_045.jpg,183.4167345368988,116.375978462513,55.11398805483915
Orange,Overripe,Orange_Overripe_084.jpg,C:\Users\user\code\ip-asgm\results\preprocessing\MedianFinal\ProcessedImages\Orange\Overripe\Orange_Overripe_084.jpg,106.99272652768529,79.80890488142191,29.913614710853864
Orange,Rotten,Orange_Rotten_071.jpg,C:\Users\user\code\ip-asgm\results\preprocessing\MedianFinal\ProcessedImages\Orange\Rotten\Orange_Rotten_071.jpg,200.37683591662213,170.95283270978086,146.80125601282737
Orange,Ripe,Orange_Ripe_001.jpg,C:\Users\user\code\ip-asgm\results\preprocessing\MedianFinal\ProcessedImages\Orange\Ripe\Orange_Ripe_001.jpg,213.3484455958549,161.78254533678756,79.9910991857883
Orange,Ripe,Orange_Ripe_013.jpg,C:\Users\user\code\ip-asgm\results\preprocessing\MedianFinal\ProcessedImages\Orange\Ripe\Orange_Ripe_013.jpg,239.5863576262635,143.78526505332383,80.00208771899302
Orange,Overripe,Orange_Overripe_031.jpg,C:\Users\user\code\ip-asgm\results\preprocessing\MedianFinal\ProcessedImages\Orange\Overripe\Orange_Overripe_031.jpg,110.79794987058983,107.9897607047178,92.55049266675748
Orange,Unripe,Orange_Unripe_084.jpg,C:\Users\user\code\ip-asgm\results\preprocessing\MedianFinal\ProcessedImages\Orange\Unripe\Orange_Unripe_084.jpg,163.26875569587293,119.68016859783883,84.4016241374821
Orange,Ripe,Orange_Ripe_074.jpg,C:\Users\user\code\ip-asgm\results\preprocessing\MedianFinal\ProcessedImages\Orange\Ripe\Orange_Ripe_074.jpg,222.29976398513608,133.8877673998192,43.29642462589133
Orange,Overripe,Orange_Overripe_054.jpg,C:\Users\user\code\ip-asgm\results\preprocessing\MedianFinal\ProcessedImages\Orange\Overripe\Orange_Overripe_054.jpg,130.02812982998455,127.84737892838743,125.91207496136012
Orange,Overripe,Orange_Overripe_077.jpg,C:\Users\user\code\ip-asgm\results\preprocessing\MedianFinal\ProcessedImages\Orange\Overripe\Orange_Overripe_077.jpg,122.82992986526749,109.36454241042001,101.24957813694729
Orange,Rotten,Orange_Rotten_011.jpg,C:\Users\user\code\ip-asgm\results\preprocessing\MedianFinal\ProcessedImages\Orange\Rotten\Orange_Rotten_011.jpg,98.60868312110256,103.98841901168579,99.20386600639313
Orange,Ripe,Orange_Ripe_045.jpg,C:\Users\user\code\ip-asgm\results\preprocessing\MedianFinal\ProcessedImages\Orange\Ripe\Orange_Ripe_045.jpg,238.96076363479833,153.4653587878266,87.88381903491025
Orange,Rotten,Orange_Rotten_045.jpg,C:\Users\user\code\ip-asgm\results\preprocessing\MedianFinal\ProcessedImages\Orange\Rotten\Orange_Rotten_045.jpg,151.85850465841946,117.56299931396198,65.79653993405184
Orange,Overripe,Orange_Overripe_005.jpg,C:\Users\user\code\ip-asgm\results\preprocessing\MedianFinal\ProcessedImages\Orange\Overripe\Orange_Overripe_005.jpg,101.35604206568773,84.79166666666667,55.0975296162304
Orange,Rotten,Orange_Rotten_019.jpg,C:\Users\user\code\ip-asgm\results\preprocessing\MedianFinal\ProcessedImages\Orange\Rotten\Orange_Rotten_019.jpg,111.9899753781217,102.55982896588111,107.14499428420682
Orange,Overripe,Orange_Overripe_091.jpg,C:\Users\user\code\ip-asgm\results\preprocessing\MedianFinal\ProcessedImages\Orange\Overripe\Orange_Overripe_091.jpg,131.70173082248684,101.12783162558848,47.61451121572971
Orange,Ripe,Orange_Ripe_031.jpg,C:\Users\user\code\ip-asgm\results\preprocessing\MedianFinal\ProcessedImages\Orange\Ripe\Orange_Ripe_031.jpg,236.0318549971806,136.6619961382704,72.0961587751824
Orange,Overripe,Orange_Overripe_023.jpg,C:\Users\user\code\ip-asgm\results\preprocessing\MedianFinal\ProcessedImages\Orange\Overripe\Orange_Overripe_023.jpg,132.49921463618958,124.0614229296314,107.88492550263284
Peach,Rotten,Peach_Rotten_032.jpg,C:\Users\user\code\ip-asgm\results\preprocessing\MedianFinal\ProcessedImages\Peach\Rotten\Peach_Rotten_032.jpg,169.9307088739552,156.96048884007521,147.00668757795194
Peach,Ripe,Peach_Ripe_019.jpg,C:\Users\user\code\ip-asgm\results\preprocessing\MedianFinal\ProcessedImages\Peach\Ripe\Peach_Ripe_019.jpg,229.31090462159307,151.62756221375267,6.242033116612753
Peach,Overripe,Peach_Overripe_078.jpg,C:\Users\user\code\ip-asgm\results\preprocessing\MedianFinal\ProcessedImages\Peach\Overripe\Peach_Overripe_078.jpg,229.84016645347774,149.71763958336794,6.908687309998837
Peach,Overripe,Peach_Overripe_032.jpg,C:\Users\user\code\ip-asgm\results\preprocessing\MedianFinal\ProcessedImages\Peach\Overripe\Peach_Overripe_032.jpg,228.0952814103916,149.6510845110033,11.072448674681853
Peach,Ripe,Peach_Ripe_013.jpg,C:\Users\user\code\ip-asgm\results\preprocessing\MedianFinal\ProcessedImages\Peach\Ripe\Peach_Ripe_013.jpg,181.87317674206597,162.90855934134808,152.16282548002962
Peach,Rotten,Peach_Rotten_077.jpg,C:\Users\user\code\ip-asgm\results\preprocessing\MedianFinal\ProcessedImages\Peach\Rotten\Peach_Rotten_077.jpg,158.96427596327771,93.07755281389714,18.376710692467835
Peach,Overripe,Peach_Overripe_054.jpg,C:\Users\user\code\ip-asgm\results\preprocessing\MedianFinal\ProcessedImages\Peach\Overripe\Peach_Overripe_054.jpg,226.22837220164814,147.5454200447069,11.875145964701565
Peach,Overripe,Peach_Overripe_001.jpg,C:\Users\user\code\ip-asgm\results\preprocessing\MedianFinal\ProcessedImages\Peach\Overripe\Peach_Overripe_001.jpg,217.06185458507713,160.6672506872044,61.06248607018152
Peach,Unripe,Peach_Unripe_040.jpg,C:\Users\user\code\ip-asgm\results\preprocessing\MedianFinal\ProcessedImages\Peach\Unripe\Peach_Unripe_040.jpg,231.0959812751069,150.52251117662303,6.567525430866917
Peach,Unripe,Peach_Unripe_054.jpg,C:\Users\user\code\ip-asgm\results\preprocessing\MedianFinal\ProcessedImages\Peach\Unripe\Peach_Unripe_054.jpg,216.8611324248136,184.70472135577387,56.01292722389952
Peach,Overripe,Peach_Overripe_046.jpg,C:\Users\user\code\ip-asgm\results\preprocessing\MedianFinal\ProcessedImages\Peach\Overripe\Peach_Overripe_046.jpg,226.08260677858937,147.28940034275635,12.151424269146936
Peach,Rotten,Peach_Rotten_071.jpg,C:\Users\user\code\ip-asgm\results\preprocessing\MedianFinal\ProcessedImages\Peach\Rotten\Peach_Rotten_071.jpg,195.3864284561158,111.67233492977452,73.00891944250121
Peach,Overripe,Peach_Overripe_040.jpg,C:\Users\user\code\ip-asgm\results\preprocessing\MedianFinal\ProcessedImages\Peach\Overripe\Peach_Overripe_040.jpg,231.97391900232356,153.5937999201278,9.439265357246587
Peach,Ripe,Peach_Ripe_078.jpg,C:\Users\user\code\ip-asgm\results\preprocessing\MedianFinal\ProcessedImages\Peach\Ripe\Peach_Ripe_078.jpg,225.118157919817,158.71076227841667,6.648413177457272
Peach,Rotten,Peach_Rotten_040.jpg,C:\Users\user\code\ip-asgm\results\preprocessing\MedianFinal\ProcessedImages\Peach\Rotten\Peach_Rotten_040.jpg,167.15103988652677,91.38299781256408,16.776830268644474
Peach,Rotten,Peach_Rotten_084.jpg,C:\Users\user\code\ip-asgm\results\preprocessing\MedianFinal\ProcessedImages\Peach\Rotten\Peach_Rotten_084.jpg,168.19447867460806,150.7686725542548,134.38364596882772
Peach,Unripe,Peach_Unripe_013.jpg,C:\Users\user\code\ip-asgm\results\preprocessing\MedianFinal\ProcessedImages\Peach\Unripe\Peach_Unripe_013.jpg,121.4056469632338,64.72036867763559,5.327823481616901
Peach,Ripe,Peach_Ripe_032.jpg,C:\Users\user\code\ip-asgm\results\preprocessing\MedianFinal\ProcessedImages\Peach\Ripe\Peach_Ripe_032.jpg,228.37544048385456,162.98897943279232,8.557292549046183
Peach,Unripe,Peach_Unripe_034.jpg,C:\Users\user\code\ip-asgm\results\preprocessing\MedianFinal\ProcessedImages\Peach\Unripe\Peach_Unripe_034.jpg,230.64290305782032,150.88570603264495,5.970678937004671
Peach,Rotten,Peach_Rotten_023.jpg,C:\Users\user\code\ip-asgm\results\preprocessing\MedianFinal\ProcessedImages\Peach\Rotten\Peach_Rotten_023.jpg,169.82679604760344,103.45295155948611,18.4733276922517
Peach,Ripe,Peach_Ripe_081.jpg,C:\Users\user\code\ip-asgm\results\preprocessing\MedianFinal\ProcessedImages\Peach\Ripe\Peach_Ripe_081.jpg,163.2389104126763,129.37032039004004,78.71433701897963
Peach,Unripe,Peach_Unripe_031.jpg,C:\Users\user\code\ip-asgm\results\preprocessing\MedianFinal\ProcessedImages\Peach\Unripe\Peach_Unripe_031.jpg,182.34224809483487,121.31950042337003,10.4444750211685
Peach,Ripe,Peach_Ripe_011.jpg,C:\Users\user\code\ip-asgm\results\preprocessing\MedianFinal\ProcessedImages\Peach\Ripe\Peach_Ripe_011.jpg,166.1259678059756,103.662392879595,2.9534501869437184
Peach,Ripe,Peach_Ripe_077.jpg,C:\Users\user\code\ip-asgm\results\preprocessing\MedianFinal\ProcessedImages\Peach\Ripe\Peach_Ripe_077.jpg,149.69649308733563,94.19417280858102,3.599555212999984
Peach,Unripe,Peach_Unripe_019.jpg,C:\Users\user\code\ip-asgm\results\preprocessing\MedianFinal\ProcessedImages\Peach\Unripe\Peach_Unripe_019.jpg,168.83589260947096,154.569893005746,146.03478551614822
Peach,Ripe,Peach_Ripe_031.jpg,C:\Users\user\code\ip-asgm\results\preprocessing\MedianFinal\ProcessedImages\Peach\Ripe\Peach_Ripe_031.jpg,162.65466818958717,98.99679529318959,2.8856700302392846
Peach,Rotten,Peach_Rotten_011.jpg,C:\Users\user\code\ip-asgm\results\preprocessing\MedianFinal\ProcessedImages\Peach\Rotten\Peach_Rotten_011.jpg,205.23894073826065,164.9000585921152,150.29230141458106
Peach,Overripe,Peach_Overripe_045.jpg,C:\Users\user\code\ip-asgm\results\preprocessing\MedianFinal\ProcessedImages\Peach\Overripe\Peach_Overripe_045.jpg,207.62567629689875,141.02746737862017,21.797857951129814
Peach,Rotten,Peach_Rotten_046.jpg,C:\Users\user\code\ip-asgm\results\preprocessing\MedianFinal\ProcessedImages\Peach\Rotten\Peach_Rotten_046.jpg,160.11363873935085,90.61855607240544,19.146243837000643
Peach,Ripe,Peach_Ripe_005.jpg,C:\Users\user\code\ip-asgm\results\preprocessing\MedianFinal\ProcessedImages\Peach\Ripe\Peach_Ripe_005.jpg,194.421144688346,117.51044554616915,2.6605482892462247
Peach,Unripe,Peach_Unripe_077.jpg,C:\Users\user\code\ip-asgm\results\preprocessing\MedianFinal\ProcessedImages\Peach\Unripe\Peach_Unripe_077.jpg,250.7456375173508,200.07742580474584,53.1393804944147
Peach,Rotten,Peach_Rotten_031.jpg,C:\Users\user\code\ip-asgm\results\preprocessing\MedianFinal\ProcessedImages\Peach\Rotten\Peach_Rotten_031.jpg,170.3800671634925,157.46866777072407,147.4950777440427
Peach,Ripe,Peach_Ripe_074.jpg,C:\Users\user\code\ip-asgm\results\preprocessing\MedianFinal\ProcessedImages\Peach\Ripe\Peach_Ripe_074.jpg,229.95729504212574,159.7001134154245,6.249153434867142
Peach,Unripe,Peach_Unripe_001.jpg,C:\Users\user\code\ip-asgm\results\preprocessing\MedianFinal\ProcessedImages\Peach\Unripe\Peach_Unripe_001.jpg,230.28201312945578,151.38642778799317,6.555610664860157
Peach,Rotten,Peach_Rotten_045.jpg,C:\Users\user\code\ip-asgm\results\preprocessing\MedianFinal\ProcessedImages\Peach\Rotten\Peach_Rotten_045.jpg,172.21574477851732,143.43489643103052,112.1971037984852
Peach,Overripe,Peach_Overripe_074.jpg,C:\Users\user\code\ip-asgm\results\preprocessing\MedianFinal\ProcessedImages\Peach\Overripe\Peach_Overripe_074.jpg,245.90717155951117,192.23735969048883,56.21554114638682
Peach,Unripe,Peach_Unripe_023.jpg,C:\Users\user\code\ip-asgm\results\preprocessing\MedianFinal\ProcessedImages\Peach\Unripe\Peach_Unripe_023.jpg,159.37519974432726,130.16366479477696,83.8662397845044
Peach,Unripe,Peach_Unripe_078.jpg,C:\Users\user\code\ip-asgm\results\preprocessing\MedianFinal\ProcessedImages\Peach\Unripe\Peach_Unripe_078.jpg,170.62874792283793,129.60172675384726,53.96085904197673
Peach,Overripe,Peach_Overripe_011.jpg,C:\Users\user\code\ip-asgm\results\preprocessing\MedianFinal\ProcessedImages\Peach\Overripe\Peach_Overripe_011.jpg,182.60397641891112,98.56937265716597,6.652187195534785
Peach,Unripe,Peach_Unripe_046.jpg,C:\Users\user\code\ip-asgm\results\preprocessing\MedianFinal\ProcessedImages\Peach\Unripe\Peach_Unripe_046.jpg,154.35917858783105,140.6550885369712,129.4967425878991
Peach,Rotten,Peach_Rotten_091.jpg,C:\Users\user\code\ip-asgm\results\preprocessing\MedianFinal\ProcessedImages\Peach\Rotten\Peach_Rotten_091.jpg,118.9872802747828,108.3646106937531,100.74974744227909
Peach,Unripe,Peach_Unripe_071.jpg,C:\Users\user\code\ip-asgm\results\preprocessing\MedianFinal\ProcessedImages\Peach\Unripe\Peach_Unripe_071.jpg,164.80618528276455,125.81366031493168,56.46469272716133
Peach,Rotten,Peach_Rotten_054.jpg,C:\Users\user\code\ip-asgm\results\preprocessing\MedianFinal\ProcessedImages\Peach\Rotten\Peach_Rotten_054.jpg,169.02151027173022,155.16225036830906,143.89095494352594
Peach,Rotten,Peach_Rotten_013.jpg,C:\Users\user\code\ip-asgm\results\preprocessing\MedianFinal\ProcessedImages\Peach\Rotten\Peach_Rotten_013.jpg,203.7832775800075,136.51263394214772,28.720036314198314
Peach,Unripe,Peach_Unripe_045.jpg,C:\Users\user\code\ip-asgm\results\preprocessing\MedianFinal\ProcessedImages\Peach\Unripe\Peach_Unripe_045.jpg,231.07220094986113,152.22157400864407,6.186985423411283
Peach,Overripe,Peach_Overripe_013.jpg,C:\Users\user\code\ip-asgm\results\preprocessing\MedianFinal\ProcessedImages\Peach\Overripe\Peach_Overripe_013.jpg,207.53019890625757,118.73333575311749,5.883326073980868
Peach,Unripe,Peach_Unripe_005.jpg,C:\Users\user\code\ip-asgm\results\preprocessing\MedianFinal\ProcessedImages\Peach\Unripe\Peach_Unripe_005.jpg,187.6155924070054,97.76937829500383,3.2385705192028333
Peach,Rotten,Peach_Rotten_081.jpg,C:\Users\user\code\ip-asgm\results\preprocessing\MedianFinal\ProcessedImages\Peach\Rotten\Peach_Rotten_081.jpg,209.34477730185262,138.90369915726424,26.2193550633793
Peach,Overripe,Peach_Overripe_091.jpg,C:\Users\user\code\ip-asgm\results\preprocessing\MedianFinal\ProcessedImages\Peach\Overripe\Peach_Overripe_091.jpg,224.01983105793494,145.86003793259027,12.626668950420266
Peach,Unripe,Peach_Unripe_011.jpg,C:\Users\user\code\ip-asgm\results\preprocessing\MedianFinal\ProcessedImages\Peach\Unripe\Peach_Unripe_011.jpg,221.4889841751161,199.44457342303926,169.15191572696548
Peach,Overripe,Peach_Overripe_081.jpg,C:\Users\user\code\ip-asgm\results\preprocessing\MedianFinal\ProcessedImages\Peach\Overripe\Peach_Overripe_081.jpg,229.85697781498536,150.2170657178736,7.366956885726245
Peach,Rotten,Peach_Rotten_034.jpg,C:\Users\user\code\ip-asgm\results\preprocessing\MedianFinal\ProcessedImages\Peach\Rotten\Peach_Rotten_034.jpg,154.62924495627328,80.52446099229371,14.67790717811066
Peach,Unripe,Peach_Unripe_032.jpg,C:\Users\user\code\ip-asgm\results\preprocessing\MedianFinal\ProcessedImages\Peach\Unripe\Peach_Unripe_032.jpg,224.54265540265195,159.72908372778284,8.604726340867057
Peach,Overripe,Peach_Overripe_019.jpg,C:\Users\user\code\ip-asgm\results\preprocessing\MedianFinal\ProcessedImages\Peach\Overripe\Peach_Overripe_019.jpg,225.35521889727065,146.80537792876055,12.244950125726465
Peach,Overripe,Peach_Overripe_071.jpg,C:\Users\user\code\ip-asgm\results\preprocessing\MedianFinal\ProcessedImages\Peach\Overripe\Peach_Overripe_071.jpg,212.62819396051103,144.89778081964494,25.293047950887672
Peach,Unripe,Peach_Unripe_081.jpg,C:\Users\user\code\ip-asgm\results\preprocessing\MedianFinal\ProcessedImages\Peach\Unripe\Peach_Unripe_081.jpg,247.2418408869998,211.631431325063,102.67569894067448
Peach,Overripe,Peach_Overripe_031.jpg,C:\Users\user\code\ip-asgm\results\preprocessing\MedianFinal\ProcessedImages\Peach\Overripe\Peach_Overripe_031.jpg,229.90378108112657,150.09424504637968,8.129547482365616
Peach,Ripe,Peach_Ripe_001.jpg,C:\Users\user\code\ip-asgm\results\preprocessing\MedianFinal\ProcessedImages\Peach\Ripe\Peach_Ripe_001.jpg,225.7002966633523,157.59813933397447,32.22662146082251
Peach,Rotten,Peach_Rotten_005.jpg,C:\Users\user\code\ip-asgm\results\preprocessing\MedianFinal\ProcessedImages\Peach\Rotten\Peach_Rotten_005.jpg,145.24496462398722,106.84222013009243,42.24114173228347
Peach,Overripe,Peach_Overripe_077.jpg,C:\Users\user\code\ip-asgm\results\preprocessing\MedianFinal\ProcessedImages\Peach\Overripe\Peach_Overripe_077.jpg,195.11142281161955,151.37170892839794,71.63345234625474
Peach,Overripe,Peach_Overripe_084.jpg,C:\Users\user\code\ip-asgm\results\preprocessing\MedianFinal\ProcessedImages\Peach\Overripe\Peach_Overripe_084.jpg,224.04091029878262,140.86714636860376,10.64231203600671
Peach,Rotten,Peach_Rotten_078.jpg,C:\Users\user\code\ip-asgm\results\preprocessing\MedianFinal\ProcessedImages\Peach\Rotten\Peach_Rotten_078.jpg,149.9268914950696,134.54738254060325,124.7498277987239
Peach,Rotten,Peach_Rotten_001.jpg,C:\Users\user\code\ip-asgm\results\preprocessing\MedianFinal\ProcessedImages\Peach\Rotten\Peach_Rotten_001.jpg,198.38277247033156,131.75959472414135,121.23628144524147
Peach,Ripe,Peach_Ripe_046.jpg,C:\Users\user\code\ip-asgm\results\preprocessing\MedianFinal\ProcessedImages\Peach\Ripe\Peach_Ripe_046.jpg,227.4399069516443,158.70168517276906,8.678255465977662
Peach,Ripe,Peach_Ripe_091.jpg,C:\Users\user\code\ip-asgm\results\preprocessing\MedianFinal\ProcessedImages\Peach\Ripe\Peach_Ripe_091.jpg,202.19803674980787,183.54746267961528,172.65279815552296
Peach,Overripe,Peach_Overripe_034.jpg,C:\Users\user\code\ip-asgm\results\preprocessing\MedianFinal\ProcessedImages\Peach\Overripe\Peach_Overripe_034.jpg,230.10496734330664,150.46590355781663,7.723710942091036
Peach,Unripe,Peach_Unripe_074.jpg,C:\Users\user\code\ip-asgm\results\preprocessing\MedianFinal\ProcessedImages\Peach\Unripe\Peach_Unripe_074.jpg,243.44723706243522,174.7920620365202,31.114962921617096
Peach,Rotten,Peach_Rotten_019.jpg,C:\Users\user\code\ip-asgm\results\preprocessing\MedianFinal\ProcessedImages\Peach\Rotten\Peach_Rotten_019.jpg,231.88588306186546,188.93632221897596,82.55298645095318
Peach,Overripe,Peach_Overripe_023.jpg,C:\Users\user\code\ip-asgm\results\preprocessing\MedianFinal\ProcessedImages\Peach\Overripe\Peach_Overripe_023.jpg,249.96489000992392,201.2527704267284,62.36844608005293
Peach,Ripe,Peach_Ripe_034.jpg,C:\Users\user\code\ip-asgm\results\preprocessing\MedianFinal\ProcessedImages\Peach\Ripe\Peach_Ripe_034.jpg,249.6437974364627,206.98252920983845,59.117910118728936
Peach,Rotten,Peach_Rotten_074.jpg,C:\Users\user\code\ip-asgm\results\preprocessing\MedianFinal\ProcessedImages\Peach\Rotten\Peach_Rotten_074.jpg,214.0675702687742,164.3059920659327,126.709545482502
Peach,Overripe,Peach_Overripe_005.jpg,C:\Users\user\code\ip-asgm\results\preprocessing\MedianFinal\ProcessedImages\Peach\Overripe\Peach_Overripe_005.jpg,230.090966677604,152.4006070217653,10.802676911298262
Peach,Ripe,Peach_Ripe_040.jpg,C:\Users\user\code\ip-asgm\results\preprocessing\MedianFinal\ProcessedImages\Peach\Ripe\Peach_Ripe_040.jpg,229.36596621837975,151.3848623118796,6.4181716298430995
Peach,Ripe,Peach_Ripe_054.jpg,C:\Users\user\code\ip-asgm\results\preprocessing\MedianFinal\ProcessedImages\Peach\Ripe\Peach_Ripe_054.jpg,209.36471813178642,118.04791594360984,2.8411382154130926
Peach,Ripe,Peach_Ripe_045.jpg,C:\Users\user\code\ip-asgm\results\preprocessing\MedianFinal\ProcessedImages\Peach\Ripe\Peach_Ripe_045.jpg,224.25724080631133,158.3934378494223,8.78875093179277
Peach,Unripe,Peach_Unripe_084.jpg,C:\Users\user\code\ip-asgm\results\preprocessing\MedianFinal\ProcessedImages\Peach\Unripe\Peach_Unripe_084.jpg,250.10642168753688,202.74845522192356,62.02216367272012
Peach,Ripe,Peach_Ripe_023.jpg,C:\Users\user\code\ip-asgm\results\preprocessing\MedianFinal\ProcessedImages\Peach\Ripe\Peach_Ripe_023.jpg,184.11274254460216,151.50918088292747,102.38857056040283
Peach,Ripe,Peach_Ripe_071.jpg,C:\Users\user\code\ip-asgm\results\preprocessing\MedianFinal\ProcessedImages\Peach\Ripe\Peach_Ripe_071.jpg,241.94949080157687,173.11093955321945,15.861645860709592
Peach,Ripe,Peach_Ripe_084.jpg,C:\Users\user\code\ip-asgm\results\preprocessing\MedianFinal\ProcessedImages\Peach\Ripe\Peach_Ripe_084.jpg,164.7420634920635,148.44641279935396,138.54146162969693
Peach,Unripe,Peach_Unripe_091.jpg,C:\Users\user\code\ip-asgm\results\preprocessing\MedianFinal\ProcessedImages\Peach\Unripe\Peach_Unripe_091.jpg,231.67155131146728,152.61560142618973,5.9225664812399925
Pear,Rotten,Pear_Rotten_034.jpg,C:\Users\user\code\ip-asgm\results\preprocessing\MedianFinal\ProcessedImages\Pear\Rotten\Pear_Rotten_034.jpg,79.10926310153269,62.70885482899404,47.95276420587645
Pear,Overripe,Pear_Overripe_019.jpg,C:\Users\user\code\ip-asgm\results\preprocessing\MedianFinal\ProcessedImages\Pear\Overripe\Pear_Overripe_019.jpg,224.6003813980321,213.42087593346366,78.00492772667543
Pear,Ripe,Pear_Ripe_026.jpg,C:\Users\user\code\ip-asgm\results\preprocessing\MedianFinal\ProcessedImages\Pear\Ripe\Pear_Ripe_026.jpg,147.3200449887528,125.47236107639756,50.391006415062904
Pear,Rotten,Pear_Rotten_081.jpg,C:\Users\user\code\ip-asgm\results\preprocessing\MedianFinal\ProcessedImages\Pear\Rotten\Pear_Rotten_081.jpg,181.2343887423043,109.53861587510994,65.93843447669305
Pear,Rotten,Pear_Rotten_011.jpg,C:\Users\user\code\ip-asgm\results\preprocessing\MedianFinal\ProcessedImages\Pear\Rotten\Pear_Rotten_011.jpg,195.09991896272285,139.55708141129534,65.36371400074803
Pear,Rotten,Pear_Rotten_023.jpg,C:\Users\user\code\ip-asgm\results\preprocessing\MedianFinal\ProcessedImages\Pear\Rotten\Pear_Rotten_023.jpg,198.46079721107677,152.1211767414326,68.33092152864566
Pear,Rotten,Pear_Rotten_074.jpg,C:\Users\user\code\ip-asgm\results\preprocessing\MedianFinal\ProcessedImages\Pear\Rotten\Pear_Rotten_074.jpg,222.49184332032345,149.01392821611694,31.35916175607765
Pear,Unripe,Pear_Unripe_005.jpg,C:\Users\user\code\ip-asgm\results\preprocessing\MedianFinal\ProcessedImages\Pear\Unripe\Pear_Unripe_005.jpg,75.94613088688381,60.793360750440144,17.482593805017604
Pear,Unripe,Pear_Unripe_081.jpg,C:\Users\user\code\ip-asgm\results\preprocessing\MedianFinal\ProcessedImages\Pear\Unripe\Pear_Unripe_081.jpg,141.39378393143716,125.98755420493734,33.337265681018884
Pear,Unripe,Pear_Unripe_054.jpg,C:\Users\user\code\ip-asgm\results\preprocessing\MedianFinal\ProcessedImages\Pear\Unripe\Pear_Unripe_054.jpg,109.1627416402518,116.72889414706013,54.81513125585963
Pear,Overripe,Pear_Overripe_011.jpg,C:\Users\user\code\ip-asgm\results\preprocessing\MedianFinal\ProcessedImages\Pear\Overripe\Pear_Overripe_011.jpg,152.52656949742908,124.13246392436557,93.16814562945763
Pear,Ripe,Pear_Ripe_056.jpg,C:\Users\user\code\ip-asgm\results\preprocessing\MedianFinal\ProcessedImages\Pear\Ripe\Pear_Ripe_056.jpg,160.52214191852826,144.75243922470435,45.382276609724045
Pear,Ripe,Pear_Ripe_017.jpg,C:\Users\user\code\ip-asgm\results\preprocessing\MedianFinal\ProcessedImages\Pear\Ripe\Pear_Ripe_017.jpg,160.60771628994544,144.32961808261885,38.24652182385035
Pear,Unripe,Pear_Unripe_077.jpg,C:\Users\user\code\ip-asgm\results\preprocessing\MedianFinal\ProcessedImages\Pear\Unripe\Pear_Unripe_077.jpg,239.73268831707824,231.97010790620462,161.49112367711143
Pear,Overripe,Pear_Overripe_048.jpg,C:\Users\user\code\ip-asgm\results\preprocessing\MedianFinal\ProcessedImages\Pear\Overripe\Pear_Overripe_048.jpg,212.83412266889732,160.5054494907248,56.76874723219997
Pear,Overripe,Pear_Overripe_056.jpg,C:\Users\user\code\ip-asgm\results\preprocessing\MedianFinal\ProcessedImages\Pear\Overripe\Pear_Overripe_056.jpg,228.08786891851057,218.96895040795084,91.83845650203136
Pear,Unripe,Pear_Unripe_031.jpg,C:\Users\user\code\ip-asgm\results\preprocessing\MedianFinal\ProcessedImages\Pear\Unripe\Pear_Unripe_031.jpg,73.77090727151435,60.946017344896596,21.844956637758507
Pear,Rotten,Pear_Rotten_001.jpg,C:\Users\user\code\ip-asgm\results\preprocessing\MedianFinal\ProcessedImages\Pear\Rotten\Pear_Rotten_001.jpg,165.581128456145,141.35343299378223,124.73571901045112
Pear,Ripe,Pear_Ripe_050.jpg,C:\Users\user\code\ip-asgm\results\preprocessing\MedianFinal\ProcessedImages\Pear\Ripe\Pear_Ripe_050.jpg,163.0576819042467,151.343183662429,104.83198370300244
Pear,Overripe,Pear_Overripe_005.jpg,C:\Users\user\code\ip-asgm\results\preprocessing\MedianFinal\ProcessedImages\Pear\Overripe\Pear_Overripe_005.jpg,200.50473213935808,170.0817004350041,108.32159932593957
Pear,Overripe,Pear_Overripe_050.jpg,C:\Users\user\code\ip-asgm\results\preprocessing\MedianFinal\ProcessedImages\Pear\Overripe\Pear_Overripe_050.jpg,244.70869750853927,216.05758991360258,112.21759468555355
Pear,Overripe,Pear_Overripe_077.jpg,C:\Users\user\code\ip-asgm\results\preprocessing\MedianFinal\ProcessedImages\Pear\Overripe\Pear_Overripe_077.jpg,216.9052948909169,158.99750360239653,59.747080162803044
Pear,Ripe,Pear_Ripe_013.jpg,C:\Users\user\code\ip-asgm\results\preprocessing\MedianFinal\ProcessedImages\Pear\Ripe\Pear_Ripe_013.jpg,115.72168189985157,143.86955608936802,38.56148933677056
Pear,Ripe,Pear_Ripe_055.jpg,C:\Users\user\code\ip-asgm\results\preprocessing\MedianFinal\ProcessedImages\Pear\Ripe\Pear_Ripe_055.jpg,178.501191009646,186.12875875568972,43.10360015093983
Pear,Unripe,Pear_Unripe_040.jpg,C:\Users\user\code\ip-asgm\results\preprocessing\MedianFinal\ProcessedImages\Pear\Unripe\Pear_Unripe_040.jpg,182.1134755536687,191.1819323568952,139.10905327955848
Pear,Overripe,Pear_Overripe_001.jpg,C:\Users\user\code\ip-asgm\results\preprocessing\MedianFinal\ProcessedImages\Pear\Overripe\Pear_Overripe_001.jpg,163.44334329864887,155.5485517937568,69.59660855722939
Pear,Unripe,Pear_Unripe_071.jpg,C:\Users\user\code\ip-asgm\results\preprocessing\MedianFinal\ProcessedImages\Pear\Unripe\Pear_Unripe_071.jpg,168.5729194443771,181.66893529853823,116.7042132311944
Pear,Unripe,Pear_Unripe_045.jpg,C:\Users\user\code\ip-asgm\results\preprocessing\MedianFinal\ProcessedImages\Pear\Unripe\Pear_Unripe_045.jpg,211.15533474297797,192.28576020801782,121.65702060176586
Pear,Unripe,Pear_Unripe_074.jpg,C:\Users\user\code\ip-asgm\results\preprocessing\MedianFinal\ProcessedImages\Pear\Unripe\Pear_Unripe_074.jpg,172.45359100739324,178.34594880048283,19.672961826686112
Pear,Unripe,Pear_Unripe_013.jpg,C:\Users\user\code\ip-asgm\results\preprocessing\MedianFinal\ProcessedImages\Pear\Unripe\Pear_Unripe_013.jpg,171.70487270190822,147.22792835434208,50.28308255692292
Pear,Overripe,Pear_Overripe_036.jpg,C:\Users\user\code\ip-asgm\results\preprocessing\MedianFinal\ProcessedImages\Pear\Overripe\Pear_Overripe_036.jpg,185.79363797020955,135.01177732895732,48.72450138853825
Pear,Unripe,Pear_Unripe_032.jpg,C:\Users\user\code\ip-asgm\results\preprocessing\MedianFinal\ProcessedImages\Pear\Unripe\Pear_Unripe_032.jpg,176.97585100268233,173.00197183548346,50.91363839570826
Pear,Overripe,Pear_Overripe_071.jpg,C:\Users\user\code\ip-asgm\results\preprocessing\MedianFinal\ProcessedImages\Pear\Overripe\Pear_Overripe_071.jpg,217.56410304815122,159.66580457600242,59.7400513478819
Pear,Unripe,Pear_Unripe_019.jpg,C:\Users\user\code\ip-asgm\results\preprocessing\MedianFinal\ProcessedImages\Pear\Unripe\Pear_Unripe_019.jpg,145.71825637398538,135.0854972887407,77.051025563302
Pear,Ripe,Pear_Ripe_042.jpg,C:\Users\user\code\ip-asgm\results\preprocessing\MedianFinal\ProcessedImages\Pear\Ripe\Pear_Ripe_042.jpg,101.43730450325208,88.36464798172881,42.224858497591974
Pear,Rotten,Pear_Rotten_071.jpg,C:\Users\user\code\ip-asgm\results\preprocessing\MedianFinal\ProcessedImages\Pear\Rotten\Pear_Rotten_071.jpg,190.3964204371622,123.52184961076928,71.64321650746167
Pear,Ripe,Pear_Ripe_066.jpg,C:\Users\user\code\ip-asgm\results\preprocessing\MedianFinal\ProcessedImages\Pear\Ripe\Pear_Ripe_066.jpg,122.73867389060888,104.84909700722395,42.48217234262126
Pear,Rotten,Pear_Rotten_019.jpg,C:\Users\user\code\ip-asgm\results\preprocessing\MedianFinal\ProcessedImages\Pear\Rotten\Pear_Rotten_019.jpg,112.67747386817028,86.04337718864379,7.4054060737956275
Pear,Rotten,Pear_Rotten_032.jpg,C:\Users\user\code\ip-asgm\results\preprocessing\MedianFinal\ProcessedImages\Pear\Rotten\Pear_Rotten_032.jpg,194.15587547289687,169.0606029976608,148.13479365812805
Pear,Ripe,Pear_Ripe_005.jpg,C:\Users\user\code\ip-asgm\results\preprocessing\MedianFinal\ProcessedImages\Pear\Ripe\Pear_Ripe_005.jpg,115.69739696312364,101.69101138828633,53.42122424078091
Pear,Ripe,Pear_Ripe_010.jpg,C:\Users\user\code\ip-asgm\results\preprocessing\MedianFinal\ProcessedImages\Pear\Ripe\Pear_Ripe_010.jpg,217.50056369055332,205.13029026823895,76.13747570299338
Pear,Unripe,Pear_Unripe_023.jpg,C:\Users\user\code\ip-asgm\results\preprocessing\MedianFinal\ProcessedImages\Pear\Unripe\Pear_Unripe_023.jpg,159.27012158270824,149.99634718617796,87.92881901240712
Pear,Rotten,Pear_Rotten_077.jpg,C:\Users\user\code\ip-asgm\results\preprocessing\MedianFinal\ProcessedImages\Pear\Rotten\Pear_Rotten_077.jpg,61.31761870618228,52.19954987253028,37.39892049075844
Pear,Ripe,Pear_Ripe_047.jpg,C:\Users\user\code\ip-asgm\results\preprocessing\MedianFinal\ProcessedImages\Pear\Ripe\Pear_Ripe_047.jpg,137.491375592928,125.76370664695374,85.4671271484014
Pear,Ripe,Pear_Ripe_029.jpg,C:\Users\user\code\ip-asgm\results\preprocessing\MedianFinal\ProcessedImages\Pear\Ripe\Pear_Ripe_029.jpg,159.19433091476856,162.11438051065394,60.450088400073476
Pear,Rotten,Pear_Rotten_013.jpg,C:\Users\user\code\ip-asgm\results\preprocessing\MedianFinal\ProcessedImages\Pear\Rotten\Pear_Rotten_013.jpg,181.73139409717876,132.00747865922347,72.39310211029614
Pear,Rotten,Pear_Rotten_031.jpg,C:\Users\user\code\ip-asgm\results\preprocessing\MedianFinal\ProcessedImages\Pear\Rotten\Pear_Rotten_031.jpg,178.50745482762443,143.04575435095887,13.296973727968075
Pear,Rotten,Pear_Rotten_005.jpg,C:\Users\user\code\ip-asgm\results\preprocessing\MedianFinal\ProcessedImages\Pear\Rotten\Pear_Rotten_005.jpg,178.19795759507747,107.25128808658907,68.17492957224405
Pear,Ripe,Pear_Ripe_048.jpg,C:\Users\user\code\ip-asgm\results\preprocessing\MedianFinal\ProcessedImages\Pear\Ripe\Pear_Ripe_048.jpg,201.1572531561924,189.7322192466873,77.13544673599277
Pear,Rotten,Pear_Rotten_091.jpg,C:\Users\user\code\ip-asgm\results\preprocessing\MedianFinal\ProcessedImages\Pear\Rotten\Pear_Rotten_091.jpg,99.73852275716916,68.2889809699202,57.994014732965006
Pear,Ripe,Pear_Ripe_032.jpg,C:\Users\user\code\ip-asgm\results\preprocessing\MedianFinal\ProcessedImages\Pear\Ripe\Pear_Ripe_032.jpg,128.115653499813,114.2099528179752,64.69687706780978
Pear,Unripe,Pear_Unripe_011.jpg,C:\Users\user\code\ip-asgm\results\preprocessing\MedianFinal\ProcessedImages\Pear\Unripe\Pear_Unripe_011.jpg,134.34549351432207,138.91155589292492,46.67320443839164
Pear,Ripe,Pear_Ripe_006.jpg,C:\Users\user\code\ip-asgm\results\preprocessing\MedianFinal\ProcessedImages\Pear\Ripe\Pear_Ripe_006.jpg,176.39290923556322,161.38071835841677,47.93765331830538
Pear,Overripe,Pear_Overripe_082.jpg,C:\Users\user\code\ip-asgm\results\preprocessing\MedianFinal\ProcessedImages\Pear\Overripe\Pear_Overripe_082.jpg,214.24066730902263,160.27804748492935,58.108082567447376
Pear,Rotten,Pear_Rotten_084.jpg,C:\Users\user\code\ip-asgm\results\preprocessing\MedianFinal\ProcessedImages\Pear\Rotten\Pear_Rotten_084.jpg,157.46350200513675,133.91110372640023,119.27379128554048
Pear,Rotten,Pear_Rotten_040.jpg,C:\Users\user\code\ip-asgm\results\preprocessing\MedianFinal\ProcessedImages\Pear\Rotten\Pear_Rotten_040.jpg,191.39513192454632,170.5864075931232,139.80206840974213
Pear,Overripe,Pear_Overripe_074.jpg,C:\Users\user\code\ip-asgm\results\preprocessing\MedianFinal\ProcessedImages\Pear\Overripe\Pear_Overripe_074.jpg,180.5949394257369,160.97441095106362,126.51364113326338
Pear,Ripe,Pear_Ripe_062.jpg,C:\Users\user\code\ip-asgm\results\preprocessing\MedianFinal\ProcessedImages\Pear\Ripe\Pear_Ripe_062.jpg,89.8245091081145,70.24562337355098,10.069671161580317
Pear,Overripe,Pear_Overripe_059.jpg,C:\Users\user\code\ip-asgm\results\preprocessing\MedianFinal\ProcessedImages\Pear\Overripe\Pear_Overripe_059.jpg,169.0357965046529,130.3594808858338,65.02273758957232
Pear,Overripe,Pear_Overripe_055.jpg,C:\Users\user\code\ip-asgm\results\preprocessing\MedianFinal\ProcessedImages\Pear\Overripe\Pear_Overripe_055.jpg,170.13219817525993,132.3102270316147,90.41276257161044
Pear,Overripe,Pear_Overripe_043.jpg,C:\Users\user\code\ip-asgm\results\preprocessing\MedianFinal\ProcessedImages\Pear\Overripe\Pear_Overripe_043.jpg,215.07765946004088,206.8769293858234,198.4031475207056
Pear,Rotten,Pear_Rotten_078.jpg,C:\Users\user\code\ip-asgm\results\preprocessing\MedianFinal\ProcessedImages\Pear\Rotten\Pear_Rotten_078.jpg,113.21403935094457,99.54534765226934,83.51199341537979
Pear,Overripe,Pear_Overripe_013.jpg,C:\Users\user\code\ip-asgm\results\preprocessing\MedianFinal\ProcessedImages\Pear\Overripe\Pear_Overripe_013.jpg,169.0377055989367,144.96836683834525,67.3923076923077
Pear,Rotten,Pear_Rotten_045.jpg,C:\Users\user\code\ip-asgm\results\preprocessing\MedianFinal\ProcessedImages\Pear\Rotten\Pear_Rotten_045.jpg,217.31026095060577,174.20319664492078,115.9996551724138
Pear,Unripe,Pear_Unripe_001.jpg,C:\Users\user\code\ip-asgm\results\preprocessing\MedianFinal\ProcessedImages\Pear\Unripe\Pear_Unripe_001.jpg,197.24704835998278,190.28145158137534,111.32517885765667
Pear,Ripe,Pear_Ripe_008.jpg,C:\Users\user\code\ip-asgm\results\preprocessing\MedianFinal\ProcessedImages\Pear\Ripe\Pear_Ripe_008.jpg,63.91636083485082,52.19242190783023,15.72077321753747
Pear,Overripe,Pear_Overripe_066.jpg,C:\Users\user\code\ip-asgm\results\preprocessing\MedianFinal\ProcessedImages\Pear\Overripe\Pear_Overripe_066.jpg,194.61066081430417,180.7632082076691,143.23314304179232
Pear,Ripe,Pear_Ripe_043.jpg,C:\Users\user\code\ip-asgm\results\preprocessing\MedianFinal\ProcessedImages\Pear\Ripe\Pear_Ripe_043.jpg,137.12506491820307,114.83068250670821,36.43148965636631
Pear,Unripe,Pear_Unripe_034.jpg,C:\Users\user\code\ip-asgm\results\preprocessing\MedianFinal\ProcessedImages\Pear\Unripe\Pear_Unripe_034.jpg,130.31950283055883,114.31961026100929,43.89161668815276
Pear,Unripe,Pear_Unripe_084.jpg,C:\Users\user\code\ip-asgm\results\preprocessing\MedianFinal\ProcessedImages\Pear\Unripe\Pear_Unripe_084.jpg,121.61745095301264,118.66974446694128,76.72615722963066
Pear,Unripe,Pear_Unripe_078.jpg,C:\Users\user\code\ip-asgm\results\preprocessing\MedianFinal\ProcessedImages\Pear\Unripe\Pear_Unripe_078.jpg,107.41384803006545,96.29534707185346,55.346536748052465
Pear,Ripe,Pear_Ripe_001.jpg,C:\Users\user\code\ip-asgm\results\preprocessing\MedianFinal\ProcessedImages\Pear\Ripe\Pear_Ripe_001.jpg,194.46151972383842,199.27187439102474,107.06020155340887
Pear,Unripe,Pear_Unripe_091.jpg,C:\Users\user\code\ip-asgm\results\preprocessing\MedianFinal\ProcessedImages\Pear\Unripe\Pear_Unripe_091.jpg,173.89856262833675,154.3830338809035,84.0252181724846
Pear,Ripe,Pear_Ripe_059.jpg,C:\Users\user\code\ip-asgm\results\preprocessing\MedianFinal\ProcessedImages\Pear\Ripe\Pear_Ripe_059.jpg,202.4063473904296,186.35639472957513,72.53709219298592
Pear,Unripe,Pear_Unripe_046.jpg,C:\Users\user\code\ip-asgm\results\preprocessing\MedianFinal\ProcessedImages\Pear\Unripe\Pear_Unripe_046.jpg,173.2181718899957,159.48524837012278,48.13570175728894
Pear,Rotten,Pear_Rotten_054.jpg,C:\Users\user\code\ip-asgm\results\preprocessing\MedianFinal\ProcessedImages\Pear\Rotten\Pear_Rotten_054.jpg,150.85191047633072,103.98792608407568,41.55639402193919
Pear,Rotten,Pear_Rotten_046.jpg,C:\Users\user\code\ip-asgm\results\preprocessing\MedianFinal\ProcessedImages\Pear\Rotten\Pear_Rotten_046.jpg,117.08659055727554,101.11211300309597,84.79351780185759
