filename,original_class,label,RGB_R_mean,RGB_R_std,RGB_G_mean,RGB_G_std,RGB_B_mean,RGB_B_std,RGB_R_hist_0,RGB_R_hist_1,RGB_R_hist_2,RGB_R_hist_3,RGB_R_hist_4,RGB_R_hist_5,RGB_R_hist_6,RGB_R_hist_7,RGB_R_hist_8,RGB_R_hist_9,RGB_R_hist_10,RGB_R_hist_11,RGB_R_hist_12,RGB_R_hist_13,RGB_R_hist_14,RGB_R_hist_15,RGB_G_hist_0,RGB_G_hist_1,RGB_G_hist_2,RGB_G_hist_3,RGB_G_hist_4,RGB_G_hist_5,RGB_G_hist_6,RGB_G_hist_7,RGB_G_hist_8,RGB_G_hist_9,RGB_G_hist_10,RGB_G_hist_11,RGB_G_hist_12,RGB_G_hist_13,RGB_G_hist_14,RGB_G_hist_15,RGB_B_hist_0,RGB_B_hist_1,RGB_B_hist_2,RGB_B_hist_3,RGB_B_hist_4,RGB_B_hist_5,RGB_B_hist_6,RGB_B_hist_7,RGB_B_hist_8,RGB_B_hist_9,RGB_B_hist_10,RGB_B_hist_11,RGB_B_hist_12,RGB_B_hist_13,RGB_B_hist_14,RGB_B_hist_15,RGB_R_dominant,RGB_G_dominant,RGB_B_dominant
Green_1.jpg,Green,Green,68.20033264160156,21.47701644897461,87.65568542480469,20.47520637512207,43.385650634765625,28.161209106445312,0.0,0.0010264066513627768,0.061677709221839905,0.5181487202644348,0.1964169144630432,0.11150508373975754,0.05551926791667938,0.030512269586324692,0.014649622142314911,0.009144349955022335,0.001399645465426147,0.0,0.0,0.0,0.0,0.0,0.0,9.330969623988494e-05,0.020061584189534187,0.08164598047733307,0.2375664860010147,0.3517775535583496,0.20397499203681946,0.0631706640124321,0.02622002363204956,0.00895773060619831,0.006531678605824709,0.0,0.0,0.0,0.0,0.0,0.025753475725650787,0.45143231749534607,0.21255949139595032,0.11393113434314728,0.08052626997232437,0.05421293154358864,0.026686573401093483,0.013809834606945515,0.01035737618803978,0.0076513951644301414,0.0030792199540883303,0.0,0.0,0.0,0.0,0.0,54.49320602416992,82.3874740600586,23.736162185668945
Green_10.jpg,Green,Green,84.61005401611328,24.14830780029297,109.36795043945312,24.420072555541992,46.841278076171875,29.458105087280273,0.0,0.0013010053662583232,0.032643407583236694,0.1477232426404953,0.2591366171836853,0.3060910701751709,0.13755173981189728,0.04529863968491554,0.04009461775422096,0.02554701268672943,0.003666469594463706,0.000709639280103147,0.0002365464169997722,0.0,0.0,0.0,0.0,0.0001182732084998861,0.00910703744739294,0.027321111410856247,0.07321111857891083,0.20733293890953064,0.16073329746723175,0.31756356358528137,0.13388527929782867,0.04790065065026283,0.02081608586013317,0.0016558249481022358,0.0001182732084998861,0.0001182732084998861,0.0001182732084998861,0.0,0.025901833549141884,0.32868126034736633,0.3096392750740051,0.14500296115875244,0.0593731515109539,0.040449436753988266,0.03276167809963226,0.02708456479012966,0.022117091342806816,0.00756948534399271,0.0009461856679990888,0.0004730928339995444,0.0,0.0,0.0,0.0,85.5261001586914,116.64276123046875,42.03540802001953
Green_100.jpg,Green,Green,99.59276580810547,20.73111915588379,118.85529327392578,20.84062385559082,56.74490737915039,22.59719467163086,0.0,0.0001835199072957039,0.004863277543336153,0.054230134934186935,0.1175445020198822,0.19223710894584656,0.33584144711494446,0.22095797955989838,0.06056157127022743,0.011837034486234188,0.001743439119309187,0.0,0.0,0.0,0.0,0.0,0.0,0.0004587997682392597,0.00330335833132267,0.007616076152771711,0.037896860390901566,0.10130298882722855,0.16030463576316833,0.2885850667953491,0.32675719261169434,0.06634245067834854,0.0074325562454760075,0.0,0.0,0.0,0.0,0.0,0.004771517589688301,0.06570012867450714,0.32372912764549255,0.29647642374038696,0.18783262372016907,0.06046980991959572,0.030280785635113716,0.012479353696107864,0.010735915042459965,0.006790236569941044,0.0007340796291828156,0.0,0.0,0.0,0.0,0.0,113.29904174804688,135.91893005371094,49.37055587768555
Green_101.jpg,Green,Green,72.0977783203125,24.545412063598633,96.52339935302734,20.584014892578125,42.619972229003906,26.90598487854004,0.0,0.0014249698724597692,0.04406445100903511,0.4176257848739624,0.2935437858104706,0.10424202680587769,0.05097007378935814,0.03145895153284073,0.024662939831614494,0.02817055769264698,0.003836457384750247,0.0,0.0,0.0,0.0,0.0,0.0,0.0001096130654332228,0.007124849129468203,0.029705140739679337,0.1480872482061386,0.33146992325782776,0.3032993674278259,0.09404800832271576,0.0589718297123909,0.019949577748775482,0.007234462536871433,0.0,0.0,0.0,0.0,0.0,0.01753809116780758,0.45796337723731995,0.23468157649040222,0.10774964094161987,0.0688370019197464,0.05009317025542259,0.03244546800851822,0.014249698258936405,0.010522854514420033,0.005919105373322964,0.0,0.0,0.0,0.0,0.0,0.0,54.4769172668457,84.28759002685547,22.947479248046875
Green_102.jpg,Green,Green,78.60015106201172,21.86202049255371,105.29354095458984,20.213714599609375,50.46169662475586,25.31847381591797,0.0,0.0,0.03195789083838463,0.2331986129283905,0.2945765554904938,0.2714540958404541,0.10752890259027481,0.027540182694792747,0.0116552310064435,0.014569038525223732,0.006485572084784508,0.0009399379487149417,9.39937963266857e-05,0.0,0.0,0.0,0.0,0.0,0.0,0.012595168314874172,0.0837484747171402,0.22567909955978394,0.28997087478637695,0.26628443598747253,0.09361781924962997,0.013253125362098217,0.01315913163125515,0.001221919315867126,0.0003759751853067428,9.39937963266857e-05,0.0,0.0,0.001315913163125515,0.2044365108013153,0.3496569097042084,0.26374658942222595,0.07453708350658417,0.03740953281521797,0.02895008958876133,0.014757025986909866,0.014381051063537598,0.008741423487663269,0.0014099068939685822,0.0005639627925120294,9.39937963266857e-05,0.0,0.0,0.0,79.973876953125,112.62580108642578,45.5306510925293
Green_103.jpg,Green,Green,83.65892028808594,24.482343673706055,109.27544403076172,20.868270874023438,49.84768295288086,28.200057983398438,0.0,0.0,0.011319630779325962,0.15837553143501282,0.37324991822242737,0.210505411028862,0.11716810613870621,0.06434316188097,0.03008638694882393,0.028497666120529175,0.003971800208091736,0.0005957700195722282,0.0013901300262659788,0.000496475026011467,0.0,0.0,0.0,0.0,0.0,0.006950650364160538,0.07675503939390182,0.18588024377822876,0.2654155492782593,0.26203951239585876,0.16224804520606995,0.03177440166473389,0.006354880519211292,0.0005957700195722282,0.001489425078034401,0.000496475026011467,0.0,0.0,0.0018866050522774458,0.28289148211479187,0.3413762152194977,0.1549002081155777,0.06106643006205559,0.0614636093378067,0.04627147316932678,0.03147651627659798,0.01171681098639965,0.00417039031162858,0.0007943600649014115,0.0007943600649014115,0.000992950052022934,0.00019859001622535288,0.0,0.0,80.63065338134766,112.87217712402344,41.987640380859375
Green_104.jpg,Green,Green,79.83708190917969,26.206470489501953,103.91767883300781,23.881885528564453,52.00910949707031,29.11833381652832,0.0,0.005995618645101786,0.04946385324001312,0.2552749812602997,0.2710711359977722,0.16614781320095062,0.1308659017086029,0.061570391058921814,0.02905569039285183,0.026057880371809006,0.004381413571536541,0.00011530035408213735,0.0,0.0,0.0,0.0,0.0,0.0006918021244928241,0.008532226085662842,0.03355240449309349,0.10665283352136612,0.26599791646003723,0.1570390909910202,0.23429033160209656,0.16303470730781555,0.019370460882782936,0.0107229333370924,0.00011530035408213735,0.0,0.0,0.0,0.0,0.05569007247686386,0.21503517031669617,0.22448979318141937,0.2001614272594452,0.15161997079849243,0.07321573048830032,0.03424420580267906,0.020292863249778748,0.016949152573943138,0.008186325430870056,0.00011530035408213735,0.0,0.0,0.0,0.0,0.0,78.04287719726562,112.98787689208984,47.055870056152344
Green_105.jpg,Green,Green,83.93108367919922,27.235061645507812,95.72127532958984,26.078901290893555,29.731693267822266,26.984773635864258,0.00027789355954155326,0.01722940057516098,0.10782270133495331,0.11324162781238556,0.19674864411354065,0.1982770562171936,0.20814228057861328,0.12143948674201965,0.023065166547894478,0.01055995561182499,0.0027789357118308544,0.0004168403393123299,0.0,0.0,0.0,0.0,0.0004168403393123299,0.008475753478705883,0.037515632808208466,0.09156592935323715,0.11074058711528778,0.1939697116613388,0.28150618076324463,0.17396137118339539,0.08295123279094696,0.012783103622496128,0.005696818232536316,0.00013894677977077663,0.00027789355954155326,0.0,0.0,0.0,0.32527440786361694,0.40377935767173767,0.0935111865401268,0.07044602185487747,0.04793664067983627,0.018063081428408623,0.01194942370057106,0.012505210936069489,0.010698902420699596,0.005141030997037888,0.0004168403393123299,0.00027789355954155326,0.0,0.0,0.0,0.0,84.54170227050781,102.73462677001953,16.28727912902832
Green_106.jpg,Green,Green,105.19401550292969,34.12834167480469,114.84478759765625,30.741727828979492,38.555240631103516,25.936979293823242,0.00011866619024658576,0.003559985663741827,0.04034650698304176,0.08674498647451401,0.11297021806240082,0.15925003588199615,0.18440726399421692,0.11831019073724747,0.11581820249557495,0.13266880810260773,0.04485582187771797,0.0002373323804931715,0.0007119971560314298,0.0,0.0,0.0,0.0,0.0008306633681058884,0.00878129806369543,0.0411771684885025,0.08698231726884842,0.12471816688776016,0.22249911725521088,0.16779398918151855,0.1234128400683403,0.13967010378837585,0.08306633681058884,0.00011866619024658576,0.000474664760986343,0.000474664760986343,0.0,0.0,0.13504213094711304,0.3576599061489105,0.2249910980463028,0.14679007232189178,0.06621573865413666,0.02966654859483242,0.016613267362117767,0.009137297049164772,0.007475970312952995,0.00486531388014555,0.0005933309439569712,0.0005933309439569712,0.0003559985780157149,0.0,0.0,0.0,107.93419647216797,117.05170440673828,19.12455940246582
Green_107.jpg,Green,Green,103.57182312011719,33.540382385253906,113.99815368652344,29.938732147216797,36.746585845947266,26.805273056030273,0.00010267994366586208,0.0043125576339662075,0.03994249925017357,0.08039839565753937,0.12116234004497528,0.19457849860191345,0.1745559126138687,0.10760858654975891,0.11407741904258728,0.12465345859527588,0.03840230032801628,0.00020535988733172417,0.0,0.0,0.0,0.0,0.0,0.00020535988733172417,0.007803675718605518,0.03501386195421219,0.08768867701292038,0.1390286535024643,0.23647192120552063,0.16634151339530945,0.12116234004497528,0.12742581963539124,0.07793407887220383,0.0009241194929927588,0.0,0.0,0.0,0.0,0.17578807473182678,0.36913439631462097,0.19160078465938568,0.13584557175636292,0.05472841113805771,0.033165622502565384,0.012218913994729519,0.010576034896075726,0.010267994366586208,0.0055447169579565525,0.001129479380324483,0.0,0.0,0.0,0.0,0.0,87.2760238647461,105.76560974121094,18.261371612548828
Green_108.jpg,Green,Green,96.39579010009766,32.07387924194336,108.9359130859375,29.767229080200195,34.650020599365234,25.95522689819336,0.0,0.009362461045384407,0.04803834110498428,0.11357557028532028,0.1766607165336609,0.15514935553073883,0.1346411108970642,0.13140882551670074,0.18312527239322662,0.04313419386744499,0.0028979044873267412,0.0007802050677128136,0.001003120793029666,0.00022291573986876756,0.0,0.0,0.0,0.00512706208974123,0.018836379051208496,0.04146232828497887,0.10332144796848297,0.16596077382564545,0.19438251852989197,0.17209094762802124,0.1455639749765396,0.14043691754341125,0.01025412417948246,0.0008916629594750702,0.0012260365765541792,0.0004458314797375351,0.0,0.0,0.15737850964069366,0.45430228114128113,0.19817209243774414,0.07333927601575851,0.04982166737318039,0.028533214703202248,0.013597860001027584,0.00925100315362215,0.00824788212776184,0.005015604197978973,0.0006687472341582179,0.0008916629594750702,0.0007802050677128136,0.0,0.0,0.0,82.5546646118164,103.64444732666016,18.859556198120117
Green_109.jpg,Green,Green,93.27696228027344,31.031261444091797,106.45630645751953,29.40094757080078,31.55129051208496,24.875438690185547,0.0,0.011273686774075031,0.07603742182254791,0.1097785234451294,0.14647796750068665,0.17957943677902222,0.15727192163467407,0.16174942255020142,0.12153194099664688,0.03318141773343086,0.0025585670955479145,0.00015991044347174466,0.00015991044347174466,0.0002398656797595322,0.0,0.0,0.0,0.00639641797170043,0.023266971111297607,0.05684816464781761,0.11641480773687363,0.11961301416158676,0.23618774116039276,0.18829455971717834,0.14080114662647247,0.10202286392450333,0.009114895947277546,0.0005596865667030215,0.00015991044347174466,0.0003198208869434893,0.0,0.0,0.23011113703250885,0.4552650451660156,0.12840808928012848,0.07691692560911179,0.059566643089056015,0.01926920935511589,0.010154313407838345,0.008075477555394173,0.007195970043540001,0.0037578956689685583,0.0008795074536465108,7.995522173587233e-05,0.0003198208869434893,0.0,0.0,0.0,83.5084228515625,105.85604095458984,16.419836044311523
Green_11.jpg,Green,Green,79.58723449707031,25.555339813232422,103.92214965820312,26.474870681762695,46.20622634887695,29.165185928344727,7.919537165435031e-05,0.003247010288760066,0.07499802112579346,0.22697395086288452,0.21596579253673553,0.2637206017971039,0.10762651264667511,0.047279637306928635,0.038488950580358505,0.016631029546260834,0.004514136351644993,0.0003959768800996244,7.919537165435031e-05,0.0,0.0,0.0,0.0,0.0005543676088564098,0.012988041155040264,0.04664607718586922,0.15086719393730164,0.17122040688991547,0.16908212006092072,0.27773818373680115,0.1112695038318634,0.04514136537909508,0.012908846139907837,0.0013463214272633195,0.00023758612223900855,0.0,0.0,0.0,0.027876771986484528,0.37784114480018616,0.24788151681423187,0.13890868425369263,0.07713629305362701,0.04379504173994064,0.038172170519828796,0.025184128433465958,0.013225628063082695,0.008315514773130417,0.0011087352177128196,0.0005543676088564098,0.0,0.0,0.0,0.0,83.84496307373047,115.18849182128906,43.62949752807617
Green_110.jpg,Green,Green,106.96600341796875,36.3634033203125,117.20015716552734,33.081825256347656,38.73107147216797,26.281044006347656,0.0,0.0026016824413090944,0.04154019430279732,0.08967132121324539,0.11221923679113388,0.15922296047210693,0.17856213450431824,0.09981787949800491,0.10484780371189117,0.12158529460430145,0.07969820499420166,0.0097129475325346,0.0005203364999033511,0.0,0.0,0.0,0.0,0.0009539502207189798,0.00797849241644144,0.04804440215229988,0.08724308013916016,0.11308646202087402,0.1894892007112503,0.18411239981651306,0.10640881210565567,0.13762900233268738,0.10493452101945877,0.018732113763689995,0.0013008412206545472,8.672274998389184e-05,0.0,0.0,0.14135807752609253,0.35287484526634216,0.21984216570854187,0.14083774387836456,0.07093920558691025,0.032781198620796204,0.017691440880298615,0.010320006869733334,0.007024542428553104,0.005029919557273388,0.0010406729998067021,0.0001734454999677837,8.672274998389184e-05,0.0,0.0,0.0,140.48431396484375,146.20916748046875,22.877716064453125
Green_111.jpg,Green,Green,101.98419189453125,30.960477828979492,113.71734619140625,28.559978485107422,35.873985290527344,26.690664291381836,0.0,0.01909988932311535,0.03984632343053818,0.06410537660121918,0.11064764112234116,0.15598243474960327,0.18748627603054047,0.20197585225105286,0.140834242105484,0.07563117146492004,0.0035126234870404005,0.0005488474271260202,0.00032930844463407993,0.0,0.0,0.0,0.0,0.0014270032988861203,0.016136113554239273,0.043578486889600754,0.07859495282173157,0.11492864787578583,0.1543359011411667,0.23501646518707275,0.2193194329738617,0.10636662691831589,0.028979143127799034,0.0006586168892681599,0.0006586168892681599,0.0,0.0,0.0,0.17618001997470856,0.4116355776786804,0.1837541162967682,0.0892425924539566,0.06267837435007095,0.03369923308491707,0.01909988932311535,0.009989023208618164,0.00779363326728344,0.00450054882094264,0.0006586168892681599,0.0006586168892681599,0.00010976948397001252,0.0,0.0,0.0,106.97248840332031,120.34546661376953,19.258899688720703
Green_112.jpg,Green,Green,100.85796356201172,32.478580474853516,112.94373321533203,29.261503219604492,36.6426887512207,25.4649658203125,0.0001305483019677922,0.016971278935670853,0.0360313318669796,0.08002611249685287,0.12741515040397644,0.16305482387542725,0.2133159339427948,0.15208877623081207,0.09686683863401413,0.0727154016494751,0.04073106870055199,0.0002610966039355844,0.0001305483019677922,0.0002610966039355844,0.0,0.0,0.0,0.00039164492045529187,0.009921670891344547,0.05313315987586975,0.06344647705554962,0.13315926492214203,0.2142297625541687,0.23120103776454926,0.13328981399536133,0.09399478137493134,0.06357702612876892,0.0032637075055390596,0.0001305483019677922,0.0002610966039355844,0.0,0.0,0.1804177612066269,0.3513054847717285,0.20783290266990662,0.11932114511728287,0.0725848600268364,0.037859007716178894,0.012663185596466064,0.00874673668295145,0.006657963618636131,0.001958224456757307,0.0002610966039355844,0.0001305483019677922,0.0001305483019677922,0.0001305483019677922,0.0,0.0,106.36567687988281,116.41619873046875,18.337610244750977
Green_113.jpg,Green,Green,111.26998138427734,35.86187744140625,117.80473327636719,29.985361099243164,38.08833694458008,27.604143142700195,0.0007104795658960938,0.0028419182635843754,0.02534043788909912,0.11036115884780884,0.10834813863039017,0.0979277715086937,0.09283600002527237,0.15014801919460297,0.20639431476593018,0.14008289575576782,0.06287743896245956,0.0007104795658960938,0.0014209591317921877,0.0,0.0,0.0,0.0,0.0018946122145280242,0.007815275341272354,0.02676139771938324,0.09236234426498413,0.1518058031797409,0.10597986727952957,0.1385435163974762,0.2698638141155243,0.15310834348201752,0.04973357170820236,0.0007104795658960938,0.0014209591317921877,0.0,0.0,0.0,0.15452930331230164,0.3798697590827942,0.18022498488426208,0.12729425728321075,0.09402012825012207,0.021432800218462944,0.012907045893371105,0.011959739029407501,0.008880994282662868,0.006394315976649523,0.0008288928074762225,0.0009473061072640121,0.0007104795658960938,0.0,0.0,0.0,137.10499572753906,138.2932586669922,21.30557632446289
Green_114.jpg,Green,Green,106.91815185546875,32.440914154052734,118.96953582763672,30.338096618652344,41.270999908447266,28.083566665649414,0.0,0.015669742599129677,0.03086223267018795,0.064826600253582,0.08510977029800415,0.13967546820640564,0.17849189043045044,0.22510340809822083,0.1319599151611328,0.08129175752401352,0.0436684712767601,0.0028635060880333185,0.0003977091982960701,7.95418382040225e-05,0.0,0.0,0.0,0.00127266941126436,0.010499523021280766,0.04454343020915985,0.06315621733665466,0.09322303533554077,0.13426662981510162,0.2348870486021042,0.227887362241745,0.09505249559879303,0.08542793244123459,0.008192809298634529,0.0013522112276405096,0.000159083676408045,7.95418382040225e-05,0.0,0.12273305654525757,0.3394845724105835,0.2301940768957138,0.1325962394475937,0.07850779592990875,0.04358892887830734,0.023305758833885193,0.01336302887648344,0.008113267831504345,0.003977091982960701,0.0019090041751042008,0.00167037860956043,0.0005567928892560303,0.0,0.0,0.0,119.52218627929688,132.68194580078125,18.973373413085938
Green_115.jpg,Green,Green,98.64256286621094,33.241451263427734,106.59053802490234,30.948068618774414,30.093381881713867,24.560209274291992,0.0004371775721665472,0.006732534617185593,0.06723791360855103,0.07851709425449371,0.14094604551792145,0.15493573248386383,0.23354026675224304,0.13115327060222626,0.06417766958475113,0.07746786624193192,0.04389262944459915,0.0006120486068539321,0.0003497420693747699,0.0,0.0,0.0,0.0,0.006120486184954643,0.01687505468726158,0.07423274964094162,0.0973157286643982,0.16061905026435852,0.21885110437870026,0.19384454190731049,0.0885721743106842,0.08044067770242691,0.06216665357351303,0.0002623065374791622,0.0006994841387495399,0.0,0.0,0.0,0.24962839484214783,0.4337675869464874,0.1701495200395584,0.06120486184954643,0.03663548082113266,0.019672991707921028,0.007432018872350454,0.00865611620247364,0.006557663902640343,0.004983824212104082,0.0005246130749583244,0.0005246130749583244,0.0002623065374791622,0.0,0.0,0.0,107.6056900024414,113.63807678222656,17.309410095214844
Green_116.jpg,Green,Green,109.536865234375,36.284912109375,116.14979553222656,32.13731384277344,31.99699592590332,22.368003845214844,0.00015017269470263273,0.0007508635171689093,0.024628322571516037,0.10744856297969818,0.09483405947685242,0.1219402328133583,0.17990688979625702,0.16263704001903534,0.11540772020816803,0.08071782439947128,0.07688841968774796,0.03348851203918457,0.0012013815576210618,0.0,0.0,0.0,7.508634735131636e-05,0.0005256044678390026,0.009460880421102047,0.03927015885710716,0.10437002778053284,0.11886169016361237,0.15287581086158752,0.20468538999557495,0.16286228597164154,0.09393302351236343,0.09626069664955139,0.01591830514371395,0.0008259498281404376,7.508634735131636e-05,0.0,0.0,0.18839165568351746,0.39645591378211975,0.2713620662689209,0.0854482650756836,0.023126594722270966,0.009761225432157516,0.005856735166162252,0.007583721075206995,0.0059318216517567635,0.004279921762645245,0.0011262951884418726,0.0004505180986598134,0.0002252590493299067,0.0,0.0,0.0,109.5014419555664,116.93772888183594,18.450721740722656
Green_117.jpg,Green,Green,109.9864730834961,33.71855545043945,116.3337631225586,30.25941276550293,32.481651306152344,26.349048614501953,0.00019890601106453687,0.0009945300407707691,0.014420686289668083,0.09706613421440125,0.09080059826374054,0.14559920132160187,0.1444057673215866,0.19512680172920227,0.1407260000705719,0.08672302216291428,0.07508701831102371,0.004674291238188744,0.003281949320808053,0.0008950770716182888,0.0,0.0,0.0,0.0006961710751056671,0.012033813633024693,0.029040278866887093,0.08682247996330261,0.13963201642036438,0.14798606932163239,0.18925908207893372,0.19791148602962494,0.1256091445684433,0.06504226475954056,0.001591248088516295,0.002884137211367488,0.0014917951775714755,0.0,0.0,0.20298358798027039,0.4209845960140228,0.21700645983219147,0.07807061076164246,0.03262058645486832,0.010939830914139748,0.011337642557919025,0.010144206695258617,0.005768274422734976,0.003580308286473155,0.0008950770716182888,0.002187966136261821,0.002486325101926923,0.0009945300407707691,0.0,0.0,109.92008209228516,117.16842651367188,16.728532791137695
Green_118.jpg,Green,Green,93.20223999023438,35.715476989746094,101.35240936279297,32.80375671386719,29.08065414428711,26.19563865661621,0.0022741055581718683,0.03449060022830963,0.0944511815905571,0.09619466215372086,0.12537901103496552,0.15789872407913208,0.16555488109588623,0.13902364671230316,0.082398422062397,0.09088841825723648,0.010612492449581623,0.0006822316790930927,0.00015160703333094716,0.0,0.0,0.0,0.0031837476417422295,0.01986052095890045,0.01948150433599949,0.10332019627094269,0.11218920350074768,0.15918739140033722,0.18223164975643158,0.18253487348556519,0.09498180449008942,0.10612492263317108,0.01584293507039547,0.0006064281333237886,0.0004548210999928415,0.0,0.0,0.0,0.33618858456611633,0.3727259039878845,0.1309884786605835,0.0702698603272438,0.03297453001141548,0.020239539444446564,0.01432686485350132,0.007352941203862429,0.006670709699392319,0.006291692145168781,0.0012128562666475773,0.0006064281333237886,0.00015160703333094716,0.0,0.0,0.0,109.90180969238281,115.63246154785156,15.015037536621094
Green_119.jpg,Green,Green,107.3028335571289,32.95478820800781,110.27958679199219,28.516576766967773,30.137256622314453,23.706993103027344,0.00032738581649027765,0.0027009330224245787,0.05328204110264778,0.06285807490348816,0.07718120515346527,0.14429530501365662,0.20698969066143036,0.15559011697769165,0.14020298421382904,0.11041086912155151,0.04567032307386398,0.0004910787101835012,0.0,0.0,0.0,0.0,8.184645412256941e-05,0.0009821574203670025,0.007529873866587877,0.053118348121643066,0.10713700950145721,0.1234244555234909,0.19356687366962433,0.2282697707414627,0.1494516283273697,0.11016532778739929,0.025699786841869354,0.00032738581649027765,0.0002455393550917506,0.0,0.0,0.0,0.2610083520412445,0.38034048676490784,0.21869373321533203,0.07448027282953262,0.021198231726884842,0.013504665344953537,0.009412342682480812,0.008593877777457237,0.007939105853438377,0.003846783423796296,0.0005729252006858587,0.0004092322778888047,0.0,0.0,0.0,0.0,110.23259735107422,114.18795776367188,17.682636260986328
Green_12.jpg,Green,Green,76.20468139648438,27.667190551757812,100.37745666503906,29.53545379638672,38.00008773803711,25.011255264282227,0.0,0.001075365231372416,0.12232279032468796,0.3053140938282013,0.17008692026138306,0.16551662981510162,0.10072587430477142,0.0795770213007927,0.03898198902606964,0.014875885099172592,0.0013442065101116896,0.00017922752886079252,0.0,0.0,0.0,0.0,0.0,8.961376443039626e-05,0.006004122085869312,0.07509633153676987,0.24778206646442413,0.1774352490901947,0.10377273708581924,0.14266511797904968,0.17169997096061707,0.05842817574739456,0.016757773235440254,0.00017922752886079252,8.961376443039626e-05,0.0,0.0,0.0,0.18379783630371094,0.2743077278137207,0.3057621717453003,0.08459539711475372,0.08710458129644394,0.032798636704683304,0.012366699986159801,0.008334079757332802,0.006004122085869312,0.004391074646264315,0.00035845505772158504,8.961376443039626e-05,8.961376443039626e-05,0.0,0.0,0.0,50.93311309814453,76.38304138183594,16.615131378173828
Green_120.jpg,Green,Green,112.18515014648438,34.96985626220703,115.77523803710938,30.006254196166992,36.21120071411133,28.32770538330078,0.00039020582335069776,0.0004877572937402874,0.013657203875482082,0.07960198819637299,0.10428250581026077,0.14574187994003296,0.16505706310272217,0.14369329810142517,0.12340259552001953,0.10633108764886856,0.10662374645471573,0.0069261533208191395,0.0030240952037274837,0.0007804116467013955,0.0,0.0,0.0,0.0007804116467013955,0.004292264115065336,0.025460930541157722,0.08935713768005371,0.1421324759721756,0.1983221173286438,0.19490781426429749,0.14320553839206696,0.1140376552939415,0.07804116606712341,0.0043898154981434345,0.003706955350935459,0.0013657204108312726,0.0,0.0,0.18983513116836548,0.35918447375297546,0.19763925671577454,0.14330309629440308,0.04770266264677048,0.023509901016950607,0.010730660520493984,0.00819432269781828,0.007121256552636623,0.003804506966844201,0.0022436834406107664,0.003999609965831041,0.0022436834406107664,0.0004877572937402874,0.0,0.0,111.00157928466797,115.22105407714844,17.05526351928711
Green_121.jpg,Green,Green,114.17445373535156,32.529441833496094,117.8965835571289,27.738271713256836,34.960872650146484,24.626575469970703,0.00047483379603363574,0.0005698005552403629,0.008262108080089092,0.07530864328145981,0.0863247886300087,0.10968661308288574,0.16220322251319885,0.21196581423282623,0.14112061262130737,0.09762582927942276,0.10389363765716553,0.0019943020306527615,0.00047483379603363574,9.496675920672715e-05,0.0,0.0,0.0,0.0006647673435509205,0.003798670368269086,0.018993351608514786,0.06999050080776215,0.13722696900367737,0.150712251663208,0.2430199384689331,0.1873694211244583,0.11291547864675522,0.07378917187452316,0.0008547008619643748,0.0005698005552403629,9.496675920672715e-05,0.0,0.0,0.17787274718284607,0.3841405510902405,0.208262100815773,0.11851851642131805,0.05489078909158707,0.023646723479032516,0.01585944928228855,0.007122507318854332,0.00503323832526803,0.003703703638166189,0.00028490027762018144,0.0003798670368269086,0.00028490027762018144,0.0,0.0,0.0,112.42886352539062,117.11846923828125,16.940507888793945
Green_122.jpg,Green,Green,110.05415344238281,33.79990005493164,113.623291015625,29.558948516845703,31.056684494018555,22.766145706176758,0.00023717290605418384,0.001976440893486142,0.043639812618494034,0.0712309256196022,0.07115186750888824,0.12585975229740143,0.19875088334083557,0.1630958914756775,0.13740216195583344,0.10949482023715973,0.07415606081485748,0.003004190046340227,0.0,0.0,0.0,0.0,7.90576305007562e-05,0.0008696339791640639,0.006640841253101826,0.04593248292803764,0.09479010105133057,0.11819116026163101,0.17629852890968323,0.22918808460235596,0.15874773263931274,0.1057000532746315,0.06300893425941467,0.0005534034571610391,0.0,0.0,0.0,0.0,0.220649853348732,0.3898331820964813,0.2371729016304016,0.08996758610010147,0.02158273383975029,0.01415131613612175,0.009170685894787312,0.0075104753486812115,0.004743457771837711,0.00466440012678504,0.0005534034571610391,0.0,0.0,0.0,0.0,0.0,109.94586944580078,115.4253158569336,17.736671447753906
Green_123.jpg,Green,Green,107.31622314453125,34.82916259765625,115.16073608398438,31.886648178100586,33.8653450012207,27.6688289642334,0.00028150511207059026,0.008445153012871742,0.06014825776219368,0.07553720474243164,0.07900910079479218,0.10847330093383789,0.17556536197662354,0.18682555854320526,0.14131556451320648,0.112226702272892,0.05001407489180565,0.0008445153362117708,0.001032185391522944,0.00028150511207059026,0.0,0.0,0.0007506802794523537,0.010134183801710606,0.01445059571415186,0.041662756353616714,0.09261517971754074,0.08876794576644897,0.15820586681365967,0.21572674810886383,0.1825091540813446,0.12123487144708633,0.07187763601541519,0.0004691751964855939,0.001126020448282361,0.0004691751964855939,0.0,0.0,0.22041849792003632,0.42460355162620544,0.14854086935520172,0.07825842499732971,0.05001407489180565,0.03040255233645439,0.01989302784204483,0.014262925833463669,0.006380782462656498,0.004879422020167112,0.0006568452809005976,0.0007506802794523537,0.0007506802794523537,0.00018767006986308843,0.0,0.0,142.01829528808594,145.30838012695312,19.075429916381836
Green_124.jpg,Green,Green,89.86820220947266,28.893735885620117,102.16547393798828,27.532915115356445,29.418712615966797,26.461849212646484,0.0,0.011708631180226803,0.07999171316623688,0.10952232778072357,0.16226297616958618,0.19417676329612732,0.18557661771774292,0.15780748426914215,0.08372189104557037,0.011294166557490826,0.0035229509230703115,0.00041446482646279037,0.0,0.0,0.0,0.0,0.0,0.006527821067720652,0.02963423542678356,0.05802507326006889,0.12112734466791153,0.14153973758220673,0.2586260437965393,0.20474562048912048,0.12133457511663437,0.05118640512228012,0.0062169721350073814,0.000932545866817236,0.00010361620661569759,0.0,0.0,0.0,0.3360273540019989,0.38369080424308777,0.10030048340559006,0.0709770992398262,0.054916590452194214,0.02010154351592064,0.011086934246122837,0.006424204912036657,0.009739923290908337,0.005388042889535427,0.0012433944502845407,0.00010361620661569759,0.0,0.0,0.0,0.0,83.97782897949219,104.59736633300781,15.060515403747559
Green_125.jpg,Green,Green,108.53675079345703,35.403656005859375,118.32500457763672,31.981706619262695,42.35894775390625,24.339479446411133,9.839614358497784e-05,0.001082357601262629,0.025386204943060875,0.09141001850366592,0.10803896188735962,0.15989373624324799,0.18360720574855804,0.11089245229959488,0.09475548565387726,0.13263800740242004,0.08855652809143066,0.003443865105509758,0.00019679228716995567,0.0,0.0,0.0,0.0,0.0004919806960970163,0.004919806960970163,0.034537047147750854,0.08678539842367172,0.11286037415266037,0.20919020473957062,0.17317721247673035,0.10675981640815735,0.1374594122171402,0.12417593598365784,0.009150841273367405,0.00039358457433991134,9.839614358497784e-05,0.0,0.0,0.04821411147713661,0.3495030999183655,0.2786578834056854,0.16648627817630768,0.08599822968244553,0.03227393329143524,0.017514513805508614,0.00905244518071413,0.006789333652704954,0.004231034312397242,0.0007871691486798227,0.0002951884234789759,0.00019679228716995567,0.0,0.0,0.0,145.29689025878906,149.93600463867188,41.41688919067383
Green_126.jpg,Green,Green,109.6314697265625,33.43696212768555,119.462890625,29.57427978515625,42.3346061706543,24.464073181152344,0.0,0.0008481764234602451,0.010496183298528194,0.08322731405496597,0.13411790132522583,0.14238761365413666,0.13941900432109833,0.15097540616989136,0.12139525264501572,0.1756785362958908,0.03901611641049385,0.0009541984763927758,0.0009541984763927758,0.0005301102646626532,0.0,0.0,0.0,0.00010602205293253064,0.002756573259830475,0.017917726188898087,0.0714588612318039,0.13613231480121613,0.1944444477558136,0.1744062751531601,0.1371925324201584,0.1633799821138382,0.0996607318520546,0.0009541984763927758,0.0011662425240501761,0.00042408821173012257,0.0,0.0,0.04686174541711807,0.35888466238975525,0.27184054255485535,0.15860898792743683,0.09690415859222412,0.029262086376547813,0.014100933447480202,0.009117896668612957,0.007633587811142206,0.005407124757766724,0.00042408821173012257,0.0007421543705277145,0.00021204410586506128,0.0,0.0,0.0,144.57080078125,150.2084503173828,44.1591911315918
Green_127.jpg,Green,Green,89.3156509399414,27.257463455200195,102.55109405517578,27.36052703857422,32.50046157836914,28.575721740722656,0.0009205983951687813,0.011852703988552094,0.07974683493375778,0.10494821518659592,0.12462600320577621,0.21047180891036987,0.27249711751937866,0.1385500580072403,0.03705408424139023,0.013348676264286041,0.0035673186648637056,0.002071346389129758,0.000345224398188293,0.0,0.0,0.0,0.000345224398188293,0.007134637329727411,0.025201380252838135,0.07215189933776855,0.11012658476829529,0.11933256685733795,0.2337169200181961,0.2789413034915924,0.11127732694149017,0.030379746109247208,0.008285385556519032,0.002301495987921953,0.000690448796376586,0.00011507479939609766,0.0,0.0,0.25109320878982544,0.440276175737381,0.11553509533405304,0.06800920516252518,0.053394705057144165,0.024395857006311417,0.014499424956738949,0.010932105593383312,0.01070195622742176,0.007479861844331026,0.0014959723921492696,0.002071346389129758,0.00011507479939609766,0.0,0.0,0.0,104.10567474365234,117.69477081298828,17.464305877685547
Green_128.jpg,Green,Green,85.94828796386719,27.59796142578125,99.09123992919922,27.67523765563965,29.51652717590332,25.688859939575195,0.00202977005392313,0.016334814950823784,0.08273728936910629,0.12932534515857697,0.16566789150238037,0.2239512801170349,0.18983182311058044,0.1303885579109192,0.0490044467151165,0.008022423833608627,0.0024163927882909775,0.00028996713808737695,0.0,0.0,0.0,0.0,9.665571269579232e-05,0.012275275774300098,0.0287067461758852,0.08167407661676407,0.12207616120576859,0.13918422162532806,0.2799149453639984,0.18596559762954712,0.11134737730026245,0.03286294266581535,0.005412719678133726,0.00028996713808737695,0.00019331142539158463,0.0,0.0,0.0,0.29344674944877625,0.43746376037597656,0.102165088057518,0.06736902892589569,0.04185192286968231,0.02242412604391575,0.012855209410190582,0.008699013851583004,0.00763580109924078,0.005509375594556332,0.00028996713808737695,0.00028996713808737695,0.0,0.0,0.0,0.0,83.4907455444336,104.83341217041016,16.14950180053711
Green_129.jpg,Green,Green,100.47734832763672,30.872671127319336,109.54855346679688,26.910429000854492,35.40174102783203,24.913246154785156,0.00010486577230039984,0.003041107440367341,0.017093120142817497,0.09909815341234207,0.18980704247951508,0.1626468151807785,0.1470218151807785,0.11954697966575623,0.17313338816165924,0.08357802033424377,0.0036703019868582487,0.0007340604206547141,0.00041946308920159936,0.00010486577230039984,0.0,0.0,0.0,0.0006291946046985686,0.005662751849740744,0.02747483178973198,0.09490352123975754,0.2064807116985321,0.22000838816165924,0.16075922548770905,0.14198824763298035,0.12940436601638794,0.011430368758738041,0.0003145973023492843,0.0007340604206547141,0.00020973154460079968,0.0,0.0,0.14198824763298035,0.4165268540382385,0.22850251197814941,0.10518036782741547,0.05505453050136566,0.01877097226679325,0.009752516634762287,0.008808724582195282,0.008284395560622215,0.005767617374658585,0.0003145973023492843,0.0007340604206547141,0.00020973154460079968,0.00010486577230039984,0.0,0.0,108.17546844482422,116.54670715332031,18.630382537841797
Green_13.jpg,Green,Green,75.57279205322266,22.723520278930664,99.45164489746094,22.470365524291992,48.91679382324219,25.031198501586914,0.0,0.0,0.07597073912620544,0.25974756479263306,0.289894700050354,0.18843957781791687,0.1183374896645546,0.04196478798985481,0.013184339739382267,0.008843154646456242,0.002813731087371707,0.0008039231179282069,0.0,0.0,0.0,0.0,0.0,8.039231761358678e-05,0.004019615706056356,0.030870648100972176,0.20250824093818665,0.17011013627052307,0.2880456745624542,0.20869845151901245,0.07235307991504669,0.016962777823209763,0.005064715631306171,0.001125492388382554,0.00016078463522717357,0.0,0.0,0.0,0.02652946300804615,0.2011415660381317,0.3439183235168457,0.23852398991584778,0.08079427480697632,0.05048637464642525,0.028700055554509163,0.012782378122210503,0.009164723567664623,0.005788246635347605,0.001688238582573831,0.00048235387657769024,0.0,0.0,0.0,0.0,76.82015228271484,109.4349365234375,45.896934509277344
Green_130.jpg,Green,Green,78.69762420654297,28.323604583740234,88.09598541259766,28.25465202331543,20.435291290283203,30.362396240234375,0.003102792426943779,0.01151035912334919,0.10669602453708649,0.2647382616996765,0.15313781797885895,0.16594935953617096,0.1549394428730011,0.1013912484049797,0.023521168157458305,0.007306575775146484,0.006305675022304058,0.00020018016221001744,0.00020018016221001744,0.0004003603244200349,0.0005004503764212132,0.00010009008110500872,0.003102792426943779,0.006305675022304058,0.044039636850357056,0.14172755181789398,0.24722249805927277,0.16384746134281158,0.17725953459739685,0.12391152232885361,0.06746071577072144,0.018116304650902748,0.005504954606294632,0.00030027024331502616,0.0004003603244200349,0.00030027024331502616,0.0004003603244200349,0.00010009008110500872,0.6442798376083374,0.12130917608737946,0.0736662968993187,0.054549094289541245,0.04454008489847183,0.024722250178456306,0.016514863818883896,0.00820738635957241,0.006005404982715845,0.004504053853452206,0.0005004503764212132,0.00020018016221001744,0.0004003603244200349,0.0004003603244200349,0.00020018016221001744,0.0,57.81119155883789,70.3415298461914,2.1114015579223633
Green_131.jpg,Green,Green,82.02872467041016,26.277313232421875,87.85960388183594,24.36585807800293,19.368778228759766,30.887500762939453,0.0008039172971621156,0.013301176950335503,0.03266827389597893,0.083461232483387,0.4108017385005951,0.332675576210022,0.03478769212961197,0.012570342980325222,0.020463349297642708,0.030037272721529007,0.01812468096613884,0.007746838964521885,0.0016078345943242311,0.0007308338535949588,0.00014616677071899176,7.308338535949588e-05,0.003434919286519289,0.0192940142005682,0.03807644546031952,0.056566543877124786,0.20207557082176208,0.34831541776657104,0.21245341002941132,0.06438646465539932,0.02850252203643322,0.020463349297642708,0.00518892053514719,0.0002923335414379835,0.0005115836975164711,0.00014616677071899176,0.0002923335414379835,0.0,0.6753636002540588,0.1463860273361206,0.0520353727042675,0.025140685960650444,0.02470218576490879,0.020390264689922333,0.021851932629942894,0.02258276753127575,0.008550756610929966,0.0019001681357622147,0.00014616677071899176,0.0003654169267974794,0.0003654169267974794,0.00014616677071899176,7.308338535949588e-05,0.0,75.33717346191406,83.33617401123047,7.423301696777344
Green_132.jpg,Green,Green,84.65249633789062,30.66361427307129,96.595947265625,25.813949584960938,21.037275314331055,33.724761962890625,0.0029856148175895214,0.00868542492389679,0.026780059561133385,0.17949877679347992,0.2233782708644867,0.3698543310165405,0.08658282458782196,0.025513434782624245,0.022165928035974503,0.013299556449055672,0.005066497717052698,0.011399620212614536,0.02225640043616295,0.002533248858526349,0.0,0.0,0.0022618293296545744,0.01556138601154089,0.018456527963280678,0.03401791304349899,0.14611417055130005,0.2455441951751709,0.3266986310482025,0.13589070737361908,0.022799240425229073,0.021532615646719933,0.026961006224155426,0.00407129293307662,9.047317143995315e-05,0.0,0.0,0.0,0.674839437007904,0.13489550352096558,0.056636206805706024,0.02605627477169037,0.022346874698996544,0.014747127890586853,0.016828009858727455,0.02497059665620327,0.022527821362018585,0.0054283905774354935,0.0005428390577435493,0.0001809463428799063,0.0,0.0,0.0,0.0,86.3210678100586,106.48358917236328,6.1908416748046875
Green_133.jpg,Green,Green,89.64335632324219,23.906661987304688,99.81172943115234,26.215843200683594,23.274255752563477,31.20749855041504,0.013884242624044418,0.0112077621743083,0.0219136830419302,0.07502508908510208,0.11801605671644211,0.3798929452896118,0.2388758808374405,0.09693877398967743,0.02768484503030777,0.012211441993713379,0.004182000644505024,0.0001672800281085074,0.0,0.0,0.0,0.0,0.015055201947689056,0.011709601618349552,0.018066242337226868,0.05595516785979271,0.08071261644363403,0.13532954454421997,0.32736700773239136,0.26965540647506714,0.07226496934890747,0.010455002076923847,0.0032619605772197247,8.36400140542537e-05,8.36400140542537e-05,0.0,0.0,0.0,0.6048845648765564,0.10597189515829086,0.0975242555141449,0.08188357204198837,0.035045165568590164,0.02768484503030777,0.021495483815670013,0.013716962188482285,0.008782201446592808,0.002843760419636965,0.0001672800281085074,0.0,0.0,0.0,0.0,0.0,87.7568588256836,106.40542602539062,3.53619384765625
Green_134.jpg,Green,Green,85.1520004272461,27.199710845947266,91.68721008300781,24.63108253479004,20.379297256469727,31.38731575012207,0.000900765648111701,0.01073412410914898,0.027698542922735214,0.06890857219696045,0.3287043869495392,0.3983636200428009,0.07393784821033478,0.015463143587112427,0.014787569642066956,0.024470800533890724,0.01959165371954441,0.0075814444571733475,0.005629785358905792,0.0011259571183472872,0.0017264675116166472,0.00037531901034526527,0.0031526798848062754,0.016138717532157898,0.03415403142571449,0.04030926153063774,0.1511785089969635,0.325026273727417,0.2859930992126465,0.08587299287319183,0.02717309631407261,0.01921633444726467,0.008181954734027386,0.0011259571183472872,0.0006755742360837758,0.0015763399424031377,0.00022519141202792525,0.0,0.6514036655426025,0.15177901089191437,0.06808286905288696,0.025972075760364532,0.026197267696261406,0.021618375554680824,0.021543310955166817,0.020492417737841606,0.007506380323320627,0.002702296944335103,0.0006755742360837758,0.00037531901034526527,0.0012760846875607967,0.0003002552257385105,7.506380643462762e-05,0.0,76.3628158569336,83.77532196044922,8.338176727294922
Green_135.jpg,Green,Green,79.37619018554688,24.884130477905273,89.52938842773438,24.08137321472168,16.824438095092773,31.326616287231445,0.013975019566714764,0.012839549221098423,0.023670189082622528,0.1506681740283966,0.3741811513900757,0.2801991403102875,0.051183510571718216,0.030308322980999947,0.030832387506961823,0.022709406912326813,0.009345794096589088,8.734386938158423e-05,0.0,0.0,0.0,0.0,0.01703205518424511,0.011267359368503094,0.01668267883360386,0.039217397570610046,0.22691938281059265,0.28264477849006653,0.28177133202552795,0.08253996074199677,0.02166127972304821,0.010917983949184418,0.00925845094025135,8.734386938158423e-05,0.0,0.0,0.0,0.0,0.7682766914367676,0.07555244863033295,0.028823478147387505,0.025067690759897232,0.029260197654366493,0.022884095087647438,0.021049873903393745,0.011529391631484032,0.00829766783863306,0.00628875894472003,0.002969691762700677,0.0,0.0,0.0,0.0,0.0,72.24612426757812,83.8666000366211,5.635211944580078
Green_136.jpg,Green,Green,73.10202026367188,30.153886795043945,79.38493347167969,27.720417022705078,21.654296875,36.466331481933594,0.023053590208292007,0.018806874752044678,0.08867543190717697,0.1660262942314148,0.517795741558075,0.04307381063699722,0.0325581394135952,0.03781597688794136,0.02285136468708515,0.019009100273251534,0.02639029361307621,0.0016177957877516747,0.0013144590193405747,0.0010111223673447967,0.0,0.0,0.029726997017860413,0.018806874752044678,0.07391304522752762,0.08564206212759018,0.20384226739406586,0.4525783658027649,0.051668353378772736,0.027805864810943604,0.02022244781255722,0.028210313990712166,0.004448938183486462,0.0016177957877516747,0.001213346840813756,0.000303336710203439,0.0,0.0,0.7179979681968689,0.05854398384690285,0.049747221171855927,0.039635997265577316,0.02800808846950531,0.03670373931527138,0.01759352907538414,0.02345803752541542,0.017391303554177284,0.006471183151006699,0.0025278059765696526,0.000910010130610317,0.0010111223673447967,0.0,0.0,0.0,70.9690933227539,84.13875579833984,4.214818000793457
Green_137.jpg,Green,Green,76.76902770996094,27.763717651367188,85.97859954833984,27.98340606689453,20.0,29.880491256713867,0.0032303654588758945,0.013628103770315647,0.11578840762376785,0.27175450325012207,0.15647082030773163,0.1691903918981552,0.15707652270793915,0.08197052031755447,0.015041389502584934,0.007974964566528797,0.006561679765582085,0.0002018978411797434,0.0005047445883974433,0.0004037956823594868,0.0002018978411797434,0.0,0.0032303654588758945,0.009186351671814919,0.04562891274690628,0.1627296656370163,0.2512618601322174,0.16040782630443573,0.17151221632957458,0.11922067403793335,0.0565313957631588,0.0124167175963521,0.006561679765582085,0.0003028467472176999,0.0004037956823594868,0.0004037956823594868,0.0002018978411797434,0.0,0.6534423828125,0.11245709657669067,0.08156672865152359,0.051988694816827774,0.04189380258321762,0.0248334351927042,0.01312335953116417,0.007167373318225145,0.007470219861716032,0.0045427014119923115,0.0007066424586810172,0.0002018978411797434,0.0003028467472176999,0.0003028467472176999,0.0,0.0,45.893638610839844,53.45985412597656,5.021376609802246
Green_138.jpg,Green,Green,87.3721923828125,23.62149429321289,97.22000885009766,25.88047981262207,23.06433868408203,30.988746643066406,0.01436531450599432,0.012275814078748226,0.024116314947605133,0.08001044392585754,0.14896395802497864,0.39169424772262573,0.21765628457069397,0.07400313764810562,0.02045968919992447,0.010447501204907894,0.005920250900089741,8.706250810064375e-05,0.0,0.0,0.0,0.0,0.01601950265467167,0.010882813483476639,0.02115618996322155,0.06285913288593292,0.08488594740629196,0.16533170640468597,0.34842416644096375,0.230280339717865,0.04492425546050072,0.010708688758313656,0.004440187942236662,0.0,8.706250810064375e-05,0.0,0.0,0.0,0.606303334236145,0.106912761926651,0.10821869969367981,0.06904057413339615,0.03543444350361824,0.028817690908908844,0.02115618996322155,0.010621625930070877,0.009141563437879086,0.004091938026249409,0.00026118752430193126,0.0,0.0,0.0,0.0,0.0,87.09024047851562,105.45178985595703,3.5399765968322754
Green_139.jpg,Green,Green,74.77229309082031,25.515581130981445,84.65452575683594,23.35498809814453,16.309043884277344,30.88665771484375,0.014482193626463413,0.016303852200508118,0.02832680568099022,0.2395482212305069,0.43273523449897766,0.14090536534786224,0.03224337473511696,0.0255943164229393,0.03980325907468796,0.023408325389027596,0.0066490573808550835,0.0,0.0,0.0,0.0,0.0,0.018489845097064972,0.012205119244754314,0.019673923030495644,0.05237271264195442,0.30166682600975037,0.31387194991111755,0.19355133175849915,0.0527370423078537,0.017852263525128365,0.011931870132684708,0.005556061398237944,9.108297672355548e-05,0.0,0.0,0.0,0.0,0.7794880867004395,0.06430458277463913,0.026869477704167366,0.025229984894394875,0.029419802129268646,0.025412149727344513,0.022497495636343956,0.011840786784887314,0.009928044863045216,0.0038254850078374147,0.0011840787483379245,0.0,0.0,0.0,0.0,0.0,70.89970397949219,83.9116439819336,4.263813018798828
Green_14.jpg,Green,Green,73.74256134033203,21.853710174560547,98.71928405761719,19.85531997680664,39.692466735839844,24.268169403076172,0.0,9.822217543842271e-05,0.03791376203298569,0.3412238359451294,0.30429232120513916,0.19958746433258057,0.059719085693359375,0.019742658361792564,0.014929771423339844,0.01610843650996685,0.006089774891734123,0.00029466653359122574,0.0,0.0,0.0,0.0,0.0,0.0,0.00019644435087684542,0.02278754487633705,0.142029270529747,0.31607896089553833,0.2615656554698944,0.1943816840648651,0.038011983036994934,0.017876436933875084,0.006384441629052162,0.0004911108990199864,0.00019644435087684542,0.0,0.0,0.0,0.023180434480309486,0.4301149249076843,0.33601808547973633,0.0939004048705101,0.038797762244939804,0.03084176406264305,0.017385326325893402,0.011786661110818386,0.011983105912804604,0.005107553210109472,0.0005893330671824515,0.00029466653359122574,0.0,0.0,0.0,0.0,54.78207778930664,83.28565216064453,24.067731857299805
Green_140.jpg,Green,Green,80.55320739746094,25.886022567749023,90.38208770751953,24.03745460510254,17.667423248291016,31.677391052246094,0.013019035570323467,0.016471052542328835,0.022881941869854927,0.10356050729751587,0.41118454933166504,0.28040239214897156,0.04250912368297577,0.034421540796756744,0.030673636123538017,0.03698589652776718,0.007890324108302593,0.0,0.0,0.0,0.0,0.0,0.018345003947615623,0.012230003252625465,0.016865568235516548,0.037873558700084686,0.17181181907653809,0.325278639793396,0.2856297492980957,0.07771969586610794,0.03955025225877762,0.011539599858224392,0.0031561297364532948,0.0,0.0,0.0,0.0,0.0,0.758851945400238,0.07111155241727829,0.031462669372558594,0.024164117872714996,0.031462669372558594,0.02396686002612114,0.028503797948360443,0.019429923966526985,0.007890324108302593,0.0024657263420522213,0.0006904033944010735,0.0,0.0,0.0,0.0,0.0,72.37157440185547,83.97261047363281,4.632299900054932
Green_141.jpg,Green,Green,72.8348617553711,28.141231536865234,79.0725326538086,27.058834075927734,33.983455657958984,36.90003967285156,0.01180268358439207,0.03702209144830704,0.12044789642095566,0.24785634875297546,0.21779482066631317,0.1564612090587616,0.11046101152896881,0.07222838699817657,0.010693029500544071,0.008372844196856022,0.0045394934713840485,0.0010087763657793403,0.0009078987059183419,0.0004035105521325022,0.0,0.0,0.00776757812127471,0.02985977940261364,0.08060123026371002,0.15837788581848145,0.24866336584091187,0.20528598129749298,0.15636032819747925,0.08715827763080597,0.010491274297237396,0.008473721332848072,0.004640371073037386,0.0011096539674326777,0.0010087763657793403,0.0002017552760662511,0.0,0.0,0.4502168893814087,0.133864626288414,0.11066276580095291,0.10007061064243317,0.06294764578342438,0.04640371352434158,0.06284676492214203,0.016039544716477394,0.008574599400162697,0.0055482699535787106,0.0008070211042650044,0.0009078987059183419,0.0010087763657793403,0.00010087763803312555,0.0,0.0,71.90010833740234,83.05399322509766,9.484341621398926
Green_142.jpg,Green,Green,85.62178802490234,35.648468017578125,86.1928939819336,30.691438674926758,34.69926452636719,42.540870666503906,0.007338740862905979,0.026419466361403465,0.08327539265155792,0.16276554763317108,0.22309772670269012,0.2109694927930832,0.048667438328266144,0.0480494387447834,0.10351487249135971,0.06906141340732574,0.01120123639702797,0.002240247093141079,0.001622247975319624,0.00108149868901819,0.0006952491239644587,0.0,0.013055233284831047,0.022325221449136734,0.0611819252371788,0.1268443465232849,0.20865198969841003,0.18370026350021362,0.1950560063123703,0.09231363236904144,0.07307840883731842,0.014368481934070587,0.0040169949643313885,0.0023947469890117645,0.001622247975319624,0.0007724990136921406,0.000540749344509095,7.72499042795971e-05,0.5249903202056885,0.12244109809398651,0.06465817242860794,0.0436461940407753,0.04480494558811188,0.05113943666219711,0.06481266766786575,0.06040942296385765,0.012900734320282936,0.005175743717700243,0.0014677481958642602,0.0015449980273842812,0.0011587485205382109,0.0007724990136921406,7.72499042795971e-05,0.0,74.51834869384766,82.97221374511719,5.754186153411865
Green_143.jpg,Green,Green,70.45951843261719,25.360639572143555,78.3755874633789,23.571313858032227,26.985666275024414,36.73911666870117,0.0005409304285421968,0.0218175258487463,0.1654345542192459,0.2263793796300888,0.31617382168769836,0.10674359649419785,0.0864587053656578,0.05337179824709892,0.008204110898077488,0.009376127272844315,0.005138838663697243,9.015506657306105e-05,0.0001803101331461221,9.015506657306105e-05,0.0,0.0,0.0006310854805633426,0.016137756407260895,0.05715831369161606,0.22078976035118103,0.21078254282474518,0.2866029441356659,0.1407320648431778,0.04417598247528076,0.007573025766760111,0.009736747480928898,0.005319148767739534,9.015506657306105e-05,0.0001803101331461221,9.015506657306105e-05,0.0,0.0,0.628020167350769,0.0734763815999031,0.04516768828034401,0.0601334311068058,0.049314823001623154,0.06662459671497345,0.05256040394306183,0.010187522508203983,0.007933645509183407,0.005950234364718199,0.0002704652142710984,0.0001803101331461221,0.0001803101331461221,0.0,0.0,0.0,71.49356079101562,85.74966430664062,5.3130083084106445
Green_144.jpg,Green,Green,70.13772583007812,27.223894119262695,77.90874481201172,25.658859252929688,31.541669845581055,37.65916442871094,0.007449483033269644,0.024955768138170242,0.13707049190998077,0.33941707015037537,0.20877176523208618,0.0913492888212204,0.08203743398189545,0.08259614557027817,0.01536455936729908,0.007356364745646715,0.003072911873459816,9.311854228144512e-05,0.00027935561956837773,9.311854228144512e-05,9.311854228144512e-05,0.0,0.005214638076722622,0.019461775198578835,0.05512617528438568,0.22963032126426697,0.2718130052089691,0.18716827034950256,0.11146289110183716,0.09190800040960312,0.016295744106173515,0.007728838827461004,0.0036316229961812496,0.00018623708456289023,0.00018623708456289023,0.00018623708456289023,0.0,0.0,0.5210913419723511,0.11285967379808426,0.08576217293739319,0.055778004229068756,0.06993202120065689,0.0568954274058342,0.06620728224515915,0.019275538623332977,0.0067976536229252815,0.004376571159809828,0.0005587112391367555,0.00018623708456289023,9.311854228144512e-05,0.00018623708456289023,0.0,0.0,45.548858642578125,53.30176544189453,10.544554710388184
Green_145.jpg,Green,Green,63.23458480834961,29.820253372192383,70.25041961669922,28.914865493774414,24.23177146911621,36.048770904541016,0.01301785558462143,0.06746415793895721,0.337672621011734,0.14354825019836426,0.15164043009281158,0.14046970009803772,0.06887149065732956,0.05171958729624748,0.011522561311721802,0.009235640987753868,0.003166505368426442,0.0010555017506703734,0.0006157094030641019,0.0,0.0,0.0,0.01081889308989048,0.031049344688653946,0.19007828831672668,0.28867974877357483,0.10449467599391937,0.1428445726633072,0.1570938527584076,0.04864104092121124,0.01292989682406187,0.008268097415566444,0.003430380951613188,0.0011434602783992887,0.0005277508753351867,0.0,0.0,0.0,0.670507550239563,0.07168616354465485,0.04239599034190178,0.04345149174332619,0.04257190600037575,0.05180754512548447,0.05295100808143616,0.010027267038822174,0.008004222065210342,0.004309965763241053,0.0010555017506703734,0.0007916263421066105,0.0004397924058139324,0.0,0.0,0.0,41.64344787597656,49.95985412597656,4.500216960906982
Green_146.jpg,Green,Green,72.37582397460938,28.0871524810791,83.93204498291016,29.864654541015625,25.763092041015625,32.23388671875,0.00503369327634573,0.055045872926712036,0.17114557325839996,0.14167411625385284,0.1846228837966919,0.27652838826179504,0.087440125644207,0.04635868966579437,0.019566452130675316,0.008200048469007015,0.0038970529567450285,8.118859841488302e-05,0.0004059429920744151,0.0,0.0,0.0,0.004627750255167484,0.013396118767559528,0.13461069762706757,0.14199885725975037,0.12925225496292114,0.14467808604240417,0.27685314416885376,0.10132337361574173,0.031582366675138474,0.014938702806830406,0.005764390807598829,0.0005683202180080116,0.0004059429920744151,0.0,0.0,0.0,0.5593894720077515,0.16302670538425446,0.083949014544487,0.05772509425878525,0.0400259792804718,0.03296257182955742,0.03888934105634689,0.012097101658582687,0.006495087873190641,0.0040594302117824554,0.0008930746116675436,0.00024356580979656428,0.00024356580979656428,0.0,0.0,0.0,85.1234359741211,104.05867004394531,8.605001449584961
Green_147.jpg,Green,Green,69.80958557128906,23.098529815673828,76.5625991821289,22.730831146240234,25.8404598236084,33.56515121459961,0.0046068052761256695,0.019397074356675148,0.1064414456486702,0.3190818727016449,0.25111129879951477,0.17319971323013306,0.08276084810495377,0.02440798468887806,0.007193081546574831,0.007193081546574831,0.0046068052761256695,0.0,0.0,0.0,0.0,0.0,0.0036369513254612684,0.015840943902730942,0.04994746670126915,0.23559363186359406,0.2752768099308014,0.20965003967285156,0.1698860377073288,0.020771034061908722,0.006708154920488596,0.00735472422093153,0.005334195215255022,0.0,0.0,0.0,0.0,0.0,0.5902367830276489,0.12123171240091324,0.0739513486623764,0.053584419190883636,0.04598722979426384,0.06101996451616287,0.03313666954636574,0.007920471951365471,0.0064656916074454784,0.005819122307002544,0.0006465691258199513,0.0,0.0,0.0,0.0,0.0,47.50017547607422,54.09812927246094,8.310625076293945
Green_148.jpg,Green,Green,70.56558227539062,27.554794311523438,76.90142822265625,26.559587478637695,33.008514404296875,35.94047546386719,0.012823022902011871,0.03817541152238846,0.1370399445295334,0.26693421602249146,0.20830070972442627,0.15045027434825897,0.10649960488080978,0.056480031460523605,0.009103367105126381,0.007635082118213177,0.004306969232857227,0.0007830853573977947,0.0013703993754461408,9.788566967472434e-05,0.0,0.0,0.00890759564936161,0.030931871384382248,0.09152310341596603,0.16983163356781006,0.25763508677482605,0.2020360231399536,0.1502545028924942,0.06548551470041275,0.009299138560891151,0.0075371963903307915,0.004306969232857227,0.0007830853573977947,0.0012725136475637555,0.00019577133934944868,0.0,0.0,0.456245094537735,0.13850821554660797,0.11256852000951767,0.09583006799221039,0.06068911403417587,0.05334768816828728,0.05540328845381737,0.01243147999048233,0.0070477682165801525,0.005579483229666948,0.000293657009024173,0.0009788566967472434,0.0009788566967472434,9.788566967472434e-05,0.0,0.0,44.10126495361328,50.973670959472656,8.438987731933594
Green_149.jpg,Green,Green,72.6346664428711,23.91547203063965,79.71395111083984,23.292404174804688,27.850126266479492,35.05973815917969,0.0041771093383431435,0.017376774922013283,0.08128654956817627,0.2969089448451996,0.2537176311016083,0.1939014196395874,0.07385129481554031,0.06040100380778313,0.007685881573706865,0.005931495223194361,0.004761904943734407,0.0,0.0,0.0,0.0,0.0,0.003592314198613167,0.013283208012580872,0.045864660292863846,0.19540518522262573,0.26708438992500305,0.2187134474515915,0.17385129630565643,0.06357560306787491,0.007435254752635956,0.006683375220745802,0.004511278122663498,0.0,0.0,0.0,0.0,0.0,0.5718463063240051,0.1190476194024086,0.07351712882518768,0.05873015895485878,0.04728487879037857,0.049707602709531784,0.05647451803088188,0.012197159230709076,0.005179615691304207,0.0056808688677847385,0.000334168755216524,0.0,0.0,0.0,0.0,0.0,72.38359069824219,83.80096435546875,8.492016792297363
Green_15.jpg,Green,Green,81.33928680419922,25.76329231262207,107.4096908569336,22.94092559814453,46.64691925048828,28.773744583129883,0.0,0.0,0.01858958974480629,0.2804029881954193,0.1982489824295044,0.2694890797138214,0.12089230120182037,0.05109138786792755,0.024946030229330063,0.024226432666182518,0.011513552628457546,0.0004797313595190644,0.0001199328398797661,0.0,0.0,0.0,0.0,0.0,0.0,0.010074358433485031,0.12976732850074768,0.20052769780158997,0.17642121016979218,0.25749579071998596,0.1844567060470581,0.031302470713853836,0.009474693797528744,0.0003597985196392983,0.0001199328398797661,0.0,0.0,0.0,0.04329575598239899,0.2798033058643341,0.3560805916786194,0.12532982230186462,0.049892060458660126,0.05864715576171875,0.04041736572980881,0.020388582721352577,0.017989926040172577,0.007195970043540001,0.0004797313595190644,0.0003597985196392983,0.0001199328398797661,0.0,0.0,0.0,82.3531723022461,116.2282943725586,40.71414566040039
Green_150.jpg,Green,Green,65.25397491455078,26.36697769165039,72.78825378417969,24.839994430541992,29.301118850708008,35.62937545776367,0.00893734022974968,0.032115496695041656,0.20948733389377594,0.3416813910007477,0.16990767419338226,0.07817717641592026,0.0927126333117485,0.04576703906059265,0.009428403340280056,0.007660577539354563,0.003535651136189699,0.00029463760438375175,0.00029463760438375175,0.0,0.0,0.0,0.005990964360535145,0.02425849623978138,0.08790021389722824,0.2661559581756592,0.26104891300201416,0.18041642010211945,0.10508740693330765,0.047043804079294205,0.009526615962386131,0.008053427562117577,0.0038302887696772814,0.00039285013917833567,0.00029463760438375175,0.0,0.0,0.0,0.5323119163513184,0.12895305454730988,0.07621292769908905,0.06482027471065521,0.06432920694351196,0.06157925724983215,0.04871341586112976,0.010606953874230385,0.006580239627510309,0.004517776425927877,0.0009821252897381783,9.821253479458392e-05,0.00029463760438375175,0.0,0.0,0.0,44.29754638671875,52.26823425292969,10.248806953430176
Green_151.jpg,Green,Green,73.06201171875,23.560266494750977,80.0400161743164,23.120723724365234,26.935617446899414,34.4185791015625,0.003891709027811885,0.01624365523457527,0.07377326488494873,0.2992385923862457,0.25236886739730835,0.19331641495227814,0.09247039258480072,0.049153976142406464,0.007106598932296038,0.009052453562617302,0.003384094685316086,0.0,0.0,0.0,0.0,0.0,0.003384094685316086,0.01311336737126112,0.03866328299045563,0.19551607966423035,0.272335022687912,0.21455161273479462,0.1845177710056305,0.05736040696501732,0.007445008493959904,0.009137055836617947,0.003976311534643173,0.0,0.0,0.0,0.0,0.0,0.5774111747741699,0.11708968132734299,0.08307952433824539,0.051438238471746445,0.046446699649095535,0.05516074597835541,0.04788494110107422,0.009475464932620525,0.006768189370632172,0.004568527918308973,0.0006768189487047493,0.0,0.0,0.0,0.0,0.0,72.37551879882812,83.62748718261719,8.628238677978516
Green_152.jpg,Green,Green,73.38540649414062,25.58503532409668,81.31549072265625,23.810081481933594,27.855743408203125,37.441131591796875,0.00173490634188056,0.013965995982289314,0.14130811393260956,0.21747051179409027,0.2954545319080353,0.14928868412971497,0.07598889619112015,0.07824427634477615,0.015006939880549908,0.007286606356501579,0.0032095767091959715,0.0006072171963751316,0.0003469812509138137,8.674531272845343e-05,0.0,0.0,0.0007807078654877841,0.01292505208402872,0.04397987574338913,0.19916725158691406,0.20150937139987946,0.2729875147342682,0.1714087426662445,0.0733865350484848,0.011970853433012962,0.007286606356501579,0.00346981268376112,0.0006072171963751316,0.00043372658547014,8.674531272845343e-05,0.0,0.0,0.6150242686271667,0.08587786555290222,0.047623179852962494,0.047796670347452164,0.04901110380887985,0.05577723681926727,0.07217210531234741,0.015440666116774082,0.006158917210996151,0.0040770298801362514,0.0005204718909226358,0.0003469812509138137,0.00017349062545690686,0.0,0.0,0.0,72.35401916503906,86.24991607666016,5.606687545776367
Green_153.jpg,Green,Green,72.95101165771484,32.45378875732422,80.65094757080078,31.465444564819336,27.34791374206543,40.0838737487793,0.007173475809395313,0.029131310060620308,0.23366284370422363,0.2241273671388626,0.10270317643880844,0.14915581047534943,0.11740005016326904,0.057125359773635864,0.060887061059474945,0.012247397564351559,0.004199107643216848,0.000262444227701053,0.0009622955112718046,0.000874814111739397,8.748140680836514e-05,0.0,0.006911031436175108,0.022220278158783913,0.07304697483778,0.2911381423473358,0.16525238752365112,0.09089318662881851,0.1336715966463089,0.14250721037387848,0.05563817545771599,0.013209693133831024,0.003149330848827958,0.000524888455402106,0.000874814111739397,0.000874814111739397,8.748140680836514e-05,0.0,0.6596972942352295,0.06902283430099487,0.0385793000459671,0.04111626371741295,0.03779196739196777,0.037179600447416306,0.042690929025411606,0.05660047382116318,0.010760213248431683,0.00411162618547678,0.000524888455402106,0.0004374070558696985,0.001049776910804212,0.0004374070558696985,0.0,0.0,44.50078201293945,53.44832992553711,3.8001043796539307
Green_154.jpg,Green,Green,96.88634490966797,38.44157409667969,105.36109924316406,41.198143005371094,52.377410888671875,41.47304916381836,0.00030200835317373276,0.011878995224833488,0.10137413442134857,0.18256404995918274,0.08566970378160477,0.05506619065999985,0.13187697529792786,0.18311773240566254,0.13298434019088745,0.09483062475919724,0.014546736143529415,0.003070418257266283,0.0007550208829343319,0.0005536819808185101,0.0012583681382238865,0.00015100417658686638,0.0002516736276447773,0.007600543554872274,0.06115669384598732,0.18029898405075073,0.11793426424264908,0.04348920285701752,0.062314391136169434,0.1224643886089325,0.19343635439872742,0.1552826315164566,0.04122414067387581,0.009362258948385715,0.0029194140806794167,0.000654351431876421,0.0012583681382238865,0.0003523430787026882,0.1457190364599228,0.27789801359176636,0.18961091339588165,0.08572003990411758,0.053354810923337936,0.055921878665685654,0.05375748872756958,0.054361503571271896,0.06191171333193779,0.01776815764605999,0.0016107112169265747,0.00030200835317373276,0.0002516736276447773,0.0005033472552895546,0.0012583681382238865,5.033472552895546e-05,46.84808349609375,52.10076904296875,20.842966079711914
Green_155.jpg,Green,Green,72.88284301757812,28.25525665283203,79.03238677978516,27.16889190673828,34.043701171875,36.786521911621094,0.01180372666567564,0.03706955537199974,0.12310994416475296,0.2461223304271698,0.215100958943367,0.1576431542634964,0.10701394826173782,0.0746268630027771,0.0126816900447011,0.008877182379364967,0.0039020583499222994,0.0004877572937402874,0.001073066028766334,0.0004877572937402874,0.0,0.0,0.00819432269781828,0.029948297888040543,0.08077260851860046,0.15666763484477997,0.2495366334915161,0.2037850022315979,0.15461906790733337,0.08838161826133728,0.012584137730300426,0.008974733762443066,0.004487366881221533,0.0004877572937402874,0.0012681689113378525,0.00029265438206493855,0.0,0.0,0.4536142945289612,0.1312067061662674,0.1081845685839653,0.10155107080936432,0.061652522534132004,0.050043899565935135,0.05794556811451912,0.018924983218312263,0.008974733762443066,0.005365330260246992,0.0006828602054156363,0.0006828602054156363,0.0011706175282597542,0.0,0.0,0.0,72.07918548583984,82.83377075195312,9.683796882629395
Green_156.jpg,Green,Green,83.78182983398438,23.990556716918945,95.00401306152344,25.32748794555664,35.40565872192383,33.10984420776367,0.004870962351560593,0.0104255685582757,0.0363185778260231,0.14142881333827972,0.22534608840942383,0.2954195737838745,0.18723295629024506,0.06400614976882935,0.016065629199147224,0.013501965440809727,0.003760040970519185,0.0005127328913658857,0.0005127328913658857,0.0005127328913658857,8.545547461835667e-05,0.0,0.004016407299786806,0.009229191578924656,0.020594770088791847,0.0740898996591568,0.141343355178833,0.2188514769077301,0.3006323575973511,0.1594599187374115,0.04486412554979324,0.016407452523708344,0.008118269965052605,0.0011963766301050782,0.0005981883150525391,0.0005127328913658857,8.545547461835667e-05,0.0,0.35797300934791565,0.17937104403972626,0.16954366862773895,0.10587933659553528,0.06110066547989845,0.06058793514966965,0.04230046272277832,0.009485557675361633,0.008545547723770142,0.0035891300067305565,0.000427277380367741,0.00017091094923671335,0.0006836437969468534,0.0003418218984734267,0.0,0.0,86.12940979003906,104.50602722167969,14.23098373413086
Green_157.jpg,Green,Green,89.34786224365234,36.2309684753418,90.27792358398438,31.037220001220703,35.54447937011719,43.31212615966797,0.006849315017461777,0.01796937920153141,0.07518130540847778,0.12957292795181274,0.20330378413200378,0.2466559261083603,0.07348912209272385,0.04641418159008026,0.06784851104021072,0.1087026596069336,0.02014504373073578,0.001208702684380114,0.0014504431746900082,0.0006446414045058191,0.0005640612216666341,0.0,0.0117647061124444,0.019822724163532257,0.05406929925084114,0.09427880495786667,0.19363416731357574,0.17502014338970184,0.2150684893131256,0.10789685696363449,0.09323126822710037,0.027719581499695778,0.0036261079367250204,0.0011281224433332682,0.0016116035403683782,0.0008863819530233741,0.00024174053396563977,0.0,0.5228847861289978,0.10773569345474243,0.08340048044919968,0.03593875840306282,0.04286865517497063,0.044721998274326324,0.06575342267751694,0.07228042185306549,0.016035454347729683,0.004512489773333073,0.001047542318701744,0.0014504431746900082,0.001047542318701744,0.00016116035112645477,0.00016116035112645477,0.0,74.13903045654297,82.45519256591797,6.249581336975098
Green_158.jpg,Green,Green,76.82366180419922,29.11012840270996,88.8514404296875,31.020742416381836,27.636146545410156,33.24378204345703,0.003512413240969181,0.04111120104789734,0.15989463031291962,0.13403049111366272,0.1369042843580246,0.2886565029621124,0.12987945973873138,0.062265507876873016,0.027141375467181206,0.011894308030605316,0.00423086155205965,0.0003991378762293607,7.98275723354891e-05,0.0,0.0,0.0,0.0028737925458699465,0.012852239422500134,0.0958729162812233,0.1569410115480423,0.12133791297674179,0.11024187505245209,0.25041908025741577,0.17450307309627533,0.04518240690231323,0.020036721602082253,0.007823102176189423,0.0016763790044933558,0.00023948271700646728,0.0,0.0,0.0,0.5350043773651123,0.16468428075313568,0.09196136146783829,0.0579548180103302,0.044543784111738205,0.0365610271692276,0.037039995193481445,0.020196376368403435,0.007184481713920832,0.0037518958561122417,0.0007982757524587214,0.00023948271700646728,7.98275723354891e-05,0.0,0.0,0.0,87.07134246826172,106.6345443725586,7.691489219665527
Green_159.jpg,Green,Green,77.05473327636719,27.138071060180664,88.4216537475586,30.078166961669922,28.28953742980957,32.08125686645508,0.004110914189368486,0.019909720867872238,0.1213928759098053,0.18797355890274048,0.21674996614456177,0.21795904636383057,0.12082862854003906,0.07375463843345642,0.02144123800098896,0.010075769387185574,0.005481218919157982,0.00016121231601573527,0.00016121231601573527,0.0,0.0,0.0,0.004272126592695713,0.011365468613803387,0.06650008261203766,0.1876511424779892,0.10430436581373215,0.1724165678024292,0.23674029111862183,0.1279219686985016,0.057794615626335144,0.022005481645464897,0.007576978765428066,0.0012896985281258821,0.00016121231601573527,0.0,0.0,0.0,0.47380298376083374,0.19168144464492798,0.12695470452308655,0.06359826028347015,0.04618733003735542,0.03570852801203728,0.03933580592274666,0.010317588225007057,0.006206674035638571,0.005723037291318178,0.0004836369480472058,0.0,0.0,0.0,0.0,0.0,84.24444580078125,103.84745788574219,5.038041591644287
Green_16.jpg,Green,Green,83.0947494506836,28.48634910583496,105.71482849121094,25.07589340209961,53.761680603027344,30.430545806884766,0.0,0.0,0.03154037520289421,0.2856955826282501,0.21895040571689606,0.14330585300922394,0.1586179882287979,0.07695327699184418,0.04593639448285103,0.028792042285203934,0.007328883744776249,0.002093966817483306,0.0007852375274524093,0.0,0.0,0.0,0.0,0.0014396021142601967,0.005889281630516052,0.012694673612713814,0.13636958599090576,0.22994372248649597,0.175762340426445,0.23282292485237122,0.144614577293396,0.041224971413612366,0.015835624188184738,0.0018322209361940622,0.0015704750549048185,0.0,0.0,0.0,0.0037953148130327463,0.2648867964744568,0.2655411660671234,0.18439994752407074,0.11098023504018784,0.05758408457040787,0.043057192116975784,0.034157831221818924,0.02290276065468788,0.009030231274664402,0.0023557126987725496,0.0009161104680970311,0.00039261876372620463,0.0,0.0,0.0,79.20109558105469,111.29340362548828,44.30549621582031
Green_160.jpg,Green,Green,69.55897521972656,23.179439544677734,76.43215942382812,22.636960983276367,25.71254539489746,33.30830383300781,0.004431566223502159,0.020538605749607086,0.11172660440206528,0.31660133600234985,0.24731549620628357,0.1756434291601181,0.08266575634479523,0.020027270540595055,0.010226692073047161,0.006988239474594593,0.0038350094109773636,0.0,0.0,0.0,0.0,0.0,0.0034941197372972965,0.01568092778325081,0.05155957117676735,0.2381967008113861,0.27296745777130127,0.2087949514389038,0.17138230800628662,0.0168740414083004,0.00971535686403513,0.006988239474594593,0.004346344154328108,0.0,0.0,0.0,0.0,0.0,0.5911880135536194,0.12212374061346054,0.07218340039253235,0.051474347710609436,0.04823589697480202,0.06332026422023773,0.03068007528781891,0.009459690190851688,0.00639168219640851,0.004772455897182226,0.000170444865943864,0.0,0.0,0.0,0.0,0.0,47.09221267700195,54.25863265991211,7.909992694854736
Green_161.jpg,Green,Green,90.26559448242188,36.63727951049805,98.10948944091797,39.28537368774414,48.30248260498047,39.702327728271484,0.0006420069839805365,0.020889921113848686,0.14074769616127014,0.17190971970558167,0.06568225473165512,0.08662156015634537,0.17146526277065277,0.17778655886650085,0.11319077759981155,0.03792779892683029,0.008988098241388798,0.0014321694616228342,0.00039508123882114887,0.0009383179130963981,0.0010864733485504985,0.00029631092911586165,0.00034569608396850526,0.01555632334202528,0.09299224615097046,0.19354042410850525,0.08420168608427048,0.046224504709243774,0.096646748483181,0.1726505011320114,0.20381253957748413,0.06499086320400238,0.021680083125829697,0.0037532716523855925,0.0011852437164634466,0.0010864733485504985,0.0009877030970528722,0.00034569608396850526,0.1829226166009903,0.2923107445240021,0.17220602929592133,0.07180601358413696,0.05511383339762688,0.05713862553238869,0.05600276589393616,0.06178082898259163,0.03852042183279991,0.007704084273427725,0.0016790952067822218,0.00024692577426321805,0.0005432366742752492,0.0010864733485504985,0.0008395476033911109,9.877030970528722e-05,44.84605026245117,49.52082061767578,20.479406356811523
Green_162.jpg,Green,Green,76.6007080078125,26.062631607055664,88.17640686035156,28.1872615814209,24.970413208007812,32.54817581176758,0.012320328503847122,0.021467238664627075,0.05348142609000206,0.20029868185520172,0.29718124866485596,0.22941945493221283,0.12245659530162811,0.02846742607653141,0.015400410629808903,0.009240246377885342,0.0055068135261535645,0.0017733806744217873,0.0013067015679553151,0.00018667164840735495,0.0009333582129329443,0.0005600149161182344,0.012320328503847122,0.011573641560971737,0.03509426862001419,0.09996266663074493,0.21457906067371368,0.24668657779693604,0.18629829585552216,0.1376703381538391,0.030054135248064995,0.013067015446722507,0.006533507723361254,0.0021467239130288363,0.00196005217730999,0.0005600149161182344,0.000840022403281182,0.0006533507839776576,0.5775620937347412,0.16585776209831238,0.07793541252613068,0.04984132945537567,0.043587829917669296,0.03752100095152855,0.0168937835842371,0.011106963269412518,0.01092029083520174,0.0047601270489394665,0.00196005217730999,0.0005600149161182344,0.00046667910646647215,0.0002800074580591172,0.0006533507839776576,9.333582420367748e-05,71.53363800048828,85.52372741699219,6.955427169799805
Green_163.jpg,Green,Green,69.07003784179688,31.34347152709961,76.6260757446289,30.437223434448242,25.95221710205078,38.31539535522461,0.010140941478312016,0.03841526433825493,0.2797352969646454,0.19396699965000153,0.1103471964597702,0.16964592039585114,0.08044001460075378,0.0651426613330841,0.03686834126710892,0.011086284182965755,0.0029219663701951504,0.00025782056036405265,0.0007734616519883275,0.00025782056036405265,0.0,0.0,0.00902371946722269,0.025266414508223534,0.10768305510282516,0.31342384219169617,0.12848058342933655,0.10158129781484604,0.15589550137519836,0.11412856727838516,0.028618082404136658,0.011258164420723915,0.0032657270785421133,0.0003437607374507934,0.0008594018290750682,0.0001718803687253967,0.0,0.0,0.6667239665985107,0.07064282894134521,0.03712616115808487,0.03807150200009346,0.041423168033361435,0.044259194284677505,0.053454793989658356,0.03437607362866402,0.008078377693891525,0.004297009203583002,0.00025782056036405265,0.0004297009145375341,0.0007734616519883275,8.594018436269835e-05,0.0,0.0,43.570068359375,52.470455169677734,3.9796242713928223
Green_164.jpg,Green,Green,73.3227310180664,27.856647491455078,81.48523712158203,26.312023162841797,32.956275939941406,39.10658264160156,0.0069089531898498535,0.021957220509648323,0.0969146341085434,0.31847435235977173,0.23585084080696106,0.108366459608078,0.07561991363763809,0.08886995911598206,0.03482869639992714,0.009275033138692379,0.0026500094681978226,0.00018928639474324882,0.0,9.464319737162441e-05,0.0,0.0,0.004258943721652031,0.017982207238674164,0.04221086576581001,0.19846677780151367,0.26575809717178345,0.188339963555336,0.13524512946605682,0.09710391610860825,0.03747870400547981,0.008612530305981636,0.004353587049990892,9.464319737162441e-05,0.0,9.464319737162441e-05,0.0,0.0,0.519212543964386,0.09767177700996399,0.0961574837565422,0.051485899835824966,0.06454665958881378,0.057353775948286057,0.06047700345516205,0.039466213434934616,0.008707174099981785,0.004448230378329754,0.000283929577562958,9.464319737162441e-05,0.0,9.464319737162441e-05,0.0,0.0,70.18904876708984,84.79515838623047,5.09162712097168
Green_165.jpg,Green,Green,87.27108764648438,25.35298728942871,110.09194946289062,32.64363098144531,19.385507583618164,27.733184814453125,0.0014933864586055279,0.002133409259840846,0.021547432988882065,0.16953492164611816,0.1998293250799179,0.24697767198085785,0.20573176443576813,0.09863461554050446,0.03328118473291397,0.012018204666674137,0.005404636729508638,0.0013511591823771596,0.000497795466799289,0.00042668182868510485,0.0007822500192560256,0.0003555681905709207,0.0013511591823771596,0.0022045227233320475,0.0487128421664238,0.06805575639009476,0.07061584293842316,0.10339923202991486,0.1485563963651657,0.21305646002292633,0.2106385976076126,0.1095150038599968,0.018062865361571312,0.0028445455245673656,0.000995590933598578,0.0007111363811418414,0.0007822500192560256,0.000497795466799289,0.6255155801773071,0.160432368516922,0.0970701202750206,0.05461527407169342,0.022898592054843903,0.010169250890612602,0.008462523110210896,0.006969136651605368,0.006755795795470476,0.004551272839307785,0.0008533636573702097,7.111363811418414e-05,0.0003555681905709207,0.00014222727622836828,0.0003555681905709207,0.0007822500192560256,81.90583801269531,113.18061065673828,4.7661213874816895
Green_166.jpg,Green,Green,80.99649047851562,31.332983016967773,100.30449676513672,41.99374771118164,18.70557975769043,28.852582931518555,0.00019510925631038845,0.04903746023774147,0.18021592497825623,0.1104968786239624,0.0639958381652832,0.1552419364452362,0.3398803472518921,0.06497138738632202,0.017494797706604004,0.010015608742833138,0.005788241513073444,0.0007154006161727011,0.0006503642071038485,0.0010405827779322863,0.00026014569448307157,0.0,0.00019510925631038845,0.018470343202352524,0.14607180655002594,0.14392559230327606,0.07030437141656876,0.042143601924180984,0.04526534676551819,0.12285380065441132,0.2808923125267029,0.11622008681297302,0.010210718028247356,0.001300728414207697,0.0007804370252415538,0.001300728414207697,6.503642362076789e-05,0.0,0.6790452599525452,0.09365244209766388,0.10223725438117981,0.05417533963918686,0.023283038288354874,0.01671436056494713,0.010600936599075794,0.006308532785624266,0.00552809564396739,0.0039021852426230907,0.002536420477554202,0.00019510925631038845,0.0005853277980349958,0.001105619128793478,0.00013007284724153578,0.0,105.21251678466797,139.86827087402344,4.013560771942139
Green_167.jpg,Green,Green,73.7181396484375,35.37958908081055,91.4770278930664,45.2835693359375,23.82596206665039,27.247543334960938,0.009529626928269863,0.12535125017166138,0.16670739650726318,0.1210140511393547,0.11667684465646744,0.17868050932884216,0.11569944769144058,0.0943799614906311,0.05106902867555618,0.015271838754415512,0.004948075860738754,0.0004886988317593932,0.00018326206190977246,0.0,0.0,0.0,0.0026267562061548233,0.06719609349966049,0.1970067173242569,0.1139279156923294,0.05717776343226433,0.05656689032912254,0.08649969100952148,0.1357361078262329,0.1377519816160202,0.09328038990497589,0.045815516263246536,0.0059865606017410755,0.0003665241238195449,6.108735396992415e-05,0.0,0.0,0.5290164947509766,0.15821625292301178,0.134941965341568,0.0978008583188057,0.04483811929821968,0.012461820617318153,0.00678069656714797,0.005742211360484362,0.004215027671307325,0.0037263287231326103,0.0020769701804965734,6.108735396992415e-05,0.0001221747079398483,0.0,0.0,0.0,82.51982879638672,113.65145111083984,4.4711761474609375
Green_168.jpg,Green,Green,91.58382415771484,30.74844741821289,113.11954498291016,43.62662124633789,19.668973922729492,26.841787338256836,0.006853829137980938,0.020100170746445656,0.12257809191942215,0.08066429197788239,0.04916304349899292,0.1257413923740387,0.31435349583625793,0.22868064045906067,0.0388823002576828,0.0075128511525690556,0.003888229839503765,0.0004613154160324484,0.0011203374015167356,0.0,0.0,0.0,0.006722024641931057,0.02972189337015152,0.12066692858934402,0.061223145574331284,0.03387373313307762,0.03644391894340515,0.04520890861749649,0.13015684485435486,0.240279421210289,0.23362329602241516,0.05674179643392563,0.003888229839503765,0.0009885330218821764,0.0004613154160324484,0.0,0.0,0.6218531727790833,0.1118360385298729,0.13496771454811096,0.07097666710615158,0.02583366259932518,0.010676156729459763,0.00619480712339282,0.00612890487536788,0.005338078364729881,0.00514037162065506,0.0010544352699071169,0.0,0.0,0.0,0.0,0.0,108.34929656982422,143.23789978027344,3.8664183616638184
Green_169.jpg,Green,Green,89.76488494873047,30.545116424560547,104.98400115966797,37.883636474609375,27.90379524230957,27.97262191772461,0.002942729974165559,0.007771825417876244,0.05153550207614899,0.21942201256752014,0.14449559152126312,0.08315098285675049,0.17075379192829132,0.22787293791770935,0.07221006602048874,0.015015468001365662,0.0046781860291957855,0.00015090922534000129,0.0,0.0,0.0,0.0,0.002565456787124276,0.005055459216237068,0.03636912256479263,0.1394401341676712,0.15566286444664001,0.11310646682977676,0.06406096369028091,0.08601825684309006,0.1844865381717682,0.1865992546081543,0.026258205994963646,0.00030181845068000257,7.545461267000064e-05,0.0,0.0,0.0,0.44510677456855774,0.17633743584156036,0.15875650942325592,0.12268920242786407,0.05274277552962303,0.018033653497695923,0.008149098604917526,0.006413642317056656,0.005659095942974091,0.004829095210880041,0.0012072738027200103,7.545461267000064e-05,0.0,0.0,0.0,0.0,114.5621566772461,142.65963745117188,11.241610527038574
Green_17.jpg,Green,Green,74.90596008300781,22.66033935546875,99.28910827636719,24.51309585571289,47.11542510986328,25.74224090576172,0.0,0.0,0.13857552409172058,0.1836167722940445,0.2518942654132843,0.2769826650619507,0.10683616995811462,0.019279340282082558,0.009260818362236023,0.008671493269503117,0.00395689532160759,0.0009260818478651345,0.0,0.0,0.0,0.0,0.0,0.00025256778462789953,0.005135544575750828,0.05219734087586403,0.2279845029115677,0.14337430894374847,0.19860245287418365,0.26974236965179443,0.08393669128417969,0.009681764990091324,0.007324465550482273,0.0011786496033892035,0.0005893248016946018,0.0,0.0,0.0,0.07257114350795746,0.20575854182243347,0.2851490080356598,0.23606668412685394,0.10995116829872131,0.04419935867190361,0.01961609721183777,0.00791379064321518,0.009345007129013538,0.007071897853165865,0.0016837851144373417,0.0005893248016946018,8.418925426667556e-05,0.0,0.0,0.0,80.0277099609375,114.20679473876953,46.88203430175781
Green_170.jpg,Green,Green,90.32437133789062,30.775318145751953,100.14561462402344,22.961576461791992,18.641067504882812,31.514698028564453,0.000505254662130028,0.007983023300766945,0.02738480269908905,0.06436944007873535,0.2537388801574707,0.38419562578201294,0.14116814732551575,0.035468876361846924,0.013843977823853493,0.012126111425459385,0.01020614430308342,0.024454325437545776,0.024454325437545776,0.00010105092951562256,0.0,0.0,0.0004042037180624902,0.006871463265269995,0.017683912068605423,0.03001212701201439,0.07609134912490845,0.22483831644058228,0.44169360399246216,0.12580840289592743,0.014854487031698227,0.03759094700217247,0.023342764005064964,0.0008084074361249804,0.0,0.0,0.0,0.0,0.7031123638153076,0.13773241639137268,0.04385610297322273,0.022635407745838165,0.013136620633304119,0.013338722288608551,0.022736459970474243,0.025060631334781647,0.016269199550151825,0.002021018648520112,0.00010105092951562256,0.0,0.0,0.0,0.0,0.0,84.70326232910156,104.63702392578125,5.167926788330078
Green_171.jpg,Green,Green,79.51102447509766,31.18605613708496,91.7740249633789,38.999568939208984,26.189205169677734,29.720069885253906,0.009073800407350063,0.03421158716082573,0.14423981308937073,0.14753326773643494,0.15203656256198883,0.21165479719638824,0.12273155152797699,0.11305283010005951,0.048528026789426804,0.013509880751371384,0.0034278801176697016,0.0,0.0,0.0,0.0,0.0,0.010754133574664593,0.03347223997116089,0.14874310791492462,0.1053905114531517,0.0813281387090683,0.09974458813667297,0.15479230880737305,0.16070708632469177,0.11318725347518921,0.07998386770486832,0.011896760202944279,0.0,0.0,0.0,0.0,0.0,0.5174082517623901,0.11842989921569824,0.16682349145412445,0.09611506760120392,0.03979029506444931,0.0243312269449234,0.016467267647385597,0.007998387329280376,0.00591477332636714,0.0054442803375422955,0.0012770533794537187,0.0,0.0,0.0,0.0,0.0,85.72559356689453,108.77597045898438,4.873904705047607
Green_172.jpg,Green,Green,85.27701568603516,24.610769271850586,105.94654846191406,35.364418029785156,23.41851806640625,30.596525192260742,6.878998101456091e-05,0.002476439345628023,0.04037972167134285,0.16777877509593964,0.2041686773300171,0.24833184480667114,0.21290500462055206,0.06947788596153259,0.03350072354078293,0.01657838560640812,0.0041961888782680035,0.00013757996202912182,0.0,0.0,0.0,0.0,0.0,0.002476439345628023,0.05654536560177803,0.12987549602985382,0.09857604652643204,0.07181674242019653,0.09169705212116241,0.20100432634353638,0.20251771807670593,0.13372772932052612,0.011487927287817001,0.00027515992405824363,0.0,0.0,0.0,0.0,0.598404049873352,0.08715690672397614,0.10277223587036133,0.11027034372091293,0.04320010915398598,0.02228795550763607,0.0134828370064497,0.011487927287817001,0.005709568504244089,0.003783449064940214,0.001444589695893228,0.0,0.0,0.0,0.0,0.0,82.7905044555664,114.7306900024414,3.188572883605957
Green_173.jpg,Green,Green,104.64197540283203,44.51422119140625,104.22293853759766,35.794349670410156,40.574302673339844,54.70777130126953,0.0,0.013588223606348038,0.036035437136888504,0.072603739798069,0.18523946404457092,0.2479850798845291,0.15639778971672058,0.05135549232363701,0.017784586176276207,0.03510291129350662,0.06780789792537689,0.022114166989922523,0.09185373038053513,0.0014653966063633561,0.0006660894141532481,0.0,0.0,0.009391860105097294,0.04316259175539017,0.06587623804807663,0.1087057888507843,0.20189169049263,0.24079132080078125,0.10937187820672989,0.00879237987101078,0.09431825578212738,0.11443416029214859,0.002264703856781125,0.0008659161976538599,0.00013321787992026657,0.0,0.0,0.5452607870101929,0.13328447937965393,0.04422833397984505,0.03170585632324219,0.018250849097967148,0.0077932458370924,0.04336242005228996,0.06867381930351257,0.011789781972765923,0.012988743372261524,0.08186238259077072,0.000799307250417769,0.0,0.0,0.0,0.0,77.13835906982422,82.57525634765625,8.322218894958496
Green_174.jpg,Green,Green,89.29673767089844,30.54204750061035,99.14295959472656,23.06088638305664,18.702255249023438,31.63941764831543,0.0005055100773461163,0.00849256943911314,0.02567991055548191,0.0746132880449295,0.26711151003837585,0.3800424635410309,0.13001719117164612,0.030532807111740112,0.012233343906700611,0.010817915201187134,0.012738853693008423,0.030532807111740112,0.016479628160595894,0.00020220402802806348,0.0,0.0,0.0008088161121122539,0.006571630947291851,0.018299464136362076,0.03184713423252106,0.07916287332773209,0.24527348577976227,0.44009706377983093,0.10120311379432678,0.014760893769562244,0.03841876611113548,0.02264684997498989,0.0009099181042984128,0.0,0.0,0.0,0.0,0.7139824032783508,0.12384996563196182,0.04428268224000931,0.02375897206366062,0.013446567580103874,0.014255383983254433,0.02113031968474388,0.027904154732823372,0.015468607656657696,0.0019209382589906454,0.0,0.0,0.0,0.0,0.0,0.0,84.54625701904297,103.9833755493164,5.346473693847656
Green_175.jpg,Green,Green,76.94330596923828,25.64006996154785,86.81572723388672,23.77589225769043,21.52345085144043,31.996793746948242,0.00734358187764883,0.019680798053741455,0.05365710332989693,0.20669734477996826,0.32311758399009705,0.22725938260555267,0.056790366768836975,0.04396357759833336,0.042984429746866226,0.013903847895562649,0.0043082344345748425,0.0001958288485184312,9.79144242592156e-05,0.0,0.0,0.0,0.009106040932238102,0.015960050746798515,0.032605502754449844,0.07852736860513687,0.21531382203102112,0.27151668071746826,0.26603350043296814,0.08166062831878662,0.017624596133828163,0.008126896806061268,0.0033290903083980083,9.79144242592156e-05,9.79144242592156e-05,0.0,0.0,0.0,0.660628616809845,0.1343385875225067,0.0445510633289814,0.026926467195153236,0.037794966250658035,0.04102614149451256,0.03103887289762497,0.01165181677788496,0.00802898220717907,0.0034270049072802067,0.000489572121296078,9.79144242592156e-05,0.0,0.0,0.0,0.0,70.65988159179688,85.35105895996094,8.539592742919922
Green_176.jpg,Green,Green,141.6027069091797,40.86564254760742,165.51852416992188,44.14060974121094,184.01673889160156,81.2468032836914,0.014454316347837448,0.017822569236159325,0.018114307895302773,0.04147991165518761,0.04129425808787346,0.029173849150538445,0.019042566418647766,0.01959952339529991,0.044529903680086136,0.22416125237941742,0.5295318961143494,0.0007426071097142994,5.304336445988156e-05,0.0,0.0,0.0,0.00920302327722311,0.010078239254653454,0.013897361233830452,0.012889537028968334,0.02575255185365677,0.04140034317970276,0.04132077842950821,0.03225036337971687,0.02119082398712635,0.03124254010617733,0.06717941910028458,0.45482030510902405,0.23842991888523102,0.0003447818453423679,0.0,0.0,0.11608540266752243,0.02957167476415634,0.014427795074880123,0.009494761936366558,0.007081288844347,0.005569553002715111,0.005092162638902664,0.00567563995718956,0.006126508582383394,0.00922954548150301,0.01347301434725523,0.023179950192570686,0.048799894750118256,0.12213234603404999,0.5828934907913208,0.0011669539380818605,163.07725524902344,188.3978729248047,228.31736755371094
Green_177.jpg,Green,Green,138.47239685058594,44.42161560058594,164.0561981201172,47.026798248291016,186.2074737548828,79.49809265136719,0.023062890395522118,0.03402970731258392,0.03850330039858818,0.03287873417139053,0.024431029334664345,0.007188151590526104,0.005298818461596966,0.01737317629158497,0.0610232800245285,0.34533530473709106,0.40961605310440063,0.00119440583512187,6.514941196655855e-05,0.0,0.0,0.0,0.012508686631917953,0.010402188636362553,0.020804377272725105,0.02699357271194458,0.03641851991415024,0.029838429763913155,0.020630646497011185,0.011183981783688068,0.02215079963207245,0.03528926521539688,0.09242529422044754,0.4273366928100586,0.2534094750881195,0.000608061149250716,0.0,0.0,0.13585823774337769,0.013920256868004799,0.0037569492124021053,0.0026928421575576067,0.0017590339994058013,0.0023236621636897326,0.002540827030315995,0.002801424590870738,0.005450834054499865,0.010858234949409962,0.01835041679441929,0.028014246374368668,0.051011987030506134,0.21770760416984558,0.5012595653533936,0.0016938846092671156,151.0729522705078,177.02914428710938,214.87127685546875
Green_178.jpg,Green,Green,139.705810546875,36.997093200683594,167.98187255859375,40.3144645690918,182.2670440673828,80.14323425292969,0.010486641898751259,0.01787087880074978,0.022691143676638603,0.01871698908507824,0.03756217658519745,0.035536639392375946,0.02584482915699482,0.03217783570289612,0.05163837596774101,0.4719245135784149,0.27544739842414856,0.00010255884262733161,0.0,0.0,0.0,0.0,0.005153581965714693,0.009179016575217247,0.01476847380399704,0.0213066004216671,0.016178658232092857,0.012717296369373798,0.029177991673350334,0.03407517448067665,0.03638274967670441,0.04345931112766266,0.06720168143510818,0.5133582949638367,0.19701553881168365,2.5639710656832904e-05,0.0,0.0,0.13358289003372192,0.017460642382502556,0.009768730029463768,0.006922721862792969,0.004204912576824427,0.0030767652206122875,0.002871647709980607,0.0039228759706020355,0.004435670096427202,0.007871391251683235,0.011537869460880756,0.021870672702789307,0.0632018893957138,0.34339264035224915,0.36493000388145447,0.0009486692724749446,152.56515502929688,181.9289093017578,216.5175018310547
Green_179.jpg,Green,Green,137.67930603027344,42.168155670166016,164.96702575683594,46.7484245300293,180.75399780273438,82.51248168945312,0.01299737486988306,0.022391516715288162,0.038760486990213394,0.04509188234806061,0.033021051436662674,0.01997220329940319,0.018427960574626923,0.022906264290213585,0.04087095335125923,0.4095073938369751,0.33605292439460754,0.0,0.0,0.0,0.0,0.0,0.008030061610043049,0.012353939935564995,0.014747516252100468,0.02668965794146061,0.03878622502088547,0.03675297275185585,0.029083235189318657,0.019792042672634125,0.019354507327079773,0.028928810730576515,0.0621814988553524,0.41969940066337585,0.2836001515388489,0.0,0.0,0.0,0.14070622622966766,0.020873012021183968,0.007463838905096054,0.00669171754270792,0.005353373941034079,0.0046584648080170155,0.00452977791428566,0.00532763684168458,0.006717455107718706,0.009368404746055603,0.01271426398307085,0.022134143859148026,0.05875843018293381,0.22020898759365082,0.47418540716171265,0.00030884851003065705,153.061279296875,181.62738037109375,215.5544891357422
Green_18.jpg,Green,Green,70.72417449951172,23.512678146362305,96.98684692382812,22.594669342041016,38.76427459716797,25.42580795288086,0.0,0.00971101876348257,0.12890593707561493,0.29610776901245117,0.25005874037742615,0.17135249078273773,0.08771242946386337,0.03344036266207695,0.013000234961509705,0.007126634940505028,0.002036181278526783,0.0005482026608660817,0.0,0.0,0.0,0.0,0.0,0.0,0.001879552030004561,0.07823635637760162,0.18482261896133423,0.18505756556987762,0.23885974287986755,0.2579685151576996,0.039313964545726776,0.008144725114107132,0.005168768111616373,0.00039157335413619876,0.0001566293358337134,0.0,0.0,0.0,0.10815255343914032,0.38107916712760925,0.25914323329925537,0.09507400542497635,0.08504973351955414,0.03250058740377426,0.0174641702324152,0.008536298759281635,0.007283264305442572,0.005012138746678829,0.00039157335413619876,0.0003132586716674268,0.0,0.0,0.0,0.0,50.53099822998047,79.48696899414062,19.173704147338867
Green_180.jpg,Green,Green,143.25782775878906,38.118770599365234,172.87969970703125,41.28755569458008,199.1372528076172,73.91478729248047,0.007479050196707249,0.02490183711051941,0.026754602789878845,0.03219391033053398,0.02507181651890278,0.009875745512545109,0.006289201322942972,0.012476415373384953,0.04196767136454582,0.4271557629108429,0.3840492367744446,0.0016827862709760666,0.00010198704694630578,0.0,0.0,0.0,0.0027366525027900934,0.005609287414699793,0.018187690526247025,0.017490778118371964,0.0292022917419672,0.023338036611676216,0.025037819519639015,0.013207322917878628,0.010555659420788288,0.01694684848189354,0.05223436653614044,0.39805543422698975,0.3865649104118347,0.0008158963755704463,1.699784115771763e-05,0.0,0.10220801830291748,0.012272441759705544,0.005235335323959589,0.0026686610653996468,0.0020737366285175085,0.002277710707858205,0.0026006696280092,0.0031955940648913383,0.00428345613181591,0.00554129621013999,0.009178834035992622,0.012918359600007534,0.029933199286460876,0.09037752449512482,0.7056143879890442,0.009620778262615204,165.39756774902344,196.99246215820312,235.46788024902344
Green_181.jpg,Green,Green,146.52069091796875,38.80052947998047,172.76004028320312,40.61301803588867,192.9597625732422,79.67485809326172,0.010860842652618885,0.021572396159172058,0.023065295070409775,0.022057589143514633,0.027226753532886505,0.018549274653196335,0.018810532987117767,0.0208259467035532,0.03670666366815567,0.17502379417419434,0.624255895614624,0.0010077070910483599,3.7322486605262384e-05,0.0,0.0,0.0,0.0019407692598178983,0.011066116392612457,0.012614999897778034,0.017112359404563904,0.023849068209528923,0.01864258199930191,0.026498964056372643,0.02476346865296364,0.01849329099059105,0.026032432913780212,0.05282997712492943,0.34204190969467163,0.4234422445297241,0.0006531435064971447,1.8661243302631192e-05,0.0,0.13165506720542908,0.011308712884783745,0.0030231212731450796,0.0019407692598178983,0.002108720364049077,0.0016981731168925762,0.0020713978447020054,0.002967137610539794,0.003340362338349223,0.005075857974588871,0.007763077039271593,0.01446246262639761,0.02592046558856964,0.08033664524555206,0.7044245600700378,0.0019034467404708266,167.59681701660156,195.1503143310547,233.3479766845703
Green_182.jpg,Green,Green,143.55043029785156,39.12092971801758,170.1109161376953,42.1684684753418,199.44891357421875,70.11763000488281,0.016556108370423317,0.018348453566432,0.03553280606865883,0.02718084305524826,0.015798518434166908,0.0028086253441870213,0.0042683715000748634,0.016260463744401932,0.07465030997991562,0.3773905634880066,0.4094310700893402,0.0016260462580248713,0.00014782238577026874,0.0,0.0,0.0,0.010901900939643383,0.007963931187987328,0.010569301433861256,0.025758052244782448,0.025684140622615814,0.02285703644156456,0.012472514063119888,0.007095474749803543,0.01465289480984211,0.025684140622615814,0.09440307319164276,0.45168980956077576,0.2896949350833893,0.0005543339648284018,1.8477798221283592e-05,0.0,0.09087381511926651,0.013932260684669018,0.004434671718627214,0.002937969984486699,0.0022727693431079388,0.0015890906797721982,0.0014412683667615056,0.0017923464765772223,0.0036401264369487762,0.006578096188604832,0.009922577999532223,0.02132337912917137,0.04382934048771858,0.14166928827762604,0.6518413424491882,0.0019216911168769002,167.25787353515625,196.05487060546875,234.3762969970703
Green_183.jpg,Green,Green,141.36097717285156,37.62451934814453,172.7245635986328,41.00255584716797,203.91624450683594,71.9510726928711,0.010612145066261292,0.016674047335982323,0.03795941546559334,0.0331495925784111,0.01594112254679203,0.003954742103815079,0.003985280636698008,0.01943778619170189,0.1305064857006073,0.3660503029823303,0.3575911223888397,0.0034966636449098587,0.0005496938247233629,7.634636858711019e-05,1.526927371742204e-05,0.0,0.005619092844426632,0.008337023667991161,0.01021514367312193,0.015315081924200058,0.030599623918533325,0.030217893421649933,0.014933349564671516,0.00809271540492773,0.01363546121865511,0.029576582834124565,0.08799682557582855,0.3259226381778717,0.41808798909187317,0.0014505810104310513,0.0,0.0,0.08992075175046921,0.013131575658917427,0.00615351740270853,0.0034813943784683943,0.0025346993934363127,0.001771235722117126,0.0017101586563512683,0.0021224289666861296,0.0027179308235645294,0.005008321721106768,0.010566337034106255,0.017483318224549294,0.03650883212685585,0.07530805468559265,0.62991863489151,0.10166282206773758,164.04344177246094,196.7333984375,238.5401153564453
Green_184.jpg,Green,Green,142.26918029785156,37.745758056640625,172.3029327392578,41.66261291503906,207.2303466796875,68.87079620361328,0.0171051025390625,0.022979736328125,0.0374298095703125,0.015289306640625,0.005859375,0.00506591796875,0.0032196044921875,0.0150299072265625,0.110992431640625,0.4584503173828125,0.3022613525390625,0.0061798095703125,0.0001373291015625,0.0,0.0,0.0,0.006744384765625,0.0142669677734375,0.0118408203125,0.019989013671875,0.03399658203125,0.0087738037109375,0.006591796875,0.0060272216796875,0.013214111328125,0.027801513671875,0.0897216796875,0.4040374755859375,0.3552093505859375,0.0017852783203125,0.0,0.0,0.0858612060546875,0.0068206787109375,0.0041351318359375,0.0026397705078125,0.0022430419921875,0.0018463134765625,0.001983642578125,0.0016021728515625,0.00225830078125,0.0047149658203125,0.00848388671875,0.0145111083984375,0.027557373046875,0.082122802734375,0.6395721435546875,0.1136474609375,152.1385498046875,184.62905883789062,232.35365295410156
Green_185.jpg,Green,Green,143.1499481201172,40.565635681152344,170.28443908691406,43.08314895629883,195.2831268310547,78.77289581298828,0.015756012871861458,0.02694186009466648,0.026462730020284653,0.028213396668434143,0.017009122297167778,0.014945176430046558,0.01728554256260395,0.023974938318133354,0.053552012890577316,0.2903529107570648,0.4831475019454956,0.0020639454014599323,0.00029484936385415494,0.0,0.0,0.0,0.004035750404000282,0.010246015153825283,0.02027089335024357,0.02093430422246456,0.024251358583569527,0.024767344817519188,0.019976044073700905,0.01905464008450508,0.01754353567957878,0.027513129636645317,0.06324518471956253,0.41691699624061584,0.3310421109199524,0.0002027089212788269,0.0,0.0,0.11685248464345932,0.012494240887463093,0.00751865841448307,0.005270432215183973,0.0031696304213255644,0.0033723395317792892,0.0029116373043507338,0.003556620329618454,0.0042016031220555305,0.006523542106151581,0.009803741239011288,0.014281765557825565,0.027365704998373985,0.07391504943370819,0.6798304319381714,0.02893209271132946,167.760498046875,196.16693115234375,236.588134765625
Green_186.jpg,Green,Green,145.03045654296875,38.819576263427734,173.82188415527344,42.75998306274414,194.05459594726562,77.70879364013672,0.01000805851072073,0.022977303713560104,0.023427104577422142,0.01900406740605831,0.023239687085151672,0.03206701949238777,0.021965252235531807,0.021496711298823357,0.04147534444928169,0.20325355231761932,0.5808234810829163,0.00022490019910037518,3.7483365304069594e-05,0.0,0.0,0.0,0.002473902190104127,0.011394943110644817,0.016473939642310143,0.01936015859246254,0.019603800028562546,0.018685458227992058,0.022996045649051666,0.030998744070529938,0.024083063006401062,0.025619881227612495,0.05845531076192856,0.19397641718387604,0.5557471513748169,0.0001311917876591906,0.0,0.0,0.10662143677473068,0.015293213538825512,0.009127199649810791,0.008302565664052963,0.007065614685416222,0.005191446281969547,0.005116479471325874,0.004947804380208254,0.004966546315699816,0.006203497294336557,0.008921041153371334,0.016398973762989044,0.03592780604958534,0.07294262945652008,0.6899375915527344,0.0030361528042703867,166.17315673828125,197.02346801757812,233.85125732421875
Green_187.jpg,Green,Green,109.01720428466797,43.375701904296875,110.63829803466797,44.00997543334961,49.7671012878418,31.46324920654297,7.139797526178882e-05,0.034128230065107346,0.05319149047136307,0.08239325881004333,0.12808796763420105,0.10516921430826187,0.09488790482282639,0.12508924305438995,0.12316150218248367,0.1245894581079483,0.07561045140028,0.03627017140388489,0.014922176487743855,0.002427531173452735,0.0,0.0,0.00014279595052357763,0.03619877249002457,0.06168784946203232,0.07825217396020889,0.09788662195205688,0.11866343021392822,0.08667714148759842,0.10274168103933334,0.14907896518707275,0.12508924305438995,0.09074681997299194,0.03855490684509277,0.013065828941762447,0.0012137655867263675,0.0,0.0,0.03284306824207306,0.26938456296920776,0.30829644203186035,0.17649579048156738,0.08139368891716003,0.04026845470070839,0.027274025604128838,0.019634442403912544,0.01542196236550808,0.017064115032553673,0.011066685430705547,0.0007139797089621425,0.00014279595052357763,0.0,0.0,0.0,142.0664520263672,145.9170684814453,43.715576171875
Green_188.jpg,Green,Green,101.3301773071289,43.340511322021484,113.73194885253906,47.2401123046875,49.38967514038086,30.682802200317383,0.00025391450617462397,0.06491747498512268,0.034024544060230255,0.10469742119312286,0.19289039075374603,0.0930173471570015,0.07972915470600128,0.0853152796626091,0.11646212637424469,0.1451544612646103,0.058908168226480484,0.020397799089550972,0.004147270228713751,8.463817357551306e-05,0.0,0.0,8.463817357551306e-05,0.05374523997306824,0.043080829083919525,0.052137114107608795,0.09741853922605515,0.16157427430152893,0.09767244756221771,0.07727465033531189,0.08040626347064972,0.11561574041843414,0.12687261402606964,0.06474819779396057,0.024968260899186134,0.00440118508413434,0.0,0.0,0.03427845984697342,0.2865002155303955,0.2861616611480713,0.17071519792079926,0.09327126294374466,0.04231908544898033,0.027930596843361855,0.019720694050192833,0.015742700546979904,0.013965298421680927,0.008717731572687626,0.0004231908533256501,0.00025391450617462397,0.0,0.0,0.0,147.3551788330078,166.42930603027344,52.68448257446289
Green_189.jpg,Green,Green,111.73457336425781,40.1187858581543,118.38884735107422,43.118595123291016,56.55767059326172,35.56964874267578,0.0,0.0035558189265429974,0.029631825163960457,0.09341432899236679,0.17475368082523346,0.09045114368200302,0.10371138900518417,0.09245128929615021,0.13200977444648743,0.152677983045578,0.09215497225522995,0.027705755084753036,0.007259796839207411,0.00022223868290893734,0.0,0.0,0.00014815911708865315,0.00755611527711153,0.030520780012011528,0.08482109755277634,0.10067412257194519,0.14289946854114532,0.08067264407873154,0.0882287546992302,0.10756352543830872,0.13778798282146454,0.14252907037734985,0.05230017006397247,0.02118675410747528,0.0031113415025174618,0.0,0.0,0.02066819742321968,0.22705385088920593,0.2747610807418823,0.19712571799755096,0.09082154184579849,0.05000370368361473,0.03866953030228615,0.03037261962890625,0.02377953939139843,0.025112971663475037,0.021408993750810623,0.00022223868290893734,0.0,0.0,0.0,0.0,139.19447326660156,149.14479064941406,46.54110336303711
Green_19.jpg,Green,Green,79.71533203125,24.922574996948242,107.37024688720703,23.624845504760742,46.0806884765625,25.41025733947754,0.0,0.0008813160820864141,0.059537798166275024,0.2560712993144989,0.17988640069961548,0.28446924686431885,0.12739913165569305,0.04661183059215546,0.021543283015489578,0.01772424578666687,0.005287896376103163,0.0005875440547242761,0.0,0.0,0.0,0.0,0.0,0.0,0.0010771640809252858,0.014394829981029034,0.13200156390666962,0.20720720291137695,0.15168429911136627,0.265961617231369,0.1839992105960846,0.03388170897960663,0.008127693086862564,0.0012730121379718184,0.00039169605588540435,0.0,0.0,0.0,0.04259694367647171,0.20975323021411896,0.4039365351200104,0.1881120204925537,0.06844888627529144,0.032608695328235626,0.016647081822156906,0.01586369052529335,0.011652957648038864,0.007833920419216156,0.0021543281618505716,0.00039169605588540435,0.0,0.0,0.0,0.0,81.28218078613281,115.9623794555664,42.672935485839844
Green_190.jpg,Green,Green,127.69718170166016,36.906532287597656,132.10926818847656,37.88066864013672,78.55860137939453,52.41927719116211,0.0,0.002784840762615204,0.031480807811021805,0.03481050953269005,0.04958227276802063,0.09183920919895172,0.10213100910186768,0.1230173110961914,0.1558300107717514,0.13282479345798492,0.23568227887153625,0.034507811069488525,0.005448601674288511,6.0540016420418397e-05,0.0,0.0,0.0,0.002058360492810607,0.0327521488070488,0.033539168536663055,0.04607095196843147,0.0723453238606453,0.10019373148679733,0.09226298332214355,0.125681072473526,0.17653468251228333,0.2585058808326721,0.04613149166107178,0.013560963794589043,0.000363240105798468,0.0,0.0,0.012410703115165234,0.11218065023422241,0.2797554135322571,0.1734471470117569,0.08451386541128159,0.05164063349366188,0.021067926660180092,0.014529604464769363,0.014166363514959812,0.034749969840049744,0.2009323090314865,0.0006054001860320568,0.0,0.0,0.0,0.0,163.64268493652344,165.06137084960938,166.42428588867188
Green_191.jpg,Green,Green,117.22391510009766,34.12845230102539,119.46479034423828,36.3355712890625,46.79862594604492,30.831762313842773,0.0002862458932213485,0.0040074423886835575,0.029197080060839653,0.035065121948719025,0.049448978155851364,0.13253185153007507,0.20988979935646057,0.15507370233535767,0.14949190616607666,0.11099184304475784,0.0820094496011734,0.03985973820090294,0.0021468440536409616,0.0,0.0,0.0,0.0005009302985854447,0.006297409534454346,0.033991698175668716,0.040145985782146454,0.06490625441074371,0.08723343163728714,0.15414340794086456,0.19443251192569733,0.15085157752037048,0.12136825174093246,0.0865178182721138,0.05524545535445213,0.004365249536931515,0.0,0.0,0.0,0.047445256263017654,0.2974810302257538,0.3135823607444763,0.15092314779758453,0.07320738583803177,0.041791900992393494,0.018462859094142914,0.014455417171120644,0.014813224785029888,0.018248174339532852,0.009589237160980701,0.0,0.0,0.0,0.0,0.0,108.54351043701172,113.16871643066406,23.029897689819336
Green_192.jpg,Green,Green,112.25475311279297,32.900657653808594,114.18706512451172,35.605072021484375,41.77975082397461,29.87367057800293,0.0,0.014000000432133675,0.03356250002980232,0.03674999997019768,0.05556249991059303,0.1353749930858612,0.22487500309944153,0.16474999487400055,0.13437500596046448,0.1326874941587448,0.06274999678134918,0.005187499802559614,0.0001250000059371814,0.0,0.0,0.0,0.0001250000059371814,0.01693749986588955,0.03818750008940697,0.0416874997317791,0.06712500005960464,0.10518749803304672,0.1915625035762787,0.16324999928474426,0.1485625058412552,0.1171875,0.09749999642372131,0.01268749963492155,0.0,0.0,0.0,0.0,0.08250000327825546,0.3634999990463257,0.2953124940395355,0.1300625056028366,0.037812501192092896,0.01850000023841858,0.016625000163912773,0.01549999974668026,0.01731250062584877,0.01862500049173832,0.004124999977648258,0.0001250000059371814,0.0,0.0,0.0,0.0,107.4864273071289,112.602294921875,22.71433448791504
Green_193.jpg,Green,Green,121.41614532470703,37.98685836791992,123.93868255615234,38.66526412963867,71.43754577636719,54.15644454956055,0.0,0.020948929712176323,0.05033405125141144,0.028932170942425728,0.03884044662117958,0.07734118402004242,0.14364171028137207,0.16385459899902344,0.12110745906829834,0.14669913053512573,0.20501641929149628,0.002830936573445797,0.00033971236553043127,0.00011323746002744883,0.0,0.0,5.6618730013724416e-05,0.028422601521015167,0.04659721255302429,0.026440946385264397,0.035613179206848145,0.06794247776269913,0.11250141263008118,0.1538897007703781,0.14749178290367126,0.13650774955749512,0.24340391159057617,0.0009058996802195907,0.00016985618276521564,5.6618730013724416e-05,0.0,0.0,0.01959007978439331,0.2024119645357132,0.3379572033882141,0.11261465400457382,0.03238591179251671,0.02140188030898571,0.015683388337492943,0.011493601836264133,0.021288642659783363,0.0388970673084259,0.18570943176746368,0.0003963311028201133,0.00011323746002744883,5.6618730013724416e-05,0.0,0.0,164.7622528076172,164.7725830078125,165.07806396484375
Green_194.jpg,Green,Green,139.4874267578125,30.24709129333496,140.72860717773438,29.969568252563477,99.5475082397461,58.173728942871094,0.00020216722623445094,0.004205078352242708,0.011968299746513367,0.010997897014021873,0.016618145629763603,0.0365922674536705,0.1056525930762291,0.10609736293554306,0.1199256032705307,0.2995309829711914,0.2520621120929718,0.03036551922559738,0.0044072456657886505,0.0012938702711835504,8.08668919489719e-05,0.0,0.0013747371267527342,0.005620249081403017,0.011887433007359505,0.009784894064068794,0.01835678517818451,0.03028465062379837,0.08547630906105042,0.10593563318252563,0.12214944511651993,0.302725225687027,0.2722788155078888,0.03129548579454422,0.0026281739119440317,0.00020216722623445094,0.0,0.0,0.012130034156143665,0.11341581493616104,0.21033479273319244,0.09186478704214096,0.0399886779487133,0.024421801790595055,0.019408054649829865,0.022521430626511574,0.038452208042144775,0.17151868343353271,0.25578197836875916,0.0001617337838979438,0.0,0.0,0.0,0.0,149.2230987548828,149.38038635253906,150.5374755859375
Green_195.jpg,Green,Green,125.32911682128906,40.75991439819336,127.7791976928711,41.50809097290039,85.19576263427734,63.03559875488281,0.00010639429820002988,0.010639430023729801,0.02762705273926258,0.07277370244264603,0.06639004498720169,0.08933574706315994,0.07873178273439407,0.07702947407960892,0.11526048928499222,0.261517196893692,0.14973224699497223,0.03369152918457985,0.01716494746506214,0.0,0.0,0.0,0.0007092953310348094,0.012235344387590885,0.025109054520726204,0.05922615900635719,0.06259531527757645,0.08582473546266556,0.08649856597185135,0.08000851422548294,0.11338085681200027,0.2524736821651459,0.15313686430454254,0.028939248993992805,0.03188282623887062,0.007979572750627995,0.0,0.0,0.11075646430253983,0.24633826315402985,0.09359151870012283,0.04904777184128761,0.027059616521000862,0.01854807324707508,0.02393871732056141,0.02542823739349842,0.04128098860383034,0.19612015783786774,0.16742916405200958,0.00046104195644147694,0.0,0.0,0.0,0.0,147.19692993164062,147.41375732421875,150.14743041992188
Green_196.jpg,Green,Green,138.8616485595703,34.18196105957031,137.60804748535156,31.771095275878906,106.92333221435547,55.642879486083984,0.0,0.003920655231922865,0.008656496182084084,0.02538721263408661,0.0369550883769989,0.08582741022109985,0.06405030936002731,0.05096851661801338,0.08540040999650955,0.3126431405544281,0.2841116487979889,0.030239509418606758,0.009743410162627697,0.0020185550674796104,7.763673784211278e-05,0.0,3.881836892105639e-05,0.005085206124931574,0.00888940691947937,0.022281743586063385,0.03124878741800785,0.05446217209100723,0.08776833117008209,0.06148829683661461,0.1264314204454422,0.38034236431121826,0.1823686957359314,0.028647955507040024,0.008967042900621891,0.0018632817082107067,0.00011645510676316917,0.0,0.0189045462757349,0.13504910469055176,0.1258491575717926,0.05523853749036789,0.029113776981830597,0.021621830761432648,0.01832227036356926,0.01886572688817978,0.11160281300544739,0.34598812460899353,0.11944412440061569,0.0,0.0,0.0,0.0,0.0,151.14340209960938,147.11849975585938,145.55674743652344
Green_197.jpg,Green,Green,112.4984130859375,42.974239349365234,113.2967758178711,41.042362213134766,42.442718505859375,30.88833999633789,7.196315709734336e-05,0.014176741242408752,0.025331029668450356,0.05447610840201378,0.18012377619743347,0.16832181811332703,0.0954231396317482,0.09247265756130219,0.09556706994771957,0.09923718869686127,0.07117155939340591,0.06994818896055222,0.030512377619743347,0.0030944156460464,7.196315709734336e-05,0.0,7.196315709734336e-05,0.016263673081994057,0.02928900346159935,0.05210132524371147,0.07563327252864838,0.25,0.11247841268777847,0.09815774112939835,0.0924006924033165,0.10535405576229095,0.08772308379411697,0.05821819230914116,0.020869314670562744,0.0013672999339178205,7.196315709734336e-05,0.0,0.0718192309141159,0.420912504196167,0.22733160853385925,0.10974381119012833,0.055411629378795624,0.034686241298913956,0.031303972005844116,0.015903856605291367,0.012449625879526138,0.01424870453774929,0.0047495681792497635,0.0014392631128430367,0.0,0.0,0.0,0.0,77.45670318603516,84.44712829589844,22.87828254699707
Green_198.jpg,Green,Green,131.06813049316406,40.17303466796875,126.84291076660156,40.09671401977539,80.75080108642578,58.8144645690918,0.0001147052098531276,0.020532231777906418,0.024030741304159164,0.046226199716329575,0.06085111200809479,0.04834824427962303,0.06750401109457016,0.0945744439959526,0.11459050327539444,0.22637072205543518,0.24420738220214844,0.05104381591081619,0.0016058728797361255,0.0,0.0,0.0,0.000630878668744117,0.026611607521772385,0.024432208389043808,0.05712319165468216,0.05758201330900192,0.05350998044013977,0.07364074140787125,0.09560678899288177,0.13202568888664246,0.24850882589817047,0.2034296840429306,0.026898371055722237,0.0,0.0,0.0,0.0,0.0496673546731472,0.24873824417591095,0.17693278193473816,0.09853177517652512,0.021908694878220558,0.012904335744678974,0.013879329897463322,0.018754301592707634,0.03653360903263092,0.19970177114009857,0.12124340236186981,0.0012044046306982636,0.0,0.0,0.0,0.0,152.3994903564453,149.81332397460938,148.17967224121094
Green_199.jpg,Green,Green,137.8824005126953,30.715471267700195,136.59857177734375,29.42287254333496,108.91040802001953,57.584598541259766,2.9645440008607693e-05,0.0037946163211017847,0.009279022924602032,0.014615202322602272,0.028696786612272263,0.06868848204612732,0.09006284922361374,0.06412308663129807,0.12394758313894272,0.30537769198417664,0.28925055265426636,0.0021344716660678387,0.0,0.0,0.0,0.0,0.00026680895825847983,0.006759160663932562,0.00862682331353426,0.012955057434737682,0.029764022678136826,0.043104469776153564,0.10358116775751114,0.06931103765964508,0.14864224195480347,0.3754298686981201,0.197408989071846,0.004061425570398569,8.893632184481248e-05,0.0,0.0,0.0,0.0407031886279583,0.15246650576591492,0.09169334918260574,0.03418119251728058,0.022115498781204224,0.014318747445940971,0.012806829996407032,0.02786671370267868,0.11555792391300201,0.32269060611724854,0.16559943556785583,0.0,0.0,0.0,0.0,0.0,150.0239715576172,146.22621154785156,145.63888549804688
Green_2.jpg,Green,Green,77.79978942871094,20.141101837158203,106.08554077148438,19.087526321411133,48.21738815307617,25.902223587036133,0.0,0.0010463899234309793,0.04019881412386894,0.20038367807865143,0.3464422821998596,0.2223578691482544,0.12949076294898987,0.04368678107857704,0.009504708461463451,0.005929543171077967,0.0006975933210924268,0.0002615974808577448,0.0,0.0,0.0,0.0,0.0,0.0012207882246002555,0.005406348034739494,0.012731078080832958,0.07036972790956497,0.15373212099075317,0.3850715160369873,0.2600279152393341,0.09129752218723297,0.015521450899541378,0.004185559693723917,0.0002615974808577448,0.0001743983302731067,0.0,0.0,0.0,0.002005580812692642,0.30380189418792725,0.2741541564464569,0.22392745316028595,0.09958144277334213,0.0347924642264843,0.022671781480312347,0.019358213990926743,0.009853505529463291,0.007237530313432217,0.0023543774150311947,0.0002615974808577448,0.0,0.0,0.0,0.0,80.32943725585938,111.62055206298828,44.05490493774414
Green_20.jpg,Green,Green,75.00188446044922,22.98586654663086,99.14994049072266,21.847606658935547,44.4633674621582,26.289339065551758,0.0,0.0,0.0451977401971817,0.31252801418304443,0.30113890767097473,0.18653035163879395,0.08698771148920059,0.0272621288895607,0.018473679199814796,0.015155591070652008,0.006008429918438196,0.0005380683578550816,0.00017935610958375037,0.0,0.0,0.0,0.0,0.0,0.00457358080893755,0.03461572900414467,0.17263025045394897,0.2098466455936432,0.2919020652770996,0.19989238679409027,0.059546228498220444,0.017576899379491806,0.008519415743649006,0.00044839028851129115,0.00044839028851129115,0.0,0.0,0.0,0.007174244616180658,0.3872298300266266,0.2871491312980652,0.13532418012619019,0.07819926738739014,0.04869518429040909,0.024033719673752785,0.014707201160490513,0.008250380866229534,0.00771231297403574,0.0009864586172625422,0.00035871221916750073,0.00017935610958375037,0.0,0.0,0.0,79.15787506103516,111.3734130859375,44.01063537597656
Green_200.jpg,Green,Green,141.8645477294922,34.70777130126953,138.70103454589844,33.237300872802734,106.86132049560547,56.37763977050781,8.014532795641571e-05,0.0022974994499236345,0.01704424060881138,0.026234237477183342,0.041167985647916794,0.04226330295205116,0.03700042888522148,0.06486428529024124,0.1367279291152954,0.27954691648483276,0.29359906911849976,0.025219064205884933,0.02169266901910305,0.009590724483132362,0.0025913657154887915,8.014532795641571e-05,0.00037401154986582696,0.00339281908236444,0.0168038047850132,0.023589441552758217,0.03895062953233719,0.040847402065992355,0.04546911641955376,0.08030562102794647,0.17672045528888702,0.3331107199192047,0.1838533878326416,0.028611883521080017,0.019528744742274284,0.007106219418346882,0.001335755456238985,0.0,0.08198866993188858,0.13242679834365845,0.05882667377591133,0.0272494126111269,0.01696409471333027,0.01568176969885826,0.025005342438817024,0.05981513112783432,0.1627751588821411,0.33984291553497314,0.0793973058462143,2.671510992513504e-05,0.0,0.0,0.0,0.0,149.9224090576172,145.0004425048828,142.06663513183594
Green_201.jpg,Green,Green,127.66582489013672,38.08345413208008,125.70835876464844,37.30692672729492,80.95196533203125,57.44271469116211,0.0006970306276343763,0.012885109521448612,0.03166510537266731,0.029195627197623253,0.05659889057278633,0.08324537426233292,0.0801585242152214,0.10513214021921158,0.1668691337108612,0.2449166476726532,0.13450700044631958,0.040387947112321854,0.01374146156013012,0.0,0.0,0.0,0.0016529584536328912,0.017087208107113838,0.028996475040912628,0.027263855561614037,0.05152052268385887,0.088483065366745,0.08579451590776443,0.11933165043592453,0.2002270370721817,0.22052058577537537,0.10686475783586502,0.037998128682374954,0.01425925549119711,0.0,0.0,0.0,0.1667098104953766,0.1639615297317505,0.10152748972177505,0.05815226957201958,0.01826220378279686,0.01597195863723755,0.03144603967666626,0.07846573740243912,0.16390177607536316,0.1766873151063919,0.024913866072893143,0.0,0.0,0.0,0.0,0.0,147.69090270996094,143.3211212158203,141.14544677734375
Green_202.jpg,Green,Green,127.44965362548828,41.16865921020508,124.8160629272461,39.91144561767578,87.27075958251953,61.11564636230469,0.00041031252476386726,0.013996216468513012,0.040780507028102875,0.05550616607069969,0.07011785358190536,0.05701064690947533,0.06487496942281723,0.07887118309736252,0.121999591588974,0.22817935049533844,0.23773051798343658,0.026670314371585846,0.003829583525657654,2.2795140466769226e-05,0.0,0.0,0.002074357820674777,0.01825890690088272,0.03868335112929344,0.05427522957324982,0.06357564777135849,0.061911601573228836,0.06663019210100174,0.09161366522312164,0.1525222808122635,0.28518998622894287,0.14333583414554596,0.01971779577434063,0.002211128594353795,0.0,0.0,0.0,0.16558389365673065,0.16594861447811127,0.08005653321743011,0.03615309298038483,0.02589527890086174,0.022065695375204086,0.020036928355693817,0.04515717178583145,0.12521369755268097,0.248307466506958,0.06558161973953247,0.0,0.0,0.0,0.0,0.0,149.2555389404297,145.1507568359375,142.63702392578125
Green_203.jpg,Green,Green,134.88162231445312,36.03827667236328,134.0604705810547,35.066917419433594,100.96436309814453,59.288143157958984,0.0011770244454964995,0.020303672179579735,0.017478814348578453,0.021362993866205215,0.03778248652815819,0.05205390602350235,0.07200447469949722,0.09192561358213425,0.1126706674695015,0.25882768630981445,0.3116760849952698,0.0026483051478862762,8.827683632262051e-05,0.0,0.0,0.0,0.003325094236060977,0.021039312705397606,0.01942090317606926,0.019685734063386917,0.034516241401433945,0.049493879079818726,0.04610993340611458,0.0887182205915451,0.16039900481700897,0.33939501643180847,0.21086393296718597,0.006767890881747007,0.00026483050896786153,0.0,0.0,0.0,0.0484934076666832,0.20415489375591278,0.07768361270427704,0.044962335377931595,0.02633592300117016,0.014653954654932022,0.012623587623238564,0.029955273494124413,0.09884063154459,0.33421608805656433,0.10805084556341171,2.942561150121037e-05,0.0,0.0,0.0,0.0,150.87876892089844,146.72021484375,144.76043701171875
Green_204.jpg,Green,Green,126.36072540283203,36.101226806640625,125.71011352539062,34.134178161621094,97.00444793701172,58.51502990722656,3.644049138529226e-05,0.003425406292080879,0.02211937867105007,0.027986299246549606,0.06843524426221848,0.13155017793178558,0.09259529411792755,0.0753953829407692,0.13898403942584991,0.1976167857646942,0.24170978367328644,0.0001093214814318344,3.644049138529226e-05,0.0,0.0,0.0,0.0002915239310823381,0.006777931470423937,0.022957511246204376,0.026455797255039215,0.05994461104273796,0.09605713933706284,0.10793673992156982,0.10349100083112717,0.1674804985523224,0.2524232864379883,0.15603819489479065,0.0001093214814318344,3.644049138529226e-05,0.0,0.0,0.0,0.06792508065700531,0.20326507091522217,0.09285037219524384,0.027476131916046143,0.013628744520246983,0.008709277957677841,0.014066030271351337,0.06406238675117493,0.16052037477493286,0.288280725479126,0.05921579897403717,0.0,0.0,0.0,0.0,0.0,148.58389282226562,144.7590789794922,140.96234130859375
Green_205.jpg,Green,Green,136.0922393798828,35.64986801147461,130.44264221191406,35.17958068847656,96.22029876708984,57.093414306640625,3.632928928709589e-05,0.005994332488626242,0.021724915131926537,0.03258737176656723,0.03938094899058342,0.04868124797940254,0.06532005965709686,0.08828017115592957,0.14230182766914368,0.25412335991859436,0.2586645483970642,0.0265203807502985,0.014277410693466663,0.0018527937354519963,0.0002543050213716924,0.0,0.0007629150641150773,0.011443725787103176,0.023323403671383858,0.036837898194789886,0.04308653622865677,0.05166024714708328,0.06909830868244171,0.11138559877872467,0.1900021731853485,0.27701082825660706,0.16028481721878052,0.022887451574206352,0.0018527937354519963,0.0003632929001469165,0.0,0.0,0.055038873106241226,0.19403472542762756,0.09580033272504807,0.0451936349272728,0.02728329598903656,0.013369178399443626,0.016457168385386467,0.061759792268276215,0.17132893204689026,0.26901838183403015,0.05071568861603737,0.0,0.0,0.0,0.0,0.0,148.85716247558594,143.88868713378906,140.5576171875
Green_206.jpg,Green,Green,132.42459106445312,31.87684440612793,130.42185974121094,29.884750366210938,99.67003631591797,56.44483184814453,0.00010353395919082686,0.003036996116861701,0.010456929914653301,0.015944229438900948,0.05187051370739937,0.08462175726890564,0.07896190136671066,0.10446576774120331,0.19585174322128296,0.2086554318666458,0.24333931505680084,0.0025193262845277786,0.0001725565962260589,0.0,0.0,0.0,0.000310601870296523,0.0055908337235450745,0.011561292223632336,0.0176007729023695,0.026194091886281967,0.0799972414970398,0.10874516516923904,0.1218249574303627,0.19291827082633972,0.29248344898223877,0.14180701971054077,0.0009663169621489942,0.0,0.0,0.0,0.0,0.05442435294389725,0.1795278787612915,0.09228327125310898,0.030922142788767815,0.020913859829306602,0.015426560305058956,0.024917172268033028,0.08206792175769806,0.15178078413009644,0.28630590438842773,0.061050523072481155,0.0003796245146077126,0.0,0.0,0.0,0.0,148.4715118408203,143.37237548828125,140.81155395507812
Green_207.jpg,Green,Green,149.50469970703125,16.623626708984375,144.24435424804688,17.2857723236084,141.4914093017578,19.085744857788086,0.0,0.0,0.001425042748451233,0.0026125784497708082,0.0016150485025718808,0.0035151054617017508,0.018335549160838127,0.0539616197347641,0.24330230057239532,0.3226296901702881,0.35260307788848877,0.0,0.0,0.0,0.0,0.0,0.0,0.0005225156783126295,0.0027550826780498028,0.002185065532103181,0.001235036994330585,0.009025271050632,0.03059091791510582,0.0873551219701767,0.2737032175064087,0.43297550082206726,0.15965229272842407,0.0,0.0,0.0,0.0,0.0,9.50028479564935e-05,0.0028025840874761343,0.002517575630918145,0.000950028479564935,0.003372601233422756,0.022373171523213387,0.037098612636327744,0.09766293317079544,0.2794508934020996,0.4410507380962372,0.11262588202953339,0.0,0.0,0.0,0.0,0.0,147.98460388183594,143.2281951904297,141.06593322753906
Green_208.jpg,Green,Green,136.82167053222656,35.580379486083984,131.16604614257812,35.35818099975586,103.11161804199219,58.564388275146484,0.00016521825455129147,0.019363578408956528,0.016224432736635208,0.024881869554519653,0.030234940350055695,0.05980900675058365,0.0518454872071743,0.06083336099982262,0.15718863904476166,0.25103262066841125,0.31427815556526184,0.012920067645609379,0.0007930475985631347,0.00042956744437105954,0.0,0.0,0.0007269603083841503,0.0241549089550972,0.019066186621785164,0.025972308591008186,0.03595149144530296,0.06651686877012253,0.054257676005363464,0.07190298289060593,0.18953837454319,0.3342365324497223,0.1762217879295349,0.0008591348887421191,0.0004956547636538744,9.913094982039183e-05,0.0,0.0,0.07299342751502991,0.17063741385936737,0.07989954948425293,0.025344479829072952,0.01034266222268343,0.007170472294092178,0.007467865012586117,0.04982982575893402,0.1643921583890915,0.34365397691726685,0.06820209324359894,6.608730473089963e-05,0.0,0.0,0.0,0.0,149.109375,144.1971893310547,141.15383911132812
Green_209.jpg,Green,Green,133.78750610351562,42.53445053100586,127.75023651123047,41.33830642700195,87.35919189453125,57.72977828979492,0.00013674279034603387,0.024203473702073097,0.031929440796375275,0.03633939474821091,0.047176260501146317,0.060166824609041214,0.059072885662317276,0.08454123139381409,0.10583891719579697,0.21807056665420532,0.24559004604816437,0.04454396292567253,0.03586079552769661,0.006461096461862326,6.837139517301694e-05,0.0,0.00023929987219162285,0.02806645631790161,0.03534800931811333,0.0453302338719368,0.05011622980237007,0.06399562209844589,0.06266238540410995,0.09965130686759949,0.11633392423391342,0.2958430051803589,0.1440243422985077,0.044578149914741516,0.013674278743565083,0.00013674279034603387,0.0,0.0,0.0644400417804718,0.2235402762889862,0.10782168805599213,0.058560099452733994,0.04738137498497963,0.03647613897919655,0.01678517647087574,0.03616846725344658,0.08037057518959045,0.28080132603645325,0.04762067645788193,3.418569758650847e-05,0.0,0.0,0.0,0.0,151.6944580078125,146.54644775390625,143.88670349121094
Green_21.jpg,Green,Green,80.09636688232422,27.439367294311523,103.32487487792969,26.448118209838867,49.75786590576172,29.009939193725586,0.0,0.0002215330023318529,0.028356224298477173,0.31989365816116333,0.271820992231369,0.12893220782279968,0.09991138428449631,0.07011519372463226,0.04674346372485161,0.027470093220472336,0.005206025671213865,0.000996898510493338,0.00033229950349777937,0.0,0.0,0.0,0.0,0.0,0.003655294654890895,0.029020823538303375,0.17490030825138092,0.2402525544166565,0.17556491494178772,0.16094373166561127,0.1379043012857437,0.05926008149981499,0.017168808728456497,0.0011076650116592646,0.0002215330023318529,0.0,0.0,0.0,0.0175011083483696,0.26871955394744873,0.3162383735179901,0.14554718136787415,0.10423128306865692,0.06214001029729843,0.03843597695231438,0.021156402304768562,0.012848914600908756,0.011519716121256351,0.001218431512825191,0.0002215330023318529,0.0002215330023318529,0.0,0.0,0.0,77.63741302490234,112.32369995117188,41.17130661010742
Green_210.jpg,Green,Green,132.15040588378906,37.57472229003906,128.14573669433594,37.83496856689453,100.01018524169922,59.59199905395508,6.445791223086417e-05,0.012021400034427643,0.026234369724988937,0.04898801073431969,0.05514374002814293,0.04724764823913574,0.049632590264081955,0.061718448996543884,0.16462549567222595,0.2661144733428955,0.26434189081192017,0.003351811319589615,0.00041897641494870186,6.445791223086417e-05,3.2228956115432084e-05,0.0,0.001160242361947894,0.016759056597948074,0.02616991102695465,0.05317777395248413,0.05894675850868225,0.05366120859980583,0.05317777395248413,0.06639164686203003,0.18679901957511902,0.30063170194625854,0.17142580449581146,0.011215676553547382,0.000483434327179566,0.0,0.0,0.0,0.1228245422244072,0.1481887400150299,0.056432899087667465,0.02239912375807762,0.015147608704864979,0.01269820798188448,0.015373211354017258,0.05810880661010742,0.17335954308509827,0.30401572585105896,0.0714515894651413,0.0,0.0,0.0,0.0,0.0,148.5976104736328,144.2943572998047,141.4188690185547
Green_211.jpg,Green,Green,131.6779327392578,38.607810974121094,125.35501098632812,38.353179931640625,93.56015014648438,57.380706787109375,3.496992576401681e-05,0.009721639566123486,0.02507343702018261,0.05238495022058487,0.042768217623233795,0.05881941691040993,0.0708141028881073,0.08357812464237213,0.15970765054225922,0.2510141134262085,0.193523570895195,0.026332354173064232,0.02262554131448269,0.003182263346388936,0.0004196391091682017,0.0,0.0004546090494841337,0.01636592485010624,0.030248986557126045,0.051475729793310165,0.0533641055226326,0.06556861102581024,0.08284375071525574,0.10295145958662033,0.19331374764442444,0.25874248147010803,0.10445516556501389,0.02507343702018261,0.013778151012957096,0.001293887267820537,6.993985152803361e-05,0.0,0.10935095697641373,0.14414604008197784,0.08599104732275009,0.0514407604932785,0.029269827529788017,0.026017624884843826,0.023989368230104446,0.062421318143606186,0.17575885355472565,0.24429990351200104,0.047244369983673096,3.496992576401681e-05,3.496992576401681e-05,0.0,0.0,0.0,148.91905212402344,143.55560302734375,141.01168823242188
Green_212.jpg,Green,Green,130.557861328125,40.93015670776367,126.68217468261719,40.2017936706543,99.3468246459961,58.8422966003418,0.0013843225315213203,0.016809631139039993,0.03777223080396652,0.0401947945356369,0.0725780501961708,0.05529874190688133,0.04335895925760269,0.0515165738761425,0.13833338022232056,0.2799545228481293,0.23034138977527618,0.018218673765659332,0.01038241945207119,0.0037080068141222,0.0001483202795498073,0.0,0.0033866462763398886,0.020715398713946342,0.03910711035132408,0.038934070616960526,0.07111956924200058,0.05786962807178497,0.045880403369665146,0.06953749060630798,0.17773713171482086,0.31008824706077576,0.13872890174388885,0.016142189502716064,0.008825056254863739,0.0019281635759398341,0.0,0.0,0.13554000854492188,0.12036190181970596,0.06815316528081894,0.02548636682331562,0.017427632585167885,0.01666131056845188,0.02197612076997757,0.05522458255290985,0.18366993963718414,0.3087533712387085,0.04672088474035263,2.472004598530475e-05,0.0,0.0,0.0,0.0,149.43775939941406,144.8129425048828,141.8334503173828
Green_22.jpg,Green,Green,80.56549072265625,23.23793601989746,107.21387481689453,20.975587844848633,44.41071701049805,30.237104415893555,0.0,0.00012521912867669016,0.022163785994052887,0.19671925902366638,0.3524918556213379,0.23766592144966125,0.07463060319423676,0.06210869178175926,0.03330828994512558,0.01702980138361454,0.0021287251729518175,0.0007513148011639714,0.0008765339152887464,0.0,0.0,0.0,0.0,0.0,0.00012521912867669016,0.008139243349432945,0.09629351645708084,0.1707988977432251,0.3195592164993286,0.26270973682403564,0.08827948570251465,0.042073629796504974,0.010142750106751919,0.0010017530294135213,0.0008765339152887464,0.0,0.0,0.0,0.04971199482679367,0.40608564019203186,0.23929376900196075,0.09529176354408264,0.07062359154224396,0.05209115892648697,0.03693964332342148,0.028049085289239883,0.013774104416370392,0.0058852992951869965,0.0011269721435382962,0.0002504382573533803,0.0008765339152887464,0.0,0.0,0.0,79.52388000488281,113.07520294189453,43.331809997558594
Green_23.jpg,Green,Green,71.00790405273438,22.80139923095703,95.81895446777344,21.377649307250977,41.42985534667969,27.04184913635254,0.0,0.0035303146578371525,0.10130468010902405,0.32693782448768616,0.2784343957901001,0.16845740377902985,0.0671527236700058,0.023637758567929268,0.016116654500365257,0.009593246504664421,0.0043745203875005245,0.00046047582873143256,0.0,0.0,0.0,0.0,0.0,0.0,0.0029163470026105642,0.07728319615125656,0.1561780571937561,0.2284727543592453,0.2869531810283661,0.21220260858535767,0.019493477419018745,0.007597851101309061,0.007981580682098866,0.0009209516574628651,0.0,0.0,0.0,0.0,0.10414428263902664,0.342824250459671,0.24604758620262146,0.12501919269561768,0.093016117811203,0.046354565769433975,0.015886416658759117,0.009976976551115513,0.006983883213251829,0.008211818523705006,0.0013046815292909741,0.00023023791436571628,0.0,0.0,0.0,0.0,51.96882247924805,81.30854034423828,19.3952579498291
Green_24.jpg,Green,Green,80.00492095947266,29.082841873168945,108.10433959960938,28.45108985900879,47.87425994873047,25.393545150756836,0.0,0.0016401124885305762,0.1984536051750183,0.12308653444051743,0.15581068396568298,0.20618556439876556,0.1836925894021988,0.08458293974399567,0.025538893416523933,0.014292408712208271,0.006560449954122305,0.0001562011893838644,0.0,0.0,0.0,0.0,0.0,0.0,0.0014058107044547796,0.03178694099187851,0.22000937163829803,0.10840362310409546,0.1291002780199051,0.17236800491809845,0.25109341740608215,0.07927209883928299,0.006560449954122305,0.0,0.0,0.0,0.0,0.0,0.09715713560581207,0.16861918568611145,0.2610121965408325,0.2513277232646942,0.13948765397071838,0.036707278341054916,0.01780693605542183,0.012886597774922848,0.008669165894389153,0.0057013435289263725,0.0006248047575354576,0.0,0.0,0.0,0.0,0.0,42.59169006347656,74.38252258300781,17.891117095947266
Green_25.jpg,Green,Green,77.16458892822266,23.391427993774414,104.34101867675781,21.15352439880371,47.19453811645508,26.22196388244629,0.0,0.0,0.03420258313417435,0.2894838750362396,0.2778766453266144,0.21581676602363586,0.09610771387815475,0.05153601989150047,0.016482241451740265,0.011994118802249432,0.005416698753833771,0.0006964327185414732,0.00038690707879140973,0.0,0.0,0.0,0.0,0.0,7.738140993751585e-05,0.0057262247428298,0.13239960372447968,0.21960845589637756,0.29513269662857056,0.20451907813549042,0.10415538400411606,0.029482318088412285,0.007815523073077202,0.0006190512795001268,0.0003095256397500634,0.0001547628198750317,0.0,0.0,0.016559623181819916,0.2653408646583557,0.33444246649742126,0.1946142464876175,0.09456008672714233,0.03373829647898674,0.020506074652075768,0.020892981439828873,0.009517913684248924,0.007892903871834278,0.0010059584164991975,0.0005416698986664414,0.00038690707879140973,0.0,0.0,0.0,78.02930450439453,111.98623657226562,44.56523895263672
Green_26.jpg,Green,Green,66.26575469970703,22.346282958984375,91.55059814453125,21.199800491333008,42.05810546875,27.44016456604004,0.0,0.00025447452208027244,0.09619136154651642,0.4964797794818878,0.2250402867794037,0.07795402407646179,0.046992961317300797,0.030112817883491516,0.011196878738701344,0.011196878738701344,0.003732292912900448,0.0006785987061448395,0.00016964967653620988,0.0,0.0,0.0,0.0,0.0006785987061448395,0.002714394824579358,0.04835015535354614,0.28026124835014343,0.2976503372192383,0.19323097169399261,0.1237594336271286,0.02841632068157196,0.01569259539246559,0.008228009566664696,0.0005089490441605449,0.0005089490441605449,0.0,0.0,0.0,0.012469250708818436,0.46127745509147644,0.27941301465034485,0.08652133494615555,0.053609296679496765,0.040885571390390396,0.029773518443107605,0.013656798750162125,0.011536178179085255,0.008397659286856651,0.0016116718761622906,0.0005937738460488617,0.00025447452208027244,0.0,0.0,0.0,51.03816604614258,79.3182144165039,23.526063919067383
Green_27.jpg,Green,Green,70.55322265625,25.67525291442871,95.29295349121094,22.867977142333984,46.639495849609375,30.49611473083496,0.0,0.0011378917843103409,0.10241026431322098,0.4307437539100647,0.19830350577831268,0.09206578880548477,0.07148029655218124,0.06630805879831314,0.017171822488307953,0.017689045518636703,0.0021723387762904167,0.0005172235541976988,0.0,0.0,0.0,0.0,0.0,0.00010344471229473129,0.0022757835686206818,0.03930898755788803,0.25499120354652405,0.245991513133049,0.24133650958538055,0.11451329290866852,0.07148029655218124,0.018723491579294205,0.010551360435783863,0.00041377884917892516,0.000310334115056321,0.0,0.0,0.0,0.031033413484692574,0.38646942377090454,0.22964724898338318,0.1229957565665245,0.06868728995323181,0.07706630975008011,0.03744698315858841,0.016964932903647423,0.019033826887607574,0.009310023859143257,0.0008275576983578503,0.0005172235541976988,0.0,0.0,0.0,0.0,49.798892974853516,78.21045684814453,20.821044921875
Green_28.jpg,Green,Green,77.8077163696289,24.480484008789062,103.3512954711914,22.16508674621582,48.96672821044922,28.473045349121094,0.0,0.0003616636386141181,0.04593128338456154,0.2946353256702423,0.23737190663814545,0.2203737199306488,0.11862567812204361,0.03990355506539345,0.018083183094859123,0.018927063792943954,0.003978300374001265,0.0010849909158423543,0.0006027727504260838,0.00012055454863002524,0.0,0.0,0.0,0.0,0.00024110909726005048,0.009403254836797714,0.14273658394813538,0.27100664377212524,0.2124171257019043,0.20241108536720276,0.12802892923355103,0.02073538303375244,0.01157323643565178,0.00048221819452010095,0.0007233272772282362,0.00024110909726005048,0.0,0.0,0.027004219591617584,0.279083788394928,0.2763110399246216,0.19674502313137054,0.10331524908542633,0.03809523954987526,0.02941531129181385,0.023508137091994286,0.013863773085176945,0.010488245636224747,0.0009644363890402019,0.0006027727504260838,0.00048221819452010095,0.00012055454863002524,0.0,0.0,52.81576156616211,82.42971801757812,21.85542106628418
Green_29.jpg,Green,Green,78.65713500976562,32.027320861816406,103.9984359741211,28.0882625579834,52.5494270324707,37.585487365722656,0.0,0.005136221647262573,0.15572428703308105,0.1931665986776352,0.19763287901878357,0.26321274042129517,0.08054190874099731,0.015929730609059334,0.012952210381627083,0.010867946781218052,0.0640166774392128,0.000818817934487015,0.0,0.0,0.0,0.0,0.0,0.0,0.0009676939225755632,0.04600267857313156,0.19487866759300232,0.16852761805057526,0.1675599217414856,0.26298943161964417,0.08009528368711472,0.011686764657497406,0.0655798688530922,0.0014887598808854818,0.00022331398213282228,0.0,0.0,0.0,0.08195623010396957,0.2187732607126236,0.28666070103645325,0.17388714849948883,0.08374274522066116,0.046523746103048325,0.019726067781448364,0.010570194572210312,0.009825815446674824,0.024713413789868355,0.04339734837412834,0.00022331398213282228,0.0,0.0,0.0,0.0,80.20771789550781,115.33197021484375,46.31647491455078
Green_3.jpg,Green,Green,75.19306182861328,25.367189407348633,95.61540985107422,26.20823097229004,51.116634368896484,30.920337677001953,0.0,0.0008184980833902955,0.09156946837902069,0.3022304177284241,0.2608962655067444,0.1009821966290474,0.1505013257265091,0.06005729362368584,0.015756087377667427,0.014630652964115143,0.0018416206585243344,0.0005115612875670195,0.00020462452084757388,0.0,0.0,0.0,0.0,0.00040924904169514775,0.031921423971652985,0.07530181854963303,0.20728462934494019,0.17311233282089233,0.1854921281337738,0.22283609211444855,0.08021280914545059,0.013812154531478882,0.00849191751331091,0.0005115612875670195,0.0005115612875670195,0.00010231226042378694,0.0,0.0,0.05238387733697891,0.24473091959953308,0.28146103024482727,0.11622672528028488,0.14006547629833221,0.07939431071281433,0.036320850253105164,0.020257826894521713,0.012482095509767532,0.011765909381210804,0.0037855536211282015,0.0003069367667194456,0.0006138735334388912,0.00020462452084757388,0.0,0.0,74.50885009765625,110.05211639404297,43.154869079589844
Green_30.jpg,Green,Green,70.88313293457031,29.04949951171875,96.05872344970703,27.327259063720703,48.55912780761719,33.08952713012695,0.0,0.0054050106555223465,0.21919509768486023,0.2566649615764618,0.2514060437679291,0.10101526230573654,0.09225038439035416,0.018552333116531372,0.00891096331179142,0.008253597654402256,0.03790811449289322,0.00043824411113746464,0.0,0.0,0.0,0.0,0.0,0.0005112848011776805,0.010663939639925957,0.08998612314462662,0.24665838479995728,0.12760207056999207,0.24994522333145142,0.1777079850435257,0.0456504262983799,0.00869184173643589,0.04185231029987335,0.0007304068421944976,0.0,0.0,0.0,0.0,0.032064858824014664,0.33153167366981506,0.28361696004867554,0.12110145390033722,0.10766196995973587,0.047184281051158905,0.01694543845951557,0.008399678394198418,0.00832663755863905,0.00832663755863905,0.03476736694574356,7.304068276425824e-05,0.0,0.0,0.0,0.0,46.23478698730469,74.31085968017578,22.24896240234375
Green_31.jpg,Green,Green,69.60617065429688,20.854650497436523,94.34664916992188,18.27680015563965,42.653629302978516,24.534799575805664,0.0,0.00037516411975957453,0.04070530831813812,0.4459763765335083,0.2817482650279999,0.12727443873882294,0.05815044045448303,0.018476834520697594,0.01247420720756054,0.011348715052008629,0.0034702683333307505,0.0,0.0,0.0,0.0,0.0,0.0,9.379102993989363e-05,0.0010317013366147876,0.016413431614637375,0.16807353496551514,0.39185893535614014,0.2827799618244171,0.08572500199079514,0.032264117151498795,0.012661789543926716,0.008816356770694256,0.0002813730970956385,0.0,0.0,0.0,0.0,0.009848058223724365,0.3640967905521393,0.3756330907344818,0.10889139026403427,0.05411742627620697,0.036578502506017685,0.020446445792913437,0.013224535621702671,0.00928531214594841,0.0073157004080712795,0.000562746194191277,0.0,0.0,0.0,0.0,0.0,52.584442138671875,82.77645111083984,24.50630760192871
Green_32.jpg,Green,Green,69.04161071777344,30.35073471069336,93.62995147705078,26.88743782043457,48.40467834472656,35.8994140625,0.0,0.0024620434269309044,0.20878128707408905,0.35888388752937317,0.21600328385829926,0.08658186346292496,0.0375051274895668,0.018054986372590065,0.012228148989379406,0.010340582579374313,0.04710710048675537,0.0013130898587405682,0.000574476842302829,0.00016413623234257102,0.0,0.0,0.0,0.0013951580040156841,0.013705375604331493,0.07000410556793213,0.25080016255378723,0.2064833790063858,0.29651209712028503,0.08223225176334381,0.013951580040156841,0.009930241852998734,0.05088223144412041,0.0035289290826767683,0.000574476842302829,0.0,0.0,0.0,0.0400492399930954,0.34329092502593994,0.3000410199165344,0.11899876594543457,0.0657365620136261,0.03405826911330223,0.01895773410797119,0.013212966732680798,0.009109561331570148,0.015757078304886818,0.039885103702545166,0.0009027493069879711,0.0,0.0,0.0,0.0,46.87957763671875,75.3731460571289,21.91817855834961
Green_33.jpg,Green,Green,72.24182891845703,27.97195816040039,96.13468170166016,26.27143669128418,48.308990478515625,34.63882064819336,0.0,0.0015563271008431911,0.09589368849992752,0.4240392744541168,0.1705973893404007,0.12486531585454941,0.07901352643966675,0.053034838289022446,0.025619538500905037,0.01544355321675539,0.002154914429411292,0.00419011153280735,0.0035915239714086056,0.0,0.0,0.0,0.00011971746425842866,0.0026337841991335154,0.01747875101864338,0.05818269029259682,0.13683706521987915,0.3675326108932495,0.18220998346805573,0.10606967657804489,0.07398539781570435,0.03244343400001526,0.01460553053766489,0.002753501757979393,0.004309828858822584,0.0008380222716368735,0.0,0.0,0.06764037162065506,0.38908177614212036,0.1433018147945404,0.1270202249288559,0.09517538547515869,0.06596432626247406,0.04657009616494179,0.02992936596274376,0.018795643001794815,0.008619657717645168,0.0020351968705654144,0.004309828858822584,0.0015563271008431911,0.0,0.0,0.0,51.86068344116211,82.14568328857422,20.280643463134766
Green_34.jpg,Green,Green,77.55135345458984,30.28502655029297,100.39877319335938,26.996274948120117,51.78011703491211,31.812658309936523,0.0,0.0012057437561452389,0.1645292192697525,0.260988712310791,0.161240816116333,0.13197413086891174,0.10917461663484573,0.08407322317361832,0.06971391290426254,0.013811246491968632,0.0023018743377178907,0.0007672914653085172,0.0002192261308664456,0.0,0.0,0.0,0.0,0.0004384522617328912,0.0028499397449195385,0.02784171886742115,0.2774306833744049,0.19379590451717377,0.15674668550491333,0.14742957055568695,0.10994190722703934,0.07322152704000473,0.00909788440912962,0.0010961306979879737,0.0001096130654332228,0.0,0.0,0.0,0.0850597396492958,0.257152259349823,0.18765756487846375,0.12868574261665344,0.12331470102071762,0.10829770565032959,0.07344075292348862,0.017318865284323692,0.010194014757871628,0.007234462536871433,0.0010961306979879737,0.0004384522617328912,0.0001096130654332228,0.0,0.0,0.0,48.18697738647461,76.59122467041016,20.08635139465332
Green_35.jpg,Green,Green,69.9902572631836,23.82533073425293,94.66622161865234,23.670934677124023,45.442138671875,29.487808227539062,0.0,0.0012673267628997564,0.12530693411827087,0.381623774766922,0.2212277203798294,0.10748514533042908,0.09623762220144272,0.04269307106733322,0.011485148221254349,0.009504950605332851,0.002613861346617341,0.0005544554442167282,0.0,0.0,0.0,0.0,0.0,0.00015841584536246955,0.002059405902400613,0.08245544880628586,0.23199999332427979,0.2364356368780136,0.20158416032791138,0.14138613641262054,0.07952475547790527,0.01702970266342163,0.006574257276952267,0.0005544554442167282,0.00023762376804370433,0.0,0.0,0.0,0.06154455617070198,0.3761584162712097,0.22194059193134308,0.10811880975961685,0.08007920533418655,0.06946534663438797,0.047207921743392944,0.018534652888774872,0.009504950605332851,0.006495049688965082,0.0007920791977085173,0.00015841584536246955,0.0,0.0,0.0,0.0,52.213523864746094,80.22093963623047,22.1995849609375
Green_36.jpg,Green,Green,73.17304992675781,34.067989349365234,98.38429260253906,30.62322998046875,52.96660614013672,38.26024627685547,0.0,0.01628575287759304,0.2443547248840332,0.15710961818695068,0.25188174843788147,0.1721636801958084,0.05528944730758667,0.014575065113604069,0.01040098536759615,0.009716710075736046,0.06603257358074188,0.0015054057585075498,0.0006158478208817542,6.842753646196797e-05,0.0,0.0,0.0,6.842753646196797e-05,0.0035582317505031824,0.09709867089986801,0.2623511552810669,0.12576980888843536,0.12433283030986786,0.2820582985877991,0.023881210014224052,0.009032434783875942,0.06890653073787689,0.002326536225154996,0.0005474202916957438,6.842753646196797e-05,0.0,0.0,0.09497741609811783,0.2104831039905548,0.2457917034626007,0.2094566822052002,0.08799780905246735,0.04174079746007919,0.0175858773291111,0.01053784042596817,0.00862186960875988,0.02271794155240059,0.049062542617321014,0.0010264130542054772,0.0,0.0,0.0,0.0,77.2822036743164,114.98189544677734,47.53104019165039
Green_37.jpg,Green,Green,74.87638854980469,23.52562141418457,99.71658325195312,20.526172637939453,46.38593673706055,27.523908615112305,0.0,0.00027146865613758564,0.05139806494116783,0.32657676935195923,0.28621843457221985,0.18360328674316406,0.06786715984344482,0.04216812923550606,0.020541127771139145,0.016016650944948196,0.004253008868545294,0.0009953849948942661,9.048954962054268e-05,0.0,0.0,0.0,0.0,0.0,0.0009048954816535115,0.012759026139974594,0.1340150237083435,0.32938194274902344,0.2385304570198059,0.19581937789916992,0.061532892286777496,0.018007420003414154,0.008415527641773224,0.0005429373122751713,9.048954962054268e-05,0.0,0.0,0.0,0.03999638184905052,0.2932766377925873,0.3044068515300751,0.1702108383178711,0.06922450661659241,0.046602118760347366,0.03909148648381233,0.017826441675424576,0.012578046880662441,0.005972309969365597,0.0005429373122751713,0.00027146865613758564,0.0,0.0,0.0,0.0,77.5959243774414,109.8741226196289,46.709686279296875
Green_38.jpg,Green,Green,77.7595443725586,24.936634063720703,100.77173614501953,21.419849395751953,48.69076919555664,26.34006118774414,0.0,8.40760039864108e-05,0.049520768225193024,0.2890532910823822,0.27190178632736206,0.1863965094089508,0.08819572627544403,0.06339330971240997,0.033966705203056335,0.014881452545523643,0.001933748135343194,0.0006726080318912864,0.0,0.0,0.0,0.0,0.0,0.0002522280265111476,0.002185976132750511,0.020682696253061295,0.16226668655872345,0.20951740443706512,0.3064570426940918,0.19572894275188446,0.0690264031291008,0.027240624651312828,0.005969396326690912,0.0004203800344839692,0.0002522280265111476,0.0,0.0,0.0,0.045653268694877625,0.24533377587795258,0.26298972964286804,0.21590718626976013,0.10753320902585983,0.06742895394563675,0.02631578966975212,0.01235917303711176,0.009416512213647366,0.005969396326690912,0.0006726080318912864,0.0004203800344839692,0.0,0.0,0.0,0.0,77.90892028808594,109.28398895263672,47.068241119384766
Green_39.jpg,Green,Green,80.25592803955078,25.755428314208984,101.30503845214844,23.366016387939453,49.68311309814453,28.323535919189453,0.0,0.00022789425565861166,0.00865998212248087,0.24099817872047424,0.3561987280845642,0.20271193981170654,0.08340929448604584,0.04706016555428505,0.020168641582131386,0.022447584196925163,0.008090246468782425,0.0063810390420258045,0.003304466838017106,0.0003418413980398327,0.0,0.0,0.0,0.0010255241068080068,0.004899726714938879,0.02324521355330944,0.12853236496448517,0.2734731137752533,0.28840017318725586,0.16385596990585327,0.06369644403457642,0.03144940733909607,0.015496809035539627,0.0021649955306202173,0.003304466838017106,0.0004557885113172233,0.0,0.0,0.003418413922190666,0.2690291702747345,0.35608476400375366,0.15895624458789825,0.07349589467048645,0.050706472247838974,0.04284412041306496,0.01857338286936283,0.013445761054754257,0.008546034805476665,0.0006836827960796654,0.0021649955306202173,0.0019371011294424534,0.00011394712782930583,0.0,0.0,77.94915771484375,108.57113647460938,44.080772399902344
Green_4.jpg,Green,Green,73.43733215332031,21.518163681030273,100.01061248779297,21.165386199951172,44.09572219848633,29.481468200683594,0.0,0.0035020695067942142,0.0475432462990284,0.30542290210723877,0.3338639438152313,0.20258940756320953,0.04329831153154373,0.03321659937500954,0.015600127167999744,0.010506208054721355,0.002228589728474617,0.0018040963914245367,0.00042449324973858893,0.0,0.0,0.0,0.0003183699445798993,0.003183699445798993,0.008808234706521034,0.01687360741198063,0.10569882392883301,0.31094130873680115,0.24801018834114075,0.23686723411083221,0.04319218918681145,0.015494003891944885,0.007747001945972443,0.002334713004529476,0.0005306165548972785,0.0,0.0,0.0,0.015918496996164322,0.3803459703922272,0.3447946608066559,0.12809084355831146,0.025681842118501663,0.022073648869991302,0.02536347322165966,0.023983869701623917,0.016555236652493477,0.009126605466008186,0.004563302733004093,0.002334713004529476,0.0009551098337396979,0.00021224662486929446,0.0,0.0,80.31763458251953,112.06073760986328,43.45793914794922
Green_40.jpg,Green,Green,80.63749694824219,26.799922943115234,105.05388641357422,24.201303482055664,51.20060729980469,28.32794761657715,0.0,0.0,0.0246359221637249,0.3271844685077667,0.20740291476249695,0.16177184879779816,0.11249999701976776,0.1116504818201065,0.03349514678120613,0.01589805819094181,0.005218446720391512,0.00024271845177281648,0.0,0.0,0.0,0.0,0.0,0.0,0.00012135922588640824,0.004490291234105825,0.16201455891132355,0.2553398013114929,0.1891990303993225,0.17378640174865723,0.15097087621688843,0.050849515944719315,0.012742718681693077,0.00048543690354563296,0.0,0.0,0.0,0.0,0.01080097071826458,0.3032766878604889,0.22281552851200104,0.1743932068347931,0.11601942032575607,0.09587378799915314,0.04150485619902611,0.016019416972994804,0.01201456319540739,0.00691747572273016,0.0003640776558313519,0.0,0.0,0.0,0.0,0.0,53.433284759521484,80.37158966064453,22.868484497070312
Green_41.jpg,Green,Green,70.77032470703125,23.97040367126465,96.17594909667969,22.03221893310547,41.670936584472656,26.84148597717285,0.0,0.0012423325097188354,0.12314620614051819,0.332789808511734,0.24388539791107178,0.15039987862110138,0.0771799087524414,0.04254988580942154,0.01669384352862835,0.009084556251764297,0.0020964359864592552,0.0008541035931557417,7.764578185742721e-05,0.0,0.0,0.0,0.0,0.00015529156371485442,0.002329373499378562,0.03012656234204769,0.24831120669841766,0.24194425344467163,0.1949685513973236,0.20296606421470642,0.059088438749313354,0.012811553664505482,0.006134016439318657,0.0008541035931557417,0.00031058312742970884,0.0,0.0,0.0,0.11460517346858978,0.3149312734603882,0.25405699014663696,0.1454305499792099,0.08075161278247833,0.043248698115348816,0.018479695543646812,0.011413929983973503,0.010792762972414494,0.004969330038875341,0.0010093951132148504,0.00031058312742970884,0.0,0.0,0.0,0.0,49.91154098510742,78.29874420166016,19.07200050354004
Green_42.jpg,Green,Green,76.65647888183594,31.145139694213867,99.56310272216797,26.904298782348633,48.347190856933594,32.82502365112305,0.0,0.0012502929894253612,0.21903571486473083,0.1837930828332901,0.2005157470703125,0.11619910597801208,0.13378135859966278,0.09197468310594559,0.019145112484693527,0.00953348446637392,0.023833710700273514,0.0009377197711728513,0.0,0.0,0.0,0.0,0.0,0.0,0.00359459244646132,0.058451198041439056,0.24740172922611237,0.14620614051818848,0.1578494906425476,0.23403923213481903,0.11440180987119675,0.009299054741859436,0.02719387412071228,0.0011721496703103185,0.000390716566471383,0.0,0.0,0.0,0.1389388144016266,0.20762678980827332,0.23872782289981842,0.15323904156684875,0.12260685861110687,0.06165507435798645,0.029772603884339333,0.009924201294779778,0.00843947846442461,0.00953348446637392,0.019145112484693527,0.0003125732473563403,7.814331183908507e-05,0.0,0.0,0.0,45.28506851196289,74.42353820800781,17.042444229125977
Green_43.jpg,Green,Green,76.59583282470703,21.765146255493164,107.0213623046875,21.34811782836914,42.27889633178711,25.233097076416016,0.0,0.0,0.021261073648929596,0.29317352175712585,0.3169358968734741,0.20885878801345825,0.10265763103961945,0.021365294232964516,0.016050025820732117,0.012506513856351376,0.005315268412232399,0.0012506514322012663,0.000521104724612087,0.00010422094783280045,0.0,0.0,0.0,0.0,0.0,0.004794163629412651,0.09921834617853165,0.23262116312980652,0.22782699763774872,0.26128190755844116,0.14590932428836823,0.014486711472272873,0.01146430429071188,0.0013548723654821515,0.0007295466493815184,0.00031266285805031657,0.0,0.0,0.03793642669916153,0.3522668182849884,0.3128712773323059,0.1692548245191574,0.0558624267578125,0.019072433933615685,0.01803022436797619,0.017196455970406532,0.009900989942252636,0.005106826312839985,0.0012506514322012663,0.0004168837913312018,0.000521104724612087,0.00031266285805031657,0.0,0.0,79.40510559082031,115.22942352294922,42.13795852661133
Green_44.jpg,Green,Green,73.55287170410156,23.020540237426758,102.30657196044922,20.998228073120117,43.240596771240234,25.70258903503418,0.0,9.358038369100541e-05,0.06850083917379379,0.3206999897956848,0.2885083258152008,0.17050346732139587,0.07860752195119858,0.04285981506109238,0.01375631708651781,0.011042485944926739,0.005240501370280981,0.00018716076738201082,0.0,0.0,0.0,0.0,0.0,0.0,0.00028074116562493145,0.01590866595506668,0.12099944055080414,0.26595544815063477,0.2827063500881195,0.1951151043176651,0.08029197156429291,0.030694367364048958,0.007580011151731014,0.00037432153476402164,9.358038369100541e-05,0.0,0.0,0.0,0.05296649783849716,0.3323039412498474,0.30273255705833435,0.1392476111650467,0.07926258444786072,0.04351487755775452,0.0215234886854887,0.01207186933606863,0.010200262069702148,0.00580198410898447,0.00037432153476402164,0.0,0.0,0.0,0.0,0.0,77.10725402832031,112.07677459716797,42.29899597167969
Green_45.jpg,Green,Green,81.92321014404297,26.947309494018555,109.6079330444336,22.68981170654297,49.91258239746094,30.947269439697266,0.0,0.0,0.022740257903933525,0.30145126581192017,0.26442691683769226,0.11895783245563507,0.11061593145132065,0.10775911062955856,0.05245114862918854,0.01931207813322544,0.0018283624667674303,0.0001142726541729644,0.0003428179770708084,0.0,0.0,0.0,0.0,0.0,0.0004570906166918576,0.009598903357982635,0.07084904611110687,0.2042052298784256,0.2968803644180298,0.17438006401062012,0.15701062977313995,0.07347732037305832,0.012455719523131847,0.0002285453083459288,0.0002285453083459288,0.0002285453083459288,0.0,0.0,0.0522226020693779,0.3211061656475067,0.19986286759376526,0.12821391224861145,0.0986173003911972,0.1038738414645195,0.055193692445755005,0.023311622440814972,0.013027082197368145,0.003999542910605669,0.0001142726541729644,0.0003428179770708084,0.0001142726541729644,0.0,0.0,0.0,78.65464782714844,111.83223724365234,45.853553771972656
Green_46.jpg,Green,Green,79.06563568115234,29.8414306640625,105.67398071289062,26.392305374145508,49.366641998291016,32.13256072998047,0.0,0.0013579268706962466,0.06370940059423447,0.3547584116458893,0.2069706916809082,0.11044472455978394,0.0709516778588295,0.10682358592748642,0.04786692187190056,0.03213760256767273,0.0033948172349482775,0.0010184451239183545,0.0005658028530888259,0.0,0.0,0.0,0.0,0.0,0.000905284599866718,0.015050356276333332,0.15321941673755646,0.24951906502246857,0.2101391851902008,0.14246916770935059,0.12277922034263611,0.075704425573349,0.02885594591498375,0.0007921240176074207,0.00033948171767406166,0.0002263211499666795,0.0,0.0,0.0794387236237526,0.30564671754837036,0.2000678926706314,0.127531960606575,0.08871789276599884,0.07366753369569778,0.08238089829683304,0.022632114589214325,0.012560823932290077,0.006676474120467901,0.00033948171767406166,0.00033948171767406166,0.0,0.0,0.0,0.0,52.89427947998047,81.95289611816406,19.902650833129883
Green_47.jpg,Green,Green,76.87110137939453,22.592205047607422,104.12024688720703,22.772119522094727,49.08445739746094,24.914775848388672,0.0,0.0,0.08515986055135727,0.23285743594169617,0.23446612060070038,0.2582947909832001,0.12507539987564087,0.04051880165934563,0.011461894027888775,0.009953750297427177,0.002010858617722988,0.00020108585886191577,0.0,0.0,0.0,0.0,0.0,0.0,0.0,0.00955157820135355,0.14840136468410492,0.2655338943004608,0.158757284283638,0.2420068383216858,0.15071386098861694,0.01860044151544571,0.006133118644356728,0.00030162878101691604,0.0,0.0,0.0,0.0,0.03539111092686653,0.23828674852848053,0.24381661415100098,0.23627589643001556,0.14116227626800537,0.06505127996206284,0.014880353584885597,0.011361351236701012,0.00794289167970419,0.0051276893354952335,0.000502714654430747,0.00020108585886191577,0.0,0.0,0.0,0.0,80.43036651611328,114.69818878173828,48.460289001464844
Green_48.jpg,Green,Green,75.99403381347656,25.311477661132812,104.39685821533203,25.777170181274414,45.97981262207031,27.529800415039062,0.0,0.0006423196755349636,0.1428702473640442,0.22719764709472656,0.17865663766860962,0.2521563470363617,0.12213250249624252,0.043494220823049545,0.013029913417994976,0.015140392817556858,0.00330335833132267,0.0006423196755349636,0.0007340796291828156,0.0,0.0,0.0,0.0,0.0,0.0013763993047177792,0.019453110173344612,0.19242063164710999,0.25949716567993164,0.0902000367641449,0.16617727279663086,0.24105340242385864,0.021013030782341957,0.007249036338180304,0.0007340796291828156,0.0006423196755349636,0.0001835199072957039,0.0,0.0,0.07845476269721985,0.27537164092063904,0.2427050769329071,0.18847495317459106,0.11240594834089279,0.04505413770675659,0.023031748831272125,0.014222793281078339,0.012571114115417004,0.006239676848053932,0.0005505597218871117,0.0007340796291828156,0.0001835199072957039,0.0,0.0,0.0,49.33567810058594,81.31775665283203,19.393280029296875
Green_49.jpg,Green,Green,87.02430725097656,21.267032623291016,110.27848052978516,19.959218978881836,52.143836975097656,25.955158233642578,0.0,0.0,0.003699006512761116,0.08581694960594177,0.321390837430954,0.29750582575798035,0.19403931498527527,0.04903825744986534,0.01870640367269516,0.017332488670945168,0.010779961943626404,0.0015852885553613305,0.00010568590369075537,0.0,0.0,0.0,0.0,0.0,0.00010568590369075537,0.007715070620179176,0.05654195696115494,0.15641513466835022,0.3072289228439331,0.26727965474128723,0.1630733460187912,0.0265271607786417,0.013950538821518421,0.0010568590369075537,0.00010568590369075537,0.0,0.0,0.0,0.004861551336944103,0.1723737120628357,0.4023462235927582,0.18008877336978912,0.09310927987098694,0.0662650614976883,0.03899809718132019,0.021559923887252808,0.013633481226861477,0.005918410606682301,0.0006341154221445322,0.00021137180738151073,0.0,0.0,0.0,0.0,80.32952117919922,110.44055938720703,44.4405632019043
Green_5.jpg,Green,Green,77.89385223388672,25.407241821289062,105.29729461669922,23.83419418334961,49.91202926635742,32.696292877197266,0.0,0.003323668846860528,0.06215967610478401,0.2695707380771637,0.2125733643770218,0.2646206021308899,0.12778446078300476,0.012233929708600044,0.007566650398075581,0.03620677441358566,0.0037479668390005827,0.0002121490688296035,0.0,0.0,0.0,0.0,0.0,0.0007778799044899642,0.011385333724319935,0.023689979687333107,0.09992220997810364,0.21950356662273407,0.2003394365310669,0.33526623249053955,0.06350328773260117,0.007990947924554348,0.03641892224550247,0.0009900289587676525,0.0002121490688296035,0.0,0.0,0.0,0.03514602780342102,0.26115551590919495,0.2681564390659332,0.23449544608592987,0.1014779731631279,0.027791528031229973,0.015274733304977417,0.006788770202547312,0.006435188464820385,0.007566650398075581,0.035075314342975616,0.0006364472210407257,0.0,0.0,0.0,0.0,82.91001892089844,115.92047882080078,46.059696197509766
Green_50.jpg,Green,Green,83.39759826660156,26.82075309753418,108.00836181640625,23.367998123168945,50.740234375,27.951875686645508,9.08595320652239e-05,0.0019989097490906715,0.03261857107281685,0.1521897166967392,0.3788842558860779,0.19816464185714722,0.08813374489545822,0.05278938636183739,0.04879156872630119,0.03189169615507126,0.013810648582875729,0.0004542976676020771,0.0001817190641304478,0.0,0.0,0.0,0.0,0.0009994548745453358,0.008631655015051365,0.03261857107281685,0.08867890387773514,0.12420497834682465,0.26712700724601746,0.31510084867477417,0.10421588271856308,0.044430311769247055,0.013538070023059845,9.08595320652239e-05,0.0001817190641304478,0.0001817190641304478,0.0,0.0,0.008177357725799084,0.2615845799446106,0.32782119512557983,0.14973650872707367,0.09803743660449982,0.06905324012041092,0.03852444142103195,0.02589496597647667,0.013174631632864475,0.0068144649267196655,0.0009085953352041543,0.0002725785889197141,0.0,0.0,0.0,0.0,78.23419189453125,113.66323852539062,42.65960693359375
Green_51.jpg,Green,Green,83.14250946044922,27.93208885192871,106.11629486083984,24.819915771484375,48.20418930053711,30.106483459472656,0.0,0.004240555223077536,0.022616293281316757,0.17167823016643524,0.368157297372818,0.2221793830394745,0.06322282552719116,0.03957851603627205,0.05101516470313072,0.04022102430462837,0.0125931641086936,0.0024415317457169294,0.0010280134156346321,0.0007710100035183132,0.00025700335390865803,0.0,0.0,0.0017990233609452844,0.013878180645406246,0.03212541714310646,0.07003340870141983,0.22089436650276184,0.2645849287509918,0.21832433342933655,0.10832691192626953,0.05114366486668587,0.01631971262395382,0.0006425083265639842,0.0011565150925889611,0.0007710100035183132,0.0,0.0,0.03148290887475014,0.29234129190444946,0.3275507688522339,0.1450783908367157,0.06258031725883484,0.043048061430454254,0.03546646237373352,0.03071189858019352,0.02274479530751705,0.006425083614885807,0.0007710100035183132,0.0006425083265639842,0.0010280134156346321,0.00012850167695432901,0.0,0.0,80.80066680908203,113.66730499267578,42.184513092041016
Green_52.jpg,Green,Green,91.02183532714844,26.89988136291504,113.63700103759766,24.725976943969727,57.87895584106445,29.426881790161133,0.0,0.0,0.008526029996573925,0.1634155809879303,0.23562847077846527,0.198940709233284,0.12801963090896606,0.16845369338989258,0.07143779844045639,0.017310425639152527,0.0042630149982869625,0.0019377341959625483,0.0020669163204729557,0.0,0.0,0.0,0.0,0.0,0.0,0.004133832640945911,0.04818498715758324,0.2521637976169586,0.19312749803066254,0.16134865581989288,0.2050122767686844,0.11962278932332993,0.012401498854160309,0.001162640517577529,0.0027128278743475676,0.00012918227002955973,0.0,0.0,0.0020669163204729557,0.18201783299446106,0.2787753641605377,0.1942901462316513,0.12156052142381668,0.10877147316932678,0.051672909408807755,0.0312621109187603,0.017697971314191818,0.008009301498532295,0.0007750936783850193,0.0014210049994289875,0.0015501873567700386,0.00012918227002955973,0.0,0.0,81.40288543701172,110.92103576660156,44.711814880371094
Green_53.jpg,Green,Green,85.0203857421875,27.235305786132812,109.9014663696289,24.444608688354492,52.7813835144043,29.01531219482422,0.0,0.0022353362292051315,0.04336552321910858,0.1662195920944214,0.28978899121284485,0.190092995762825,0.158082976937294,0.07403433322906494,0.028612302616238594,0.029774678871035576,0.016541488468647003,0.0009835478849709034,0.00017882690008264035,8.941345004132017e-05,0.0,0.0,0.0,0.001967095769941807,0.00706366216763854,0.02905937097966671,0.07939913868904114,0.16380544006824493,0.19617310166358948,0.2728898525238037,0.20019671320915222,0.032993562519550323,0.01591559313237667,0.0002682403428480029,8.941345004132017e-05,0.00017882690008264035,0.0,0.0,0.025125179439783096,0.22630544006824493,0.2711910009384155,0.17498211562633514,0.12151287496089935,0.08789341896772385,0.04622675105929375,0.026376966387033463,0.01412732433527708,0.005364806856960058,0.0005364806856960058,8.941345004132017e-05,0.00017882690008264035,8.941345004132017e-05,0.0,0.0,79.6237564086914,117.06321716308594,41.87739562988281
Green_54.jpg,Green,Green,83.48986053466797,22.757116317749023,107.29634094238281,22.520797729492188,48.253841400146484,26.315227508544922,0.0,0.00017560804553795606,0.012116954661905766,0.19457371532917023,0.27605584263801575,0.2441829890012741,0.16410571336746216,0.05716041848063469,0.03178505599498749,0.016682764515280724,0.002897532656788826,0.0002634120755828917,0.0,0.0,0.0,0.0,0.0,0.0,0.0009658442577347159,0.020282728597521782,0.09509175270795822,0.23171481490135193,0.1954517513513565,0.23786109685897827,0.1895688772201538,0.02107296511530876,0.0078145582228899,0.00017560804553795606,0.0,0.0,0.0,0.0,0.022477829828858376,0.26797786355018616,0.3024848401546478,0.19808587431907654,0.0801650732755661,0.06585301458835602,0.02774607017636299,0.017385195940732956,0.010624286718666553,0.0068487138487398624,0.0003512160910759121,0.0,0.0,0.0,0.0,0.0,83.42420196533203,116.3375244140625,44.6662483215332
Green_55.jpg,Green,Green,80.74842834472656,22.582040786743164,107.40312957763672,20.659282684326172,44.79127883911133,25.140647888183594,0.0,0.0,0.02250165492296219,0.22030112147331238,0.2946723997592926,0.24536730349063873,0.11581733822822571,0.06378225982189178,0.020764393731951714,0.011085374280810356,0.004715420305728912,0.00041363335913047194,0.0005790867144241929,0.0,0.0,0.0,0.0,0.0,8.272667037090287e-05,0.0080244867131114,0.09149570018053055,0.1655360758304596,0.329252153635025,0.24040371179580688,0.12276638299226761,0.03474520146846771,0.006535407155752182,0.000248180003836751,0.0006618133629672229,0.000248180003836751,0.0,0.0,0.04591330140829086,0.2969060242176056,0.2924387753009796,0.17951688170433044,0.10142289847135544,0.038054268807172775,0.019440768286585808,0.011250827461481094,0.008851753547787666,0.004632693715393543,0.0006618133629672229,0.000496360007673502,0.00041363335913047194,0.0,0.0,0.0,80.2278823852539,111.58830261230469,43.54092788696289
Green_56.jpg,Green,Green,84.19596862792969,21.979602813720703,111.36206817626953,20.646026611328125,52.617088317871094,24.569419860839844,0.0,0.0001701838045846671,0.011572497896850109,0.1517188549041748,0.3037780821323395,0.26301905512809753,0.18754254281520844,0.03752552717924118,0.020847516134381294,0.013699796050786972,0.00859428197145462,0.0013614704366773367,0.0001701838045846671,0.0,0.0,0.0,0.0,0.0,0.0,0.004594962578266859,0.05428863316774368,0.19571137428283691,0.2279611974954605,0.26369979977607727,0.21689924597740173,0.023995915427803993,0.011402314528822899,0.000850918993819505,0.0005956433014944196,0.0,0.0,0.0,0.0011061946861445904,0.1079816222190857,0.4394996464252472,0.23544928431510925,0.11368277668952942,0.03582368791103363,0.020251872017979622,0.020251872017979622,0.014805990271270275,0.00876446533948183,0.00170183798763901,0.0004254594969097525,0.0002552756923250854,0.0,0.0,0.0,78.99437713623047,112.1683349609375,43.757633209228516
Green_57.jpg,Green,Green,79.7882080078125,25.530820846557617,105.50902557373047,23.54928207397461,47.444236755371094,30.31245231628418,0.0,0.0,0.03078635036945343,0.3019287884235382,0.2772007882595062,0.1695103794336319,0.08123145252466202,0.06515826284885406,0.049085065722465515,0.023244312033057213,0.001854599453508854,0.0,0.0,0.0,0.0,0.0,0.0,0.0,0.0001236399548361078,0.0160731952637434,0.09940652549266815,0.3037833869457245,0.21463897824287415,0.1638229489326477,0.1283382773399353,0.055514343082904816,0.01792779378592968,0.0003709198790602386,0.0,0.0,0.0,0.0,0.020771512761712074,0.35558852553367615,0.2909248173236847,0.11152324080467224,0.048466864973306656,0.06132541969418526,0.057987142354249954,0.033630069345235825,0.01347675547003746,0.006058358121663332,0.0002472799096722156,0.0,0.0,0.0,0.0,0.0,57.37657928466797,85.5338134765625,22.22100067138672
Green_58.jpg,Green,Green,84.82579040527344,29.014162063598633,110.58993530273438,25.8924617767334,51.06937026977539,29.786081314086914,0.0,0.0,0.03703703731298447,0.24924598634243011,0.22753046452999115,0.1808420866727829,0.0957896038889885,0.10001206398010254,0.07829653471708298,0.026661841198801994,0.0016889853868633509,0.000482567265862599,0.0016889853868633509,0.0007238509133458138,0.0,0.0,0.0,0.0,0.000482567265862599,0.010133912786841393,0.09506575018167496,0.22427313029766083,0.18699480593204498,0.21787911653518677,0.13318856060504913,0.10580287128686905,0.02304258570075035,0.0008444926934316754,0.0012064181501045823,0.0010857763700187206,0.0,0.0,0.006635299883782864,0.25805285573005676,0.35167089104652405,0.15092290937900543,0.0673181340098381,0.05296175554394722,0.049945712089538574,0.03993244096636772,0.013632524758577347,0.00579080730676651,0.0006032090750522912,0.0003619254566729069,0.001930269063450396,0.0002412836329312995,0.0,0.0,80.50045013427734,114.02667236328125,41.75135803222656
Green_59.jpg,Green,Green,80.43999481201172,28.885879516601562,105.8331069946289,27.610631942749023,48.701934814453125,26.582063674926758,0.0,0.0005619330331683159,0.10893473774194717,0.2530304193496704,0.18993337452411652,0.13606807589530945,0.12555189430713654,0.11945091187953949,0.05185839161276817,0.009472585283219814,0.004575740545988083,0.0004013807629235089,0.00016055229934863746,0.0,0.0,0.0,0.0,8.027614967431873e-05,0.0017660752637311816,0.027936100959777832,0.20534639060497284,0.15557518601417542,0.16601108014583588,0.18262824416160583,0.15974953770637512,0.0914345383644104,0.008830376900732517,0.0005619330331683159,8.027614967431873e-05,0.0,0.0,0.0,0.010997832752764225,0.2865055799484253,0.29092076420783997,0.16568997502326965,0.11575821042060852,0.07096411287784576,0.027534719556570053,0.015413020737469196,0.008990928530693054,0.005860159173607826,0.0013646945590153337,0.0,0.0,0.0,0.0,0.0,49.134151458740234,79.02989959716797,22.297815322875977
Green_6.jpg,Green,Green,70.51518249511719,25.522462844848633,90.10003662109375,22.484851837158203,47.45167541503906,29.90448570251465,0.0,0.003730695927515626,0.14870727062225342,0.3730695843696594,0.1556480973958969,0.13560645282268524,0.09482908248901367,0.06272774934768677,0.01448898110538721,0.00937011931091547,0.0018219677731394768,0.0,0.0,0.0,0.0,0.0,0.0,0.00026028111460618675,0.013621377758681774,0.08068714290857315,0.274856835603714,0.24726705253124237,0.1825438141822815,0.1585111916065216,0.026028109714388847,0.009630400687456131,0.006593788042664528,0.0,0.0,0.0,0.0,0.0,0.041731737554073334,0.3694256544113159,0.18800972402095795,0.14497657120227814,0.10211694985628128,0.08155474811792374,0.033142462372779846,0.01752559468150139,0.00971716083586216,0.008676037192344666,0.003123373258858919,0.0,0.0,0.0,0.0,0.0,49.58682632446289,79.26168823242188,22.208864212036133
Green_60.jpg,Green,Green,71.7151107788086,21.168550491333008,99.76300811767578,20.841196060180664,43.844642639160156,24.290512084960938,0.00015653127047698945,0.0018001095158979297,0.1135634332895279,0.24387571215629578,0.3084448575973511,0.2443453073501587,0.05204664543271065,0.010565860196948051,0.010252797976136208,0.011739845387637615,0.0030523596797138453,0.00015653127047698945,0.0,0.0,0.0,0.0,0.0,0.0,0.002661031438037753,0.047820303589105606,0.1346951574087143,0.2153870165348053,0.27064254879951477,0.2816780209541321,0.028801752254366875,0.012365969829261303,0.005556860007345676,0.0003913281543646008,0.0,0.0,0.0,0.0,0.026062456890940666,0.3573608696460724,0.2560851573944092,0.203099325299263,0.08632699400186539,0.03271503373980522,0.012757298536598682,0.009783204644918442,0.010096266865730286,0.004852469079196453,0.000547859410289675,0.0003130625409539789,0.0,0.0,0.0,0.0,77.86177825927734,112.15889739990234,46.551570892333984
Green_61.jpg,Green,Green,87.62527465820312,25.18877410888672,110.9889907836914,24.875837326049805,49.145233154296875,26.73056411743164,0.0,0.0009526833891868591,0.020429765805602074,0.17084789276123047,0.20821425318717957,0.267704039812088,0.15666349232196808,0.10648883134126663,0.04361172765493393,0.0163014717400074,0.0081507358700037,0.00021170741820242256,0.0004234148364048451,0.0,0.0,0.0,0.0,0.00010585370910121128,0.005504393018782139,0.019159521907567978,0.09177516400814056,0.1771991103887558,0.1419498324394226,0.3098337948322296,0.16513179242610931,0.07430930435657501,0.014078543521463871,0.0004234148364048451,0.0003175611200276762,0.00021170741820242256,0.0,0.0,0.05853710323572159,0.21329522132873535,0.27394941449165344,0.23615962266921997,0.10077273100614548,0.05080978199839592,0.029533185064792633,0.020218059420585632,0.010585371404886246,0.004869270604103804,0.0007409759564325213,0.00021170741820242256,0.0003175611200276762,0.0,0.0,0.0,82.39865112304688,115.96621704101562,46.51393508911133
Green_62.jpg,Green,Green,87.28413391113281,20.114635467529297,108.76864624023438,20.39684295654297,46.06795120239258,26.28857421875,0.0,0.0,0.003160556312650442,0.10998735576868057,0.2613779902458191,0.2969869375228882,0.22682258486747742,0.06805731356143951,0.01780446618795395,0.012642225250601768,0.0026337967719882727,0.0003160556370858103,0.00021070374350529164,0.0,0.0,0.0,0.0,0.00021070374350529164,0.0030552044045180082,0.012642225250601768,0.05583649501204491,0.18415507674217224,0.2976190447807312,0.25611039996147156,0.15781711041927338,0.025600505992770195,0.006321112625300884,0.00021070374350529164,0.0004214074870105833,0.0,0.0,0.0,0.01949009671807289,0.32764431834220886,0.31573957204818726,0.13664138317108154,0.07616940885782242,0.0594184584915638,0.03455541655421257,0.016329539939761162,0.008533501997590065,0.0047408342361450195,0.0005267593660391867,0.00021070374350529164,0.0,0.0,0.0,0.0,78.1668472290039,107.17826080322266,23.98097801208496
Green_63.jpg,Green,Green,89.92789459228516,27.630455017089844,111.4629135131836,24.49376678466797,52.31798553466797,28.855968475341797,0.0,0.0,0.009785743430256844,0.23866914212703705,0.15121549367904663,0.1938607394695282,0.1739802211523056,0.09620930999517441,0.11320560425519943,0.02008652687072754,0.002987226936966181,0.0,0.0,0.0,0.0,0.0,0.0,0.0,0.0002060156548395753,0.00803461018949747,0.0704573541879654,0.27183765172958374,0.15626287460327148,0.18768025934696198,0.1868561953306198,0.10815822333097458,0.010094767436385155,0.0004120313096791506,0.0,0.0,0.0,0.0,0.07828594744205475,0.17913061380386353,0.2311495691537857,0.20663370192050934,0.11979810148477554,0.11413267254829407,0.034713637083768845,0.017511330544948578,0.010815821588039398,0.006798516493290663,0.0010300782741978765,0.0,0.0,0.0,0.0,0.0,56.361446380615234,85.48028564453125,18.71139144897461
Green_64.jpg,Green,Green,88.33841705322266,22.162206649780273,109.13924407958984,23.195514678955078,47.12220764160156,28.359966278076172,0.0,0.0005679666646756232,0.00615297257900238,0.1025179848074913,0.3017796277999878,0.24526694416999817,0.17909882962703705,0.1121734157204628,0.039095040410757065,0.010412722826004028,0.002934494521468878,0.0,0.0,0.0,0.0,0.0,9.466111077927053e-05,0.0008519500261172652,0.006342294625937939,0.018648238852620125,0.07080651074647903,0.17947746813297272,0.25757288932800293,0.20759181678295135,0.20522528886795044,0.047235894948244095,0.005868989042937756,0.0002839833323378116,0.0,0.0,0.0,0.0,0.05613404139876366,0.33784550428390503,0.21667928993701935,0.117853082716465,0.11993563175201416,0.09182128310203552,0.03218477964401245,0.012779250741004944,0.008898144587874413,0.0053956834599375725,0.00047330555389635265,0.0,0.0,0.0,0.0,0.0,77.53448486328125,106.50504302978516,22.64970588684082
Green_65.jpg,Green,Green,81.84685516357422,25.708614349365234,105.47111511230469,27.240938186645508,45.196197509765625,26.701168060302734,8.409721340285614e-05,0.003784374799579382,0.08947943896055222,0.18661172688007355,0.19434866309165955,0.19468505680561066,0.23185601830482483,0.06357749551534653,0.01690354011952877,0.012530485168099403,0.0052140275947749615,0.0005045832949690521,0.00025229164748452604,0.00016819442680571228,0.0,0.0,0.0,0.0007568749715574086,0.005634513683617115,0.04473971948027611,0.1837524175643921,0.16541922092437744,0.11983853578567505,0.17265158891677856,0.2764275372028351,0.02346312254667282,0.006307291332632303,0.0005045832949690521,0.00016819442680571228,0.00033638885361142457,0.0,0.0,0.12446387857198715,0.21907325088977814,0.22781935334205627,0.21983012557029724,0.11908166110515594,0.043057773262262344,0.020015137270092964,0.011184929870069027,0.01084854081273079,0.0038684720639139414,0.00025229164748452604,0.00025229164748452604,0.00016819442680571228,8.409721340285614e-05,0.0,0.0,49.93605422973633,76.0167236328125,17.437776565551758
Green_66.jpg,Green,Green,85.038818359375,24.76586151123047,108.60684967041016,21.758737564086914,45.80793762207031,26.038299560546875,0.0,0.0,0.010163848288357258,0.2027512490749359,0.2794182002544403,0.1935512125492096,0.14614912867546082,0.1062823086977005,0.0456496961414814,0.011390519328415394,0.004293349571526051,0.0003504775231704116,0.0,0.0,0.0,0.0,0.0,0.0001752387615852058,0.0006133356946520507,0.007447647396475077,0.08402698487043381,0.18452641367912292,0.2830106019973755,0.23166564106941223,0.15613773465156555,0.039165861904621124,0.01296766847372055,0.0002628581423778087,0.0,0.0,0.0,0.0,0.012704810127615929,0.37527382373809814,0.2392009049654007,0.16489967703819275,0.09909752011299133,0.04845351725816727,0.03005344793200493,0.01664768159389496,0.009024796076118946,0.004293349571526051,0.0003504775231704116,0.0,0.0,0.0,0.0,0.0,73.79133605957031,108.37848663330078,24.604581832885742
Green_67.jpg,Green,Green,83.70970916748047,22.0414981842041,112.7465591430664,18.991565704345703,55.14780044555664,25.312551498413086,0.0,8.045699360081926e-05,0.0020918818190693855,0.19044171273708344,0.30621933937072754,0.2363021969795227,0.1371791809797287,0.08769812434911728,0.025585325434803963,0.01102260872721672,0.0031378227286040783,0.00016091398720163852,8.045699360081926e-05,0.0,0.0,0.0,0.0,0.0,0.00016091398720163852,0.003701021894812584,0.03306782618165016,0.15922439098358154,0.28015124797821045,0.28602463006973267,0.19285541772842407,0.03789524361491203,0.006597473751753569,8.045699360081926e-05,0.0002413709880784154,0.0,0.0,0.0,0.0,0.16139672696590424,0.3017137348651886,0.24603749811649323,0.1277657151222229,0.08254887908697128,0.04256175085902214,0.023010700941085815,0.008689355105161667,0.0057929037138819695,0.0002413709880784154,0.0002413709880784154,0.0,0.0,0.0,0.0,76.57771301269531,113.15851593017578,45.84096908569336
Green_68.jpg,Green,Green,77.29228210449219,24.284208297729492,104.92698669433594,20.895265579223633,48.6372184753418,27.933452606201172,0.0,0.0,0.020032839849591255,0.29578542709350586,0.34241926670074463,0.14844006299972534,0.08056923747062683,0.057033389806747437,0.03612479567527771,0.015544608235359192,0.003940886817872524,0.00010946907423203811,0.0,0.0,0.0,0.0,0.0,0.0,0.0008757525938563049,0.009304871782660484,0.08560481667518616,0.2690749764442444,0.29556649923324585,0.20361247658729553,0.07848932594060898,0.04827586188912392,0.009085933677852154,0.00010946907423203811,0.0,0.0,0.0,0.0,0.012151067145168781,0.2975369393825531,0.3126436769962311,0.166283518075943,0.0756431296467781,0.04608647897839546,0.04094143584370613,0.02692939154803753,0.014340449124574661,0.007334427908062935,0.00010946907423203811,0.0,0.0,0.0,0.0,0.0,76.04632568359375,111.16893005371094,44.13932418823242
Green_69.jpg,Green,Green,90.756103515625,28.025800704956055,112.37214660644531,27.096811294555664,51.91571044921875,29.55580711364746,0.0,0.0,0.006247870158404112,0.17539475858211517,0.25252753496170044,0.19084402918815613,0.10848574340343475,0.12200386077165604,0.10519140958786011,0.035101670771837234,0.003067136276513338,0.0005679882015101612,0.0005679882015101612,0.0,0.0,0.0,0.0,0.00011359763448126614,0.0017039645463228226,0.014426900073885918,0.08587981015443802,0.2360558956861496,0.19447915256023407,0.12745654582977295,0.17584913969039917,0.1368851512670517,0.025900261476635933,0.00022719526896253228,0.0006815858068875968,0.0003407929034437984,0.0,0.0,0.05191412195563316,0.23457911610603333,0.24673406779766083,0.16392138600349426,0.12064068764448166,0.0991707369685173,0.03589685261249542,0.02669544517993927,0.013972509652376175,0.004998296033591032,0.0005679882015101612,0.00045439053792506456,0.00045439053792506456,0.0,0.0,0.0,81.97823333740234,111.11741638183594,43.92216491699219
Green_7.jpg,Green,Green,83.43157196044922,24.382644653320312,107.41666412353516,23.903749465942383,50.47235870361328,27.439899444580078,0.0,0.0005175983533263206,0.040062110871076584,0.20041407644748688,0.1752588003873825,0.3191511332988739,0.14699792861938477,0.06532090902328491,0.0334368534386158,0.012939958833158016,0.0051759835332632065,0.0006211180007085204,0.00010351966921007261,0.0,0.0,0.0,0.0,0.0,0.0003105590003542602,0.019668737426400185,0.1489648073911667,0.15838509798049927,0.17215320467948914,0.3133540451526642,0.130952388048172,0.039855074137449265,0.01438923366367817,0.0014492754125967622,0.0005175983533263206,0.0,0.0,0.0,0.041200827807188034,0.19803312420845032,0.30890268087387085,0.21645963191986084,0.09689441323280334,0.06449275463819504,0.03457557037472725,0.01770186424255371,0.010351967066526413,0.009109730832278728,0.0017598343547433615,0.0005175983533263206,0.0,0.0,0.0,0.0,83.6876220703125,114.37812805175781,44.176395416259766
Green_70.jpg,Green,Green,91.05543518066406,23.428823471069336,114.6025161743164,21.770023345947266,53.11012268066406,26.48255729675293,0.0,0.0,0.012095757760107517,0.14170517027378082,0.1803443878889084,0.21931961178779602,0.22864343225955963,0.1799243986606598,0.024107517674565315,0.011171776801347733,0.0022679546382278204,0.0002519949630368501,0.00016799663717392832,0.0,0.0,0.0,0.0,0.0,8.399831858696416e-05,0.006383872125297785,0.05863082781434059,0.14892901480197906,0.2200755923986435,0.22209155559539795,0.2802183926105499,0.0560268796980381,0.0070558590814471245,0.00033599327434785664,0.00016799663717392832,0.0,0.0,0.0,0.008903821930289268,0.2607307732105255,0.1883242279291153,0.2249474972486496,0.15161696076393127,0.09869802743196487,0.04393112286925316,0.00957580842077732,0.008147836662828922,0.0040319194085896015,0.0007559848600067198,0.00033599327434785664,0.0,0.0,0.0,0.0,111.36287689208984,138.55299377441406,77.72575378417969
Green_71.jpg,Green,Green,73.69470977783203,22.079605102539062,102.38068389892578,21.235261917114258,47.040557861328125,26.315723419189453,0.0,0.0002317497128387913,0.06821166723966599,0.2922363877296448,0.33696407079696655,0.15017381310462952,0.09107763320207596,0.03507145494222641,0.012514484114944935,0.009501738473773003,0.0023174970410764217,0.0014677481958642602,0.0002317497128387913,0.0,0.0,0.0,0.0,0.0003089996171183884,0.003939745016396046,0.019389726221561432,0.14584781229496002,0.2081112414598465,0.27578216791152954,0.23669371008872986,0.09038238972425461,0.011664735153317451,0.006025492679327726,0.00108149868901819,0.0006179992342367768,0.0001544998085591942,0.0,0.0,0.03306295722723007,0.29324063658714294,0.25523367524147034,0.20278099179267883,0.10861336439847946,0.05322518199682236,0.026728466153144836,0.011278485879302025,0.008497489616274834,0.0050984937697649,0.0008497489616274834,0.0011587485205382109,0.0002317497128387913,0.0,0.0,0.0,75.28829193115234,113.2808609008789,47.26095199584961
Green_72.jpg,Green,Green,90.18692779541016,27.67095184326172,110.85958099365234,25.022438049316406,53.40470504760742,28.578632354736328,0.0,0.0,0.016993112862110138,0.2037384808063507,0.17547625303268433,0.18817636370658875,0.18674537539482117,0.12136660516262054,0.06806188821792603,0.03219747915863991,0.007244432345032692,0.0,0.0,0.0,0.0,0.0,0.0,8.943743887357414e-05,0.0008943743887357414,0.014488864690065384,0.08129863440990448,0.22466684877872467,0.18334674835205078,0.2437170147895813,0.13102585077285767,0.0976656824350357,0.022806547582149506,0.0,0.0,0.0,0.0,0.0,0.06153295934200287,0.20856811106204987,0.17413468658924103,0.22511403262615204,0.15830425918102264,0.0922994390130043,0.04445040598511696,0.01654592528939247,0.013505052775144577,0.005008496344089508,0.0005366246332414448,0.0,0.0,0.0,0.0,0.0,83.31768035888672,111.28636169433594,47.01969528198242
Green_73.jpg,Green,Green,85.4505386352539,23.960620880126953,107.42797088623047,22.301528930664062,51.75349807739258,26.963016510009766,0.0,0.0001904217788251117,0.011615728959441185,0.19299247860908508,0.25944969058036804,0.21193943917751312,0.170808345079422,0.10577929764986038,0.02332666888833046,0.019708653911948204,0.003713224781677127,0.00047605446889065206,0.0,0.0,0.0,0.0,0.0,0.0005712653510272503,0.0035228030756115913,0.012567837722599506,0.08235742151737213,0.21555745601654053,0.26049700379371643,0.23621822893619537,0.1340569406747818,0.04608207195997238,0.007807292975485325,0.0001904217788251117,0.00047605446889065206,9.521088941255584e-05,0.0,0.0,0.014091212302446365,0.25021421909332275,0.2708749771118164,0.1826144903898239,0.13348567485809326,0.06740931421518326,0.04598686099052429,0.018946968019008636,0.011044463142752647,0.005046177189797163,0.00028563267551362514,0.0,0.0,0.0,0.0,0.0,81.13236236572266,111.28890991210938,45.4879035949707
Green_74.jpg,Green,Green,86.13551330566406,24.570371627807617,107.57007598876953,22.623188018798828,51.47032165527344,27.75102424621582,0.0,0.00010772379755508155,0.008294732309877872,0.19131746888160706,0.261984258890152,0.21081547439098358,0.16255520284175873,0.10912420600652695,0.026823224499821663,0.022406550124287605,0.005924808792769909,0.0006463427562266588,0.0,0.0,0.0,0.0,0.0,0.0006463427562266588,0.004308952018618584,0.010341484099626541,0.08359366655349731,0.2137240171432495,0.2584293782711029,0.2331143021583557,0.13724011182785034,0.04610578343272209,0.011418722569942474,0.0009695141925476491,0.00010772379755508155,0.0,0.0,0.0,0.01680491305887699,0.26187655329704285,0.26704728603363037,0.17203490436077118,0.12948399782180786,0.0696972981095314,0.04405903443694115,0.019498007372021675,0.011526445858180523,0.0072174943052232265,0.0007540665683336556,0.0,0.0,0.0,0.0,0.0,81.62487030029297,110.90304565429688,44.58883285522461
Green_75.jpg,Green,Green,93.56940460205078,25.4176025390625,114.83198547363281,23.914180755615234,60.6064567565918,29.81969451904297,0.0,0.0,0.0034735624212771654,0.11527080833911896,0.2268107533454895,0.20442557334899902,0.20712722837924957,0.15489515662193298,0.050688281655311584,0.02405763603746891,0.009777435101568699,0.0027016596868634224,0.000771902734413743,0.0,0.0,0.0,0.0,0.00012865045573562384,0.0005146018229424953,0.005274668801575899,0.05274668708443642,0.18577125668525696,0.21008619666099548,0.2223079949617386,0.20957159996032715,0.08593850582838058,0.02045542187988758,0.004760066978633404,0.002187057863920927,0.0002573009114712477,0.0,0.0,0.004245465155690908,0.12813585996627808,0.25485655665397644,0.2574295699596405,0.1309661716222763,0.0919850766658783,0.06033706292510033,0.0344783216714859,0.022899780422449112,0.008876881562173367,0.0027016596868634224,0.0024443587753921747,0.0006432522786781192,0.0,0.0,0.0,82.31198120117188,109.87687683105469,45.450138092041016
Green_76.jpg,Green,Green,89.6346664428711,23.48603630065918,109.69075012207031,22.605276107788086,50.68566131591797,26.621318817138672,0.0,0.0,0.005653550382703543,0.11182722449302673,0.25407055020332336,0.2717096209526062,0.19188150763511658,0.0999547690153122,0.04093170538544655,0.01752600632607937,0.003165988251566887,0.0005653550615534186,0.0010176390642300248,0.001696065184660256,0.0,0.0,0.0,0.0,0.001469923066906631,0.008028041571378708,0.06705110520124435,0.20465852320194244,0.3038218021392822,0.16677974164485931,0.17718227207660675,0.058005426079034805,0.009045680984854698,0.0011307101231068373,0.0020352781284600496,0.0007914970628917217,0.0,0.0,0.00836725439876318,0.234170064330101,0.31761646270751953,0.20194482803344727,0.11488014459609985,0.06320669502019882,0.021257350221276283,0.01673450879752636,0.011646313592791557,0.005766621325165033,0.001469923066906631,0.0003392130311112851,0.0020352781284600496,0.0005653550615534186,0.0,0.0,84.13749694824219,108.45769500732422,43.00672912597656
Green_77.jpg,Green,Green,81.39771270751953,24.875011444091797,103.2607650756836,24.18563461303711,48.0375862121582,29.035974502563477,9.788566967472434e-05,0.0015661707147955894,0.06489820033311844,0.22327721118927002,0.19518402218818665,0.23228269815444946,0.1622944474220276,0.07987470924854279,0.024765074253082275,0.01243147999048233,0.0033281126525253057,0.0,0.0,0.0,0.0,0.0,9.788566967472434e-05,0.0026429130230098963,0.007928739301860332,0.028484730049967766,0.14477290213108063,0.2047768235206604,0.2020360231399536,0.23384886980056763,0.15045027434825897,0.016053250059485435,0.008516053669154644,0.00039154267869889736,0.0,0.0,0.0,0.0,0.07321847975254059,0.2845536470413208,0.21926389634609222,0.1469263881444931,0.1303837150335312,0.08026625216007233,0.030148785561323166,0.015857478603720665,0.011452623642981052,0.0070477682165801525,0.0008809710270725191,0.0,0.0,0.0,0.0,0.0,52.917640686035156,78.65836334228516,19.950178146362305
Green_78.jpg,Green,Green,87.24907684326172,29.935935974121094,108.64381408691406,26.873497009277344,51.3996696472168,29.988176345825195,0.0,0.00057542126160115,0.08598437905311584,0.21668721735477448,0.12281134724617004,0.14097821712493896,0.15108919143676758,0.21676942706108093,0.04595150053501129,0.01520756259560585,0.0032059187069535255,0.0004932182491756976,0.0002466091245878488,0.0,0.0,0.0,0.0,0.0,0.0029593093786388636,0.031730372458696365,0.1284833550453186,0.20764487981796265,0.14056719839572906,0.16876284778118134,0.23575831949710846,0.07669543474912643,0.006411837413907051,0.00057542126160115,0.0003288121661171317,8.220304152928293e-05,0.0,0.0,0.11212494969367981,0.19704069197177887,0.14574599266052246,0.2317303717136383,0.14574599266052246,0.08639539778232574,0.04595150053501129,0.01792026311159134,0.010275379754602909,0.006000821944326162,0.0006576243322342634,0.0002466091245878488,0.00016440608305856586,0.0,0.0,0.0,51.00664138793945,80.61084747314453,17.302471160888672
Green_79.jpg,Green,Green,84.24044799804688,20.16333770751953,113.22759246826172,18.8181095123291,46.11924743652344,25.544952392578125,0.0,0.0006206224206835032,0.00886603444814682,0.09105417132377625,0.39489316940307617,0.2599521279335022,0.1500132977962494,0.05461477115750313,0.025888819247484207,0.01055058091878891,0.002837131032720208,0.000354641379090026,0.000354641379090026,0.0,0.0,0.0,0.0,0.000177320689545013,0.0024824896827340126,0.0052309599705040455,0.03909921273589134,0.10922954231500626,0.28495433926582336,0.3543753921985626,0.15160918235778809,0.0459260568022728,0.005851582624018192,0.0005319620249792933,0.000177320689545013,0.000354641379090026,0.0,0.0,0.024558914825320244,0.3237875699996948,0.28087595105171204,0.16171646118164062,0.10107278823852539,0.052841562777757645,0.028371309861540794,0.014628956094384193,0.00780211016535759,0.0031917723827064037,0.0005319620249792933,0.000177320689545013,0.0004433017165865749,0.0,0.0,0.0,72.4970703125,110.11418151855469,24.621015548706055
Green_8.jpg,Green,Green,81.80665588378906,24.153038024902344,106.24536895751953,21.893062591552734,45.64136505126953,28.93039321899414,0.0,9.705910633783787e-05,0.016500048339366913,0.24992720782756805,0.28758615255355835,0.18334466218948364,0.14714160561561584,0.06017664819955826,0.031350091099739075,0.017276521772146225,0.006211782805621624,0.0003882364253513515,0.0,0.0,0.0,0.0,0.0,9.705910633783787e-05,0.0004852955462411046,0.01475298497825861,0.07337668538093567,0.24847131967544556,0.3090361952781677,0.1893623173236847,0.10191206634044647,0.04416189342737198,0.01533533912152052,0.0029117732774466276,9.705910633783787e-05,0.0,0.0,0.0,0.042026594281196594,0.3501892685890198,0.26157429814338684,0.1487916111946106,0.07949140667915344,0.04833543673157692,0.023779481649398804,0.01824711263179779,0.01320003904402256,0.011744151823222637,0.002523536793887615,9.705910633783787e-05,0.0,0.0,0.0,0.0,82.08065032958984,109.66258239746094,42.40837097167969
Green_80.jpg,Green,Green,97.91995239257812,28.652923583984375,116.4012680053711,28.23086166381836,54.22756576538086,26.464218139648438,0.0,8.0044825153891e-05,0.01712959259748459,0.12879212200641632,0.1424797922372818,0.1959497332572937,0.18498359620571136,0.16473224759101868,0.10005602985620499,0.05739213898777962,0.0071239895187318325,0.000640358601231128,0.000640358601231128,0.0,0.0,0.0,0.0,0.000320179300615564,0.0027215240988880396,0.015848875045776367,0.07027935981750488,0.1775394231081009,0.19386856257915497,0.19178740680217743,0.1219082698225975,0.1605699211359024,0.06275514513254166,0.0016809413209557533,0.0007204034482128918,0.0,0.0,0.0,0.031697750091552734,0.1488833725452423,0.2726326882839203,0.24013447761535645,0.15456655621528625,0.09021051973104477,0.028335867449641228,0.011846634559333324,0.011126230470836163,0.0076042586006224155,0.0020811655558645725,0.0008804930839687586,0.0,0.0,0.0,0.0,84.59098052978516,109.549072265625,44.43819808959961
Green_81.jpg,Green,Green,100.07061767578125,27.140859603881836,117.79398345947266,25.761425018310547,54.09999084472656,29.717134475708008,0.0,0.00010415582073619589,0.009686491452157497,0.08738672733306885,0.15644203126430511,0.19862514734268188,0.19997917115688324,0.1685241162776947,0.12092490494251251,0.05176544189453125,0.005728569813072681,0.00020831164147239178,0.0005207791109569371,0.00010415582073619589,0.0,0.0,0.0,0.0007290907087735832,0.003957921173423529,0.0126028535887599,0.0592646598815918,0.1358191817998886,0.18445995450019836,0.20956149697303772,0.21716487407684326,0.1447765827178955,0.030934277921915054,0.00010415582073619589,0.0005207791109569371,0.00010415582073619589,0.0,0.0,0.009374023415148258,0.2567440867424011,0.24330799281597137,0.19925007224082947,0.09363608062267303,0.07165919989347458,0.0709301084280014,0.03697531670331955,0.011248827911913395,0.0056244139559566975,0.0007290907087735832,0.00010415582073619589,0.00041662328294478357,0.0,0.0,0.0,84.53429412841797,108.3759536743164,43.42506408691406
Green_82.jpg,Green,Green,87.97969818115234,24.388076782226562,114.5009994506836,22.394248962402344,47.446937561035156,31.42884635925293,0.0,0.0002491280611138791,0.004857996944338083,0.08943697065114975,0.3632287085056305,0.2630792260169983,0.10264075547456741,0.07747882604598999,0.06975585222244263,0.023293472826480865,0.003986048977822065,0.0011210762895643711,0.000622820109128952,0.0002491280611138791,0.0,0.0,0.0,0.0003736920771189034,0.0038614848162978888,0.005979073233902454,0.03300946578383446,0.11646736413240433,0.35799700021743774,0.20378674566745758,0.15221723914146423,0.10288988798856735,0.02154957689344883,0.001245640218257904,0.0004982561222277582,0.00012456403055693954,0.0,0.0,0.1199551597237587,0.2436472326517105,0.24975086748600006,0.1532137542963028,0.06813652068376541,0.06464873254299164,0.047832585871219635,0.030144494026899338,0.015570503659546375,0.005605380982160568,0.0008719481993466616,0.0003736920771189034,0.0002491280611138791,0.0,0.0,0.0,71.40717315673828,104.27871704101562,18.732913970947266
Green_83.jpg,Green,Green,91.19947052001953,30.434837341308594,110.75015258789062,31.320085525512695,48.122737884521484,26.00877571105957,0.0,0.0023173976223915815,0.0297828521579504,0.18667925894260406,0.21852201223373413,0.14101794362068176,0.1362973153591156,0.13973049819469452,0.094584159553051,0.04351557791233063,0.006351386196911335,0.0009441249421797693,0.0002574886311776936,0.0,0.0,0.0,0.00017165909230243415,0.003862329525873065,0.007467170245945454,0.031585272401571274,0.10471203923225403,0.23654621839523315,0.1803278625011444,0.09166595339775085,0.12831516563892365,0.16093039512634277,0.05278516933321953,0.0011157840490341187,0.0005149772623553872,0.0,0.0,0.0,0.07853402942419052,0.2025577276945114,0.23723284900188446,0.25877606868743896,0.1365548074245453,0.04051154479384422,0.016393441706895828,0.011758646927773952,0.00995622668415308,0.006265556439757347,0.0006866363692097366,0.0006008067866787314,0.00017165909230243415,0.0,0.0,0.0,113.63848876953125,142.76318359375,51.82913589477539
Green_84.jpg,Green,Green,80.9714126586914,24.484498977661133,107.81925201416016,24.93313217163086,44.73161697387695,26.902873992919922,7.83146679168567e-05,0.002192810643464327,0.04683217033743858,0.28631842136383057,0.17033439874649048,0.1816900372505188,0.20275667309761047,0.08457984030246735,0.013000234961509705,0.008536298759281635,0.0024277546908706427,0.0010180906392633915,0.00023494400375057012,0.0,0.0,0.0,0.0,0.0008614613325335085,0.005247082561254501,0.029916202649474144,0.10885738581418991,0.1928890347480774,0.2093351036310196,0.17197901010513306,0.2371368110179901,0.036416321992874146,0.005873600021004677,0.0007831467082723975,0.0007048320258036256,0.0,0.0,0.0,0.10462839901447296,0.28999921679496765,0.1759730577468872,0.1894431859254837,0.15357506275177002,0.05019970238208771,0.013000234961509705,0.010494165122509003,0.006656746845692396,0.004385621286928654,0.0008614613325335085,0.0007048320258036256,7.83146679168567e-05,0.0,0.0,0.0,54.66463088989258,82.85845184326172,18.777183532714844
Green_85.jpg,Green,Green,90.94076538085938,23.60596466064453,117.99723052978516,20.9150333404541,53.24687576293945,23.93910026550293,0.0,0.0,0.0004099200596101582,0.0846484899520874,0.31000205874443054,0.21981963515281677,0.184156596660614,0.11805697530508041,0.0555441677570343,0.02408280409872532,0.002664480358362198,0.0002049600298050791,0.0003074400592595339,0.00010248001490253955,0.0,0.0,0.0,0.0,0.0,0.0006148801185190678,0.0246976837515831,0.10688665509223938,0.30129125714302063,0.22822299599647522,0.19973355531692505,0.11805697530508041,0.019881123676896095,0.0,0.0003074400592595339,0.0003074400592595339,0.0,0.0,0.0035868005361407995,0.16550523042678833,0.3309079706668854,0.2062922716140747,0.15904898941516876,0.08229145407676697,0.0260299239307642,0.011580241844058037,0.00973560195416212,0.004406640771776438,0.0,0.00010248001490253955,0.0002049600298050791,0.0003074400592595339,0.0,0.0,78.55706787109375,110.80035400390625,44.31484603881836
Green_86.jpg,Green,Green,82.31092834472656,21.198204040527344,108.88232421875,20.019559860229492,51.65821075439453,24.64751434326172,0.0,0.0006973500712774694,0.02109484001994133,0.164923295378685,0.29898884892463684,0.26089608669281006,0.18819734454154968,0.031642258167266846,0.01656206324696541,0.01229079533368349,0.0041841003112494946,0.0002615062694530934,0.0002615062694530934,0.0,0.0,0.0,0.0,0.0,0.0024407252203673124,0.009850069880485535,0.06241283193230629,0.17337866127490997,0.3100592792034149,0.24433402717113495,0.1753835380077362,0.013772663660347462,0.007845188491046429,8.716875890968367e-05,0.00017433751781936735,0.0002615062694530934,0.0,0.0,0.0010460250778123736,0.19604253768920898,0.3221757411956787,0.24782077968120575,0.11619595438241959,0.053608786314725876,0.029027197510004044,0.016039051115512848,0.009414225816726685,0.007670850958675146,0.0005230125389061868,0.00017433751781936735,0.0002615062694530934,0.0,0.0,0.0,77.2898941040039,109.39463806152344,45.11784362792969
Green_87.jpg,Green,Green,86.86348724365234,25.96088409423828,112.95783233642578,23.66860008239746,53.13783264160156,28.664216995239258,0.0,0.000263539346633479,0.020556068047881126,0.18381868302822113,0.2703913450241089,0.1792067438364029,0.14402425289154053,0.11780208349227905,0.062590591609478,0.01818421483039856,0.003162472043186426,0.0,0.0,0.0,0.0,0.0,0.0,0.0,0.002371853915974498,0.011332191526889801,0.060086969286203384,0.20318882167339325,0.2129397839307785,0.18882593512535095,0.20938199758529663,0.10093556344509125,0.010936882346868515,0.0,0.0,0.0,0.0,0.0,0.006720252800732851,0.23375938832759857,0.32257214188575745,0.164448544383049,0.0881539061665535,0.07444985955953598,0.057583343237638474,0.028857557103037834,0.016602978110313416,0.006852022837847471,0.0,0.0,0.0,0.0,0.0,0.0,79.44722747802734,112.12567901611328,42.46844482421875
Green_88.jpg,Green,Green,84.94192504882812,27.434720993041992,109.10370635986328,24.415735244750977,48.88019943237305,30.517011642456055,0.0,0.0,0.015587680973112583,0.28196102380752563,0.20087994635105133,0.1546197384595871,0.15889377892017365,0.11137649416923523,0.04475172981619835,0.02287869341671467,0.007416719105094671,0.0012570710387080908,0.00037712129415012896,0.0,0.0,0.0,0.0,0.0,0.0,0.005782526917755604,0.08874921500682831,0.3104965388774872,0.12306725233793259,0.1873035877943039,0.2022627294063568,0.06763041764497757,0.01294783130288124,0.0013827781658619642,0.00037712129415012896,0.0,0.0,0.0,0.061219360679388046,0.2668761909008026,0.243620365858078,0.1952231228351593,0.09817724674940109,0.042614709585905075,0.032055310904979706,0.02690131962299347,0.020867379382252693,0.01055939681828022,0.0013827781658619642,0.000502828392200172,0.0,0.0,0.0,0.0,56.125946044921875,84.04181671142578,19.368261337280273
Green_89.jpg,Green,Green,76.66407012939453,23.386558532714844,102.53998565673828,22.37734603881836,47.210670471191406,27.75454330444336,0.0,0.0,0.08251064270734787,0.21501675248146057,0.2848473787307739,0.28376051783561707,0.06946834176778793,0.02137487567961216,0.016574585810303688,0.016393441706895828,0.008876007981598377,0.0011774295708164573,0.0,0.0,0.0,0.0,0.0,0.0,0.000996286515146494,0.022733448073267937,0.1698215752840042,0.2103070318698883,0.1855810135602951,0.3231591284275055,0.056788332760334015,0.01820487342774868,0.011140295304358006,0.0007245720480568707,0.0005434290505945683,0.0,0.0,0.0,0.05624490603804588,0.23702563345432281,0.33312198519706726,0.18693958222866058,0.07798206806182861,0.041934605687856674,0.022008875384926796,0.015034870244562626,0.015850013121962547,0.011774295940995216,0.001268001040443778,0.000634000520221889,0.00018114301201421767,0.0,0.0,0.0,80.06476593017578,114.60407257080078,44.466346740722656
Green_9.jpg,Green,Green,84.8402099609375,26.423492431640625,108.89437103271484,24.469533920288086,48.83064651489258,29.69204330444336,0.0,0.0,0.01461422722786665,0.26627981662750244,0.1840747892856598,0.20599612593650818,0.1508704125881195,0.11229314655065536,0.039329465478658676,0.023533204570412636,0.0027938964776694775,0.0002149151114281267,0.0,0.0,0.0,0.0,0.0,0.0,0.00010745755571406335,0.005372877698391676,0.07994841784238815,0.29604557156562805,0.1901998668909073,0.17203953862190247,0.1550612449645996,0.08327960222959518,0.01740812323987484,0.000537287793122232,0.0,0.0,0.0,0.0,0.09004943072795868,0.25789812207221985,0.2086825668811798,0.14614227414131165,0.1534493863582611,0.07339350879192352,0.0289060827344656,0.021169139072299004,0.012572533451020718,0.007092198356986046,0.000537287793122232,0.00010745755571406335,0.0,0.0,0.0,0.0,54.441917419433594,84.36869049072266,18.074241638183594
Green_90.jpg,Green,Green,78.80469512939453,23.701251983642578,103.58556365966797,23.72267723083496,46.953983306884766,26.556928634643555,0.0,0.0017975912196561694,0.09266582876443863,0.17877045273780823,0.22442926466464996,0.29875966906547546,0.14497573673725128,0.01770627312362194,0.020222900435328484,0.015099766664206982,0.004404098726809025,0.0011684342753142118,0.0,0.0,0.0,0.0,0.0,8.9879562438e-05,0.003415423445403576,0.048085566610097885,0.17166996002197266,0.11387740075588226,0.20402660965919495,0.3564623296260834,0.07585834711790085,0.016088441014289856,0.008718317374587059,0.001707711722701788,0.0,0.0,0.0,0.0,0.030019773170351982,0.30298399925231934,0.2486068606376648,0.22236204147338867,0.11360776424407959,0.028042422607541084,0.017256876453757286,0.012583138421177864,0.011864102445542812,0.010246270336210728,0.0018874708330258727,0.0005392773891799152,0.0,0.0,0.0,0.0,84.15084838867188,115.8124008178711,47.990413665771484
Green_91.jpg,Green,Green,67.12496948242188,17.86774444580078,95.57634735107422,19.17100715637207,39.36324691772461,22.41597557067871,7.295542309293523e-05,0.004742102697491646,0.0628146231174469,0.3972422778606415,0.39673158526420593,0.08346100896596909,0.025753265246748924,0.010067848488688469,0.009921937249600887,0.006201210897415876,0.002115707378834486,0.0008025096612982452,7.295542309293523e-05,0.0,0.0,0.0,0.0,0.0008025096612982452,0.007879185490310192,0.050339244306087494,0.11862552165985107,0.31567811965942383,0.3178667724132538,0.1617421805858612,0.012986065819859505,0.008827606216073036,0.0043043699115514755,0.0007295542163774371,0.00021886627655476332,0.0,0.0,0.0,0.06004231423139572,0.34128546714782715,0.37841978669166565,0.11607208102941513,0.04836944490671158,0.022908004000782967,0.010578536428511143,0.009921937249600887,0.0071496316231787205,0.004012548364698887,0.0005836433847434819,0.0005836433847434819,7.295542309293523e-05,0.0,0.0,0.0,73.78887939453125,110.64122009277344,42.184730529785156
Green_92.jpg,Green,Green,73.87970733642578,18.99738121032715,101.01634216308594,18.38719367980957,43.966514587402344,23.546422958374023,0.0,0.0,0.012258321978151798,0.2853298783302307,0.4337253272533417,0.1754036247730255,0.04803667590022087,0.017839346081018448,0.010364759713411331,0.01255730539560318,0.004185768309980631,0.00029898344655521214,0.0,0.0,0.0,0.0,0.0,0.0,9.966114885173738e-05,0.006776958238333464,0.0851106271147728,0.31692245602607727,0.31781941652297974,0.20988638699054718,0.03627666085958481,0.016743073239922523,0.008969503454864025,0.0013952561421319842,0.0,0.0,0.0,0.0,0.07345026731491089,0.207992821931839,0.364460825920105,0.23998405039310455,0.05341837927699089,0.017839346081018448,0.013354594819247723,0.013155272230505943,0.009667132049798965,0.005780346691608429,0.000797289190813899,9.966114885173738e-05,0.0,0.0,0.0,0.0,77.44188690185547,109.68675994873047,46.63585662841797
Green_93.jpg,Green,Green,79.96605682373047,22.160869598388672,107.98461151123047,21.242589950561523,47.6726188659668,26.050622940063477,0.0,0.0,0.006413418799638748,0.2621608376502991,0.335273802280426,0.17858904600143433,0.12165762484073639,0.06008880212903023,0.018845584243535995,0.01253083348274231,0.003157375380396843,0.0005920078838244081,0.0005920078838244081,9.866798063740134e-05,0.0,0.0,0.0,0.0,0.0,0.004834731109440327,0.09324124455451965,0.20878145098686218,0.21667489409446716,0.2979772984981537,0.1305377334356308,0.03857918083667755,0.00799210648983717,0.0004933399031870067,0.0006906758644618094,9.866798063740134e-05,9.866798063740134e-05,0.0,0.007400098722428083,0.2738036513328552,0.3789837062358856,0.11702022701501846,0.09393192082643509,0.06097681447863579,0.0389738529920578,0.013320177793502808,0.009176122024655342,0.005032067187130451,0.0007893438450992107,0.0004933399031870067,9.866798063740134e-05,0.0,0.0,0.0,78.69450378417969,114.10371398925781,41.44279479980469
Green_94.jpg,Green,Green,74.83546447753906,22.735048294067383,100.90567016601562,22.49257469177246,48.08773422241211,27.48918342590332,0.0,0.0016226741718128324,0.05322371423244476,0.3006274402141571,0.3290783166885376,0.13792730867862701,0.11099091172218323,0.038619644939899445,0.012873214669525623,0.010493293404579163,0.0024881004355847836,0.0015144959324970841,0.0005408913712017238,0.0,0.0,0.0,0.0,0.0,0.004868022631853819,0.04759844392538071,0.09855040907859802,0.2784508764743805,0.24924275279045105,0.19006922841072083,0.1081782802939415,0.013630462810397148,0.006923409644514322,0.0012981393374502659,0.0011899610981345177,0.0,0.0,0.0,0.01579402945935726,0.3003028929233551,0.32734745740890503,0.13403289020061493,0.07172219455242157,0.0881652981042862,0.026720033958554268,0.015253136865794659,0.010601471178233624,0.0070315878838300705,0.0011899610981345177,0.0017308524111285806,0.00010817827569553629,0.0,0.0,0.0,77.65608978271484,112.62103271484375,41.86594009399414
Green_95.jpg,Green,Green,68.25618743896484,22.206083297729492,95.19142150878906,24.281198501586914,41.65943908691406,26.414688110351562,8.995232201414183e-05,0.007825852371752262,0.12809211015701294,0.3526131212711334,0.2657191753387451,0.12431411445140839,0.08005756884813309,0.021768461912870407,0.008905280381441116,0.008275614120066166,0.0017090941546484828,0.0006296662613749504,0.0,0.0,0.0,0.0,0.0,0.002248808043077588,0.011423945426940918,0.08149680495262146,0.21444633603096008,0.20167312026023865,0.20005397498607635,0.20095349848270416,0.07124224305152893,0.009714851155877113,0.005756948608905077,0.000899523263797164,8.995232201414183e-05,0.0,0.0,0.0,0.09669874608516693,0.3329135477542877,0.2694971561431885,0.12827201187610626,0.0680939108133316,0.06017810478806496,0.020599082112312317,0.00935504212975502,0.008545471355319023,0.004587568808346987,0.000899523263797164,0.0003598092880565673,0.0,0.0,0.0,0.0,50.80150604248047,80.01094818115234,19.383642196655273
Green_96.jpg,Green,Green,74.11274719238281,21.877193450927734,103.12425994873047,20.811208724975586,43.952091217041016,25.544788360595703,0.0,0.0,0.08109023422002792,0.30209919810295105,0.18122565746307373,0.30438461899757385,0.08329100906848907,0.02403927594423294,0.011681056581437588,0.00846453383564949,0.0036397494841367006,8.464533311780542e-05,0.0,0.0,0.0,0.0,0.0,0.0,8.464533311780542e-05,0.007279498968273401,0.13526324927806854,0.2743355333805084,0.16040290892124176,0.34873878955841064,0.05603521317243576,0.011850346811115742,0.005925173405557871,0.0,8.464533311780542e-05,0.0,0.0,0.0,0.12713728845119476,0.22143219411373138,0.24995768070220947,0.21618418395519257,0.10445234179496765,0.04359234869480133,0.01244286447763443,0.011003893800079823,0.008718469180166721,0.00490942969918251,8.464533311780542e-05,8.464533311780542e-05,0.0,0.0,0.0,0.0,82.5038070678711,118.84587097167969,48.164554595947266
Green_97.jpg,Green,Green,93.7157974243164,27.568578720092773,113.02882385253906,27.569414138793945,50.21356201171875,23.825666427612305,0.0,0.0,0.017032427713274956,0.09990173578262329,0.2633475363254547,0.18866688013076782,0.15547548234462738,0.10372311621904373,0.14237362146377563,0.024347636848688126,0.0051315645687282085,0.0,0.0,0.0,0.0,0.0,0.0,0.0010918222833424807,0.004913200158625841,0.016049787402153015,0.06791134178638458,0.23998253047466278,0.1781853884458542,0.18506386876106262,0.11529643088579178,0.1591876894235611,0.030352657660841942,0.001965280156582594,0.0,0.0,0.0,0.0,0.008625395596027374,0.22382356226444244,0.2754667401313782,0.2833278775215149,0.10918222367763519,0.0473850853741169,0.02303745038807392,0.014412053860723972,0.008843760006129742,0.00545911118388176,0.00043672890751622617,0.0,0.0,0.0,0.0,0.0,73.38827514648438,87.27892303466797,44.03644943237305
Green_98.jpg,Green,Green,76.41952514648438,20.27296257019043,100.98423767089844,18.077795028686523,43.229957580566406,24.301631927490234,0.0,0.0005112038925290108,0.02913862094283104,0.2705972492694855,0.3125159740447998,0.20771917700767517,0.13308341801166534,0.029053421691060066,0.009286870248615742,0.006560449954122305,0.0015336116775870323,0.0,0.0,0.0,0.0,0.0,0.0,0.0005964045412838459,0.002726420760154724,0.005964045412838459,0.08767146617174149,0.3230808675289154,0.30442190170288086,0.19340546429157257,0.07071653753519058,0.00647524930536747,0.004771236330270767,0.00017040129750967026,0.0,0.0,0.0,0.0,0.05188719555735588,0.2943682372570038,0.32095083594322205,0.19596149027347565,0.058532845228910446,0.0278606116771698,0.026753002777695656,0.009968475438654423,0.00792365986853838,0.005282440222799778,0.0005112038925290108,0.0,0.0,0.0,0.0,0.0,81.11559295654297,109.26863861083984,42.18653106689453
Green_99.jpg,Green,Green,77.12689971923828,19.228042602539062,102.79837799072266,20.606294631958008,44.24261474609375,26.56070327758789,0.0,0.0006117811426520348,0.023422477766871452,0.21613354980945587,0.39757034182548523,0.19472120702266693,0.12296801060438156,0.025782205164432526,0.00900192279368639,0.008390141651034355,0.0010487677063792944,0.0002621919265948236,8.73973112902604e-05,0.0,0.0,0.0,0.0,0.0010487677063792944,0.004369865637272596,0.017654256895184517,0.10802306979894638,0.25502535700798035,0.22277574241161346,0.29793742299079895,0.07743401825428009,0.008914525620639324,0.006380003411322832,0.0003495892451610416,8.73973112902604e-05,0.0,0.0,0.0,0.057944416999816895,0.35081279277801514,0.2401677966117859,0.144292950630188,0.08949484676122665,0.07157839834690094,0.021761929616332054,0.010400279425084591,0.007603565696626902,0.005243838299065828,0.0006117811426520348,8.73973112902604e-05,0.0,0.0,0.0,0.0,80.2505111694336,114.37762451171875,45.47423553466797
Semi_ripe_1.jpeg,Semi-ripe,Semi-ripe,128.8667755126953,30.206632614135742,124.47289276123047,30.925817489624023,95.05887603759766,52.20064163208008,0.0,0.0,0.0006824386073276401,0.009440400637686253,0.05527752637863159,0.07836669683456421,0.1551789492368698,0.22531847655773163,0.102744922041893,0.10467849671840668,0.2648620009422302,0.002009402494877577,0.0011373976012691855,0.0003033060347661376,0.0,0.0,0.0,0.0,0.0007203518180176616,0.015279041603207588,0.06373218446969986,0.0936836525797844,0.21978314220905304,0.1960115283727646,0.044661812484264374,0.15119805932044983,0.21193508803844452,0.0018956627463921905,0.0008720048354007304,0.0002274795260746032,0.0,0.0,0.00026539279497228563,0.011336063034832478,0.24897633492946625,0.21637094020843506,0.05637700855731964,0.031960874795913696,0.022255079820752144,0.02013193815946579,0.04049135744571686,0.1607142835855484,0.18873217701911926,0.0020473157055675983,0.00026539279497228563,7.58265086915344e-05,0.0,0.0,114.91569519042969,108.15142059326172,45.366275787353516
Semi_ripe_10.jpeg,Semi-ripe,Semi-ripe,132.338623046875,29.16811752319336,127.47435760498047,29.784181594848633,102.55271911621094,50.75477981567383,5.118231274536811e-05,0.00010236462549073622,0.0014842870878055692,0.004964684136211872,0.041815947741270065,0.053894974291324615,0.16306684911251068,0.22515098750591278,0.06505271792411804,0.16183847188949585,0.282219260931015,0.00010236462549073622,5.118231274536811e-05,0.00010236462549073622,0.00010236462549073622,0.0,5.118231274536811e-05,0.00015354693459812552,0.0018937455024570227,0.0067048827186226845,0.0495956614613533,0.07718292623758316,0.24035213887691498,0.1423891931772232,0.05502098426222801,0.2169618159532547,0.20938684046268463,5.118231274536811e-05,0.00010236462549073622,0.00010236462549073622,5.118231274536811e-05,0.0,0.0005118231056258082,0.002661480102688074,0.1996621936559677,0.20314259827136993,0.061111681163311005,0.024055685847997665,0.018630361184477806,0.02441396191716194,0.06607636064291,0.22668646275997162,0.1727914810180664,5.118231274536811e-05,0.00010236462549073622,0.00010236462549073622,0.0,0.0,114.69377136230469,107.53411865234375,48.35109329223633
Semi_ripe_100.jpg,Semi-ripe,Semi-ripe,128.24252319335938,39.464683532714844,118.61734771728516,33.12858963012695,35.42446517944336,22.149520874023438,0.00080071174306795,0.005782918073236942,0.03798932209610939,0.059608541429042816,0.04626334458589554,0.04074732959270477,0.07677935808897018,0.1467081904411316,0.1992882490158081,0.14430604875087738,0.1387900412082672,0.1027580052614212,0.00017793594452086836,0.0,0.0,0.0,0.0016014234861359,0.007562277372926474,0.015302491374313831,0.05516014248132706,0.07304270565509796,0.06298932433128357,0.13620996475219727,0.2410142421722412,0.1423487514257431,0.16734875738620758,0.09564056992530823,0.00080071174306795,0.000978647731244564,0.0,0.0,0.0,0.09937722235918045,0.41637009382247925,0.2923487424850464,0.1190391480922699,0.032117437571287155,0.01583629846572876,0.00774021353572607,0.0056939502246677876,0.006494661793112755,0.0027580070309340954,0.00080071174306795,0.0011565836612135172,0.00026690392405726016,0.0,0.0,0.0,135.93016052246094,120.23330688476562,22.541826248168945
Semi_ripe_101.jpg,Semi-ripe,Semi-ripe,146.28355407714844,41.95355224609375,132.87741088867188,33.25955581665039,42.6325798034668,22.32805633544922,0.0,0.000369822490029037,0.010539940558373928,0.05306952819228172,0.03725961595773697,0.04188239574432373,0.05408653989434242,0.08496671915054321,0.12916050851345062,0.1568971872329712,0.13137944042682648,0.16078032553195953,0.1345229297876358,0.005085058975964785,0.0,0.0,0.0,0.00046227811253629625,0.005177514627575874,0.02394600585103035,0.05445636063814163,0.07054363936185837,0.08986686170101166,0.15976330637931824,0.17982618510723114,0.15985576808452606,0.1715051829814911,0.08200813829898834,0.0024963016621768475,9.245562250725925e-05,0.0,0.0,0.05482618510723114,0.2898483872413635,0.321930468082428,0.17890162765979767,0.0978180468082428,0.031434912234544754,0.009430473670363426,0.00748890545219183,0.005177514627575874,0.0027736686170101166,0.0001849112450145185,9.245562250725925e-05,9.245562250725925e-05,0.0,0.0,0.0,186.35682678222656,165.24661254882812,46.87533950805664
Semi_ripe_102.jpg,Semi-ripe,Semi-ripe,141.53988647460938,40.50767517089844,128.88504028320312,31.914575576782227,41.31631851196289,24.13223648071289,0.0,0.0006531678372994065,0.0113837830722332,0.045815061777830124,0.047214705497026443,0.03797704726457596,0.06886255741119385,0.1347392052412033,0.12690117955207825,0.13679201900959015,0.13315293192863464,0.16842399537563324,0.08808435499668121,0.0,0.0,0.0,0.0,0.001213026000186801,0.007464775815606117,0.021647850051522255,0.0455351322889328,0.07949986308813095,0.14052440226078033,0.17057012021541595,0.1648782342672348,0.15340113639831543,0.17710180580615997,0.03713725879788399,0.0010264066513627768,0.0,0.0,0.0,0.08752449601888657,0.3008304536342621,0.2942054569721222,0.16543808579444885,0.0921899750828743,0.03331156075000763,0.007278156001120806,0.008117943070828915,0.0060651302337646484,0.00233274232596159,0.0005598581628873944,0.0015862648142501712,0.0005598581628873944,0.0,0.0,0.0,171.9301300048828,152.0489959716797,40.917423248291016
Semi_ripe_103.jpg,Semi-ripe,Semi-ripe,138.55551147460938,38.057456970214844,134.24102783203125,36.90156173706055,83.44354248046875,64.3523178100586,0.0010715242242440581,0.015269220806658268,0.03000267967581749,0.030806321650743484,0.026453254744410515,0.03241360932588577,0.06824269890785217,0.0847843587398529,0.10494240373373032,0.15517009794712067,0.40282613039016724,0.047615859657526016,0.00040182159864343703,0.0,0.0,0.0,0.0013394053094089031,0.007500669918954372,0.021698366850614548,0.040583979338407516,0.03301633894443512,0.05538440868258476,0.09308867156505585,0.10909456014633179,0.09154835343360901,0.16133137047290802,0.38286900520324707,0.0023439591750502586,0.00020091079932171851,0.0,0.0,0.0,0.09690597653388977,0.23245379328727722,0.14458879828453064,0.07708277553319931,0.04440128430724144,0.013527993112802505,0.007701580412685871,0.007433699443936348,0.007500669918954372,0.05551835149526596,0.31201446056365967,0.0008036431972868741,6.697026401525363e-05,0.0,0.0,0.0,163.40098571777344,166.4504852294922,165.02685546875
Semi_ripe_104.jpg,Semi-ripe,Semi-ripe,128.74859619140625,41.96589660644531,120.10911560058594,34.95203399658203,34.87972640991211,24.496965408325195,9.874592797132209e-05,0.01945294812321663,0.04117705300450325,0.03801718354225159,0.04433692246675491,0.06043250858783722,0.09726473689079285,0.15078502893447876,0.10328824073076248,0.1483163833618164,0.19561567902565002,0.08511898666620255,0.015799349173903465,0.0002962377911899239,0.0,0.0,0.00019749185594264418,0.008492149412631989,0.023106547072529793,0.05954379215836525,0.056383922696113586,0.08472400158643723,0.1302458792924881,0.1594746708869934,0.1561173051595688,0.22198083996772766,0.08393403887748718,0.015601856634020805,0.00019749185594264418,0.0,0.0,0.0,0.12945590913295746,0.46696949005126953,0.19482570886611938,0.10318949073553085,0.04848425090312958,0.023106547072529793,0.012836970388889313,0.00770218251273036,0.008097166195511818,0.004246074706315994,0.001086205244064331,0.0,0.0,0.0,0.0,0.0,166.41384887695312,150.03955078125,24.123586654663086
Semi_ripe_105.jpg,Semi-ripe,Semi-ripe,131.90106201171875,44.26203155517578,122.3901596069336,37.47740173339844,35.8965950012207,24.270008087158203,6.879944703541696e-05,0.007086343131959438,0.043756451457738876,0.05001720041036606,0.0531131736934185,0.05882352963089943,0.09508083760738373,0.11627107113599777,0.10209838300943375,0.12425180524587631,0.17681458592414856,0.1303061544895172,0.041486069560050964,0.0008255934226326644,0.0,0.0,6.879944703541696e-05,0.008049535565078259,0.020020639523863792,0.06391468644142151,0.07058823853731155,0.08538011461496353,0.11702786386013031,0.12418300658464432,0.1413140743970871,0.21320949494838715,0.11565187573432922,0.03935328498482704,0.0012383901048451662,0.0,0.0,0.0,0.11166150867938995,0.4397660791873932,0.23728929460048676,0.10079119354486465,0.05132438987493515,0.0271757822483778,0.012590299360454082,0.006742346100509167,0.006191950291395187,0.005159958731383085,0.0006879944703541696,0.0006191950524225831,0.0,0.0,0.0,0.0,168.5197296142578,151.79444885253906,23.238187789916992
Semi_ripe_106.jpg,Semi-ripe,Semi-ripe,142.2835235595703,40.994205474853516,129.4370574951172,32.73921203613281,36.78841781616211,20.917797088623047,0.0,0.0005582693847827613,0.006559664849191904,0.03293789178133011,0.06650383770465851,0.06580600142478943,0.061828333884477615,0.08974180370569229,0.1266573667526245,0.137752965092659,0.1498953253030777,0.17550593614578247,0.08422888815402985,0.0020237264689058065,0.0,0.0,0.0,0.00027913469239138067,0.009560362435877323,0.025959525257349014,0.049337055534124374,0.07501744478940964,0.131891131401062,0.15261688828468323,0.17208653688430786,0.17110955715179443,0.1625959575176239,0.04891835153102875,0.0006280530360527337,0.0,0.0,0.0,0.07278437167406082,0.4050244390964508,0.3143754303455353,0.1203768327832222,0.04200977087020874,0.02407536655664444,0.00781577080488205,0.005373342428356409,0.00509420782327652,0.0027215632144361734,0.000348918343661353,0.0,0.0,0.0,0.0,0.0,168.90614318847656,147.6642608642578,23.18514633178711
Semi_ripe_107.jpg,Semi-ripe,Semi-ripe,136.0017852783203,37.22935104370117,122.07415008544922,30.162723541259766,38.32528305053711,23.390640258789062,0.0002830188605003059,0.0009433962404727936,0.028962263837456703,0.03264150768518448,0.038962263613939285,0.043396227061748505,0.06981132179498672,0.11886792629957199,0.1842452883720398,0.2049056589603424,0.15018868446350098,0.08981131762266159,0.03698113188147545,0.0,0.0,0.0,9.433962259208784e-05,0.0018867924809455872,0.007547169923782349,0.03216981142759323,0.07188679277896881,0.07962264120578766,0.12301886826753616,0.19575472176074982,0.23707547783851624,0.15566037595272064,0.08603773266077042,0.009245282970368862,0.0,0.0,0.0,0.0,0.11377358436584473,0.32830187678337097,0.274056613445282,0.1892452836036682,0.04820754751563072,0.015094339847564697,0.010471697896718979,0.008962264284491539,0.007735848892480135,0.003962263930588961,0.00018867924518417567,0.0,0.0,0.0,0.0,0.0,168.80577087402344,146.65191650390625,23.439422607421875
Semi_ripe_108.jpg,Semi-ripe,Semi-ripe,124.82359313964844,39.54141616821289,114.39277648925781,32.353939056396484,33.66181945800781,25.725553512573242,0.001540683675557375,0.014636495150625706,0.05719787999987602,0.04699085280299187,0.033606164157390594,0.04622051119804382,0.07453057169914246,0.15657198429107666,0.20510351657867432,0.17910447716712952,0.1246027946472168,0.05941261351108551,0.0004814636486116797,0.0,0.0,0.0,0.002214732812717557,0.012132884003221989,0.013673567213118076,0.07010110467672348,0.06875301152467728,0.07279730588197708,0.14463168382644653,0.24256138503551483,0.1882522851228714,0.12787674367427826,0.05527202785015106,0.0010592200560495257,0.0005777563783340156,9.629272972233593e-05,0.0,0.0,0.18902263045310974,0.4229176640510559,0.19817043840885162,0.08502648025751114,0.04121328890323639,0.026865672320127487,0.015214251354336739,0.006933076772838831,0.008088589645922184,0.0041405875235795975,0.0010592200560495257,0.000674049137160182,0.000674049137160182,0.0,0.0,0.0,137.65167236328125,119.59222412109375,19.512956619262695
Semi_ripe_109.jpg,Semi-ripe,Semi-ripe,122.06616973876953,41.89900588989258,112.66363525390625,35.32981872558594,35.3707275390625,27.92321014404297,0.0017776022432371974,0.016887221485376358,0.05559944733977318,0.05688327178359032,0.04118111729621887,0.06409243494272232,0.11801303923130035,0.1549476534128189,0.13796168565750122,0.13727039098739624,0.12986372411251068,0.08216472715139389,0.003258937504142523,9.87556777545251e-05,0.0,0.0,0.003357693087309599,0.015504641458392143,0.017282243818044662,0.06903021782636642,0.08492988348007202,0.10952004790306091,0.1689709722995758,0.14171439409255981,0.16748963296413422,0.14892356097698212,0.0662650614976883,0.004937783814966679,0.002073869341984391,0.0,0.0,0.0,0.1787477731704712,0.4046020209789276,0.1943511813879013,0.10122457146644592,0.05461189150810242,0.026762789115309715,0.011751925572752953,0.008492988534271717,0.008196720853447914,0.004740272648632526,0.0016788465436547995,0.0037527158856391907,0.0010863124625757337,0.0,0.0,0.0,117.24776458740234,105.43828582763672,17.30858612060547
Semi_ripe_11.jpeg,Semi-ripe,Semi-ripe,140.0467071533203,27.434659957885742,133.64715576171875,28.257814407348633,109.91732025146484,48.7768669128418,0.0,4.203446951578371e-05,0.00025220680981874466,0.006557377055287361,0.03350147232413292,0.04846574366092682,0.09205548465251923,0.108869269490242,0.1168137863278389,0.273266077041626,0.31878939270973206,0.0012189996195957065,0.00016813787806313485,0.0,0.0,0.0,4.203446951578371e-05,8.406893903156742e-05,0.0011769650736823678,0.01084489282220602,0.04472467303276062,0.06073980778455734,0.11870533972978592,0.12698613107204437,0.15548549592494965,0.2808743119239807,0.1990332007408142,0.0011769650736823678,0.00012610340490937233,0.0,0.0,0.0,0.0010508616687729955,0.005674653220921755,0.07965531945228577,0.20891131460666656,0.12290878593921661,0.04379991441965103,0.01937788911163807,0.02160571701824665,0.047498948872089386,0.24367381632328033,0.20470786094665527,0.001134930644184351,0.0,0.0,0.0,0.0,152.32008361816406,148.45742797851562,148.2738037109375
Semi_ripe_110.jpg,Semi-ripe,Semi-ripe,128.4934844970703,36.30577850341797,115.1601791381836,29.567935943603516,34.79522705078125,27.559833526611328,0.0005056122899986804,0.0028314287774264812,0.04803316667675972,0.032055821269750595,0.0316513292491436,0.05319041386246681,0.09394276142120361,0.1408635824918747,0.19243603944778442,0.20123369991779327,0.16948124766349792,0.0318535752594471,0.001719081774353981,0.0002022449189098552,0.0,0.0,0.0001011224594549276,0.0029325513169169426,0.013145919889211655,0.05996561795473099,0.060066740959882736,0.09636970609426498,0.1661442071199417,0.21882900595664978,0.20254828035831451,0.16007685661315918,0.013550409115850925,0.0039437757804989815,0.0021235716994851828,0.0002022449189098552,0.0,0.0,0.18758216500282288,0.372332900762558,0.24896349012851715,0.09778542071580887,0.03246030956506729,0.017696430906653404,0.01173020526766777,0.010617857798933983,0.008696531876921654,0.004752755630761385,0.0022246940061450005,0.003033673856407404,0.0020224491599947214,0.0001011224594549276,0.0,0.0,138.8988037109375,118.0584716796875,19.745126724243164
Semi_ripe_111.jpg,Semi-ripe,Semi-ripe,133.3177032470703,35.707313537597656,120.9688720703125,28.99352264404297,38.483802795410156,23.680618286132812,0.00019575217447709292,0.001174513017758727,0.011549378745257854,0.055495742708444595,0.03787804767489433,0.046686895191669464,0.08691396564245224,0.12224723398685455,0.17441518604755402,0.20573553442955017,0.17490456998348236,0.08055201917886734,0.0022511500865221024,0.0,0.0,0.0,0.0,0.001663893461227417,0.007830087095499039,0.027111677452921867,0.07144954800605774,0.09082900732755661,0.1362435221672058,0.2036801427602768,0.21503376960754395,0.17490456998348236,0.0708622857928276,0.00039150434895418584,0.0,0.0,0.0,0.0,0.0972888320684433,0.37418028712272644,0.25946950912475586,0.1446608603000641,0.06205344200134277,0.03073309175670147,0.014289909042418003,0.009102475829422474,0.005676812957972288,0.002544778399169445,0.0,0.0,0.0,0.0,0.0,0.0,153.33302307128906,134.88487243652344,20.97430992126465
Semi_ripe_112.jpg,Semi-ripe,Semi-ripe,130.2345428466797,35.548561096191406,117.69878387451172,29.163360595703125,35.407814025878906,23.924633026123047,0.00034722223062999547,0.0010416667209938169,0.0108506940305233,0.0611979179084301,0.04652777686715126,0.05616319552063942,0.09166666865348816,0.12578125298023224,0.17465278506278992,0.20477430522441864,0.17743055522441864,0.04930555447936058,0.0002604166802484542,0.0,0.0,0.0,0.00034722223062999547,0.0023437500931322575,0.010937499813735485,0.02708333358168602,0.09140624850988388,0.10043402761220932,0.13593749701976776,0.2009548544883728,0.22335068881511688,0.16779513657093048,0.03871527686715126,0.0002604166802484542,0.0004340277810115367,0.0,0.0,0.0,0.1414930522441864,0.4079861044883728,0.2256944477558136,0.12291666865348816,0.04713541641831398,0.02395833283662796,0.013888888992369175,0.006857638712972403,0.006076388992369175,0.002864583395421505,0.0006944444612599909,0.0004340277810115367,0.0,0.0,0.0,0.0,167.5594024658203,146.73233032226562,22.227819442749023
Semi_ripe_113.jpg,Semi-ripe,Semi-ripe,121.88160705566406,36.65331268310547,112.17797088623047,30.20095443725586,32.3680305480957,24.926616668701172,0.00057565001770854,0.014199366793036461,0.02801496721804142,0.0579487681388855,0.06495250761508942,0.06533627212047577,0.09267964959144592,0.11733666062355042,0.2118391990661621,0.24158111214637756,0.08960951864719391,0.015542550012469292,0.00028782500885427,9.594166476745158e-05,0.0,0.0,0.00047970833838917315,0.015830375254154205,0.014870958402752876,0.03943202644586563,0.08721097558736801,0.1317279040813446,0.10524801164865494,0.2452269047498703,0.23304231464862823,0.11292333900928497,0.013527775183320045,0.0,0.00038376665906980634,9.594166476745158e-05,0.0,0.0,0.19792765378952026,0.4372061789035797,0.1889091432094574,0.08231794834136963,0.036553774029016495,0.02245035022497177,0.012568358331918716,0.008826632983982563,0.007387508172541857,0.005276791751384735,9.594166476745158e-05,0.00028782500885427,0.00019188332953490317,0.0,0.0,0.0,150.30856323242188,135.0711212158203,19.074867248535156
Semi_ripe_114.jpg,Semi-ripe,Semi-ripe,135.50717163085938,35.04930114746094,118.98993682861328,30.66582679748535,48.259185791015625,27.066511154174805,9.493971447227523e-05,0.0035127694718539715,0.015854932367801666,0.04281781241297722,0.03104528598487377,0.03645684942603111,0.05838792398571968,0.143453910946846,0.22719073295593262,0.17772714793682098,0.1606379896402359,0.08563562482595444,0.01661445014178753,0.0005696382722817361,0.0,0.0,0.00018987942894455045,0.008449634537100792,0.02031709812581539,0.025159023702144623,0.059337321668863297,0.0772809237241745,0.15959365665912628,0.24836228787899017,0.1854172646999359,0.13490933179855347,0.06940092891454697,0.011487705633044243,9.493971447227523e-05,0.0,0.0,0.0,0.06370455026626587,0.2326022982597351,0.27209722995758057,0.18845532834529877,0.1187695786356926,0.06455900520086288,0.028197094798088074,0.015949871391057968,0.009778790175914764,0.005601442884653807,0.00028481913614086807,0.0,0.0,0.0,0.0,0.0,138.40052795410156,117.26168060302734,43.6895866394043
Semi_ripe_115.jpg,Semi-ripe,Semi-ripe,148.96652221679688,38.01866912841797,131.5912628173828,31.919492721557617,53.163944244384766,28.231103897094727,0.0,0.00030624744249507785,0.0050020418129861355,0.02684769220650196,0.05012249946594238,0.0406288281083107,0.04501837491989136,0.05777868628501892,0.13035933673381805,0.18140056729316711,0.1986525058746338,0.16496528685092926,0.08176806569099426,0.016333196312189102,0.0008166598854586482,0.0,0.0,0.0020416495390236378,0.008881175890564919,0.020008167251944542,0.051857899874448776,0.07768476754426956,0.05941200628876686,0.15138831734657288,0.24060840904712677,0.21804818511009216,0.11188240349292755,0.04389546811580658,0.014087382704019547,0.00020416497136466205,0.0,0.0,0.03991425037384033,0.18140056729316711,0.2742956280708313,0.2171294391155243,0.12750102579593658,0.0711514875292778,0.0406288281083107,0.02725602313876152,0.014393630437552929,0.005206206813454628,0.0006124948849901557,0.0004083299427293241,0.00010208248568233103,0.0,0.0,0.0,171.8801727294922,147.75157165527344,44.59033966064453
Semi_ripe_116.jpg,Semi-ripe,Semi-ripe,135.08380126953125,34.88761520385742,118.55697631835938,29.911102294921875,45.204856872558594,28.01593589782715,0.0,0.0015810276381671429,0.01411631889641285,0.043139468878507614,0.045962732285261154,0.0564652755856514,0.05398080125451088,0.0782608687877655,0.2027103304862976,0.2755505442619324,0.15019762516021729,0.06380575895309448,0.014229249209165573,0.0,0.0,0.0,0.0,0.0041784304194152355,0.016374928876757622,0.03354037180542946,0.07430829852819443,0.08763410151004791,0.10028232634067535,0.25906267762184143,0.2476566880941391,0.10942970216274261,0.05567476153373718,0.011518916115164757,0.00033879163675010204,0.0,0.0,0.0,0.10592885315418243,0.24901185929775238,0.2582721710205078,0.17289666831493378,0.10276679694652557,0.04901185631752014,0.030265387147665024,0.01727837324142456,0.007792207878082991,0.005985319148749113,0.0007905138190835714,0.0,0.0,0.0,0.0,0.0,143.46636962890625,116.173095703125,19.01434898376465
Semi_ripe_117.jpg,Semi-ripe,Semi-ripe,136.2927703857422,35.143165588378906,119.07518005371094,30.476648330688477,46.831871032714844,27.554792404174805,0.00023383607913274318,0.005144394002854824,0.01613469049334526,0.04255816712975502,0.027124986052513123,0.028177248314023018,0.0622003972530365,0.13153278827667236,0.22249503433704376,0.207646444439888,0.14380918443202972,0.09926341474056244,0.013679410330951214,0.0,0.0,0.0,0.00011691803956637159,0.008184262551367283,0.01999298483133316,0.028177248314023018,0.05565298721194267,0.07739974558353424,0.1531626284122467,0.244592547416687,0.21045246720314026,0.11352741718292236,0.07973810285329819,0.009002689272165298,0.0,0.0,0.0,0.0,0.07739974558353424,0.25979188084602356,0.2497369349002838,0.16660821437835693,0.13164971768856049,0.0557699054479599,0.030398691073060036,0.013328656554222107,0.009119607508182526,0.005728983785957098,0.00046767215826548636,0.0,0.0,0.0,0.0,0.0,138.76942443847656,116.90435791015625,44.209224700927734
Semi_ripe_118.jpg,Semi-ripe,Semi-ripe,142.5199432373047,44.25190734863281,132.3369598388672,34.80094528198242,44.95519256591797,26.259521484375,0.0,0.0012526498176157475,0.037579495459795,0.06542686372995377,0.03170167654752731,0.036134131252765656,0.039892081171274185,0.0674503743648529,0.1115821897983551,0.18539217114448547,0.17922528088092804,0.14713817834854126,0.08864906430244446,0.008575833402574062,0.0,0.0,0.0,0.002987088169902563,0.010792059823870659,0.03324339911341667,0.06311427801847458,0.0632106363773346,0.06455964595079422,0.11774908751249313,0.2230680286884308,0.1957024484872818,0.14530737698078156,0.07409905642271042,0.005974176339805126,0.0001927153643919155,0.0,0.0,0.07409905642271042,0.2885912358760834,0.26691076159477234,0.14945076406002045,0.10695702582597733,0.06234341859817505,0.034881480038166046,0.008479475975036621,0.005299672484397888,0.00240894197486341,9.635768219595775e-05,0.0001927153643919155,0.00028907303931191564,0.0,0.0,0.0,168.10105895996094,148.83253479003906,25.202117919921875
Semi_ripe_119.jpg,Semi-ripe,Semi-ripe,138.5196990966797,41.56108856201172,129.2578125,32.65796661376953,38.2147216796875,24.625198364257812,0.00018494544201530516,0.003051599720492959,0.02820418030023575,0.0596449039876461,0.05409654229879379,0.032827816903591156,0.04660625010728836,0.07425559312105179,0.12604032456874847,0.18318845331668854,0.2164786458015442,0.1614573746919632,0.013778435066342354,0.00018494544201530516,0.0,0.0,0.000554836296942085,0.0036989087238907814,0.008784908801317215,0.031070834025740623,0.06500831991434097,0.0687997043132782,0.0734233409166336,0.12770482897758484,0.22544848918914795,0.2183280885219574,0.15766598284244537,0.019326798617839813,0.00018494544201530516,0.0,0.0,0.0,0.06796745210886002,0.4468281865119934,0.2362678050994873,0.12178657203912735,0.06297392398118973,0.02968374267220497,0.010726835578680038,0.010079526342451572,0.006380617618560791,0.005733308847993612,0.0012021453585475683,0.0003698908840306103,0.0,0.0,0.0,0.0,167.5095672607422,149.69622802734375,22.286956787109375
Semi_ripe_12.jpeg,Semi-ripe,Semi-ripe,129.2407684326172,27.072004318237305,117.19638061523438,27.29462432861328,73.49376678466797,40.678375244140625,0.0,0.0,0.00018703241948969662,0.003241895232349634,0.021134663373231888,0.08235660940408707,0.1797381490468979,0.22562344372272491,0.1410224437713623,0.14376558363437653,0.19981296360492706,0.00311720697209239,0.0,0.0,0.0,0.0,0.0,0.0,0.0010598503286018968,0.009912718087434769,0.0496259368956089,0.16683292388916016,0.2619077265262604,0.1605985015630722,0.1345386505126953,0.10293017327785492,0.1112842857837677,0.0013092269655317068,0.0,0.0,0.0,0.0,0.0004364089691080153,0.009975062683224678,0.2797381579875946,0.2948877811431885,0.16346633434295654,0.06327930092811584,0.01801745593547821,0.010162094607949257,0.018703242763876915,0.035286784172058105,0.10586035251617432,0.00018703241948969662,0.0,0.0,0.0,0.0,115.76277160644531,102.84538269042969,46.62364196777344
Semi_ripe_120.jpg,Semi-ripe,Semi-ripe,138.66952514648438,40.24925994873047,129.09376525878906,31.51388931274414,34.964698791503906,24.344839096069336,0.0,0.0025507600512355566,0.03509845957159996,0.046933986246585846,0.039791859686374664,0.03407815471291542,0.05162738636136055,0.08978675305843353,0.1330476552248001,0.21089684963226318,0.19385777413845062,0.13457810878753662,0.027038058266043663,0.0007142128306441009,0.0,0.0,0.0006121824262663722,0.0025507600512355566,0.009488827548921108,0.03734312951564789,0.04111825302243233,0.06560555100440979,0.08295071870088577,0.14927048981189728,0.2595653533935547,0.20426486432552338,0.11406999081373215,0.031935516744852066,0.0012243648525327444,0.0,0.0,0.0,0.11529435962438583,0.4965819716453552,0.186919704079628,0.08886848390102386,0.04887256398797035,0.02642587572336197,0.017957352101802826,0.008366493508219719,0.006019793916493654,0.0032649729400873184,0.001326395315118134,0.0001020304043777287,0.0,0.0,0.0,0.0,151.09547424316406,136.1914520263672,20.446544647216797
Semi_ripe_121.jpg,Semi-ripe,Semi-ripe,130.11093139648438,41.86113739013672,120.35105895996094,32.300514221191406,36.02565383911133,23.183021545410156,0.0,0.004802623763680458,0.060559917241334915,0.06536254286766052,0.032915543764829636,0.03525828570127487,0.056928664445877075,0.12463394552469254,0.1595408171415329,0.1634063422679901,0.191050723195076,0.10483776777982712,0.0007028229883871973,0.0,0.0,0.0,0.0,0.0045683495700359344,0.014876420609652996,0.0531802736222744,0.06875951588153839,0.06969661265611649,0.1200655996799469,0.20616140961647034,0.16703760623931885,0.2101440727710724,0.08527585864067078,0.0002342743391636759,0.0,0.0,0.0,0.0,0.1426730751991272,0.3690992295742035,0.24739369750022888,0.13775330781936646,0.0611455999314785,0.014759283512830734,0.008668150752782822,0.008902424946427345,0.006091132760047913,0.003514115000143647,0.0,0.0,0.0,0.0,0.0,0.0,170.97242736816406,153.33934020996094,43.19618225097656
Semi_ripe_122.jpg,Semi-ripe,Semi-ripe,126.87791442871094,38.39302062988281,118.02778625488281,29.476232528686523,33.50530242919922,22.411518096923828,0.0,0.004611482378095388,0.016601337119936943,0.08070094883441925,0.06594420224428177,0.050956882536411285,0.08254554122686386,0.11563292890787125,0.1414572298526764,0.23806779086589813,0.14710628986358643,0.05591422691941261,0.0004611482727341354,0.0,0.0,0.0,0.0009222965454682708,0.008761816658079624,0.010836984030902386,0.019022366032004356,0.058104678988456726,0.13984321057796478,0.142610102891922,0.18849435448646545,0.22884482145309448,0.1438782513141632,0.057874105870723724,0.00011528706818353385,0.0004611482727341354,0.0002305741363670677,0.0,0.0,0.14629928767681122,0.43463224172592163,0.23610791563987732,0.1076781153678894,0.03781415894627571,0.01060640998184681,0.00818538200110197,0.00795480702072382,0.006917223799973726,0.002997463569045067,0.00011528706818353385,0.0003458611899986863,0.0003458611899986863,0.0,0.0,0.0,151.7188262939453,135.2775115966797,19.252445220947266
Semi_ripe_123.jpg,Semi-ripe,Semi-ripe,136.7170867919922,43.38454055786133,126.60613250732422,33.36766815185547,33.39445877075195,19.548538208007812,0.0,0.0016945406096056104,0.01230383850634098,0.06763427704572678,0.08907389640808105,0.04383702948689461,0.05776173248887062,0.08553746342658997,0.12185957282781601,0.12274368107318878,0.14698298275470734,0.24077212810516357,0.009798865765333176,0.0,0.0,0.0,0.00014735135482624173,0.004420540761202574,0.010682974010705948,0.025639137253165245,0.0535622201859951,0.10616665333509445,0.1319531351327896,0.12826935946941376,0.1548662781715393,0.17792676389217377,0.19708244502544403,0.009209459647536278,7.367567741312087e-05,0.0,0.0,0.0,0.0951153039932251,0.46135711669921875,0.2807043492794037,0.11235541105270386,0.022765785455703735,0.008841081522405148,0.006115081254392862,0.0051572974771261215,0.005009946413338184,0.002283946145325899,7.367567741312087e-05,0.00014735135482624173,7.367567741312087e-05,0.0,0.0,0.0,171.5354766845703,150.1760711669922,21.52149200439453
Semi_ripe_124.jpeg,Semi-ripe,Semi-ripe,132.42405700683594,31.67459487915039,120.46925354003906,30.49627113342285,65.82319641113281,38.419281005859375,0.0,5.485764268087223e-05,0.00021943057072348893,0.016457293182611465,0.045312415808439255,0.10093806684017181,0.11465247720479965,0.1190410852432251,0.17192386090755463,0.17280158400535583,0.21394480764865875,0.04465412348508835,0.0,0.0,0.0,0.0,0.0,0.00010971528536174446,0.006363486871123314,0.030336277559399605,0.08535849303007126,0.11092215776443481,0.1332492232322693,0.1781776249408722,0.16067804396152496,0.21696197986602783,0.07773328572511673,0.00010971528536174446,0.0,0.0,0.0,0.0,0.0016457292949780822,0.06917548924684525,0.31065884232521057,0.288222074508667,0.13264578580856323,0.040210653096437454,0.016676723957061768,0.013220692053437233,0.024082506075501442,0.04673871397972107,0.05666794627904892,5.485764268087223e-05,0.0,0.0,0.0,0.0,168.63046264648438,149.94142150878906,56.8904914855957
Semi_ripe_125.jpeg,Semi-ripe,Semi-ripe,143.82144165039062,24.960527420043945,139.1151123046875,28.030221939086914,122.60743713378906,47.527488708496094,0.0,0.0,0.0001181893385364674,0.0025115234311670065,0.029222313314676285,0.050850965082645416,0.0500827319920063,0.06157664582133293,0.12631486356258392,0.3938955068588257,0.28306347131729126,0.0022160501684993505,0.00014773667498957366,0.0,0.0,0.0,0.0,0.0,0.00041366269579157233,0.013650869019329548,0.048309892416000366,0.05294882506132126,0.05232832953333855,0.0897352546453476,0.1548280417919159,0.3262025713920593,0.2593369483947754,0.002156955422833562,8.864200208336115e-05,0.0,0.0,0.0,0.0,0.005288972984999418,0.08562817424535751,0.11931213736534119,0.09886538237333298,0.020239925011992455,0.010577945969998837,0.02056494541466236,0.06574282050132751,0.28161564469337463,0.29151400923728943,0.000620494014583528,2.954733463411685e-05,0.0,0.0,0.0,149.65684509277344,150.2032470703125,149.8088836669922
Semi_ripe_126.jpeg,Semi-ripe,Semi-ripe,129.37425231933594,26.83421516418457,117.34780883789062,27.17275619506836,73.31527709960938,40.74383544921875,0.0,0.0,0.0,0.0017703031189739704,0.020801061764359474,0.07955300062894821,0.18903519213199615,0.21658553183078766,0.14599469304084778,0.14361584186553955,0.19827395677566528,0.004093826282769442,0.0002766098768915981,0.0,0.0,0.0,0.0,0.0,0.00038725382182747126,0.008630228228867054,0.04685771092772484,0.16347643733024597,0.2720734775066376,0.16015711426734924,0.131168395280838,0.10655011981725693,0.108597032725811,0.002102235099300742,0.0,0.0,0.0,0.0,0.0002212878898717463,0.009847311303019524,0.28015047311782837,0.30316442251205444,0.15916131436824799,0.0610201358795166,0.018754148855805397,0.009072803892195225,0.0172051340341568,0.0344102680683136,0.10583093762397766,0.0011617614654824138,0.0,0.0,0.0,0.0,115.49592590332031,102.4378890991211,46.98129653930664
Semi_ripe_127.jpeg,Semi-ripe,Semi-ripe,143.11293029785156,26.47850227355957,135.7012939453125,29.412578582763672,113.7244873046875,51.10673904418945,0.0,0.0,0.0,0.0012973451521247625,0.048761192709207535,0.05084960162639618,0.04822326824069023,0.05508970841765404,0.10511660575866699,0.39192482829093933,0.2982628345489502,0.0004746384802274406,0.0,0.0,0.0,0.0,0.0,0.0,3.16425648634322e-05,0.011169825680553913,0.06942378729581833,0.062019430100917816,0.05841217562556267,0.09758567065000534,0.16735753417015076,0.31202733516693115,0.2219093143939972,6.32851297268644e-05,0.0,0.0,0.0,0.0,0.0004746384802274406,0.01253045629709959,0.090687595307827,0.19472834467887878,0.10777457803487778,0.030345220118761063,0.012688668444752693,0.012657025828957558,0.013637945987284184,0.2425719052553177,0.28184032440185547,6.32851297268644e-05,0.0,0.0,0.0,0.0,152.32708740234375,152.3367156982422,154.52291870117188
Semi_ripe_128.jpeg,Semi-ripe,Semi-ripe,129.45745849609375,29.969667434692383,119.85742950439453,31.6054744720459,92.03768920898438,49.33726501464844,0.0,0.0,9.688983845990151e-05,0.0031489196699112654,0.06438329815864563,0.09732583910226822,0.12862125039100647,0.1601589024066925,0.15696153044700623,0.14581920206546783,0.24290281534194946,0.00043600425124168396,9.688983845990151e-05,4.8444919229950756e-05,0.0,0.0,0.0,0.0,0.00038755935383960605,0.013613021932542324,0.10163743793964386,0.141120046377182,0.18326713144779205,0.17256079614162445,0.07819009572267532,0.1168006956577301,0.19189031422138214,0.00038755935383960605,9.688983845990151e-05,4.8444919229950756e-05,0.0,0.0,0.00038755935383960605,0.006394729018211365,0.1576882153749466,0.326373428106308,0.09010754525661469,0.04626489803195,0.01603526808321476,0.01816684380173683,0.03749636560678482,0.11229532212018967,0.18845073878765106,0.00024222458887379616,9.688983845990151e-05,0.0,0.0,0.0,166.10556030273438,163.31289672851562,164.05726623535156
Semi_ripe_129.jpeg,Semi-ripe,Semi-ripe,141.56385803222656,28.334514617919922,133.44395446777344,30.46717071533203,110.95243835449219,50.3236083984375,0.0,6.624709931202233e-05,9.937064896803349e-05,0.008314011618494987,0.05137462913990021,0.060814838856458664,0.04289499670267105,0.06584961712360382,0.10347796976566315,0.3613448143005371,0.3047035336494446,0.0006624709931202233,0.00036435906076803803,3.3123549656011164e-05,0.0,0.0,0.0,6.624709931202233e-05,0.001523683313280344,0.02947995997965336,0.06889698654413223,0.05124213173985481,0.05402451008558273,0.1198078840970993,0.18595561385154724,0.3003312349319458,0.18781054019927979,0.0004968532593920827,0.00033123549656011164,3.3123549656011164e-05,0.0,0.0,0.0006624709931202233,0.007121563423424959,0.08396819978952408,0.1751573383808136,0.17105001211166382,0.0421331562101841,0.016197416931390762,0.011791984550654888,0.016230540350079536,0.15276581048965454,0.32176217436790466,0.0008612123201601207,0.0002649883972480893,3.3123549656011164e-05,0.0,0.0,165.03074645996094,162.93104553222656,165.20526123046875
Semi_ripe_13.jpg,Semi-ripe,Semi-ripe,138.76498413085938,41.18523406982422,135.05477905273438,36.766693115234375,44.020389556884766,25.09381866455078,0.0,0.0010894942097365856,0.00677042780444026,0.07042801380157471,0.04887159541249275,0.04739299789071083,0.06217898800969124,0.0921400785446167,0.13369649648666382,0.1743190735578537,0.1763424128293991,0.11190661787986755,0.06988327205181122,0.004980544559657574,0.0,0.0,0.00015564201748929918,0.002801556373015046,0.007081712130457163,0.021400777623057365,0.06357976794242859,0.0793774351477623,0.08972762525081635,0.11019454896450043,0.15377432107925415,0.20046693086624146,0.12879377603530884,0.1056809350848198,0.03642023354768753,0.0005447471048682928,0.0,0.0,0.0921400785446167,0.2363424152135849,0.2950972616672516,0.20000000298023224,0.09859922528266907,0.03836575895547867,0.016653696075081825,0.01105058379471302,0.008249027654528618,0.0024124514311552048,0.0003891050582751632,0.000233463040785864,0.000466926081571728,0.0,0.0,0.0,176.6393280029297,172.765380859375,46.16103744506836
Semi_ripe_130.jpeg,Semi-ripe,Semi-ripe,122.16168212890625,29.565189361572266,112.49214172363281,31.60114288330078,84.4621810913086,46.251548767089844,0.0,0.0,0.00019887305097654462,0.009148159995675087,0.05561816319823265,0.12111368775367737,0.21922439336776733,0.21796487271785736,0.10023202002048492,0.07842227071523666,0.19734835624694824,0.00026516406796872616,6.629101699218154e-05,0.0003314550849609077,6.629101699218154e-05,0.0,0.0,0.0,0.0004640371189452708,0.0302949957549572,0.10712628066539764,0.1870732456445694,0.2885648012161255,0.09923765063285828,0.03042757697403431,0.10878355801105499,0.14736492931842804,0.00026516406796872616,0.0,0.0003314550849609077,6.629101699218154e-05,0.0,0.00039774610195308924,0.005568445660173893,0.1764666885137558,0.3697713017463684,0.10739144682884216,0.03632747754454613,0.01518064271658659,0.01451773289591074,0.03307921811938286,0.11998674273490906,0.12091481685638428,0.0,0.00039774610195308924,0.0,0.0,0.0,115.12579345703125,102.60986328125,51.31365203857422
Semi_ripe_131.jpeg,Semi-ripe,Semi-ripe,138.8556671142578,28.040935516357422,133.09356689453125,30.730012893676758,112.07920837402344,52.35468673706055,0.0,0.0001351716637145728,0.00023655041877646,0.0029061909299343824,0.056670721620321274,0.05771830305457115,0.05362936109304428,0.0834009200334549,0.20525817573070526,0.24020005762577057,0.29856041073799133,0.001148959156125784,0.0001351716637145728,0.0,0.0,0.0,0.0,0.0001351716637145728,0.0005068937316536903,0.030312245711684227,0.060590699315071106,0.053899701684713364,0.07356718182563782,0.18167072534561157,0.09661395102739334,0.2816639542579651,0.21985672414302826,0.0011151662329211831,6.75858318572864e-05,0.0,0.0,0.0,0.0008110299822874367,0.01581508480012417,0.1602122187614441,0.14699919521808624,0.06721410900354385,0.026831576600670815,0.01696404442191124,0.01811300404369831,0.05156799033284187,0.20137199759483337,0.29268044233322144,0.001317923772148788,0.00010137874778592959,0.0,0.0,0.0,165.10890197753906,163.17941284179688,164.19357299804688
Semi_ripe_132.jpeg,Semi-ripe,Semi-ripe,115.73274993896484,36.40514373779297,102.98820495605469,34.76698303222656,45.008079528808594,32.622623443603516,0.0,0.0,0.04320625588297844,0.061518408358097076,0.06888236850500107,0.1278592348098755,0.16865427792072296,0.10681003332138062,0.11541218310594559,0.18240469694137573,0.12349299341440201,0.0017595307435840368,0.0,0.0,0.0,0.0,0.0,0.002411208814010024,0.08230694383382797,0.06836102902889252,0.11058976501226425,0.16741609573364258,0.1339850127696991,0.1214727908372879,0.19139784574508667,0.09501466155052185,0.02658846601843834,0.00045617466093972325,0.0,0.0,0.0,0.0,0.058325186371803284,0.33685240149497986,0.2961876690387726,0.16422288119792938,0.04815901070833206,0.02326490730047226,0.010035842657089233,0.007754968944936991,0.011274030432105064,0.02293906733393669,0.020918866619467735,6.51678055874072e-05,0.0,0.0,0.0,0.0,153.14935302734375,136.95640563964844,48.716026306152344
Semi_ripe_133.jpeg,Semi-ripe,Semi-ripe,118.07011413574219,30.716787338256836,106.3144302368164,31.66462516784668,66.86538696289062,37.555259704589844,0.0,0.0,0.001265630591660738,0.015744443982839584,0.10433857887983322,0.17182199656963348,0.12084240466356277,0.1689363569021225,0.17966891825199127,0.1252467930316925,0.10509795695543289,0.006480028387159109,0.0005568774649873376,0.0,0.0,0.0,0.0,0.0003543765633367002,0.006328152492642403,0.08677162975072861,0.16574697196483612,0.13511872291564941,0.14752189815044403,0.1920720934867859,0.11193236708641052,0.09811168164014816,0.054827116429805756,0.0012150052934885025,0.0,0.0,0.0,0.0,0.005973776336759329,0.05523211508989334,0.3346327245235443,0.22639599442481995,0.1384599804878235,0.07335594296455383,0.029008252546191216,0.020553840324282646,0.022933226078748703,0.04809395968914032,0.04480332136154175,0.0005568774649873376,0.0,0.0,0.0,0.0,84.84585571289062,74.57722473144531,43.465415954589844
Semi_ripe_134.jpeg,Semi-ripe,Semi-ripe,142.16258239746094,28.349699020385742,135.06532287597656,31.13197898864746,111.74050903320312,51.33198165893555,0.0,0.001068335259333253,0.00022892899869475514,0.0032050060108304024,0.025372963398694992,0.07951466739177704,0.07630966603755951,0.06623678654432297,0.1417451947927475,0.18356290459632874,0.42161089181900024,0.0011446449207141995,0.0,0.0,0.0,0.0,0.0,0.0011064901482313871,0.0008012515027076006,0.012324010953307152,0.045327939093112946,0.10866495966911316,0.052958905696868896,0.12938304245471954,0.17654241621494293,0.10000381618738174,0.3723530173301697,0.0005341676296666265,0.0,0.0,0.0,0.0,0.0016025030054152012,0.008890075609087944,0.08729825913906097,0.20599794387817383,0.1146552711725235,0.04479377344250679,0.015300087630748749,0.020260216668248177,0.051661644130945206,0.07596626877784729,0.37296348810195923,0.0006104772910475731,0.0,0.0,0.0,0.0,166.0018768310547,164.7524871826172,165.52557373046875
Semi_ripe_135.jpeg,Semi-ripe,Semi-ripe,132.68971252441406,29.427736282348633,124.5779037475586,30.770174026489258,95.69145965576172,51.0308952331543,9.734728519106284e-05,0.0007301046280190349,0.0016062302747741342,0.007690435741096735,0.032124605029821396,0.07150158286094666,0.15609636902809143,0.1748843938112259,0.10659527778625488,0.1724020391702652,0.27330249547958374,0.0019469456747174263,0.0008274519350379705,0.00019469457038212568,0.0,0.0,0.00029204186284914613,0.0012168410466983914,0.0019469456747174263,0.010464833118021488,0.059187151491642,0.11730348318815231,0.21421270072460175,0.128595769405365,0.0926259458065033,0.17955707013607025,0.1930883377790451,0.001022146549075842,0.0004867364186793566,0.0,0.0,0.0,0.0007301046280190349,0.008371866308152676,0.19902652502059937,0.23095643520355225,0.10528109222650528,0.04954976961016655,0.020880993455648422,0.01581893488764763,0.026965199038386345,0.11939644813537598,0.2214650809764862,0.0011194937396794558,0.0004380627942737192,0.0,0.0,0.0,166.42202758789062,163.2150421142578,165.03878784179688
Semi_ripe_136.jpeg,Semi-ripe,Semi-ripe,127.5302505493164,27.057018280029297,115.80853271484375,26.8409366607666,68.62808227539062,32.8803596496582,0.0,0.0,8.917822560761124e-05,0.0022294556256383657,0.028492441400885582,0.10572078078985214,0.176439106464386,0.19565701484680176,0.1554376482963562,0.1882552206516266,0.14116913080215454,0.006153297144919634,0.00017835645121522248,8.917822560761124e-05,8.917822560761124e-05,0.0,0.0,0.0,0.0008026040159165859,0.016899272799491882,0.0754447728395462,0.1468765288591385,0.22655726969242096,0.17661747336387634,0.16560396552085876,0.14553886651992798,0.045302536338567734,0.00017835645121522248,8.917822560761124e-05,8.917822560761124e-05,0.0,0.0,0.00022294555674307048,0.02546038292348385,0.2873768210411072,0.2253979593515396,0.18343959748744965,0.1359522044658661,0.0372764952480793,0.01636420376598835,0.022695858031511307,0.03567129001021385,0.03014223836362362,0.0,0.0,0.0,0.0,0.0,115.39115905761719,104.73944854736328,46.47403335571289
Semi_ripe_137.jpeg,Semi-ripe,Semi-ripe,121.25653839111328,30.498661041259766,115.22523498535156,31.268739700317383,84.31275177001953,48.41822814941406,0.0,0.00011553347576409578,0.0017907689325511456,0.00947374477982521,0.06747154891490936,0.10750389844179153,0.26006585359573364,0.20368552207946777,0.05499393492937088,0.08815204352140427,0.2058228850364685,0.0008087343303486705,0.00011553347576409578,0.0,0.0,0.0,0.0,0.00017330021364614367,0.0022529028356075287,0.01802322268486023,0.08532147109508514,0.14863382279872894,0.36907169222831726,0.05510946735739708,0.037432845681905746,0.12055918574333191,0.1629599630832672,0.00040436716517433524,5.776673788204789e-05,0.0,0.0,0.0,0.0008087343303486705,0.006989775225520134,0.2979608476161957,0.26873087882995605,0.06440991163253784,0.017676621675491333,0.015423718839883804,0.023568829521536827,0.04361388832330704,0.17266477644443512,0.08803650736808777,0.00011553347576409578,0.0,0.0,0.0,0.0,111.318359375,103.04688262939453,47.618003845214844
Semi_ripe_138.jpeg,Semi-ripe,Semi-ripe,133.8814697265625,26.924497604370117,127.17675018310547,27.601287841796875,99.71409606933594,47.5781364440918,0.0,0.00014878000365570188,0.0004959333455190063,0.0027276333421468735,0.024003174155950546,0.07305098325014114,0.1059313639998436,0.20224161446094513,0.1902400255203247,0.14010116457939148,0.25937312841415405,0.001190240029245615,0.00029756000731140375,0.0001983733382076025,0.0,0.0,0.0,0.00014878000365570188,0.0006447133491747081,0.0047113667242228985,0.034219399094581604,0.0925411656498909,0.17680023610591888,0.25193414092063904,0.08867288380861282,0.1465483009815216,0.20253917574882507,0.0008926800219342113,0.0001983733382076025,0.00014878000365570188,0.0,0.0,0.00014878000365570188,0.0013390200911089778,0.05489982292056084,0.3296964764595032,0.14084507524967194,0.05088276043534279,0.024499107152223587,0.021027574315667152,0.032186076045036316,0.13791906833648682,0.20541559159755707,0.0009422733564861119,0.00014878000365570188,4.9593334551900625e-05,0.0,0.0,166.9740447998047,163.44595336914062,164.51498413085938
Semi_ripe_139.jpeg,Semi-ripe,Semi-ripe,130.72067260742188,29.21771240234375,125.3027114868164,29.35566520690918,94.40120697021484,48.32032775878906,0.0,0.0,0.00031773411319591105,0.007353275083005428,0.03295356407761574,0.07416822016239166,0.1980845183134079,0.16426852345466614,0.111025370657444,0.15782307088375092,0.25264400243759155,0.0012709364527836442,9.078117000171915e-05,0.0,0.0,0.0,0.0,0.0,0.0005446870345622301,0.00975897628813982,0.04334801062941551,0.13680723309516907,0.18864327669143677,0.14742861688137054,0.10762108117341995,0.2064363807439804,0.15882165729999542,0.0005446870345622301,4.5390585000859573e-05,0.0,0.0,0.0,0.00031773411319591105,0.005946166813373566,0.17892968654632568,0.223276287317276,0.13390222191810608,0.060233306139707565,0.02768825739622116,0.028369115665555,0.03803731128573418,0.14062003791332245,0.16249829530715942,0.00013617175864055753,4.5390585000859573e-05,0.0,0.0,0.0,113.74214172363281,107.22666931152344,47.018333435058594
Semi_ripe_14.jpg,Semi-ripe,Semi-ripe,131.91761779785156,41.019935607910156,126.12519836425781,33.2679557800293,42.92429733276367,27.38167381286621,0.0,0.0008934421348385513,0.03127047419548035,0.060813628137111664,0.04080052301287651,0.05813330039381981,0.08237536251544952,0.12037643790245056,0.16909880936145782,0.1757102906703949,0.1123354583978653,0.08916552364826202,0.058788493275642395,0.00023825123207643628,0.0,0.0,0.0,0.000655190902762115,0.009291797876358032,0.03341473639011383,0.06700816005468369,0.08326880633831024,0.10197152942419052,0.17594853043556213,0.22568348050117493,0.13753052055835724,0.09667044132947922,0.06808029115200043,0.00047650246415287256,0.0,0.0,0.0,0.10220977663993835,0.3212817907333374,0.2238965928554535,0.1637381613254547,0.09720650315284729,0.04616117849946022,0.020310917869210243,0.008696170523762703,0.0079218540340662,0.0043480852618813515,0.002203823998570442,0.0020251355599611998,0.0,0.0,0.0,0.0,147.3448944091797,137.1225128173828,22.764678955078125
Semi_ripe_140.jpeg,Semi-ripe,Semi-ripe,135.90525817871094,27.715167999267578,129.74249267578125,28.078432083129883,99.31827545166016,49.725154876708984,4.0400776924798265e-05,0.0,0.00048480930854566395,0.0060197156853973866,0.0304217841476202,0.06718648970127106,0.09041693806648254,0.18842922151088715,0.1273028403520584,0.21687136590480804,0.2710084021091461,0.0013736264081671834,0.00040400776197202504,4.0400776924798265e-05,0.0,0.0,4.0400776924798265e-05,4.0400776924798265e-05,0.001252424088306725,0.010867808945477009,0.04088558629155159,0.0822155773639679,0.13356496393680573,0.18600517511367798,0.12669683992862701,0.25630253553390503,0.16063348948955536,0.0010504202218726277,0.00040400776197202504,4.0400776924798265e-05,0.0,0.0,0.0007676147506572306,0.006908532697707415,0.15792663395404816,0.2192954123020172,0.11340497434139252,0.05724789947271347,0.02448287047445774,0.020240789279341698,0.03284583240747452,0.20240788161754608,0.16325953602790833,0.0010908209951594472,0.00012120232713641599,0.0,0.0,0.0,117.47740173339844,109.61592864990234,47.77620315551758
Semi_ripe_141.jpeg,Semi-ripe,Semi-ripe,127.4759521484375,26.923664093017578,118.14456176757812,27.239383697509766,79.54606628417969,44.40378189086914,0.0,0.0,0.00022794620599597692,0.003419192973524332,0.03970823064446449,0.0715751051902771,0.20045588910579681,0.20373831689357758,0.15764759480953217,0.1521768867969513,0.16972874104976654,0.0012764987768605351,4.5589240471599624e-05,0.0,0.0,0.0,0.0,4.5589240471599624e-05,0.00041030318243429065,0.007157510612159967,0.06428083032369614,0.11812172085046768,0.2965124249458313,0.16225211322307587,0.11593344062566757,0.13503533601760864,0.10002279281616211,0.00022794620599597692,0.0,0.0,0.0,0.0,0.00022794620599597692,0.004695691633969545,0.2660132348537445,0.28279006481170654,0.13567358255386353,0.04928196966648102,0.022749030962586403,0.019056303426623344,0.023569637909531593,0.09537269175052643,0.10038750618696213,0.0001823569618863985,0.0,0.0,0.0,0.0,115.2599105834961,103.44309997558594,47.18973159790039
Semi_ripe_142.jpeg,Semi-ripe,Semi-ripe,128.23866271972656,33.85135269165039,120.39013671875,35.55419158935547,90.76724243164062,51.304405212402344,0.0,0.0,0.0012988175731152296,0.0554460771381855,0.06655320525169373,0.07139018177986145,0.09826227277517319,0.13189716637134552,0.16391974687576294,0.17072734236717224,0.23822106420993805,0.002015406731516123,0.00026872087619267404,0.0,0.0,0.0,0.0,4.478681512409821e-05,0.02270691469311714,0.07448047399520874,0.06323898583650589,0.08433356881141663,0.12853816151618958,0.14716947078704834,0.15200644731521606,0.16029201447963715,0.1657560020685196,0.0012988175731152296,0.00013436043809633702,0.0,0.0,0.0,0.0006718022050336003,0.052848439663648605,0.24140092730522156,0.16436761617660522,0.0967395231127739,0.03641168028116226,0.023602651432156563,0.0324256531894207,0.04671264812350273,0.16338230669498444,0.14009316265583038,0.0012988175731152296,4.478681512409821e-05,0.0,0.0,0.0,166.97532653808594,163.52418518066406,162.81063842773438
Semi_ripe_143.jpeg,Semi-ripe,Semi-ripe,127.70682525634766,32.07054901123047,124.29342651367188,32.463558197021484,101.85137939453125,50.7475471496582,0.00020352091814856976,0.00020352091814856976,0.0014755266020074487,0.004375699441879988,0.05540856719017029,0.1071537584066391,0.23145416378974915,0.1352396458387375,0.043248195201158524,0.13620637357234955,0.2844713628292084,0.0005596824921667576,0.0,0.0,0.0,0.0,0.00020352091814856976,0.00030528136994689703,0.0018316882196813822,0.005495064426213503,0.0518469512462616,0.18118448555469513,0.21557952463626862,0.09005800634622574,0.041009463369846344,0.1638343334197998,0.24834638833999634,0.00030528136994689703,0.0,0.0,0.0,0.0,0.00035616158857010305,0.0027475322131067514,0.14404192566871643,0.27760252356529236,0.06716190278530121,0.02269258163869381,0.014653505757451057,0.029052609577775,0.04396051540970802,0.1926325410604477,0.2050981968641281,0.0,0.0,0.0,0.0,0.0,166.7858428955078,164.3452606201172,163.0235137939453
Semi_ripe_144.jpeg,Semi-ripe,Semi-ripe,122.582763671875,28.114910125732422,116.53380584716797,29.491958618164062,82.29554748535156,47.4014892578125,0.0,0.0,0.00014204545004758984,0.004261363763362169,0.04171401634812355,0.10572917014360428,0.280303031206131,0.19427083432674408,0.09431818127632141,0.09053030610084534,0.18844696879386902,0.0002840909000951797,0.0,0.0,0.0,0.0,0.0,0.0,0.0007575757335871458,0.010179923847317696,0.07447917014360428,0.1690814346075058,0.2859848439693451,0.1276988685131073,0.08446969836950302,0.10047348588705063,0.14673295617103577,0.00014204545004758984,0.0,0.0,0.0,0.0,0.0005208333604969084,0.016903409734368324,0.27301135659217834,0.25833332538604736,0.11183711886405945,0.044507574290037155,0.022159090265631676,0.016950758174061775,0.022632576525211334,0.0939393937587738,0.13901515305042267,0.00018939393339678645,0.0,0.0,0.0,0.0,111.78133392333984,104.69010925292969,47.926185607910156
Semi_ripe_145.jpg,Semi-ripe,Semi-ripe,107.89291381835938,38.99779510498047,98.15692901611328,33.229164123535156,41.04064178466797,31.779327392578125,0.010975971817970276,0.010086027905344963,0.028181549161672592,0.05695639178156853,0.14891722798347473,0.17057253420352936,0.12043903768062592,0.123108871281147,0.11984574049711227,0.11509937793016434,0.04983684420585632,0.03589439392089844,0.008602788671851158,0.0014832393499091268,0.0,0.0,0.008306141011416912,0.011272619478404522,0.03263126686215401,0.07238208502531052,0.18421833217144012,0.19697418808937073,0.15188372135162354,0.1385345607995987,0.10797982662916183,0.05754968896508217,0.028774844482541084,0.007416197098791599,0.0017798872431740165,0.0002966478932648897,0.0,0.0,0.21684959530830383,0.2402847856283188,0.22990210354328156,0.10264016687870026,0.08395134657621384,0.05754968896508217,0.03085137903690338,0.01572233811020851,0.012755858711898327,0.005339661613106728,0.003559774486348033,0.0005932957865297794,0.0,0.0,0.0,0.0,80.93112182617188,75.73213958740234,44.98724365234375
Semi_ripe_146.jpg,Semi-ripe,Semi-ripe,121.94287109375,49.45832061767578,111.15784454345703,42.05152130126953,43.975948333740234,32.67859649658203,0.016536379233002663,0.015033072791993618,0.019843656569719315,0.053217075765132904,0.10853878408670425,0.1247745007276535,0.12116656452417374,0.09831629693508148,0.09561034291982651,0.07636801153421402,0.08478652685880661,0.08268190175294876,0.07937462627887726,0.023752255365252495,0.0,0.0,0.010823812335729599,0.017739025875926018,0.024654239416122437,0.06464221328496933,0.13108839094638824,0.1548406481742859,0.12597714364528656,0.10162357240915298,0.10042092949151993,0.10583283007144928,0.09200240671634674,0.06283824145793915,0.007516536395996809,0.0,0.0,0.0,0.22489476203918457,0.18009620904922485,0.17438364028930664,0.15694527328014374,0.12327119708061218,0.07696933299303055,0.030667468905448914,0.012928443029522896,0.00781719759106636,0.009019843302667141,0.003006614511832595,0.0,0.0,0.0,0.0,0.0,77.44718170166016,81.36972045898438,78.79225158691406
Semi_ripe_147.jpg,Semi-ripe,Semi-ripe,137.2035675048828,64.94412994384766,118.17251586914062,53.46494674682617,62.63671112060547,38.64625549316406,0.0023081940598785877,0.003964072559028864,0.008981885388493538,0.24697676301002502,0.05389131233096123,0.04285212606191635,0.04029304161667824,0.03918912261724472,0.04972653090953827,0.0845501497387886,0.07351096719503403,0.062321241945028305,0.0836971253156662,0.11867128312587738,0.08409854769706726,0.004967635031789541,0.00431531947106123,0.008680816739797592,0.029304029420018196,0.25324901938438416,0.06628531217575073,0.03718199580907822,0.044257111847400665,0.054242562502622604,0.07601986825466156,0.10718049108982086,0.13959556818008423,0.1269506812095642,0.051532942801713943,0.001204275176860392,0.0,0.0,0.04927492514252663,0.12168197333812714,0.3411611318588257,0.11731647700071335,0.09513773769140244,0.08500175923109055,0.06026393547654152,0.038888052105903625,0.030257413163781166,0.033518992364406586,0.027196547016501427,0.000301068794215098,0.0,0.0,0.0,0.0,57.380287170410156,55.10610580444336,42.518409729003906
Semi_ripe_148.jpg,Semi-ripe,Semi-ripe,116.7837142944336,64.23359680175781,100.6462631225586,55.526710510253906,55.91727066040039,42.062747955322266,0.000878005928825587,0.01795034296810627,0.06921613216400146,0.24647578597068787,0.08258133381605148,0.06531389057636261,0.05394858866930008,0.04931466653943062,0.0616067498922348,0.06950880587100983,0.054387591779232025,0.04892444238066673,0.04897322133183479,0.041607726365327835,0.08077654987573624,0.008536169305443764,0.003609579987823963,0.04497341439127922,0.10848250985145569,0.2127213329076767,0.13935905694961548,0.0494610033929348,0.046680647879838943,0.04931466653943062,0.06199697405099869,0.07653285562992096,0.07858153432607651,0.04111994430422783,0.06624066829681396,0.02087702974677086,4.877810715697706e-05,0.0,0.07111848145723343,0.25828009843826294,0.2760353088378906,0.13589580357074738,0.037754256278276443,0.03590068593621254,0.034925125539302826,0.03721769526600838,0.04116872325539589,0.04331495985388756,0.027998633682727814,9.755621431395411e-05,0.0002438905357848853,4.877810715697706e-05,0.0,0.0,53.208641052246094,53.8082275390625,42.70582962036133
Semi_ripe_149.JPG,Semi-ripe,Semi-ripe,139.935302734375,36.94373321533203,130.2834930419922,41.528717041015625,48.14496994018555,52.635440826416016,0.0,0.0012189812259748578,0.00757509795948863,0.019503699615597725,0.08123639225959778,0.055289506912231445,0.05720505118370056,0.07444492727518082,0.12642577290534973,0.20861993730068207,0.23874619603157043,0.09351328015327454,0.03595994785428047,0.00026121028349734843,0.0,0.0,0.00017414017929695547,0.006443186663091183,0.03561166673898697,0.08071397244930267,0.04727905988693237,0.04370918497443199,0.05468001589179039,0.09682194143533707,0.14262081682682037,0.23117108643054962,0.16473661363124847,0.08585111051797867,0.010100130923092365,8.707008964847773e-05,0.0,0.0,0.40356987714767456,0.20034827291965485,0.06895951181650162,0.04005224257707596,0.02673051878809929,0.027601219713687897,0.03552459552884102,0.04379625618457794,0.053025685250759125,0.07731824368238449,0.023073574528098106,0.0,0.0,0.0,0.0,0.0,175.772705078125,171.09671020507812,15.003436088562012
Semi_ripe_15.jpg,Semi-ripe,Semi-ripe,134.1153564453125,42.93011474609375,127.5111312866211,35.5488395690918,50.12078094482422,24.89710807800293,0.0,0.0010836041765287519,0.03017421066761017,0.06559973210096359,0.04701175168156624,0.0510961078107357,0.06434942036867142,0.14245228469371796,0.14653663337230682,0.1266149878501892,0.1343669295310974,0.11486204713582993,0.0750187560915947,0.0008335417369380593,0.0,0.0,0.0,0.0002500625269021839,0.009252313524484634,0.04017671197652817,0.07185129821300507,0.07076769322156906,0.10802700370550156,0.19463199377059937,0.13711760938167572,0.14903725683689117,0.1332833170890808,0.0805201306939125,0.005084604490548372,0.0,0.0,0.0,0.03484204411506653,0.21430358290672302,0.28032007813453674,0.20930232107639313,0.14036843180656433,0.07251813262701035,0.025589730590581894,0.01075268816202879,0.007835292257368565,0.004001000430434942,0.00016670834156684577,0.0,0.0,0.0,0.0,0.0,166.6310272216797,153.0637969970703,44.399139404296875
Semi_ripe_150.JPG,Semi-ripe,Semi-ripe,142.01625061035156,43.66550827026367,122.6174545288086,44.28599166870117,44.4012451171875,51.270023345947266,0.002444390207529068,0.013933023437857628,0.017110731452703476,0.016377413645386696,0.030065998435020447,0.08445367962121964,0.08457589894533157,0.07870936393737793,0.11439745873212814,0.17514055967330933,0.17770716547966003,0.09679784625768661,0.058420922607183456,0.027377169579267502,0.02224395051598549,0.0002444390265736729,0.009410901926457882,0.023221706971526146,0.020166218280792236,0.046932291239500046,0.10303104668855667,0.07712050527334213,0.08225372433662415,0.12136396765708923,0.15106330811977386,0.16927401721477509,0.10510877519845963,0.047054510563611984,0.022366169840097427,0.02138841338455677,0.0002444390265736729,0.0,0.44255682826042175,0.18442922830581665,0.05817648395895958,0.040210217237472534,0.039354681968688965,0.030188217759132385,0.03409924358129501,0.03446590155363083,0.050843313336372375,0.06660962849855423,0.01906624250113964,0.0,0.0,0.0,0.0,0.0,170.95945739746094,145.64137268066406,12.553014755249023
Semi_ripe_151.JPG,Semi-ripe,Semi-ripe,145.93710327148438,39.246707916259766,127.5442886352539,38.071144104003906,47.23688888549805,54.690093994140625,0.0018498367862775922,0.006093579810112715,0.009140370413661003,0.01969532109797001,0.03547333925962448,0.039281826466321945,0.057671383023262024,0.09553863108158112,0.13895538449287415,0.22970619797706604,0.16909684240818024,0.08204570412635803,0.0655059814453125,0.03971708193421364,0.010228509083390236,0.0,0.004678999073803425,0.0072905332781374454,0.01643090322613716,0.03612622246146202,0.05179543048143387,0.07344940304756165,0.11991295218467712,0.15734493732452393,0.15995647013187408,0.18324264883995056,0.09815016388893127,0.05157780274748802,0.03569096699357033,0.004352557007223368,0.0,0.0,0.47138193249702454,0.14004352688789368,0.054624591022729874,0.04722524434328079,0.03601741045713425,0.020130576565861702,0.02404787763953209,0.03307943418622017,0.0667029395699501,0.07638737559318542,0.02981501631438732,0.00010881392518058419,0.00010881392518058419,0.0003264417755417526,0.0,0.0,142.6910400390625,115.2687759399414,6.79907751083374
Semi_ripe_152.JPG,Semi-ripe,Semi-ripe,139.02252197265625,42.916053771972656,121.03213500976562,43.66737747192383,45.0938835144043,54.70378494262695,0.0017152659129351377,0.008004574105143547,0.03041738085448742,0.03361921012401581,0.025500286370515823,0.054202400147914886,0.1055460274219513,0.08793596178293228,0.10348770767450333,0.19576901197433472,0.19371068477630615,0.08107490092515945,0.03441966697573662,0.030989136546850204,0.013607775792479515,0.0,0.0045740422792732716,0.017267009243369102,0.05214408412575722,0.03979416936635971,0.08118925243616104,0.10257289558649063,0.07878787815570831,0.09971412271261215,0.15174385905265808,0.21074900031089783,0.08450543135404587,0.03419096767902374,0.03419096767902374,0.008576328866183758,0.0,0.0,0.5093196034431458,0.12692967057228088,0.0469982847571373,0.04219553992152214,0.025728987529873848,0.024128073826432228,0.027101200073957443,0.03110348805785179,0.05557461455464363,0.08347627520561218,0.027444254606962204,0.0,0.0,0.0,0.0,0.0,169.72543334960938,148.35000610351562,11.209649085998535
Semi_ripe_153.JPG,Semi-ripe,Semi-ripe,126.69784545898438,43.374351501464844,120.06964874267578,44.17290496826172,63.16523361206055,64.76847839355469,0.005782804451882839,0.026532867923378944,0.04303086921572685,0.04957904666662216,0.04158516973257065,0.06369589269161224,0.07636703550815582,0.10783229768276215,0.12594608962535858,0.18887659907341003,0.21056212484836578,0.04056467488408089,0.018879156559705734,0.0007653711945749819,0.0,0.0,0.008674207143485546,0.045156899839639664,0.03886384889483452,0.04949400573968887,0.0566374696791172,0.07007398456335068,0.0912492573261261,0.10162428766489029,0.13997788727283478,0.2177055925130844,0.13802194595336914,0.03486691042780876,0.0073135471902787685,0.0003401649883016944,0.0,0.0,0.43447571992874146,0.1118292361497879,0.030784931033849716,0.02177055925130844,0.01573263108730316,0.01794370263814926,0.032485757023096085,0.04745301604270935,0.07168976962566376,0.11097882688045502,0.10485585778951645,0.0,0.0,0.0,0.0,0.0,150.50440979003906,143.5924835205078,143.795654296875
Semi_ripe_154.JPG,Semi-ripe,Semi-ripe,134.5688934326172,43.02974319458008,125.12126159667969,43.39323806762695,47.8455696105957,54.46283721923828,0.0002952755894511938,0.01210629940032959,0.03188976272940636,0.03720472380518913,0.043602362275123596,0.05669291317462921,0.08740157634019852,0.10738188773393631,0.13543307781219482,0.1846456676721573,0.1756889820098877,0.05049212649464607,0.040748029947280884,0.030610235407948494,0.005807086825370789,0.0,0.0019685039296746254,0.024507874622941017,0.04557086527347565,0.04921259731054306,0.04616141691803932,0.05984251946210861,0.10905511677265167,0.12401574850082397,0.13622047007083893,0.1799212545156479,0.12992125749588013,0.058759842067956924,0.027165355160832405,0.007677165325731039,0.0,0.0,0.4521653652191162,0.14320866763591766,0.06417322903871536,0.04714566841721535,0.03592519834637642,0.027460629120469093,0.032677166163921356,0.03474409505724907,0.05039370059967041,0.07076771557331085,0.04133858159184456,0.0,0.0,0.0,0.0,0.0,147.79376220703125,140.70172119140625,9.35414981842041
Semi_ripe_155.JPG,Semi-ripe,Semi-ripe,132.2505645751953,42.49687957763672,123.65538787841797,43.422874450683594,49.136314392089844,55.450965881347656,0.0,0.0028439736925065517,0.017358046025037766,0.04697459936141968,0.068843774497509,0.07727763056755066,0.0865940973162651,0.11905462294816971,0.1564185470342636,0.16632342338562012,0.12758654356002808,0.03491222858428955,0.05030891299247742,0.04197312891483307,0.003530450165271759,0.0,0.0011768167605623603,0.009120329283177853,0.0314798466861248,0.06972639262676239,0.07217808812856674,0.08218103647232056,0.09816613048315048,0.15161322057247162,0.13033245503902435,0.15220162272453308,0.08875159174203873,0.04020790383219719,0.054918114095926285,0.017750319093465805,0.00019613611220847815,0.0,0.4580759108066559,0.12797881662845612,0.055310387164354324,0.0452093742787838,0.049916643649339676,0.028243601322174072,0.03295086696743965,0.03608904406428337,0.048249486833810806,0.06570559740066528,0.052270274609327316,0.0,0.0,0.0,0.0,0.0,147.3369903564453,138.974365234375,8.374542236328125
Semi_ripe_156.JPG,Semi-ripe,Semi-ripe,161.9457550048828,28.61656379699707,145.0,27.87940788269043,18.603134155273438,27.00804901123047,0.0,0.0007533524185419083,0.0013560343068093061,0.004369444213807583,0.006328160408884287,0.012957661412656307,0.03194214403629303,0.06780171394348145,0.08708754181861877,0.17794184386730194,0.27497363090515137,0.19993972778320312,0.11089347302913666,0.02365526556968689,0.0,0.0,0.0007533524185419083,0.0013560343068093061,0.004369444213807583,0.006328160408884287,0.012957661412656307,0.028778063133358955,0.06765104830265045,0.11270152032375336,0.15760132670402527,0.2559891641139984,0.25719451904296875,0.08347144722938538,0.010245593264698982,0.0006026819464750588,0.0,0.0,0.6734970808029175,0.18276329338550568,0.04203706607222557,0.02636733464896679,0.017628446221351624,0.015217718668282032,0.015669729560613632,0.016724424436688423,0.008136206306517124,0.001958716195076704,0.0,0.0,0.0,0.0,0.0,0.0,171.5380096435547,149.044189453125,8.796621322631836
Semi_ripe_157.JPG,Semi-ripe,Semi-ripe,123.4496841430664,35.71376037597656,112.85655212402344,37.140342712402344,36.151100158691406,49.098350524902344,0.0016547730192542076,0.008790981024503708,0.01520322635769844,0.03640500456094742,0.054814353585243225,0.09070224314928055,0.15792739391326904,0.15627261996269226,0.14613713324069977,0.1621677577495575,0.12059158086776733,0.0379563570022583,0.011169717647135258,0.00020684662740677595,0.0,0.0,0.004860895685851574,0.010859447531402111,0.02585582807660103,0.052021924406290054,0.09101251512765884,0.15927189588546753,0.15575550496578217,0.13517427444458008,0.11717861145734787,0.12317716330289841,0.10114800184965134,0.020477816462516785,0.0031026992946863174,0.00010342331370338798,0.0,0.0,0.5371806621551514,0.18409349024295807,0.050780847668647766,0.029165374115109444,0.016651153564453125,0.017478540539741516,0.020374393090605736,0.02585582807660103,0.04198986291885376,0.05336643010377884,0.023063398897647858,0.0,0.0,0.0,0.0,0.0,114.98377227783203,105.49114990234375,8.779498100280762
Semi_ripe_158.JPG,Semi-ripe,Semi-ripe,130.96829223632812,38.23706817626953,121.36421966552734,36.38179397583008,46.514869689941406,58.61821746826172,0.004332414362579584,0.018018905073404312,0.016738872975111008,0.01634501852095127,0.03613627329468727,0.11018117517232895,0.10506104677915573,0.0832020491361618,0.11638440191745758,0.2229224145412445,0.21081134676933289,0.052087437361478806,0.0066955494694411755,0.001083103590644896,0.0,0.0,0.005317053757607937,0.017034266144037247,0.01979125663638115,0.020578967407345772,0.06606931984424591,0.13627412915229797,0.10240252315998077,0.11224891990423203,0.16561637818813324,0.22577786445617676,0.1187475398182869,0.009157148189842701,0.0009846396278589964,0.0,0.0,0.0,0.5332807898521423,0.1439543068408966,0.023040566593408585,0.016541944816708565,0.010732571594417095,0.013686491176486015,0.02766837365925312,0.0353485606610775,0.05592752993106842,0.09147302061319351,0.04834580421447754,0.0,0.0,0.0,0.0,0.0,149.34210205078125,138.87240600585938,9.874800682067871
Semi_ripe_159.JPG,Semi-ripe,Semi-ripe,139.1751708984375,34.285099029541016,124.61309814453125,36.85309600830078,43.09694290161133,52.4481315612793,0.00359046901576221,0.005984114948660135,0.006201718933880329,0.01936677098274231,0.0328582301735878,0.0572298988699913,0.07659666985273361,0.09737786650657654,0.13426177203655243,0.24251985549926758,0.23261886835098267,0.08040474355220795,0.01088020857423544,0.00010880208719754592,0.0,0.0,0.005875312723219395,0.010009792633354664,0.026221303269267082,0.0492873452603817,0.05407463759183884,0.05853552371263504,0.09052333980798721,0.13175933063030243,0.1926884949207306,0.24273745715618134,0.11533021181821823,0.018496355041861534,0.0042432816699147224,0.00021760417439509183,0.0,0.0,0.4862365424633026,0.17408333718776703,0.05385703220963478,0.029594168066978455,0.023283647373318672,0.02578609436750412,0.029376564547419548,0.035360679030418396,0.04798172041773796,0.06800130754709244,0.02643890678882599,0.0,0.0,0.0,0.0,0.0,149.3017578125,141.3460693359375,9.918258666992188
Semi_ripe_16.jpg,Semi-ripe,Semi-ripe,133.40699768066406,44.41313171386719,125.07323455810547,38.67059326171875,40.95650100708008,24.91908073425293,0.0005351272993721068,0.010014524683356285,0.048849474638700485,0.06390948593616486,0.037229567766189575,0.03539484739303589,0.055271003395318985,0.10144484043121338,0.1553398072719574,0.1787325143814087,0.1522054821252823,0.09884565323591232,0.06222765892744064,0.0,0.0,0.0,0.0003822337603196502,0.007721122354269028,0.03172540292143822,0.0598578080534935,0.0718599483370781,0.05290115252137184,0.06903141736984253,0.13102973997592926,0.20908187329769135,0.17857961356639862,0.12911856174468994,0.05863466113805771,7.644675497431308e-05,0.0,0.0,0.0,0.06681446731090546,0.36572128534317017,0.28468772768974304,0.13859796524047852,0.06704380363225937,0.03432459384202957,0.02002904936671257,0.010090971365571022,0.006497974041849375,0.004433911759406328,0.001299594878219068,0.0004586805298458785,0.0,0.0,0.0,0.0,148.51405334472656,138.7537078857422,20.855390548706055
Semi_ripe_160.JPG,Semi-ripe,Semi-ripe,123.901123046875,39.743812561035156,116.07402801513672,42.704833984375,43.17290115356445,54.10727310180664,0.0008844078984111547,0.007517467252910137,0.032723091542720795,0.06438489258289337,0.07835853844881058,0.07818165421485901,0.07597063481807709,0.10046873986721039,0.14778456091880798,0.2014681100845337,0.18077297508716583,0.029097018763422966,0.0016803749604150653,0.0007075262838043272,0.0,0.0,0.003272309200838208,0.019633855670690536,0.04899619519710541,0.0765012800693512,0.08746793866157532,0.08905987441539764,0.1045370101928711,0.10878217220306396,0.12284425646066666,0.16821438074111938,0.12496683746576309,0.041655611246824265,0.003537631593644619,0.0005306447274051607,0.0,0.0,0.5306447148323059,0.13204209506511688,0.04501636326313019,0.029273901134729385,0.02113734930753708,0.023613691329956055,0.029981426894664764,0.035464756190776825,0.05271071195602417,0.06916069984436035,0.029627664014697075,0.0003537631419021636,0.000619085505604744,0.0003537631419021636,0.0,0.0,147.3097381591797,143.60250854492188,9.258111953735352
Semi_ripe_161.JPG,Semi-ripe,Semi-ripe,136.45408630371094,41.52144241333008,132.92823791503906,44.19073486328125,34.0504264831543,49.404090881347656,0.01803632639348507,0.01524196658283472,0.01257462240755558,0.013717769645154476,0.029848851263523102,0.06465134024620056,0.07671789824962616,0.12930268049240112,0.13400228321552277,0.1395910084247589,0.20729073882102966,0.12180871516466141,0.03670773655176163,0.00038104914710856974,0.00012701639207080007,0.0,0.022481899708509445,0.013971802778542042,0.012447605840861797,0.019560523331165314,0.05296583101153374,0.07544773072004318,0.0974215641617775,0.10059697926044464,0.11545789241790771,0.17375841736793518,0.14708498120307922,0.12028452008962631,0.04813921079039574,0.00025403278414160013,0.00012701639207080007,0.0,0.6306363344192505,0.11317159980535507,0.03302425891160965,0.023625047877430916,0.02044963836669922,0.019433507695794106,0.02159278467297554,0.02286294847726822,0.030864981934428215,0.07671789824962616,0.007239934056997299,0.00038104914710856974,0.0,0.0,0.0,0.0,175.91868591308594,176.66404724121094,9.467903137207031
Semi_ripe_162.JPG,Semi-ripe,Semi-ripe,132.75485229492188,42.2042350769043,126.66107940673828,45.75850296020508,50.79863739013672,58.0177001953125,0.0019303058506920934,0.014426495879888535,0.027329066768288612,0.04388905689120293,0.06817027181386948,0.0634969025850296,0.05689322203397751,0.08605100214481354,0.11642792075872421,0.19384333491325378,0.1982119232416153,0.11642792075872421,0.012496190145611763,0.0004063801607117057,0.0,0.0,0.0028446612413972616,0.016356801614165306,0.05689322203397751,0.06684953719377518,0.07081174105405807,0.047648075968027115,0.06420806795358658,0.08076805621385574,0.11673270165920258,0.16417758166790009,0.21781976521015167,0.08056487143039703,0.013715330511331558,0.0006095702410675585,0.0,0.0,0.4686579406261444,0.13816925883293152,0.04774966835975647,0.029564157128334045,0.024890786036849022,0.025297164916992188,0.03027532249689102,0.040333230048418045,0.061160214245319366,0.07446916401386261,0.05943309888243675,0.0,0.0,0.0,0.0,0.0,175.4910888671875,172.55062866210938,11.986259460449219
Semi_ripe_163.JPG,Semi-ripe,Semi-ripe,151.5810089111328,43.02189636230469,137.44302368164062,42.45749282836914,34.053916931152344,39.600826263427734,0.0,0.0009296148782595992,0.002390438225120306,0.0054448870941996574,0.03373173996806145,0.05537848547101021,0.09986719489097595,0.10013280063867569,0.13452854752540588,0.1662682592868805,0.11301460862159729,0.07290836423635483,0.08353253453969955,0.07782204449176788,0.05219123512506485,0.0018592297565191984,0.00013280213170219213,0.0017264275811612606,0.005843293387442827,0.015405046753585339,0.06626825779676437,0.08937583118677139,0.12563081085681915,0.11208499222993851,0.16015936434268951,0.12988047301769257,0.0713147446513176,0.08446215093135834,0.07569721341133118,0.058565735816955566,0.003452855162322521,0.0,0.5005311965942383,0.16401062905788422,0.06520584225654602,0.05338645353913307,0.05258964002132416,0.05126161873340607,0.04395750164985657,0.027888447046279907,0.025365205481648445,0.01447543129324913,0.0013280212879180908,0.0,0.0,0.0,0.0,0.0,149.22283935546875,137.5283203125,8.202414512634277
Semi_ripe_164.JPG,Semi-ripe,Semi-ripe,129.1027374267578,37.05327606201172,120.71798706054688,39.468170166015625,39.659210205078125,51.632728576660156,9.812579810386524e-05,0.0047100381925702095,0.010106957517564297,0.03022274561226368,0.06898243725299835,0.11833970993757248,0.09822392463684082,0.10234520584344864,0.11765283346176147,0.2058679163455963,0.17378078401088715,0.05916985496878624,0.009910705499351025,0.0005887547740712762,0.0,0.0,0.0016681385459378362,0.005691296420991421,0.01648513413965702,0.05612795427441597,0.12089098244905472,0.10607399046421051,0.09518202394247055,0.09773329645395279,0.14552055299282074,0.16926699876785278,0.1302129328250885,0.047100383788347244,0.0069669317454099655,0.00107938377186656,0.0,0.0,0.5613777041435242,0.1315867006778717,0.038661565631628036,0.02541458234190941,0.020998921245336533,0.022470807656645775,0.026984594762325287,0.03915219381451607,0.056716710329055786,0.06024923920631409,0.01599450409412384,0.00019625159620773047,0.00019625159620773047,0.0,0.0,0.0,149.72360229492188,140.8597412109375,7.65016508102417
Semi_ripe_165.JPG,Semi-ripe,Semi-ripe,137.83761596679688,33.36370849609375,123.0972671508789,36.62549591064453,39.43699645996094,49.58839416503906,0.00010606703290250152,0.001378871500492096,0.0029698768630623817,0.016016121953725815,0.0401994064450264,0.07541365921497345,0.08983878046274185,0.11465846747159958,0.14732711017131805,0.21287654340267181,0.19452694058418274,0.07955027371644974,0.02513788640499115,0.0,0.0,0.0,0.0009546033106744289,0.006257954984903336,0.027365295216441154,0.05186678096652031,0.06204921379685402,0.08538395911455154,0.10256682336330414,0.13608400523662567,0.16058549284934998,0.21669495105743408,0.1291896551847458,0.018349597230553627,0.0026516758371144533,0.0,0.0,0.0,0.5168646574020386,0.17554093897342682,0.0445481538772583,0.025243954733014107,0.024395417422056198,0.025350021198391914,0.03033517114818096,0.039881203323602676,0.047624099999666214,0.06162494793534279,0.008591429330408573,0.0,0.0,0.0,0.0,0.0,149.51376342773438,140.93548583984375,10.039339065551758
Semi_ripe_166.JPG,Semi-ripe,Semi-ripe,127.61881256103516,37.16324234008789,117.7660140991211,36.995662689208984,44.80788803100586,54.752105712890625,0.0007096512708812952,0.013483373448252678,0.02017437107861042,0.026662612333893776,0.05322384461760521,0.08789537847042084,0.12226277589797974,0.11415247619152069,0.1393957883119583,0.2019464671611786,0.1680859625339508,0.046735603362321854,0.005170316435396671,0.00010137874778592959,0.0,0.0,0.006690997630357742,0.012469585984945297,0.02250608243048191,0.03994322940707207,0.09002432972192764,0.11678832024335861,0.11506488174200058,0.12307380139827728,0.1727493852376938,0.1906934380531311,0.0885036513209343,0.020985402166843414,0.0005068937316536903,0.0,0.0,0.0,0.5267639756202698,0.12834550440311432,0.035583943128585815,0.024635037407279015,0.02250608243048191,0.02281021885573864,0.03010948933660984,0.03943633288145065,0.07360097020864487,0.0877939984202385,0.008414436131715775,0.0,0.0,0.0,0.0,0.0,146.6103515625,138.83106994628906,10.133864402770996
Semi_ripe_167.JPG,Semi-ripe,Semi-ripe,156.53109741210938,37.01902770996094,141.30560302734375,40.4561653137207,17.5236759185791,25.7429141998291,0.0,0.0008958280086517334,0.003711287397891283,0.012157665565609932,0.01740465871989727,0.03749680146574974,0.06373175978660583,0.09802918136119843,0.10801126062870026,0.10289224237203598,0.15497824549674988,0.21141541004180908,0.18338878452777863,0.005758894141763449,0.00012797542149201035,0.0,0.0020476067438721657,0.003455336671322584,0.013053493574261665,0.027898643165826797,0.04363962262868881,0.061812132596969604,0.0987970307469368,0.09060660004615784,0.10161249339580536,0.13782954216003418,0.17993345856666565,0.18761198222637177,0.0493985153734684,0.0023035577032715082,0.0,0.0,0.6803174018859863,0.18697209656238556,0.047222934663295746,0.022267725318670273,0.014077297411859035,0.013181469403207302,0.0107499361038208,0.012797542847692966,0.00998208299279213,0.0023035577032715082,0.00012797542149201035,0.0,0.0,0.0,0.0,0.0,183.1276397705078,170.24435424804688,9.800146102905273
Semi_ripe_168.JPG,Semi-ripe,Semi-ripe,151.7537841796875,34.75461959838867,139.23268127441406,35.0018424987793,39.65789794921875,50.47201919555664,0.0,0.0002147535706171766,0.0027917963452637196,0.01030817162245512,0.02534092217683792,0.041125308722257614,0.06345967948436737,0.0833243876695633,0.11156447976827621,0.18737249076366425,0.23526254296302795,0.11145710200071335,0.10726940631866455,0.01997208222746849,0.0005368839483708143,0.0,0.0001073767853085883,0.0011811446165665984,0.007301621604710817,0.02469666115939617,0.040158916264772415,0.0630301758646965,0.08439815044403076,0.09867926687002182,0.1357242614030838,0.22377322614192963,0.1923118233680725,0.10501449555158615,0.022978631779551506,0.000644260726403445,0.0,0.0,0.5372060537338257,0.15161602199077606,0.05100397393107414,0.02791796438395977,0.019113067537546158,0.021153226494789124,0.02254912443459034,0.03564909100532532,0.05690969526767731,0.06678836047649384,0.010093417949974537,0.0,0.0,0.0,0.0,0.0,180.4395294189453,167.7291259765625,11.7308349609375
Semi_ripe_169.JPG,Semi-ripe,Semi-ripe,142.14634704589844,40.949649810791016,131.72035217285156,40.029754638671875,44.18381118774414,54.65047836303711,0.00300144893117249,0.0066238874569535255,0.02194162644445896,0.02194162644445896,0.027323534712195396,0.05775201693177223,0.08507555723190308,0.08528254926204681,0.11405505985021591,0.1997516006231308,0.1884702891111374,0.09169944375753403,0.06830883771181107,0.028255019336938858,0.000517491193022579,0.0,0.0036224385257810354,0.006727385800331831,0.022666115313768387,0.03239494934678078,0.04667770490050316,0.0892154797911644,0.08228109776973724,0.11747050285339355,0.15131442248821259,0.19850961863994598,0.13040778040885925,0.06758435070514679,0.04647070914506912,0.0046574207954108715,0.0,0.0,0.5163527131080627,0.14148209989070892,0.04191678762435913,0.03125646710395813,0.023390602320432663,0.01583523117005825,0.028876008465886116,0.034050922840833664,0.05381908640265465,0.09770233929157257,0.01531773991882801,0.0,0.0,0.0,0.0,0.0,150.75868225097656,137.5850372314453,8.02048110961914
Semi_ripe_17.jpg,Semi-ripe,Semi-ripe,130.22662353515625,41.73774719238281,122.31033325195312,36.644596099853516,39.29399871826172,25.61397361755371,0.0004083299427293241,0.011126990430057049,0.0608411580324173,0.050632912665605545,0.03368721902370453,0.03634136542677879,0.06267864257097244,0.11535320430994034,0.14567169547080994,0.20345038175582886,0.19569212198257446,0.08217640221118927,0.0016333197709172964,0.00030624744249507785,0.0,0.0,0.0004083299427293241,0.011841568164527416,0.034299712628126144,0.06390363723039627,0.05900367349386215,0.056757859885692596,0.06910984218120575,0.1384238451719284,0.21416905522346497,0.23917925357818604,0.10994283109903336,0.001429154770448804,0.0013270722702145576,0.00020416497136466205,0.0,0.0,0.07472437620162964,0.3876071870326996,0.3032870590686798,0.10187831521034241,0.05318497493863106,0.03481012582778931,0.01949775405228138,0.011024908162653446,0.007145773619413376,0.0031645570416003466,0.0012249897699803114,0.0020416495390236378,0.00030624744249507785,0.00010208248568233103,0.0,0.0,149.11605834960938,139.2284698486328,21.2791690826416
Semi_ripe_170.JPG,Semi-ripe,Semi-ripe,131.19699096679688,35.027610778808594,120.58468627929688,34.27987289428711,38.4063835144043,53.195213317871094,0.003255276707932353,0.009345794096589088,0.01606636494398117,0.026357240974903107,0.021631838753819466,0.06867583841085434,0.1350414752960205,0.129581019282341,0.13252127170562744,0.21159298717975616,0.1993069350719452,0.044628795236349106,0.0016801428282633424,0.0003150267875753343,0.0,0.0,0.004200357012450695,0.012391053140163422,0.024257062003016472,0.02520214207470417,0.0365431047976017,0.13756169378757477,0.13997690379619598,0.12821589410305023,0.1618187576532364,0.23711015284061432,0.08936259895563126,0.0026252232491970062,0.0004200357070658356,0.0003150267875753343,0.0,0.0,0.6309986114501953,0.07928173989057541,0.023627007380127907,0.021316811442375183,0.020896775647997856,0.01900661550462246,0.02541216090321541,0.03192271292209625,0.056704819202423096,0.08600231260061264,0.0048304107040166855,0.0,0.0,0.0,0.0,0.0,148.31338500976562,139.8549346923828,8.407746315002441
Semi_ripe_171.JPG,Semi-ripe,Semi-ripe,129.7945098876953,36.755653381347656,122.37217712402344,36.01398849487305,60.94841384887695,64.22488403320312,0.0010993657633662224,0.006088795140385628,0.012177590280771255,0.022832980379462242,0.060803383588790894,0.11712473630905151,0.09868922084569931,0.09970401972532272,0.12887948751449585,0.18198731541633606,0.2235095202922821,0.029767442494630814,0.013868921436369419,0.0034672303590923548,0.0,0.0,0.0035517970100045204,0.006257927976548672,0.012177590280771255,0.03492600470781326,0.0998731479048729,0.10156448185443878,0.09945032000541687,0.12498942762613297,0.15019027888774872,0.23255814611911774,0.10832981020212173,0.024101480841636658,0.0020295982249081135,0.0,0.0,0.0,0.4708667993545532,0.08321353048086166,0.030697673559188843,0.01860465109348297,0.014545454643666744,0.019704017788171768,0.0325581394135952,0.04059196636080742,0.08473572880029678,0.1530655324459076,0.051416490226984024,0.0,0.0,0.0,0.0,0.0,83.74344635009766,77.86953735351562,6.559300899505615
Semi_ripe_172.JPG,Semi-ripe,Semi-ripe,141.9965362548828,35.85475540161133,129.93768310546875,37.77375793457031,43.15643310546875,54.39458084106445,0.0028905074577778578,0.004393571522086859,0.00716845877468586,0.017227424308657646,0.03295178711414337,0.04809804633259773,0.0854434072971344,0.09411492943763733,0.12510116398334503,0.23679037392139435,0.22303156554698944,0.05815701186656952,0.05295410007238388,0.010637068189680576,0.0010405827779322863,0.0,0.004509191960096359,0.005549774505198002,0.015030639246106148,0.03063938021659851,0.05202913656830788,0.08937449753284454,0.09793039411306381,0.11585154384374619,0.15874667465686798,0.22233784198760986,0.12117007374763489,0.0566539466381073,0.026708289980888367,0.0033529887441545725,0.00011562029976630583,0.0,0.5393686890602112,0.12729795277118683,0.03676725551486015,0.029251936823129654,0.023124059662222862,0.02300843968987465,0.023933403193950653,0.033067405223846436,0.06243496388196945,0.08798705041408539,0.013758815824985504,0.0,0.0,0.0,0.0,0.0,151.1676483154297,137.35980224609375,7.4588236808776855
Semi_ripe_173.JPG,Semi-ripe,Semi-ripe,133.59786987304688,31.303781509399414,124.40108489990234,37.35955047607422,53.75954055786133,58.595184326171875,0.0,0.00047465349780395627,0.0010442377533763647,0.004271881654858589,0.04661097377538681,0.10992974787950516,0.11144864559173584,0.09863299876451492,0.17609645426273346,0.23153598606586456,0.16128726303577423,0.04575659707188606,0.01196126826107502,0.0009493069956079125,0.0,0.0,0.0010442377533763647,0.0009493069956079125,0.012530852109193802,0.054395291954278946,0.0803113728761673,0.10309474170207977,0.09512056410312653,0.12454907596111298,0.15967343747615814,0.2034364938735962,0.10053161531686783,0.045281942933797836,0.01822669431567192,0.0008543762960471213,0.0,0.0,0.4522498548030853,0.11856844276189804,0.04689576476812363,0.03521928936243057,0.028669072315096855,0.02515663579106331,0.030757546424865723,0.04195937141776085,0.0767989382147789,0.1252135932445526,0.018511487171053886,0.0,0.0,0.0,0.0,0.0,146.03489685058594,140.21319580078125,9.373292922973633
Semi_ripe_174.JPG,Semi-ripe,Semi-ripe,125.83397674560547,35.639163970947266,121.38864135742188,39.35360336303711,45.80411911010742,54.88291931152344,0.001417367486283183,0.006614381447434425,0.011811395175755024,0.03978078067302704,0.07644335180521011,0.07975054532289505,0.10412926226854324,0.121610127389431,0.1738637387752533,0.20060473680496216,0.14835113286972046,0.03326088935136795,0.001984314527362585,0.0003779646649491042,0.0,0.0,0.0009449116769246757,0.006236416753381491,0.033071909099817276,0.05971841514110565,0.0793725773692131,0.09005007892847061,0.10639705508947372,0.13190966844558716,0.1344609260559082,0.17764338850975037,0.13039781153202057,0.03770197555422783,0.011716904118657112,0.0003779646649491042,0.0,0.0,0.4929603934288025,0.15260323882102966,0.04214305803179741,0.028158366680145264,0.022583387792110443,0.028725314885377884,0.03184352442622185,0.04025323688983917,0.052537087351083755,0.07540395110845566,0.03241046890616417,9.449116623727605e-05,9.449116623727605e-05,0.0001889823324745521,0.0,0.0,144.8433074951172,143.48634338378906,8.957087516784668
Semi_ripe_175.JPG,Semi-ripe,Semi-ripe,133.09886169433594,31.481966018676758,121.92131805419922,39.169151306152344,40.11933135986328,50.156578063964844,0.00020072259940207005,0.0007025290979072452,0.0026093937922269106,0.007226013578474522,0.05389401689171791,0.10778803378343582,0.09173022955656052,0.10708551108837128,0.15646326541900635,0.23946206271648407,0.1999197155237198,0.031011641025543213,0.0016057807952165604,0.00030108389910310507,0.0,0.0,0.0015054194955155253,0.0035126456059515476,0.04014452174305916,0.07567241787910461,0.07195905596017838,0.0607185885310173,0.08400240540504456,0.12976716458797455,0.14933761954307556,0.21527498960494995,0.14783219993114471,0.018265755847096443,0.0019068646943196654,0.00010036129970103502,0.0,0.0,0.5388398170471191,0.13488559424877167,0.05519871413707733,0.03221597895026207,0.021778402850031853,0.026194298639893532,0.031413085758686066,0.03753512725234032,0.04526294767856598,0.06272581219673157,0.013950221240520477,0.0,0.0,0.0,0.0,0.0,147.38284301757812,144.19720458984375,10.011564254760742
Semi_ripe_176.JPG,Semi-ripe,Semi-ripe,126.52661895751953,41.8846321105957,117.80081176757812,40.20476150512695,57.5146369934082,63.39338302612305,0.001222992199473083,0.021850794553756714,0.02168772928416729,0.061149612069129944,0.0824296772480011,0.05780676752328873,0.06506318598985672,0.10631879419088364,0.13126783072948456,0.1964125633239746,0.19078679382801056,0.04875662550330162,0.015002038329839706,0.0002445984573569149,0.0,0.0,0.006685690954327583,0.011740725487470627,0.026987362653017044,0.08878923952579498,0.08373419940471649,0.06971056014299393,0.10216061770915985,0.1293925791978836,0.14317162334918976,0.21076233685016632,0.08569099009037018,0.03986954689025879,0.0013045250670984387,0.0,0.0,0.0,0.4996331036090851,0.08560945838689804,0.020383203402161598,0.017203424125909805,0.01761108823120594,0.020953934639692307,0.03187933191657066,0.04573991149663925,0.06848756968975067,0.13827966153621674,0.0542193241417408,0.0,0.0,0.0,0.0,0.0,152.38217163085938,140.76641845703125,142.8804473876953
Semi_ripe_177.JPG,Semi-ripe,Semi-ripe,124.51547241210938,39.145713806152344,118.18154907226562,41.94601058959961,53.58607482910156,59.26403045654297,0.0006854680832475424,0.0176263228058815,0.03153153136372566,0.036036036908626556,0.05297689139842987,0.1057579293847084,0.11036036163568497,0.09753231704235077,0.14150018990039825,0.20368194580078125,0.15795142948627472,0.03221699967980385,0.010869565419852734,0.0012730121379718184,0.0,0.0,0.0015667842235416174,0.021543283015489578,0.03574226424098015,0.0599294938147068,0.1035056784749031,0.09351743012666702,0.09322366118431091,0.11231884360313416,0.1256365031003952,0.17998433113098145,0.12093615531921387,0.03848413750529289,0.012338425032794476,0.0012730121379718184,0.0,0.0,0.4711124300956726,0.10438699275255203,0.04406580328941345,0.033979631960392,0.025460243225097656,0.027124950662255287,0.04122600704431534,0.044947121292352676,0.05885232985019684,0.10066588222980499,0.04817861318588257,0.0,0.0,0.0,0.0,0.0,85.7899398803711,75.13062286376953,6.158870220184326
Semi_ripe_178.JPG,Semi-ripe,Semi-ripe,122.0248794555664,36.66282653808594,111.803955078125,35.5314826965332,43.285560607910156,56.00584030151367,0.0006378907128237188,0.008186263963580132,0.015840953215956688,0.0536891333758831,0.08196895569562912,0.08611524850130081,0.1202424019575119,0.1351265162229538,0.14745907485485077,0.17233680188655853,0.1543695479631424,0.023283010348677635,0.0005315755843184888,0.00010631512122927234,0.00010631512122927234,0.0,0.0020199872087687254,0.009355730377137661,0.017329365015029907,0.08016160130500793,0.11120561510324478,0.12417605519294739,0.1265149861574173,0.14639592170715332,0.14054858684539795,0.17106102406978607,0.06814798712730408,0.002445247722789645,0.0005315755843184888,0.00010631512122927234,0.0,0.0,0.5758026838302612,0.10184988379478455,0.027748245745897293,0.022645119577646255,0.018179886043071747,0.02168828435242176,0.028598766773939133,0.034233469516038895,0.058048054575920105,0.07984265685081482,0.03136295825242996,0.0,0.0,0.0,0.0,0.0,116.17288208007812,108.23790740966797,7.938937187194824
Semi_ripe_179.JPG,Semi-ripe,Semi-ripe,142.00376892089844,40.2765998840332,121.54720306396484,42.82837677001953,52.70952606201172,57.294952392578125,0.009064286947250366,0.008924836292862892,0.010179891251027584,0.02008088119328022,0.03360758721828461,0.031515829265117645,0.060103192925453186,0.13735879957675934,0.16134430468082428,0.16232044994831085,0.18714265525341034,0.09817320108413696,0.04448473080992699,0.02621670626103878,0.009482637979090214,0.0,0.01394505612552166,0.025101101025938988,0.03207362815737724,0.033468134701251984,0.05550132319331169,0.11407056450843811,0.10389067232608795,0.10793473571538925,0.12564495205879211,0.21168595552444458,0.1157439723610878,0.03291033208370209,0.025380002334713936,0.0026495608035475016,0.0,0.0,0.42908939719200134,0.15646353363990784,0.04797099530696869,0.02858736552298069,0.02454330027103424,0.028029562905430794,0.04755264148116112,0.051596708595752716,0.050899457186460495,0.09371078014373779,0.04141681641340256,0.0001394505670759827,0.0,0.0,0.0,0.0,173.28614807128906,148.39076232910156,10.768204689025879
Semi_ripe_18.jpg,Semi-ripe,Semi-ripe,138.3687744140625,43.99006271362305,132.83538818359375,36.186798095703125,53.079654693603516,26.83155632019043,0.0,0.0004154117777943611,0.014124000445008278,0.08225153386592865,0.05213417857885361,0.04206044226884842,0.05421123653650284,0.09928341209888458,0.12213106453418732,0.18340429663658142,0.13147783279418945,0.10042579472064972,0.11423823982477188,0.0038425589445978403,0.0,0.0,0.0,0.00010385294444859028,0.006335029378533363,0.02845570631325245,0.06864679604768753,0.08422473818063736,0.07674732804298401,0.12753140926361084,0.19264721870422363,0.16658012568950653,0.11112265288829803,0.12046941369771957,0.016616471111774445,0.0005192647222429514,0.0,0.0,0.022639941424131393,0.18610447645187378,0.273133248090744,0.20967909693717957,0.18610447645187378,0.06906221061944962,0.019835911691188812,0.013812441378831863,0.008931352756917477,0.004257970489561558,0.0005192647222429514,0.0035310001112520695,0.0023886177223175764,0.0,0.0,0.0,149.00172424316406,138.6534881591797,43.39638900756836
Semi_ripe_180.JPG,Semi-ripe,Semi-ripe,141.32879638671875,40.08412170410156,119.32005310058594,45.08198547363281,58.43705749511719,58.098636627197266,0.00044431278365664184,0.0029620854184031487,0.007553317584097385,0.016735782846808434,0.044283173978328705,0.07286729663610458,0.10337677597999573,0.08501184731721878,0.14721563458442688,0.1675059199333191,0.17431871592998505,0.07345971465110779,0.05879739299416542,0.030657583847641945,0.01436611358076334,0.00044431278365664184,0.006072274874895811,0.015995260328054428,0.049318719655275345,0.06694313138723373,0.09789691865444183,0.07123815268278122,0.09582345932722092,0.1055983379483223,0.13921800255775452,0.1686907559633255,0.08856634795665741,0.058204974979162216,0.026806872338056564,0.009626776911318302,0.0,0.0,0.3989928960800171,0.10841232538223267,0.06027843430638313,0.03243483230471611,0.03658175468444824,0.03954383730888367,0.06013033166527748,0.06427725404500961,0.06738743931055069,0.08486374467611313,0.047097157686948776,0.0,0.0,0.0,0.0,0.0,106.97107696533203,76.55860137939453,7.044139862060547
Semi_ripe_181.JPG,Semi-ripe,Semi-ripe,139.96522521972656,46.007789611816406,119.1347427368164,47.25939178466797,53.77442169189453,54.5839729309082,0.005654475651681423,0.009504331275820732,0.02069297432899475,0.0378970168530941,0.05173243582248688,0.05064966157078743,0.05582290515303612,0.09155438095331192,0.15122714638710022,0.16927334666252136,0.18587584793567657,0.06159768998622894,0.03946102038025856,0.03476900979876518,0.02430221438407898,0.009985563345253468,0.016843117773532867,0.03753609210252762,0.052935514599084854,0.05449951812624931,0.048845041543245316,0.06352261453866959,0.10069778561592102,0.11681905388832092,0.15267083048820496,0.19525986909866333,0.07194417715072632,0.03897978737950325,0.034648701548576355,0.014797882176935673,0.0,0.0,0.37656399607658386,0.14388835430145264,0.07627526670694351,0.05678537115454674,0.04764196276664734,0.033084698021411896,0.04559672623872757,0.04752165451645851,0.05871029943227768,0.08409528434276581,0.029836380854249,0.0,0.0,0.0,0.0,0.0,170.16159057617188,148.15457153320312,11.665105819702148
Semi_ripe_182.JPG,Semi-ripe,Semi-ripe,140.74224853515625,38.14312744140625,117.76072692871094,42.305580139160156,54.82948303222656,57.27933120727539,0.000263956724666059,0.0031674804631620646,0.012010030448436737,0.01979675330221653,0.02481193095445633,0.06097400188446045,0.07971492409706116,0.10875016450881958,0.19862742722034454,0.1994192898273468,0.170911967754364,0.035370200872421265,0.02969513088464737,0.027715453878045082,0.027055563405156136,0.0017157186521217227,0.008842550218105316,0.01992873102426529,0.02639567106962204,0.05767454206943512,0.07549162209033966,0.09951168298721313,0.12986670434474945,0.1579780876636505,0.1405569463968277,0.15586644411087036,0.051867492496967316,0.0294311735779047,0.020720601081848145,0.025735778734087944,0.0001319783623330295,0.0,0.42998549342155457,0.11732875555753708,0.05213145166635513,0.03273063153028488,0.030882935971021652,0.033786460757255554,0.05213145166635513,0.06638511270284653,0.05648673698306084,0.10228322446346283,0.025339843705296516,0.000263956724666059,0.0001319783623330295,0.0001319783623330295,0.0,0.0,143.11328125,111.1160659790039,6.4243268966674805
Semi_ripe_183.JPG,Semi-ripe,Semi-ripe,133.82029724121094,40.82741165161133,111.42394256591797,42.9284782409668,56.13263702392578,58.80984115600586,0.0023367085959762335,0.009124290198087692,0.014465338550508022,0.0342717245221138,0.055858463048934937,0.09636141359806061,0.07766774296760559,0.09001891314983368,0.11928340792655945,0.18215200304985046,0.1932791769504547,0.07466340065002441,0.04662289842963219,0.0034494269639253616,0.00044508735300041735,0.0,0.009346834383904934,0.03416045382618904,0.046845443546772,0.09524869173765182,0.0851229578256607,0.0738845020532608,0.08200734108686447,0.11928340792655945,0.15889617800712585,0.2024034708738327,0.07510849088430405,0.01535551343113184,0.0016690775519236922,0.00033381552202627063,0.00033381552202627063,0.0,0.39290085434913635,0.1719149947166443,0.049515966325998306,0.024034716188907623,0.02203182317316532,0.02915322221815586,0.043952375650405884,0.057304996997117996,0.062423501163721085,0.098253034055233,0.04784689098596573,0.00022254367650020868,0.00011127183825010434,0.00033381552202627063,0.0,0.0,172.58969116210938,145.24427795410156,14.20992374420166
Semi_ripe_184.JPG,Semi-ripe,Semi-ripe,137.51089477539062,40.8536262512207,116.0001220703125,43.500465393066406,56.24138259887695,55.73097229003906,0.00012178784527350217,0.0010960906511172652,0.006332967896014452,0.028254780918359756,0.05797101557254791,0.06978443264961243,0.09426379203796387,0.10571184754371643,0.17306052148342133,0.19303373992443085,0.1435878723859787,0.03105590119957924,0.031543053686618805,0.030446961522102356,0.027889417484402657,0.005845816805958748,0.0012178784236311913,0.026549750939011574,0.056144196540117264,0.06199001520872116,0.07453416287899017,0.08707831054925919,0.11046157777309418,0.13835099339485168,0.15917670726776123,0.16209962964057922,0.042382169514894485,0.03617098927497864,0.031543053686618805,0.012300572358071804,0.0,0.0,0.37778589129447937,0.1251979023218155,0.07429058849811554,0.04664474353194237,0.03933747485280037,0.04189501702785492,0.05309950187802315,0.060041408985853195,0.06454756110906601,0.09803921729326248,0.01912069134414196,0.0,0.0,0.0,0.0,0.0,138.4229736328125,114.94908905029297,111.24151611328125
Semi_ripe_185.JPG,Semi-ripe,Semi-ripe,148.65103149414062,37.056488037109375,121.03545379638672,38.6286735534668,54.51686477661133,55.4457893371582,0.0007644529105164111,0.0012422360014170408,0.0021022455766797066,0.00554228387773037,0.019780220463871956,0.05981844291090965,0.06899187713861465,0.11763019859790802,0.16903965175151825,0.16368848085403442,0.15461060404777527,0.07443860173225403,0.10444338619709015,0.056378405541181564,0.0015289058210328221,0.0,0.002293358789756894,0.0037267080042511225,0.02025800198316574,0.06144290417432785,0.07931198924779892,0.1045389398932457,0.13626374304294586,0.12508361041545868,0.11571906507015228,0.16846631467342377,0.12279025465250015,0.05618729069828987,0.003822264727205038,9.555661381455138e-05,0.0,0.0,0.4001910984516144,0.14199712872505188,0.058289535343647,0.03717152401804924,0.036120399832725525,0.03745819255709648,0.0627807006239891,0.05121834576129913,0.057333968579769135,0.09288103133440018,0.024558050557971,0.0,0.0,0.0,0.0,0.0,204.2523956298828,171.40960693359375,17.094322204589844
Semi_ripe_186.JPG,Semi-ripe,Semi-ripe,141.9158477783203,37.57436752319336,116.4109878540039,40.09333419799805,63.368743896484375,56.73916244506836,0.0040770103223621845,0.0047565121203660965,0.005436013452708721,0.008833521977066994,0.018006794154644012,0.06500566005706787,0.10113250464200974,0.12468855828046799,0.17304643988609314,0.15571914613246918,0.17610418796539307,0.05979615077376366,0.05707814171910286,0.04133635386824608,0.004983012564480305,0.0,0.0071347677148878574,0.006908267270773649,0.022989807650446892,0.08459796011447906,0.08267270773649216,0.11359003186225891,0.11959230154752731,0.1217440515756607,0.13023783266544342,0.18618346750736237,0.06330690532922745,0.04767837002873421,0.013363533653318882,0.0,0.0,0.0,0.34597960114479065,0.09954699873924255,0.05877689644694328,0.04563986510038376,0.053227633237838745,0.05084937810897827,0.06795016676187515,0.06647791713476181,0.07961495220661163,0.1143827885389328,0.017553793266415596,0.0,0.0,0.0,0.0,0.0,138.5136260986328,113.34172058105469,111.19811248779297
Semi_ripe_187.JPG,Semi-ripe,Semi-ripe,149.8666229248047,38.758819580078125,120.01415252685547,41.52730178833008,52.898231506347656,55.41305923461914,0.0007321537705138326,0.001952409977093339,0.00829774234443903,0.010372177697718143,0.02440512552857399,0.03941427543759346,0.0866381973028183,0.08358755707740784,0.1475289762020111,0.1753508299589157,0.18206223845481873,0.08212324231863022,0.08688224852085114,0.05967053025960922,0.01098230667412281,0.0,0.006345332600176334,0.012934716418385506,0.0377059169113636,0.06772422045469284,0.07114093750715256,0.06455155462026596,0.11934106051921844,0.14008541405200958,0.15594874322414398,0.16095179319381714,0.07748626917600632,0.07321537286043167,0.01256863959133625,0.0,0.0,0.0,0.40256252884864807,0.16168394684791565,0.05674191564321518,0.03148261085152626,0.030262354761362076,0.03245881572365761,0.05125076323747635,0.05918242782354355,0.06564978510141373,0.0926174521446228,0.01574130542576313,0.0003660768852569163,0.0,0.0,0.0,0.0,146.34339904785156,110.22259521484375,5.497762680053711
Semi_ripe_188.JPG,Semi-ripe,Semi-ripe,148.2589874267578,40.933448791503906,120.04226684570312,43.987396240234375,63.72955322265625,57.420372009277344,0.0005727377138100564,0.0030927835032343864,0.006643757224082947,0.009507445618510246,0.018098510801792145,0.06666667014360428,0.08705613017082214,0.10687284916639328,0.14306987822055817,0.168843075633049,0.17583046853542328,0.043757159262895584,0.06151202693581581,0.07605956494808197,0.032073311507701874,0.0003436426050029695,0.005040091462433338,0.010882016271352768,0.03104238212108612,0.08510881662368774,0.09988544881343842,0.07216494530439377,0.09049255400896072,0.12153493613004684,0.1397479921579361,0.16380298137664795,0.05887743458151817,0.088201604783535,0.03310423716902733,0.00011454753985162824,0.0,0.0,0.30400916934013367,0.14318442344665527,0.07903780043125153,0.051431845873594284,0.040320731699466705,0.040320731699466705,0.05578465014696121,0.0632302388548851,0.07101947069168091,0.1090492531657219,0.042611684650182724,0.0,0.0,0.0,0.0,0.0,137.80043029785156,112.89370727539062,111.92516326904297
Semi_ripe_189.JPG,Semi-ripe,Semi-ripe,140.43983459472656,37.37626266479492,112.26770782470703,40.690834045410156,53.38414001464844,57.34146499633789,0.00012627856631297618,0.0023992927744984627,0.003283242927864194,0.010102286003530025,0.03725217655301094,0.0798080563545227,0.1135244369506836,0.109104685485363,0.14395757019519806,0.16529865562915802,0.1549438089132309,0.07955549657344818,0.08435408771038055,0.014522035606205463,0.001767899957485497,0.0,0.004924864042550325,0.011996463872492313,0.04482889175415039,0.09016290307044983,0.109104685485363,0.08801616728305817,0.10771562159061432,0.12046975642442703,0.13120342791080475,0.176158607006073,0.09445636719465256,0.018941786140203476,0.001641621463932097,0.00037883571349084377,0.0,0.0,0.4546028673648834,0.12110114842653275,0.03813612833619118,0.02866523526608944,0.026897335425019264,0.03624194860458374,0.05328955501317978,0.057583026587963104,0.05695163458585739,0.09458264708518982,0.030559414997696877,0.0005051142652519047,0.0005051142652519047,0.00037883571349084377,0.0,0.0,112.24114227294922,75.26171112060547,8.646857261657715
Semi_ripe_19.jpg,Semi-ripe,Semi-ripe,134.10906982421875,43.29486846923828,129.3305206298828,35.239715576171875,51.29576873779297,23.75467300415039,0.0,7.88084144005552e-05,0.009378201328217983,0.07281897962093353,0.07423752546310425,0.06249507516622543,0.06903617084026337,0.1321617215871811,0.13870280981063843,0.09330916404724121,0.1135629266500473,0.16534005105495453,0.06872093677520752,0.0001576168288011104,0.0,0.0,0.0,0.0001576168288011104,0.005280164070427418,0.025691544637084007,0.06509575247764587,0.09693435579538345,0.12632989883422852,0.16612814366817474,0.12396563589572906,0.12104972451925278,0.17771297693252563,0.08999921381473541,0.0016549767460674047,0.0,0.0,0.0,0.019150445237755775,0.15667113661766052,0.3487272560596466,0.22019071877002716,0.13657498359680176,0.06990306824445724,0.024272993206977844,0.01205768808722496,0.007802033331245184,0.004098037723451853,0.00047285048640333116,7.88084144005552e-05,0.0,0.0,0.0,0.0,179.98683166503906,167.0326385498047,46.28694152832031
Semi_ripe_190.JPG,Semi-ripe,Semi-ripe,113.53106689453125,42.300662994384766,97.97169494628906,36.40488815307617,29.496875762939453,29.05475425720215,0.0033088235650211573,0.026470588520169258,0.033088237047195435,0.07408088445663452,0.10202205926179886,0.10533088445663452,0.12591911852359772,0.140625,0.11654412001371384,0.11029411852359772,0.09558823704719543,0.05349264666438103,0.01194852963089943,0.001102941227145493,0.00018382353300694376,0.0,0.002205882454290986,0.03492647036910057,0.047242648899555206,0.09632352739572525,0.1404411792755127,0.16415441036224365,0.1610294133424759,0.11893382668495178,0.1095588207244873,0.07886029779911041,0.039889704436063766,0.005147058982402086,0.0009191176504828036,0.0003676470660138875,0.0,0.0,0.37169116735458374,0.32536765933036804,0.12867647409439087,0.06617647409439087,0.04283088073134422,0.018933823332190514,0.015073529444634914,0.009926470927894115,0.010477941483259201,0.007536764722317457,0.0033088235650211573,0.0,0.0,0.0,0.0,0.0,139.81744384765625,115.47382354736328,13.140939712524414
Semi_ripe_191.JPG,Semi-ripe,Semi-ripe,122.2212142944336,37.70734405517578,106.26075744628906,32.322444915771484,36.693084716796875,30.05614471435547,0.0008709284011274576,0.014631597325205803,0.013586482964456081,0.02508273907005787,0.09022818505764008,0.13394878804683685,0.11391743272542953,0.12384601682424545,0.13429716229438782,0.17035359144210815,0.11147883534431458,0.0656680017709732,0.0020902282558381557,0.0,0.0,0.0,0.00017418568313587457,0.017244381830096245,0.017941124737262726,0.0576554611325264,0.138477623462677,0.15119317173957825,0.1376066952943802,0.19073332846164703,0.14910294115543365,0.11513673514127731,0.02264413796365261,0.0019160425290465355,0.00017418568313587457,0.0,0.0,0.0,0.2022295743227005,0.39888522028923035,0.16129593551158905,0.07298380136489868,0.06044243276119232,0.044939905405044556,0.023340880870819092,0.013934854418039322,0.011147883720695972,0.00905765499919653,0.0015676711918786168,0.0,0.00017418568313587457,0.0,0.0,0.0,140.9970245361328,117.99701690673828,16.761430740356445
Semi_ripe_192.JPG,Semi-ripe,Semi-ripe,133.20285034179688,35.465667724609375,115.43254852294922,30.751550674438477,31.498706817626953,27.716663360595703,0.0001617599482415244,0.0067939176224172115,0.007117437664419413,0.011161436326801777,0.066806860268116,0.07845357805490494,0.09139437228441238,0.13911356031894684,0.1695244312286377,0.16515690088272095,0.1449369192123413,0.11549660563468933,0.003720478853210807,0.0001617599482415244,0.0,0.0,0.0001617599482415244,0.005499838385730982,0.011970235966145992,0.027660951018333435,0.09915884584188461,0.1114526018500328,0.18715626001358032,0.17971530556678772,0.16159819066524506,0.15124554932117462,0.060821741819381714,0.002264639362692833,0.0012940795859321952,0.0,0.0,0.0,0.2625364065170288,0.43028146028518677,0.12261404097080231,0.06826269626617432,0.04788094386458397,0.025072792544960976,0.015690714120864868,0.010837916284799576,0.008573276922106743,0.005176318343728781,0.0019411193206906319,0.0006470397929660976,0.00048527983017265797,0.0,0.0,0.0,139.14854431152344,116.05062103271484,15.553526878356934
Semi_ripe_193.JPG,Semi-ripe,Semi-ripe,129.33572387695312,41.57001495361328,112.75813293457031,36.08858871459961,31.275049209594727,27.435312271118164,0.0014638906577602029,0.011548470705747604,0.010735198855400085,0.03448275849223137,0.10523747652769089,0.09499023854732513,0.0840923860669136,0.07677293568849564,0.11890045553445816,0.17761874198913574,0.14996746182441711,0.11337020248174667,0.02049447037279606,0.0003253090544603765,0.0,0.0,0.0017891997704282403,0.01024723518639803,0.01968119665980339,0.078887440264225,0.11938841640949249,0.1023096963763237,0.09743005782365799,0.1629798263311386,0.1751789152622223,0.1566362977027893,0.06864020973443985,0.005042290315032005,0.0016265452140942216,0.00016265452723018825,0.0,0.0,0.2953806221485138,0.3593038320541382,0.15875081717967987,0.07205595076084137,0.0427781380712986,0.03269355744123459,0.015289525501430035,0.008783344179391861,0.006506180856376886,0.007156799081712961,0.0011385816615074873,0.00016265452723018825,0.0,0.0,0.0,0.0,171.12440490722656,147.65550231933594,18.204784393310547
Semi_ripe_194.JPG,Semi-ripe,Semi-ripe,124.44922637939453,38.36255645751953,109.3490982055664,32.769187927246094,31.826953887939453,29.420913696289062,0.0041126227006316185,0.011863334104418755,0.009332490153610706,0.031002847477793694,0.10249920934438705,0.09205947816371918,0.10930085182189941,0.11499525606632233,0.12527680397033691,0.20768743753433228,0.12812401354312897,0.06216387078166008,0.0015817779349163175,0.0,0.0,0.0,0.0017399557400494814,0.014236001297831535,0.012496045790612698,0.0678582713007927,0.11135716736316681,0.13286934792995453,0.14299272000789642,0.161183163523674,0.2012021541595459,0.12385321408510208,0.028155647218227386,0.0015817779349163175,0.00047453338629566133,0.0,0.0,0.0,0.3726668655872345,0.27586206793785095,0.12211325764656067,0.09459032118320465,0.05599493905901909,0.03163556009531021,0.018032267689704895,0.012021511793136597,0.009332490153610706,0.007434356026351452,0.0003163555811624974,0.0,0.0,0.0,0.0,0.0,140.2019500732422,118.4842529296875,11.451683044433594
Semi_ripe_195.JPG,Semi-ripe,Semi-ripe,135.95460510253906,42.09775161743164,118.40973663330078,36.1314582824707,32.281185150146484,28.12560272216797,0.0017325017834082246,0.007796257734298706,0.009009009227156639,0.00710325688123703,0.08021482825279236,0.1269923746585846,0.10481635481119156,0.06999307125806808,0.08194733411073685,0.12404712289571762,0.1493416428565979,0.20616771280765533,0.030838530510663986,0.0,0.0,0.0,0.0006930006784386933,0.009875260293483734,0.011261261068284512,0.041406791657209396,0.1287248730659485,0.12179487198591232,0.08887733519077301,0.1230076253414154,0.15055440366268158,0.19109493494033813,0.12560637295246124,0.006756756920367479,0.00034650033921934664,0.0,0.0,0.0,0.27096328139305115,0.40176716446876526,0.14189189672470093,0.051975052803754807,0.04937629774212837,0.03672903776168823,0.01957727037370205,0.011261261068284512,0.009528759866952896,0.006756756920367479,0.00017325016960967332,0.0,0.0,0.0,0.0,0.0,173.32896423339844,147.8143310546875,17.322803497314453
Semi_ripe_196.JPG,Semi-ripe,Semi-ripe,124.15228271484375,37.57415771484375,108.56843566894531,32.17084884643555,32.90914535522461,30.623300552368164,0.0001975113555090502,0.008295477367937565,0.01836855709552765,0.037329647690057755,0.08176970481872559,0.10487852990627289,0.1428007036447525,0.0833497941493988,0.09401540458202362,0.20600435137748718,0.21153466403484344,0.0092830341309309,0.0019751135259866714,0.0001975113555090502,0.0,0.0,0.0003950227110181004,0.0138257946819067,0.026466522365808487,0.055698201060295105,0.10487852990627289,0.1572190374135971,0.1204819306731224,0.1382579505443573,0.2698005139827728,0.09460794180631638,0.01560339704155922,0.0019751135259866714,0.0007900454220362008,0.0,0.0,0.0,0.3158206641674042,0.3276713490486145,0.15465138852596283,0.06695634871721268,0.04503259062767029,0.04147738590836525,0.0138257946819067,0.009085522033274174,0.0092830341309309,0.014813351444900036,0.0013825794449076056,0.0,0.0,0.0,0.0,0.0,166.21510314941406,141.67735290527344,15.667011260986328
Semi_ripe_197.JPG,Semi-ripe,Semi-ripe,123.30809783935547,41.99326705932617,105.86309814453125,35.01163864135742,27.282976150512695,27.839008331298828,0.0,0.011918183416128159,0.024158479645848274,0.07086487114429474,0.08664841204881668,0.09631180763244629,0.08825898170471191,0.09518440812826157,0.14366242289543152,0.14205186069011688,0.14591722190380096,0.08825898170471191,0.005636978428810835,0.0011273956624791026,0.0,0.0,0.0006442261510528624,0.013528748415410519,0.042679980397224426,0.07923981547355652,0.12836205959320068,0.12111451476812363,0.12610726058483124,0.1755516231060028,0.15590272843837738,0.11885972321033478,0.03446609899401665,0.0011273956624791026,0.0022547913249582052,0.0001610565377632156,0.0,0.0,0.4277661442756653,0.2944113314151764,0.12981157004833221,0.05379288271069527,0.038975682109594345,0.015944596379995346,0.010468674823641777,0.010629731230437756,0.008858108893036842,0.006764374207705259,0.0024158479645848274,0.0001610565377632156,0.0,0.0,0.0,0.0,141.38330078125,116.85169982910156,11.363046646118164
Semi_ripe_198.JPG,Semi-ripe,Semi-ripe,125.19693756103516,37.88104248046875,108.7899169921875,32.27126693725586,29.92727279663086,29.001243591308594,0.0012601260095834732,0.01116111595183611,0.015301530249416828,0.02916291542351246,0.09522952139377594,0.08316832035779953,0.11107110977172852,0.12133213132619858,0.14815481007099152,0.1596759706735611,0.16273626685142517,0.060846082866191864,0.0009000900317914784,0.0,0.0,0.0,0.0007200720137916505,0.014401440508663654,0.018901890143752098,0.06192619353532791,0.10315031558275223,0.13699370622634888,0.16705670952796936,0.17209720611572266,0.15265525877475739,0.15643563866615295,0.014041404239833355,0.001620162045583129,0.0,0.0,0.0,0.0,0.399279922246933,0.2858685851097107,0.11359135806560516,0.08064806461334229,0.04752475395798683,0.0327632762491703,0.012241223827004433,0.009540953673422337,0.009180918335914612,0.009000900201499462,0.00036003600689582527,0.0,0.0,0.0,0.0,0.0,170.9990692138672,147.5854949951172,14.972119331359863
Semi_ripe_199.JPG,Semi-ripe,Semi-ripe,121.70596313476562,51.47248840332031,105.0499038696289,42.84904098510742,29.446847915649414,26.392793655395508,0.007262052036821842,0.05299752950668335,0.04697157070040703,0.06304079294204712,0.07540173083543777,0.08652657270431519,0.08096415549516678,0.06381335109472275,0.08250927180051804,0.13195303082466125,0.14029666781425476,0.12917181849479675,0.03878244757652283,0.00030902348225936294,0.0,0.0,0.0006180469645187259,0.0625772550702095,0.06226823106408119,0.08065512776374817,0.09857849031686783,0.10522249341011047,0.08559950441122055,0.10769468545913696,0.1688813418149948,0.1546662598848343,0.06968479603528976,0.0026266996283084154,0.0009270704467780888,0.0,0.0,0.0,0.33807170391082764,0.347496896982193,0.14570456743240356,0.06674907356500626,0.039245981723070145,0.028430160135030746,0.012978986836969852,0.007725587114691734,0.00803461018949747,0.004789864178746939,0.0007725587347522378,0.0,0.0,0.0,0.0,0.0,173.62074279785156,146.42259216308594,13.555397987365723
Semi_ripe_2.jpeg,Semi-ripe,Semi-ripe,129.24172973632812,26.358619689941406,122.57038116455078,28.029891967773438,90.5123291015625,48.100223541259766,0.0,4.7698544221930206e-05,0.00047698544221930206,0.002718816976994276,0.035869307816028595,0.055473409593105316,0.18087288737297058,0.20395897328853607,0.19170045852661133,0.1338898092508316,0.1944669634103775,0.0004292869125492871,9.539708844386041e-05,0.0,0.0,0.0,0.0,4.7698544221930206e-05,0.0004292869125492871,0.0038158835377544165,0.04912950098514557,0.10651084780693054,0.24998807907104492,0.22394466400146484,0.06172191724181175,0.1384211778640747,0.16551394760608673,0.00038158835377544165,9.539708844386041e-05,0.0,0.0,0.0,0.00038158835377544165,0.004483663477003574,0.18755067884922028,0.2870498597621918,0.10713092982769012,0.04240400716662407,0.02289530262351036,0.022799905389547348,0.03753875568509102,0.14977343380451202,0.13775339722633362,0.00019079417688772082,4.7698544221930206e-05,0.0,0.0,0.0,114.15997314453125,105.5460205078125,49.977046966552734
Semi_ripe_20.jpg,Semi-ripe,Semi-ripe,128.84405517578125,42.66480255126953,121.2208023071289,36.91463088989258,40.28777313232422,25.919795989990234,0.0003916346759069711,0.01120075210928917,0.043314795941114426,0.07119918614625931,0.042061563581228256,0.04245319962501526,0.06814443320035934,0.13111929595470428,0.16268505156040192,0.14427821338176727,0.15970861911773682,0.11623717099428177,0.006657789461314678,0.0004699616110883653,7.832693518139422e-05,0.0,0.0003916346759069711,0.013315578922629356,0.026004543527960777,0.055768780410289764,0.07033758610486984,0.07621210813522339,0.09297407418489456,0.16534815728664398,0.15728048980236053,0.19511239230632782,0.1334691047668457,0.012688963674008846,0.00054828857537359,0.0004699616110883653,7.832693518139422e-05,0.0,0.09172084182500839,0.3492598235607147,0.2887914180755615,0.1183520033955574,0.07237409055233002,0.03673533350229263,0.018250176683068275,0.010495809838175774,0.008067674934864044,0.004229654558002949,0.0006266154814511538,0.00023498080554418266,0.0003916346759069711,0.0003916346759069711,7.832693518139422e-05,0.0,148.03489685058594,139.5509033203125,20.92612075805664
Semi_ripe_200.JPG,Semi-ripe,Semi-ripe,123.87303924560547,43.51198959350586,107.1821060180664,37.35104751586914,29.253591537475586,28.736753463745117,0.0001650982303544879,0.006438831333070993,0.026580816134810448,0.056628692895174026,0.10698365420103073,0.10929503291845322,0.09955423325300217,0.10747894644737244,0.09575697779655457,0.13686643540859222,0.10929503291845322,0.11655935645103455,0.02806670032441616,0.0003301964607089758,0.0,0.0,0.0001650982303544879,0.009245500899851322,0.036156512796878815,0.09361069649457932,0.13571074604988098,0.1333993673324585,0.11986131966114044,0.14660723507404327,0.12085190415382385,0.09905894100666046,0.10004953294992447,0.004292554222047329,0.0009905893821269274,0.0,0.0,0.0,0.38335809111595154,0.2956909239292145,0.15453194081783295,0.07165263593196869,0.029882779344916344,0.02113257348537445,0.013042760081589222,0.009245500899851322,0.009245500899851322,0.009410599246621132,0.002806670032441616,0.0,0.0,0.0,0.0,0.0,143.05262756347656,117.94393920898438,10.323798179626465
Semi_ripe_201.JPG,Semi-ripe,Semi-ripe,125.1247329711914,38.927364349365234,111.19860076904297,33.6104736328125,27.666889190673828,29.47210121154785,0.0,0.019993335008621216,0.02365878038108349,0.02499166876077652,0.047206487506628036,0.11107409000396729,0.15139397978782654,0.11740531027317047,0.11074086278676987,0.1590580940246582,0.15639232099056244,0.0767521932721138,0.0013328890781849623,0.0,0.0,0.0,0.0002221481699962169,0.020215483382344246,0.033433299511671066,0.03409974277019501,0.08530490100383759,0.1623903214931488,0.12307009100914001,0.14439630508422852,0.2230367660522461,0.14150838553905487,0.030989669263362885,0.001110740820877254,0.0002221481699962169,0.0,0.0,0.0,0.4519604444503784,0.29767856001853943,0.0828612670302391,0.03909808024764061,0.03798733651638031,0.04131956025958061,0.02532489225268364,0.010552038438618183,0.006220148876309395,0.005886926781386137,0.001110740820877254,0.0,0.0,0.0,0.0,0.0,170.16506958007812,146.8882598876953,13.841662406921387
Semi_ripe_202.jpg,Semi-ripe,Semi-ripe,131.0106964111328,38.859500885009766,125.38938903808594,39.79677963256836,85.48117065429688,60.55119323730469,0.007799183949828148,0.016321470960974693,0.019678736105561256,0.0286142248660326,0.04865451157093048,0.06414958089590073,0.06879810243844986,0.08196890354156494,0.1979753077030182,0.25871598720550537,0.1378544569015503,0.04219823330640793,0.023655802011489868,0.003615515772253275,0.0,0.0,0.015133515931665897,0.02143484354019165,0.02303599938750267,0.03558700531721115,0.05242497846484184,0.072207011282444,0.07437632232904434,0.08439646661281586,0.20463818311691284,0.253499299287796,0.12855741381645203,0.0291307270526886,0.005578224081546068,0.0,0.0,0.0,0.08894168585538864,0.1805175393819809,0.1718919426202774,0.07618407905101776,0.03398584946990013,0.008728887885808945,0.005268322769552469,0.016476422548294067,0.09746397286653519,0.17726357281208038,0.14141830801963806,0.0018594081047922373,0.0,0.0,0.0,0.0,143.26170349121094,143.1908721923828,147.3608856201172
Semi_ripe_203.jpg,Semi-ripe,Semi-ripe,130.92269897460938,37.386009216308594,118.57147979736328,37.82455825805664,65.5279312133789,37.49240493774414,0.0,0.013799243606626987,0.027821054682135582,0.02329549752175808,0.025521181523799896,0.05141330882906914,0.12745752930641174,0.15883967280387878,0.1928926408290863,0.13027672469615936,0.12285777926445007,0.11306476593017578,0.012760590761899948,0.0,0.0,0.0,0.0005193263641558588,0.03739149868488312,0.029527412727475166,0.03190147504210472,0.03932042419910431,0.0893983244895935,0.1580977886915207,0.1563914269208908,0.17441946268081665,0.13361525535583496,0.12960901856422424,0.019734401255846024,7.418947643600404e-05,0.0,0.0,0.0,0.03316269814968109,0.128273606300354,0.22954225540161133,0.2121819108724594,0.11187773942947388,0.06269010901451111,0.049039244651794434,0.09095630049705505,0.03983975201845169,0.035017434507608414,0.007418948225677013,0.0,0.0,0.0,0.0,0.0,116.455078125,103.67578125,45.03125
Semi_ripe_204.jpg,Semi-ripe,Semi-ripe,137.44442749023438,33.073551177978516,123.5737533569336,30.634782791137695,50.29692459106445,27.399324417114258,0.0,0.00040038436418399215,0.0034433056134730577,0.03923766687512398,0.04075912758708,0.044442664831876755,0.06566303968429565,0.09417040646076202,0.20067264139652252,0.26561498641967773,0.15550929307937622,0.07174888253211975,0.01833760365843773,0.0,0.0,0.0,0.0,0.0008808455895632505,0.01697629690170288,0.03875720873475075,0.05485265702009201,0.07070787996053696,0.09777386486530304,0.18890134990215302,0.27930814027786255,0.15430814027786255,0.07270979881286621,0.024823831394314766,0.0,0.0,0.0,0.0,0.011851377785205841,0.23494555056095123,0.31398141384124756,0.23518577218055725,0.10498078167438507,0.029628442600369453,0.01665598899126053,0.016015375033020973,0.017296604812145233,0.016896219924092293,0.002562460023909807,0.0,0.0,0.0,0.0,0.0,147.14651489257812,135.71353149414062,26.69513702392578
Semi_ripe_21.jpg,Semi-ripe,Semi-ripe,133.43093872070312,42.29266357421875,130.4501495361328,39.01165771484375,48.80854034423828,34.137664794921875,0.0006958942394703627,0.006697982084006071,0.02453027106821537,0.05123521387577057,0.058716073632240295,0.05314892157912254,0.07498260587453842,0.12447807937860489,0.1578810065984726,0.12874042987823486,0.1479645073413849,0.11282185465097427,0.054888658225536346,0.00313152396120131,8.698677993379533e-05,0.0,0.0009568545501679182,0.008263743482530117,0.025835072621703148,0.039057064801454544,0.05314892157912254,0.0574982613325119,0.08255045115947723,0.15274877846240997,0.16388309001922607,0.15266180038452148,0.16710160672664642,0.06941545009613037,0.02487821877002716,0.0019137091003358364,8.698677993379533e-05,0.0,0.05462769791483879,0.336986780166626,0.2423451691865921,0.12804453074932098,0.08150660991668701,0.05662839114665985,0.040100906044244766,0.02252957597374916,0.013917884789407253,0.0071329157799482346,0.002696590032428503,0.005741127301007509,0.0071329157799482346,0.0006089074304327369,0.0,0.0,147.0719757080078,143.479248046875,24.242168426513672
Semi_ripe_22.jpg,Semi-ripe,Semi-ripe,125.61734008789062,44.06169891357422,120.41548156738281,39.98985290527344,44.108863830566406,32.29111099243164,0.004194018896669149,0.02324945293366909,0.04668125510215759,0.05105762183666229,0.05452224612236023,0.05598103627562523,0.07029540836811066,0.13329686224460602,0.16274617612361908,0.1558169275522232,0.12892049551010132,0.09035375714302063,0.020240699872374535,0.002461706753820181,0.0001823486527428031,0.0,0.0053792851977050304,0.03181983903050423,0.040846098214387894,0.039843179285526276,0.047319475561380386,0.061633843928575516,0.08962436020374298,0.1762399673461914,0.20970094203948975,0.14907002449035645,0.10831509530544281,0.03391684964299202,0.005652808118611574,0.0006382202845998108,0.0,0.0,0.12983223795890808,0.31053975224494934,0.2221006602048874,0.140408456325531,0.06911014020442963,0.05251641198992729,0.030087526887655258,0.01367614883929491,0.011943836696445942,0.008843909949064255,0.0051969364285469055,0.004741064738482237,0.0010029175318777561,0.0,0.0,0.0,146.3573760986328,138.29942321777344,18.665807723999023
Semi_ripe_23.jpg,Semi-ripe,Semi-ripe,132.6131134033203,42.46051025390625,126.9051742553711,39.0216064453125,48.40935134887695,34.2200813293457,0.0006509710219688714,0.0111750029027462,0.03146360069513321,0.04513399302959442,0.05251166224479675,0.059238363057374954,0.0692199170589447,0.12184007465839386,0.14668546617031097,0.17695562541484833,0.13030269742012024,0.09938158094882965,0.05164370313286781,0.003797331126406789,0.0,0.0,0.0017359227640554309,0.0189866553992033,0.030053162947297096,0.04166214540600777,0.04578496143221855,0.05001627281308174,0.08072040975093842,0.1607898473739624,0.19594228267669678,0.18639470636844635,0.11109905689954758,0.05728545039892197,0.017793208360671997,0.0017359227640554309,0.0,0.0,0.11196701973676682,0.24693500995635986,0.23315612971782684,0.16209179162979126,0.09753715991973877,0.06574807316064835,0.03233155980706215,0.01649126596748829,0.009439080022275448,0.007486166898161173,0.0030378648079931736,0.006075729615986347,0.006184224970638752,0.0015189324039965868,0.0,0.0,146.59768676757812,138.82948303222656,18.134103775024414
Semi_ripe_24.jpg,Semi-ripe,Semi-ripe,129.65826416015625,41.07048034667969,126.45853424072266,38.58998107910156,47.05362319946289,32.11508560180664,0.0004440990451257676,0.008881980553269386,0.03652714565396309,0.06383923441171646,0.050294216722249985,0.03619407117366791,0.06894637644290924,0.1375596821308136,0.17175529897212982,0.13711558282375336,0.1974020153284073,0.07127789407968521,0.019096259027719498,0.0006661485531367362,0.0,0.0,0.0022204951383173466,0.012878871522843838,0.037859443575143814,0.0488508939743042,0.050072167068719864,0.03941378742456436,0.07138892263174057,0.17186632752418518,0.16598200798034668,0.2091706395149231,0.1423337459564209,0.040301986038684845,0.007105584722012281,0.0005551237845793366,0.0,0.0,0.05107139050960541,0.36516043543815613,0.23592761158943176,0.11468857526779175,0.0817142203450203,0.06406128406524658,0.035860996693372726,0.0217608530074358,0.012767847627401352,0.006328411400318146,0.002775619039312005,0.00544021325185895,0.0024425447918474674,0.0,0.0,0.0,145.9017791748047,142.01589965820312,23.752105712890625
Semi_ripe_25.jpg,Semi-ripe,Semi-ripe,134.4813232421875,42.206180572509766,131.49546813964844,40.177974700927734,50.33438491821289,35.28441619873047,0.0006466213962994516,0.004445522092282772,0.02497575245797634,0.05787261575460434,0.060297444462776184,0.049466539174318314,0.0574684776365757,0.09125444293022156,0.19245070219039917,0.13740704953670502,0.1790332943201065,0.07743291556835175,0.05754930526018143,0.009052699431777,0.0006466213962994516,0.0,0.0008082767599262297,0.008729388937354088,0.03200776129961014,0.0497090220451355,0.04663756862282753,0.05019398778676987,0.06676366180181503,0.10313611477613449,0.20223084092140198,0.1945522129535675,0.1416909098625183,0.07064338773488998,0.02497575245797634,0.00711283553391695,0.0007274490781128407,8.082767453743145e-05,0.04744584485888481,0.30593276023864746,0.2689136862754822,0.12285806983709335,0.0853540226817131,0.06086323782801628,0.044616878032684326,0.029259618371725082,0.011396702378988266,0.005415454041212797,0.0020206919871270657,0.0037180730141699314,0.00711283553391695,0.004607177339494228,0.0004849660617765039,0.0,145.42019653320312,141.88131713867188,22.056615829467773
Semi_ripe_26.jpg,Semi-ripe,Semi-ripe,128.93312072753906,42.693870544433594,123.36347198486328,39.25502014160156,44.695499420166016,30.112957000732422,0.0002495217486284673,0.00723613053560257,0.036513350903987885,0.05988521873950958,0.0573900006711483,0.06437661498785019,0.08733261376619339,0.10954004526138306,0.1566164791584015,0.1383182257413864,0.15362222492694855,0.09465191513299942,0.02994260936975479,0.0034933045972138643,0.0008317391620948911,0.0,0.0005822174134664237,0.014804957434535027,0.04000665247440338,0.05032021924853325,0.052316393703222275,0.05838808789849281,0.10039091855287552,0.1629377007484436,0.17807535827159882,0.16959162056446075,0.11411461234092712,0.04582882672548294,0.009398652240633965,0.002495217602699995,0.000748565245885402,0.0,0.09074274450540543,0.29094237089157104,0.2645762264728546,0.17574648559093475,0.07286035269498825,0.040755219757556915,0.02436995692551136,0.01513765286654234,0.010230391286313534,0.0057390001602470875,0.0019961739890277386,0.0027447391767054796,0.002495217602699995,0.0016634783241897821,0.0,0.0,179.29615783691406,167.53982543945312,49.342079162597656
Semi_ripe_27.jpg,Semi-ripe,Semi-ripe,144.96701049804688,40.59870147705078,136.12351989746094,38.47285079956055,49.47871017456055,28.70461654663086,0.0,0.0,0.00025572176673449576,0.009461705572903156,0.04679708555340767,0.08426032215356827,0.09896432608366013,0.0985807478427887,0.12850019335746765,0.1596982479095459,0.139112651348114,0.07134637236595154,0.09563994407653809,0.06648766249418259,0.0005114435334689915,0.00038358266465365887,0.0,0.00025572176673449576,0.008566679432988167,0.03183736279606819,0.05012146756052971,0.062012530863285065,0.11622554808855057,0.12594297528266907,0.16506840288639069,0.15113157033920288,0.10241656750440598,0.11175041645765305,0.07377573102712631,0.00025572176673449576,0.00038358266465365887,0.00025572176673449576,0.06904488056898117,0.20368239283561707,0.29229000210762024,0.19895154237747192,0.09116481244564056,0.0597110353410244,0.04002045840024948,0.027873672544956207,0.013553254306316376,0.002301495987921953,0.00012786088336724788,0.00025572176673449576,0.00038358266465365887,0.00025572176673449576,0.00038358266465365887,0.0,146.52674865722656,139.44894409179688,46.063209533691406
Semi_ripe_28.jpg,Semi-ripe,Semi-ripe,140.50633239746094,39.04534149169922,135.42999267578125,33.23104476928711,43.25984573364258,23.807754516601562,7.633587665623054e-05,0.003206106834113598,0.013282442465424538,0.036259543150663376,0.057786259800195694,0.03893129900097847,0.04603053256869316,0.10412213951349258,0.17839694023132324,0.14664122462272644,0.17358778417110443,0.150839701294899,0.05076335743069649,7.633587665623054e-05,0.0,0.0,0.0,0.0035114504862576723,0.008625954389572144,0.017480915412306786,0.04595419764518738,0.06145038083195686,0.0727480947971344,0.14801526069641113,0.20122137665748596,0.1644274741411209,0.18419846892356873,0.08625954389572144,0.006106870248913765,0.0,0.0,0.0,0.039083968847990036,0.3262595534324646,0.32068702578544617,0.14648854732513428,0.08236641436815262,0.041908398270606995,0.023511450737714767,0.010992366820573807,0.005419847555458546,0.0028244275599718094,0.00045801527448929846,0.0,0.0,0.0,0.0,0.0,179.95387268066406,169.43507385253906,43.1275634765625
Semi_ripe_29.jpg,Semi-ripe,Semi-ripe,137.24636840820312,34.31711959838867,132.10391235351562,28.656217575073242,41.384239196777344,23.503494262695312,0.00019924287335015833,0.004383343271911144,0.015540944412350655,0.02659892477095127,0.04453078284859657,0.048017531633377075,0.060968320816755295,0.11038055270910263,0.13070333003997803,0.26748356223106384,0.22245466709136963,0.0679418221116066,0.0006973500712774694,9.962143667507917e-05,0.0,0.0,0.0,0.005080693401396275,0.01085873693227768,0.01295078732073307,0.03177923709154129,0.050109583884477615,0.09284718334674835,0.1524208039045334,0.2228531539440155,0.28402072191238403,0.1305040866136551,0.0053795576095581055,0.0006973500712774694,0.0004981071688234806,0.0,0.0,0.05987248569726944,0.34140267968177795,0.2932855188846588,0.16088862717151642,0.08447898179292679,0.03187885880470276,0.00866706483066082,0.008965929038822651,0.005578800570219755,0.0029886432457715273,0.0005977286491543055,0.0004981071688234806,0.0007969714934006333,9.962143667507917e-05,0.0,0.0,150.21182250976562,141.42823791503906,22.64982795715332
Semi_ripe_3.jpeg,Semi-ripe,Semi-ripe,128.01058959960938,29.490449905395508,118.46395874023438,29.128257751464844,81.34744262695312,44.777591705322266,0.0,0.0,0.0008114558295346797,0.013603818602859974,0.045632459223270416,0.08596658706665039,0.14883054792881012,0.21436753869056702,0.1371837705373764,0.13976134359836578,0.20997613668441772,0.0038186158053576946,4.773269756697118e-05,0.0,0.0,0.0,0.0,0.00014319809270091355,0.0031026252545416355,0.021050119772553444,0.061336517333984375,0.1347493976354599,0.25116944313049316,0.16367541253566742,0.09661097824573517,0.15307876467704773,0.11470167338848114,0.0003341288829687983,4.773269756697118e-05,0.0,0.0,0.0,0.00119331746827811,0.008019093424081802,0.2508830428123474,0.26295942068099976,0.13069212436676025,0.08214797079563141,0.0281145591288805,0.019331742078065872,0.019427208229899406,0.060668256133794785,0.13618138432502747,0.00038186158053576946,0.0,0.0,0.0,0.0,116.8409423828125,104.60530090332031,47.197349548339844
Semi_ripe_30.jpg,Semi-ripe,Semi-ripe,115.63568878173828,39.353515625,108.25613403320312,36.07246780395508,33.108985900878906,27.377944946289062,0.0,0.0005730002303607762,0.019023608416318893,0.09901443868875504,0.0985560417175293,0.11700664460659027,0.12422645092010498,0.14783406257629395,0.14049965143203735,0.08136603236198425,0.0933990404009819,0.06910382956266403,0.009397204034030437,0.0,0.0,0.0,0.0,0.0074490029364824295,0.04320421814918518,0.06371762603521347,0.1233096495270729,0.1401558518409729,0.15241806209087372,0.16525326669216156,0.09603483974933624,0.11219344288110733,0.09145084023475647,0.004813201725482941,0.0,0.0,0.0,0.0,0.23607610166072845,0.3903277516365051,0.17602567374706268,0.08331423252820969,0.04366261884570122,0.025785010308027267,0.015356406569480896,0.01306440494954586,0.0107724042609334,0.004698602017015219,0.0009168003452941775,0.0,0.0,0.0,0.0,0.0,82.9625473022461,78.07115936279297,15.589262962341309
Semi_ripe_31.jpg,Semi-ripe,Semi-ripe,122.55082702636719,40.22675704956055,115.8764877319336,37.459144592285156,35.42948913574219,26.03507423400879,0.0,0.0004732159723062068,0.02091614529490471,0.050255537033081055,0.10467537492513657,0.11082718521356583,0.11290933191776276,0.1307968944311142,0.14802195131778717,0.12615938484668732,0.07505205273628235,0.0776074230670929,0.04230550676584244,0.0,0.0,0.0,0.0,0.0069089531898498535,0.03766799345612526,0.051012683659791946,0.06899488717317581,0.1311754733324051,0.15691842138767242,0.16250236332416534,0.15038803219795227,0.0847056582570076,0.08574673533439636,0.06350558251142502,0.0004732159723062068,0.0,0.0,0.0,0.1792542189359665,0.3700549006462097,0.22950974106788635,0.10098429024219513,0.049782320857048035,0.02754116989672184,0.019591141492128372,0.012682188302278519,0.006530380342155695,0.003312511835247278,0.0004732159723062068,0.000283929577562958,0.0,0.0,0.0,0.0,148.5789031982422,138.50665283203125,19.882129669189453
Semi_ripe_32.jpg,Semi-ripe,Semi-ripe,145.71632385253906,35.97369384765625,140.90191650390625,30.803497314453125,46.433929443359375,23.587936401367188,0.0,0.003285519778728485,0.009455885738134384,0.018511097878217697,0.03429761901497841,0.041750140488147736,0.06170366331934929,0.08526324480772018,0.14792852103710175,0.1976119875907898,0.17220930755138397,0.1741325408220291,0.05369019880890846,0.0001602692500455305,0.0,0.0,0.0,0.0024841735139489174,0.009135347791016102,0.015305713750422001,0.02267809957265854,0.034778427332639694,0.06482890993356705,0.11042551696300507,0.23423351347446442,0.20843015611171722,0.19048000872135162,0.09648209065198898,0.010657905600965023,8.013462502276525e-05,0.0,0.0,0.035900313407182693,0.24809680879116058,0.3049122393131256,0.2172449678182602,0.1133904978632927,0.042471352964639664,0.019232310354709625,0.008013462647795677,0.005609423853456974,0.003926596604287624,0.000641077000182122,0.0004808077646885067,8.013462502276525e-05,0.0,0.0,0.0,179.67149353027344,170.2166748046875,44.88566970825195
Semi_ripe_33.jpg,Semi-ripe,Semi-ripe,130.91969299316406,38.0922737121582,122.31378936767578,33.98179626464844,41.69683837890625,25.037006378173828,8.365400572074577e-05,0.0024259663186967373,0.010791366919875145,0.03973565250635147,0.06658858805894852,0.06449723988771439,0.08599632233381271,0.15768779814243317,0.236740842461586,0.10858289897441864,0.06867993623018265,0.09770788252353668,0.060314539819955826,0.00016730801144149154,0.0,0.0,8.365400572074577e-05,0.003597122384235263,0.010122135281562805,0.029613519087433815,0.07478668540716171,0.09762422740459442,0.13401371240615845,0.22829177975654602,0.1744185984134674,0.06290781497955322,0.11184540390968323,0.07219340652227402,0.0005019240197725594,0.0,0.0,0.0,0.1045675054192543,0.3055044412612915,0.24669566750526428,0.17241090536117554,0.09519825875759125,0.04458758607506752,0.014304835349321365,0.00677597476169467,0.0051865484565496445,0.0030951981898397207,0.0012548101367428899,0.0004182700358796865,0.0,0.0,0.0,0.0,116.78819274902344,109.63715362548828,21.22222137451172
Semi_ripe_34.jpg,Semi-ripe,Semi-ripe,138.0222930908203,39.032569885253906,127.73727416992188,32.353553771972656,36.564308166503906,22.795669555664062,0.0,0.0018302828539162874,0.022212978452444077,0.03510815277695656,0.04525790363550186,0.05066555738449097,0.07554076611995697,0.1030782014131546,0.13344426453113556,0.23485857248306274,0.12504160404205322,0.12362729012966156,0.04575707018375397,0.0018302828539162874,0.0008319467306137085,0.0009151414269581437,0.0,0.00016638934903312474,0.002662229584529996,0.027870215475559235,0.06464226543903351,0.08602329343557358,0.1178036630153656,0.13951747119426727,0.22737105190753937,0.16139766573905945,0.12054908275604248,0.04783693701028824,0.002412645611912012,0.000665557396132499,0.000665557396132499,0.00041597336530685425,0.09625624120235443,0.4006655514240265,0.2970881760120392,0.12046588957309723,0.038602329790592194,0.01663893461227417,0.009484193287789822,0.008319467306137085,0.006572379264980555,0.0037437602877616882,0.0012479200959205627,0.0007487520924769342,0.00016638934903312474,0.0,0.0,0.0,151.43544006347656,137.60574340820312,22.664522171020508
Semi_ripe_35.jpg,Semi-ripe,Semi-ripe,141.01715087890625,37.61632537841797,130.85198974609375,30.56015968322754,38.178977966308594,24.00162124633789,0.0,0.0013342228485271335,0.018679119646549225,0.032307252287864685,0.03916896879673004,0.04669779911637306,0.06385209411382675,0.08672448247671127,0.14733631908893585,0.20728103816509247,0.18736299872398376,0.1207471638917923,0.0482226237654686,0.000285904883639887,0.0,0.0,0.0,0.0,0.0029543505515903234,0.019918041303753853,0.04869913309812546,0.07605069875717163,0.10445058345794678,0.14199942350387573,0.22900982201099396,0.20118173956871033,0.12465453147888184,0.04784141853451729,0.002763747237622738,0.0004765081393998116,0.0,0.0,0.08424664288759232,0.38482797145843506,0.28981226682662964,0.14571619033813477,0.04536357522010803,0.017344895750284195,0.010673782788217068,0.0087677501142025,0.005813399329781532,0.003144953865557909,0.0006671114242635667,0.0015248260460793972,0.0019060325575992465,0.00019060325575992465,0.0,0.0,149.9046173095703,136.93203735351562,23.43765640258789
Semi_ripe_36.jpg,Semi-ripe,Semi-ripe,141.7401580810547,41.651763916015625,133.670166015625,33.96588897705078,41.095550537109375,22.893625259399414,0.0,0.0,0.00736267352476716,0.044506948441267014,0.06146591529250145,0.055261414498090744,0.05881866440176964,0.11267372965812683,0.1278127133846283,0.12996360659599304,0.14683984220027924,0.13641628623008728,0.11887822300195694,0.0,0.0,0.0,0.0,0.0,0.0025645268615335226,0.01927531510591507,0.05683322250843048,0.08785572648048401,0.08909662812948227,0.14948709309101105,0.16644605994224548,0.17256782948970795,0.1349271982908249,0.1193745881319046,0.001489080023020506,8.272667037090287e-05,0.0,0.0,0.06369953602552414,0.34058570861816406,0.28896427154541016,0.16446062922477722,0.07734943926334381,0.04020516201853752,0.00810721330344677,0.006452680565416813,0.006618133746087551,0.0028954334557056427,0.000248180003836751,0.00033090668148361146,8.272667037090287e-05,0.0,0.0,0.0,147.70635986328125,136.9800567626953,21.68703269958496
Semi_ripe_37.jpg,Semi-ripe,Semi-ripe,135.9261016845703,38.14643478393555,127.23112487792969,31.59231185913086,37.62240982055664,23.550018310546875,0.0,0.0001582528930157423,0.013847127556800842,0.041383128613233566,0.06021522358059883,0.06124386936426163,0.06709922105073929,0.10658331960439682,0.15382181107997894,0.17795537412166595,0.17740148305892944,0.11346732079982758,0.026744738221168518,7.912644650787115e-05,0.0,0.0,0.0,0.0001582528930157423,0.005064092576503754,0.03331223130226135,0.05815793573856354,0.0731128379702568,0.12193384766578674,0.15595822036266327,0.21134673058986664,0.18800443410873413,0.11299256235361099,0.03900933638215065,0.0007912644650787115,0.0001582528930157423,0.0,0.0,0.0658332034945488,0.4582212269306183,0.22092102468013763,0.13380281627178192,0.06899826228618622,0.024687450379133224,0.00965342577546835,0.007042253389954567,0.006171862594783306,0.0030068049672991037,0.0006330115720629692,0.0005538851255550981,0.00047475864994339645,0.0,0.0,0.0,149.63943481445312,136.89242553710938,21.872114181518555
Semi_ripe_38.jpg,Semi-ripe,Semi-ripe,133.68551635742188,39.56438064575195,130.84124755859375,39.099483489990234,73.40298461914062,66.32354736328125,0.00025968404952436686,0.02635793201625347,0.039255570620298386,0.03129192814230919,0.026920579373836517,0.042241938412189484,0.06003029644489288,0.09387578815221786,0.1051720380783081,0.21320059895515442,0.3481930196285248,0.013200606219470501,0.0,0.0,0.0,0.0,0.0007357714930549264,0.021423934027552605,0.029603982344269753,0.03960181772708893,0.03549015522003174,0.05249945819377899,0.08872538059949875,0.11465051025152206,0.11361177265644073,0.1478467881679535,0.35455527901649475,0.00125513959210366,0.0,0.0,0.0,0.0,0.20090889930725098,0.28115126490592957,0.10724951326847076,0.026877298951148987,0.011599221266806126,0.008915819227695465,0.0038519802037626505,0.003289331216365099,0.004760874435305595,0.10880761593580246,0.2423284947872162,0.00025968404952436686,0.0,0.0,0.0,0.0,162.3317108154297,166.68606567382812,162.89828491210938
Semi_ripe_39.jpg,Semi-ripe,Semi-ripe,137.6299285888672,33.62434387207031,136.93505859375,34.784908294677734,96.79421997070312,63.7790641784668,0.00019500780035741627,0.005801482126116753,0.01950078085064888,0.03203003108501434,0.027301091700792313,0.041439156979322433,0.0703490674495697,0.11359204351902008,0.06757020205259323,0.2942667603492737,0.3242979645729065,0.0036563961766660213,0.0,0.0,0.0,0.0,0.0005362714291550219,0.007605304010212421,0.010189157910645008,0.028471138328313828,0.04036661610007286,0.04728939011693001,0.10311037302017212,0.10871684551239014,0.07181162387132645,0.14211192727088928,0.43793877959251404,0.001852574059739709,0.0,0.0,0.0,0.0,0.07283541560173035,0.17648206651210785,0.12314742803573608,0.07819812744855881,0.041829172521829605,0.016721919178962708,0.007800311781466007,0.007020280696451664,0.007312792353332043,0.12690132856369019,0.3412148952484131,0.0005362714291550219,0.0,0.0,0.0,0.0,162.3756561279297,166.748779296875,164.53067016601562
Semi_ripe_4.jpeg,Semi-ripe,Semi-ripe,130.91944885253906,30.502256393432617,121.32025146484375,29.816268920898438,85.53883361816406,45.780067443847656,0.0,0.0,4.809310848941095e-05,0.0041360072791576385,0.04116770252585411,0.08517289161682129,0.2018948644399643,0.15130092203617096,0.1130668967962265,0.12133891135454178,0.25681719183921814,0.02380608767271042,0.00086567597463727,0.0001923724339576438,9.61862169788219e-05,9.61862169788219e-05,0.0,0.0,0.0007213966455310583,0.008752945810556412,0.06809984147548676,0.12653297185897827,0.2532102167606354,0.13278506696224213,0.09546481817960739,0.16890299320220947,0.14211513102054596,0.0023565622977912426,0.0006733034970238805,0.00024046553880907595,9.61862169788219e-05,4.809310848941095e-05,0.0007213966455310583,0.0054345210082829,0.1962679773569107,0.2925022840499878,0.12364738434553146,0.07276487350463867,0.039147790521383286,0.019429616630077362,0.02092050202190876,0.08132544904947281,0.14432741701602936,0.002693213988095522,0.0005290241679176688,0.0001923724339576438,9.61862169788219e-05,0.0,112.30254364013672,103.01273345947266,49.252777099609375
Semi_ripe_40.jpg,Semi-ripe,Semi-ripe,126.80052947998047,37.5164909362793,120.57624816894531,31.501739501953125,40.08489227294922,24.577152252197266,0.0,0.0015064245089888573,0.03136907517910004,0.055028799921274185,0.05688967555761337,0.06982720643281937,0.0797518864274025,0.11847585439682007,0.21674789488315582,0.1665928214788437,0.1388568878173828,0.06468763947486877,0.00017722640768624842,8.861320384312421e-05,0.0,0.0,0.0,0.0028356225229799747,0.010101905092597008,0.03872397169470787,0.07806823402643204,0.086929552257061,0.11236154288053513,0.24147097766399384,0.16517500579357147,0.13735046982765198,0.12565352022647858,0.0008861320093274117,0.0004430660046637058,0.0,0.0,0.0,0.10598139464855194,0.33238813281059265,0.2510412037372589,0.16623836755752563,0.08551174402236938,0.027647320181131363,0.011342490091919899,0.007532122079282999,0.007443509064614773,0.0035445280373096466,0.0009747452568262815,0.00035445281537249684,0.0,0.0,0.0,0.0,136.5205535888672,121.73766326904297,19.814966201782227
Semi_ripe_41.jpg,Semi-ripe,Semi-ripe,141.4899444580078,32.00726318359375,140.416015625,32.19947814941406,99.48680114746094,64.87864685058594,0.0,0.0027325220871716738,0.016446689143776894,0.031037326902151108,0.03124355524778366,0.035213444381952286,0.04593730717897415,0.05779542028903961,0.0949680358171463,0.28578057885169983,0.3969375193119049,0.0018560527823865414,5.155702092451975e-05,0.0,0.0,0.0,0.0001031140418490395,0.002629408147186041,0.008197566494345665,0.020829036831855774,0.043668799102306366,0.042225200682878494,0.0709424614906311,0.08553309738636017,0.125953808426857,0.15575376152992249,0.4422561228275299,0.001804495812393725,0.0001031140418490395,0.0,0.0,0.0,0.05980614572763443,0.18421323597431183,0.1341513693332672,0.06542585790157318,0.03531656041741371,0.009228707291185856,0.005052587948739529,0.004330789670348167,0.004073004703968763,0.10404206812381744,0.39281293749809265,0.0014435966731980443,0.0001031140418490395,0.0,0.0,0.0,162.6751708984375,166.52426147460938,164.74195861816406
Semi_ripe_42.jpg,Semi-ripe,Semi-ripe,123.18915557861328,36.334625244140625,117.29584503173828,31.662405014038086,41.02363204956055,26.53508186340332,0.0,0.0012751849135383964,0.023293377831578255,0.06477939337491989,0.058828528970479965,0.07685114443302155,0.10694550722837448,0.15905806422233582,0.19153277575969696,0.11714698374271393,0.17002464830875397,0.030094362795352936,0.00017002465028781444,0.0,0.0,0.0,0.0,0.0024653575383126736,0.014707132242619991,0.03298478201031685,0.09215336292982101,0.10337498784065247,0.16007821261882782,0.23301878571510315,0.10422511398792267,0.1550624817609787,0.10014452040195465,0.0011901726247742772,0.0005950863123871386,0.0,0.0,0.0,0.12165264040231705,0.3289127051830292,0.20811016857624054,0.16789934039115906,0.09912437200546265,0.04012581706047058,0.010201479308307171,0.00782113429158926,0.008671257644891739,0.0056108133867383,0.0011901726247742772,0.0006800986011512578,0.0,0.0,0.0,0.0,116.3408203125,108.1692886352539,18.44719123840332
Semi_ripe_43.jpg,Semi-ripe,Semi-ripe,132.30039978027344,35.221553802490234,128.34884643554688,33.45711898803711,65.04755401611328,53.64483642578125,0.0,0.0012250124709680676,0.015256973914802074,0.04805390164256096,0.04972437396645546,0.05473578721284866,0.07389052957296371,0.13441728055477142,0.15184587240219116,0.148783341050148,0.3035803735256195,0.01765131764113903,0.0007795534329488873,5.568238702835515e-05,0.0,0.0,0.0,0.0016147892456501722,0.010189876891672611,0.03257419541478157,0.05306531488895416,0.08480427414178848,0.11275683343410492,0.17333927750587463,0.12383762747049332,0.14237986505031586,0.2602038085460663,0.004621637985110283,0.0005011414759792387,0.0001113647740567103,0.0,0.0,0.07856784760951996,0.279803991317749,0.18948715925216675,0.12406036257743835,0.06754273921251297,0.025168439373373985,0.015089927241206169,0.007628486957401037,0.005735286045819521,0.06186313182115555,0.14449580013751984,0.0003897767164744437,0.00016704716836102307,0.0,0.0,0.0,163.4154510498047,166.41664123535156,162.92039489746094
Semi_ripe_44.jpg,Semi-ripe,Semi-ripe,134.71902465820312,37.84290313720703,132.61659240722656,39.00465393066406,94.55403900146484,67.83711242675781,0.0,0.012825563549995422,0.04022762179374695,0.029371853917837143,0.03571897745132446,0.046924930065870285,0.06509082764387131,0.08019260317087173,0.08461370319128036,0.27966731786727905,0.31656816601753235,0.008667103946208954,0.00013131975720170885,0.0,0.0,0.0,0.000481505790958181,0.007397680077701807,0.02556358091533184,0.05646749958395958,0.0424162819981575,0.05349091812968254,0.09398117661476135,0.10212299972772598,0.06736703962087631,0.12650470435619354,0.42263078689575195,0.0014882906107231975,8.754651207709685e-05,0.0,0.0,0.0,0.12878091633319855,0.2078791856765747,0.08470124751329422,0.043992120772600174,0.026088859885931015,0.010593127459287643,0.005471657030284405,0.005865616258233786,0.00595316244289279,0.10715692490339279,0.37290436029434204,0.0006128255627118051,0.0,0.0,0.0,0.0,162.6392364501953,166.52212524414062,165.40733337402344
Semi_ripe_45.jpg,Semi-ripe,Semi-ripe,136.9897003173828,33.749755859375,132.70802307128906,36.400482177734375,91.148681640625,64.52733612060547,0.00010778185242088512,0.004472946748137474,0.016598405316472054,0.030071135610342026,0.033574044704437256,0.04419055953621864,0.08417762815952301,0.10169217735528946,0.102608323097229,0.2610476315021515,0.291334331035614,0.029909463599324226,0.00021556370484177023,0.0,0.0,0.0,0.00021556370484177023,0.003610691986978054,0.018053459003567696,0.033627938479185104,0.04677732288837433,0.06881871074438095,0.12087734788656235,0.1202845424413681,0.07868075370788574,0.0862254798412323,0.42007976770401,0.0026945462450385094,5.389092621044256e-05,0.0,0.0,0.0,0.07609398663043976,0.2062944620847702,0.14324207603931427,0.07264496386051178,0.033735718578100204,0.011101530864834785,0.008838111534714699,0.007059711031615734,0.007221383973956108,0.13073939085006714,0.30168139934539795,0.0013472731225192547,0.0,0.0,0.0,0.0,162.3562774658203,166.94140625,164.66110229492188
Semi_ripe_46.jpg,Semi-ripe,Semi-ripe,144.66831970214844,29.90420913696289,143.49046325683594,32.8704719543457,116.25204467773438,62.653541564941406,0.0001826417283155024,0.0029587959870696068,0.01530537661164999,0.02074810117483139,0.01778930425643921,0.02673874981701374,0.05292957276105881,0.07795149087905884,0.04945937916636467,0.3241160213947296,0.40246930718421936,0.009351256303489208,0.0,0.0,0.0,0.0,0.00010958503844449297,0.0018994739511981606,0.013040619902312756,0.021953536197543144,0.029661016538739204,0.04427235573530197,0.08817942440509796,0.06122150644659996,0.04650058597326279,0.15550117194652557,0.5368571281433105,0.0008036236395128071,0.0,0.0,0.0,0.0,0.0650935098528862,0.13851548731327057,0.07725745439529419,0.04131355881690979,0.013661601580679417,0.004164231475442648,0.004054646473377943,0.00339713622815907,0.00390853313729167,0.2198641151189804,0.4286966621875763,7.305668987100944e-05,0.0,0.0,0.0,0.0,163.20199584960938,166.76959228515625,164.12208557128906
Semi_ripe_47.jpg,Semi-ripe,Semi-ripe,130.05795288085938,37.37077331542969,127.34638977050781,38.56966781616211,83.68431091308594,65.96796417236328,4.91956525365822e-05,0.007084173616021872,0.039356522262096405,0.04216067120432854,0.039405714720487595,0.0552959106862545,0.08653514832258224,0.10704973340034485,0.10911595076322556,0.23264622688293457,0.27967727184295654,0.0016234564827755094,0.0,0.0,0.0,0.0,0.0007379347807727754,0.005362325813621283,0.02169528231024742,0.053524866700172424,0.06021547690033913,0.07595808804035187,0.12421902269124985,0.12879420816898346,0.08387858420610428,0.08869975805282593,0.3552418053150177,0.0016726520843803883,0.0,0.0,0.0,0.0,0.13986323773860931,0.23658189177513123,0.10158901661634445,0.05623063072562218,0.033748216927051544,0.015988586470484734,0.005214739125221968,0.004526000004261732,0.005263934843242168,0.12894180417060852,0.27131402492523193,0.0007379347807727754,0.0,0.0,0.0,0.0,162.4058074951172,166.96530151367188,163.19847106933594
Semi_ripe_48.jpg,Semi-ripe,Semi-ripe,135.8928680419922,36.20978546142578,131.63645935058594,33.81317901611328,63.89685821533203,56.283870697021484,6.876160477986559e-05,0.0035756034776568413,0.033555664122104645,0.03658117353916168,0.025097984820604324,0.034449562430381775,0.06587361544370651,0.14213024079799652,0.13105961680412292,0.17197276651859283,0.29409337043762207,0.06051021069288254,0.0010314240353181958,0.0,0.0,0.0,6.876160477986559e-05,0.004607027396559715,0.012033280916512012,0.032661762088537216,0.04820188507437706,0.04696417599916458,0.1087120920419693,0.16530288755893707,0.1273464858531952,0.15691398084163666,0.2922368049621582,0.004675789270550013,0.00027504641911946237,0.0,0.0,0.0,0.10816200077533722,0.30427008867263794,0.1723853349685669,0.09633500874042511,0.06415457278490067,0.024341607466340065,0.00921405479311943,0.006807398516684771,0.005294643342494965,0.004538265988230705,0.20408444106578827,0.00041256961412727833,0.0,0.0,0.0,0.0,163.32403564453125,167.38063049316406,166.43124389648438
Semi_ripe_49.jpg,Semi-ripe,Semi-ripe,136.16232299804688,38.85750198364258,129.1593475341797,33.46931076049805,43.21185302734375,24.040983200073242,0.0,0.0007425558869726956,0.012103660963475704,0.037573326379060745,0.06296873837709427,0.059478726238012314,0.06794386357069016,0.12333852797746658,0.18415385484695435,0.14472414553165436,0.12103661149740219,0.13811539113521576,0.047820597887039185,0.0,0.0,0.0,0.0,0.001707878545857966,0.00980173796415329,0.029702235013246536,0.0578451044857502,0.06853790581226349,0.09519566595554352,0.190168559551239,0.18690131604671478,0.15007054805755615,0.14687755703926086,0.06081532686948776,0.0023761787451803684,0.0,0.0,0.0,0.06326576322317123,0.3131358027458191,0.26880523562431335,0.1655157059431076,0.10871017724275589,0.049676988273859024,0.017004529014229774,0.006385980639606714,0.004603846464306116,0.0022276677191257477,0.0003712779434863478,0.00029702234314754605,0.0,0.0,0.0,0.0,146.8646240234375,138.08151245117188,42.933040618896484
Semi_ripe_5.jpeg,Semi-ripe,Semi-ripe,121.31822204589844,29.24736785888672,113.6314468383789,30.14615821838379,75.5028305053711,45.44508361816406,0.0,0.0,0.00010187968291575089,0.015791350975632668,0.035708826035261154,0.16229432821273804,0.2356986403465271,0.130711629986763,0.11563343554735184,0.1695277839899063,0.1326473504304886,0.0015281952219083905,0.0003565788792911917,0.0,0.0,0.0,0.0,0.0,0.0015791350742802024,0.026794355362653732,0.07070449739694595,0.25765371322631836,0.170037180185318,0.12551575899124146,0.13432836532592773,0.11043757200241089,0.10233813524246216,0.0006112780538387597,0.0,0.0,0.0,0.0,0.0002546992036513984,0.029646987095475197,0.3694157302379608,0.1863379329442978,0.09612347930669785,0.048698488622903824,0.03168458119034767,0.02603025734424591,0.04319698363542557,0.07758137583732605,0.09102949500083923,0.0,0.0,0.0,0.0,0.0,113.22869110107422,104.52957153320312,45.777069091796875
Semi_ripe_50.jpg,Semi-ripe,Semi-ripe,126.77071380615234,34.098384857177734,120.35037994384766,29.084274291992188,38.545753479003906,23.87444305419922,0.00010566356650087982,0.0030642433557659388,0.017434488981962204,0.03677092120051384,0.059277262538671494,0.07554945349693298,0.09953507781028748,0.14560440182685852,0.18818680942058563,0.19125105440616608,0.15648774802684784,0.02641589194536209,0.00021132713300175965,0.00010566356650087982,0.0,0.0,0.00010566356650087982,0.0008453085320070386,0.010777683928608894,0.038778528571128845,0.06096787750720978,0.08759509772062302,0.13292476534843445,0.20393069088459015,0.23140321671962738,0.17645815014839172,0.05483939126133919,0.0009509720839560032,0.0003169907140545547,0.00010566356650087982,0.0,0.0,0.0787193551659584,0.3875739574432373,0.28222739696502686,0.14021556079387665,0.053994081914424896,0.024936601519584656,0.010989011265337467,0.00739644980058074,0.007924767211079597,0.0043322062119841576,0.0010566356359049678,0.0005283178179524839,0.00010566356650087982,0.0,0.0,0.0,148.63206481933594,137.8447265625,44.17046356201172
Semi_ripe_51.jpg,Semi-ripe,Semi-ripe,125.96614074707031,36.661502838134766,120.87763977050781,32.39786911010742,45.24330139160156,25.427841186523438,0.0,0.0016797807766124606,0.012730970047414303,0.0396074615418911,0.07788877934217453,0.09548227488994598,0.11289894580841064,0.15507028996944427,0.14419591426849365,0.14295817911624908,0.12854743003845215,0.08832110464572906,0.0006188665865920484,0.0,0.0,0.0,0.0002652285329531878,0.0029175139497965574,0.01105118915438652,0.03836973011493683,0.07072760909795761,0.08602245897054672,0.1544514149427414,0.20236937701702118,0.15657325088977814,0.13562019169330597,0.13208381831645966,0.009282998740673065,0.0002652285329531878,0.0,0.0,0.0,0.06445053219795227,0.27433472871780396,0.2803465723991394,0.17496243119239807,0.10503049939870834,0.060648925602436066,0.021041464060544968,0.006984351668506861,0.0070727611891925335,0.00406683748587966,0.0008840951486490667,0.0001768190268194303,0.0,0.0,0.0,0.0,114.13072204589844,111.08076477050781,45.190673828125
Semi_ripe_52.jpg,Semi-ripe,Semi-ripe,134.22015380859375,37.69635772705078,129.3620147705078,35.52705001831055,64.47870635986328,53.056026458740234,0.0,0.001538377022370696,0.018460523337125778,0.04675567150115967,0.05252458527684212,0.049228064715862274,0.0793912410736084,0.12741057574748993,0.1314762979745865,0.12889401614665985,0.2780067026615143,0.07691884785890579,0.009395088069140911,0.0,0.0,0.0,0.00016482610953971744,0.0024723915848881006,0.015328828245401382,0.03906378895044327,0.05477720871567726,0.06488654762506485,0.11455414444208145,0.16916653513908386,0.1189495101571083,0.1108730286359787,0.28591835498809814,0.0237899012863636,5.4942036513239145e-05,0.0,0.0,0.0,0.070655457675457,0.28525903820991516,0.1814735382795334,0.1307620406150818,0.09428053349256516,0.022471291944384575,0.006043624132871628,0.004560188855975866,0.004944783169776201,0.034888193011283875,0.16427668929100037,0.000384594255592674,0.0,0.0,0.0,0.0,164.32342529296875,166.86782836914062,163.65586853027344
Semi_ripe_53.jpg,Semi-ripe,Semi-ripe,136.12095642089844,36.89170837402344,131.34512329101562,34.279579162597656,60.91727828979492,55.708351135253906,6.382843275787309e-05,0.004978617653250694,0.03561626374721527,0.03331844136118889,0.027510052546858788,0.03561626374721527,0.07857279479503632,0.10850832611322403,0.12708240747451782,0.19537882506847382,0.29188740253448486,0.05240314081311226,0.009063636884093285,0.0,0.0,0.0,0.00012765686551574618,0.006191357504576445,0.015254994854331017,0.037467289716005325,0.04123316705226898,0.047233037650585175,0.10704027861356735,0.13895449042320251,0.16295397281646729,0.163656085729599,0.2623348534107208,0.01691453345119953,0.0006382843130268157,0.0,0.0,0.0,0.15350736677646637,0.30350416898727417,0.13780558109283447,0.0964447557926178,0.05591370537877083,0.025467542931437492,0.01002106349915266,0.00695729861035943,0.005233931355178356,0.05182868614792824,0.15280525386333466,0.0005106274620629847,0.0,0.0,0.0,0.0,148.1741180419922,138.9046173095703,18.39553451538086
Semi_ripe_54.jpg,Semi-ripe,Semi-ripe,138.0504150390625,35.546871185302734,133.32794189453125,33.0711669921875,71.64217376708984,61.738922119140625,0.0,0.0003482136526145041,0.015460686758160591,0.04394456371665001,0.05021240934729576,0.044014208018779755,0.05439097434282303,0.07570165395736694,0.12835155427455902,0.1820461004972458,0.3528100848197937,0.05202312022447586,0.0006964273052290082,0.0,0.0,0.0,0.0,0.0005571418441832066,0.006128560286015272,0.030921373516321182,0.05689811334013939,0.06483738124370575,0.07688557356595993,0.1360122561454773,0.16623720526695251,0.11825335770845413,0.3401350975036621,0.0031339230481535196,0.0,0.0,0.0,0.0,0.12389442324638367,0.2840726971626282,0.15969078242778778,0.06455881148576736,0.03941778838634491,0.014346403069794178,0.005571418441832066,0.004178564064204693,0.005919632501900196,0.07040880620479584,0.22787101566791534,6.964273052290082e-05,0.0,0.0,0.0,0.0,163.55653381347656,166.64646911621094,163.2095489501953
Semi_ripe_55.jpg,Semi-ripe,Semi-ripe,135.0426025390625,45.836769104003906,127.65930938720703,37.77732467651367,42.38922882080078,24.474523544311523,0.0,0.0012026458280161023,0.023193882778286934,0.06863671541213989,0.0752512663602829,0.06313890218734741,0.07860149443149567,0.09432179480791092,0.10987028479576111,0.09835924953222275,0.14749592542648315,0.1507602483034134,0.08659049868583679,0.002577098086476326,0.0,0.0,0.0,0.0028348080813884735,0.012541878037154675,0.03762563318014145,0.08031956106424332,0.10076454281806946,0.11450906097888947,0.11098702996969223,0.12430203706026077,0.15668757259845734,0.1795378476381302,0.07611030340194702,0.00377974403090775,0.0,0.0,0.0,0.06425564736127853,0.33897432684898376,0.2663860619068146,0.1632162183523178,0.08942531049251556,0.04028863459825516,0.01666523516178131,0.009449359960854053,0.006442745681852102,0.004896486643701792,0.0,0.0,0.0,0.0,0.0,0.0,181.88465881347656,166.86412048339844,44.11632537841797
Semi_ripe_56.jpg,Semi-ripe,Semi-ripe,131.3304901123047,41.77888488769531,126.99960327148438,39.476715087890625,71.6398696899414,62.4243278503418,0.0,0.004469567444175482,0.04778493568301201,0.06125936657190323,0.05080846697092056,0.05580386519432068,0.06710924208164215,0.07710003852844238,0.08367293328046799,0.1570921540260315,0.34645721316337585,0.04462994635105133,0.0038122781552374363,0.0,0.0,0.0,6.572893471457064e-05,0.005389772355556488,0.021690547466278076,0.06349415332078934,0.07821743190288544,0.07802024483680725,0.08722229301929474,0.09116603434085846,0.1189693734049797,0.1189693734049797,0.3328513205051422,0.0029578020330518484,0.00098593404982239,0.0,0.0,0.0,0.12803995609283447,0.2904561460018158,0.15426580607891083,0.06816090643405914,0.024911265820264816,0.012291310355067253,0.006901537999510765,0.0061785196885466576,0.005849875044077635,0.06730642914772034,0.2334691733121872,0.0012488497886806726,0.000920205086003989,0.0,0.0,0.0,162.99826049804688,166.71490478515625,163.0325469970703
Semi_ripe_57.jpg,Semi-ripe,Semi-ripe,133.76205444335938,38.16016387939453,125.55162048339844,31.055587768554688,38.95762252807617,26.051210403442383,0.0,0.0003115911968052387,0.00997091829776764,0.049854591488838196,0.06408391892910004,0.07135438174009323,0.07280847430229187,0.09659326821565628,0.16275446116924286,0.17179061472415924,0.17501038312911987,0.11508101224899292,0.010386372916400433,0.0,0.0,0.0,0.0001038637274177745,0.000207727454835549,0.007270460948348045,0.029289571568369865,0.0602409653365612,0.09586622565984726,0.11082260310649872,0.16483174264431,0.18653926253318787,0.21946406364440918,0.11289987713098526,0.011217283084988594,0.001246364787220955,0.0,0.0,0.0,0.13585375249385834,0.30816370248794556,0.27752387523651123,0.15039467811584473,0.07633984088897705,0.015475695952773094,0.008516825735569,0.010178646072745323,0.007997507229447365,0.005297050345689058,0.0020772747229784727,0.0015579559840261936,0.0006231823936104774,0.0,0.0,0.0,168.35061645507812,152.609130859375,44.8661003112793
Semi_ripe_58.jpg,Semi-ripe,Semi-ripe,142.43011474609375,41.78434753417969,134.39976501464844,34.348350524902344,39.3310432434082,23.91236114501953,0.0,0.0004408893291838467,0.009195691905915737,0.04906468465924263,0.0588272325694561,0.05693770945072174,0.062102410942316055,0.06984946876764297,0.10713610798120499,0.16867166757583618,0.18958240747451782,0.12880267202854156,0.09611387550830841,0.0032751779071986675,0.0,0.0,6.298418884398416e-05,0.00025193675537593663,0.005353656131774187,0.02859482355415821,0.05586697906255722,0.07432134449481964,0.08528059720993042,0.10379794985055923,0.16615229845046997,0.23360836505889893,0.14946147799491882,0.08994142711162567,0.0073061659932136536,0.0,0.0,0.0,0.09447629004716873,0.34672796726226807,0.29193171858787537,0.13409334421157837,0.06525161862373352,0.034956224262714386,0.015368142165243626,0.00755810271948576,0.005038735456764698,0.003464130451902747,0.0008187944767996669,0.0003149209660477936,0.0,0.0,0.0,0.0,150.10414123535156,139.84523010253906,20.795166015625
Semi_ripe_59.jpg,Semi-ripe,Semi-ripe,124.54198455810547,44.66056823730469,117.3646240234375,36.962398529052734,36.751678466796875,23.97182273864746,0.0,0.005330563988536596,0.04693665727972984,0.09013499319553375,0.0667358934879303,0.07268951088190079,0.08695050328969955,0.1011422649025917,0.11581861972808838,0.12232606112957001,0.1702319085597992,0.11214952915906906,0.00955347903072834,0.0,0.0,0.0,0.0,0.004638283047825098,0.02146071381866932,0.06908965110778809,0.11021114885807037,0.09941156208515167,0.10820353031158447,0.1334717869758606,0.13409484922885895,0.18954655528068542,0.11810314655303955,0.011699549853801727,6.922811007825658e-05,0.0,0.0,0.0,0.12855659425258636,0.3888542652130127,0.23399099707603455,0.12980270385742188,0.06687434762716293,0.024714434519410133,0.008168916217982769,0.007061266805976629,0.006853582337498665,0.00470751104876399,0.00041536864591762424,0.0,0.0,0.0,0.0,0.0,167.5637969970703,151.5958709716797,23.82109832763672
Semi_ripe_6.jpeg,Semi-ripe,Semi-ripe,122.0654525756836,29.452342987060547,110.62745666503906,27.91057586669922,65.1154556274414,34.32562255859375,0.0,0.0,0.0010337885469198227,0.01213341299444437,0.0490233413875103,0.1750367283821106,0.17552641034126282,0.1410849392414093,0.134446918964386,0.18069535493850708,0.13074705004692078,0.00027204962680116296,0.0,0.0,0.0,0.0,0.0,0.00038086946005932987,0.0037542846985161304,0.024430055171251297,0.10843897610902786,0.2113281488418579,0.1848849207162857,0.1405952423810959,0.18466728925704956,0.10539202392101288,0.03612818941473961,0.0,0.0,0.0,0.0,0.0,0.0023396266624331474,0.02910931035876274,0.3453397750854492,0.24337558448314667,0.1870069056749344,0.05832744017243385,0.023233037441968918,0.013928940519690514,0.023613907396793365,0.03634582832455635,0.03737961873412132,0.0,0.0,0.0,0.0,0.0,87.0542984008789,79.4538345336914,41.367305755615234
Semi_ripe_60.jpg,Semi-ripe,Semi-ripe,123.76897430419922,37.12001419067383,114.22705841064453,32.20988082885742,39.09033203125,27.129032135009766,0.0,0.003093028673902154,0.025854548439383507,0.07002934068441391,0.05773653835058212,0.06796732544898987,0.07922912389039993,0.15647552907466888,0.21904988586902618,0.17027519643306732,0.08549448847770691,0.05448489263653755,0.010310095734894276,0.0,0.0,0.0,7.930843275971711e-05,0.005155047867447138,0.02339598722755909,0.04917122796177864,0.09041161090135574,0.0897771418094635,0.13434848189353943,0.2657625377178192,0.1765405684709549,0.09152192622423172,0.053057339042425156,0.02062019146978855,0.00015861686551943421,0.0,0.0,0.0,0.16432707011699677,0.31993019580841064,0.21762233972549438,0.13609327375888824,0.07748433947563171,0.03513363376259804,0.027599334716796875,0.009992862120270729,0.006979141850024462,0.004520580638200045,0.00031723373103886843,0.0,0.0,0.0,0.0,0.0,138.15374755859375,119.44171142578125,17.411468505859375
Semi_ripe_61.jpg,Semi-ripe,Semi-ripe,130.7151336669922,34.102882385253906,120.60431671142578,30.06868553161621,42.87766647338867,27.793577194213867,8.536793757230043e-05,0.002561038127169013,0.011183199472725391,0.043793752789497375,0.03867167606949806,0.046866998076438904,0.08647771924734116,0.18994365632534027,0.21154174208641052,0.1581014096736908,0.12967389822006226,0.07008707523345947,0.009134368970990181,0.0016219908138737082,8.536793757230043e-05,0.00017073587514460087,8.536793757230043e-05,0.00460986839607358,0.014171076938509941,0.02228103205561638,0.05079392343759537,0.09475840628147125,0.16117466986179352,0.2468840777873993,0.18021170794963837,0.12327130138874054,0.08118490874767303,0.018098002299666405,0.0022195663768798113,8.536793757230043e-05,0.00017073587514460087,0.0,0.10730749368667603,0.31628820300102234,0.23996926844120026,0.1428205519914627,0.08417278528213501,0.05412327125668526,0.025781117379665375,0.014427181333303452,0.00947584118694067,0.0050367084331810474,0.0005122076254338026,8.536793757230043e-05,0.0,0.0,0.0,0.0,149.6712188720703,136.2860870361328,21.49103355407715
Semi_ripe_62.jpg,Semi-ripe,Semi-ripe,124.33148193359375,33.835723876953125,114.63522338867188,29.89720344543457,39.44245147705078,29.990934371948242,0.00021758049842901528,0.004786771256476641,0.018603133037686348,0.055156659334897995,0.03764142841100693,0.05667972192168236,0.11118363589048386,0.21105308830738068,0.2077893763780594,0.1576370745897293,0.09399478137493134,0.04340730980038643,0.0018494343385100365,0.0,0.0,0.0,0.0005439512897282839,0.0058746738359332085,0.01827676221728325,0.030461270362138748,0.06886422634124756,0.10378590226173401,0.19821584224700928,0.24706266820430756,0.16699303686618805,0.08322454243898392,0.06886422634124756,0.006527415011078119,0.0013054830487817526,0.0,0.0,0.0,0.17580504715442657,0.33289816975593567,0.1928851157426834,0.13109225034713745,0.07811140269041061,0.03731505572795868,0.01512184552848339,0.013054830022156239,0.012293298728764057,0.005004351492971182,0.003046127036213875,0.0027197562158107758,0.0006527415243908763,0.0,0.0,0.0,136.10203552246094,120.18452453613281,19.40561294555664
Semi_ripe_63.jpg,Semi-ripe,Semi-ripe,127.7179183959961,35.16294860839844,117.68624114990234,30.864347457885742,39.60002136230469,28.035646438598633,0.0,0.0012763981940224767,0.013228126801550388,0.05105593055486679,0.06370387226343155,0.06648874282836914,0.07437920570373535,0.1475980579853058,0.21687166392803192,0.19726154208183289,0.10280807316303253,0.05534926801919937,0.009979113936424255,0.0,0.0,0.0,0.00011603620077949017,0.0037131584249436855,0.016593176871538162,0.03794384002685547,0.0737990289926529,0.09631004929542542,0.13100486993789673,0.23276862502098083,0.22151310741901398,0.10559294372797012,0.06219540536403656,0.01810164749622345,0.00034810861689038575,0.0,0.0,0.0,0.1687166392803192,0.31016477942466736,0.2173358052968979,0.13030865788459778,0.07542353123426437,0.0442097932100296,0.028660941869020462,0.013460199348628521,0.006846135947853327,0.004525411874055862,0.00034810861689038575,0.0,0.0,0.0,0.0,0.0,136.68374633789062,117.94100952148438,16.530948638916016
Semi_ripe_64.jpg,Semi-ripe,Semi-ripe,132.08811950683594,37.38441848754883,124.65657043457031,35.106510162353516,59.35641098022461,50.70185089111328,0.0,0.0027474414091557264,0.021567415446043015,0.05426196753978729,0.04553884267807007,0.05742152780294418,0.06758706271648407,0.1227419450879097,0.1529638022184372,0.16759392619132996,0.23504361510276794,0.06635071337223053,0.006181743461638689,0.0,0.0,0.0,0.0,0.004739336669445038,0.017171509563922882,0.04423380643129349,0.0778212770819664,0.0596194788813591,0.10364723205566406,0.1835290938615799,0.18565835058689117,0.09622913599014282,0.21952056884765625,0.0077615221962332726,6.868603668408468e-05,0.0,0.0,0.0,0.11944501847028732,0.2680129110813141,0.19067244231700897,0.11965107172727585,0.07067792862653732,0.03770863264799118,0.020880555734038353,0.009822103194892406,0.006731231696903706,0.007486777845770121,0.14856790006160736,0.0003434301761444658,0.0,0.0,0.0,0.0,162.81056213378906,167.70388793945312,163.65155029296875
Semi_ripe_65.jpg,Semi-ripe,Semi-ripe,126.94647216796875,34.12693405151367,116.76268005371094,30.343923568725586,41.193359375,27.712783813476562,0.0005081731360405684,0.003811298403888941,0.015245193615555763,0.05234182998538017,0.03514863923192024,0.052511222660541534,0.1105276495218277,0.20403151214122772,0.1876852661371231,0.15990513563156128,0.13271787762641907,0.04200897738337517,0.00304903881624341,0.00042347758426330984,8.469552267342806e-05,0.0,0.0009316506912000477,0.0061827730387449265,0.01795545034110546,0.03006690926849842,0.0616583377122879,0.10112644731998444,0.17455746233463287,0.23325146734714508,0.17633606493473053,0.12907597422599792,0.06157364323735237,0.006521555129438639,0.0005928686587139964,0.00016939104534685612,0.0,0.0,0.1197594627737999,0.3451342284679413,0.22181756794452667,0.13187092542648315,0.0828322172164917,0.05013974756002426,0.01998814195394516,0.010925722308456898,0.01075633056461811,0.006013381760567427,0.0007622597040608525,0.0,0.0,0.0,0.0,0.0,149.15003967285156,135.7807159423828,22.464962005615234
Semi_ripe_66.jpg,Semi-ripe,Semi-ripe,134.9945831298828,41.56425857543945,123.77637481689453,38.6307373046875,56.00947952270508,41.425079345703125,0.0009478672873228788,0.010629654861986637,0.02186865359544754,0.04014895111322403,0.061746783554553986,0.06377793103456497,0.07088693231344223,0.08219363540410995,0.14400812983512878,0.1302640438079834,0.22254569828510284,0.11780636757612228,0.033175356686115265,0.0,0.0,0.0,0.0010832769330590963,0.009140148758888245,0.019634393975138664,0.06587677448987961,0.07291807979345322,0.077860526740551,0.08571428805589676,0.1598510444164276,0.13703453540802002,0.1312796175479889,0.21123899519443512,0.02836831472814083,0.0,0.0,0.0,0.0,0.0850372388958931,0.1937711536884308,0.23777928948402405,0.21299932897090912,0.12566012144088745,0.026540284976363182,0.00832769088447094,0.00832769088447094,0.006973594892770052,0.006161137484014034,0.08828707039356232,0.00013540961663238704,0.0,0.0,0.0,0.0,165.60719299316406,167.8866729736328,165.0459442138672
Semi_ripe_67.jpg,Semi-ripe,Semi-ripe,144.02755737304688,32.994571685791016,138.25021362304688,32.19023513793945,83.77485656738281,64.24312591552734,0.0003299603995401412,0.004619445651769638,0.025846898555755615,0.018752750009298325,0.02139243297278881,0.030851297080516815,0.037560492753982544,0.07270127534866333,0.11180158704519272,0.20617026090621948,0.41151562333106995,0.05829300358891487,0.0001649801997700706,0.0,0.0,0.0,0.00027496699476614594,0.003684557741507888,0.010063792578876019,0.026176858693361282,0.03387593477964401,0.04047514125704765,0.06351737678050995,0.12978442013263702,0.15838100016117096,0.1309392899274826,0.4009568989276886,0.0016498019685968757,0.0002199736045440659,0.0,0.0,0.0,0.06626705080270767,0.24862515926361084,0.18065331876277924,0.07743071019649506,0.026341838762164116,0.012318521738052368,0.0070391553454101086,0.004894412588328123,0.00527936639264226,0.027056753635406494,0.34310382604599,0.0009348877938464284,5.499340113601647e-05,0.0,0.0,0.0,162.83004760742188,166.79159545898438,165.42431640625
Semi_ripe_68.jpg,Semi-ripe,Semi-ripe,136.629150390625,37.033958435058594,125.89680480957031,30.142961502075195,37.90525817871094,25.050580978393555,0.0002195630659116432,0.007026018109172583,0.02898232452571392,0.04061916843056679,0.026237787678837776,0.03864309936761856,0.06872323900461197,0.09210670739412308,0.13503128290176392,0.2718190848827362,0.20924361050128937,0.08014052361249924,0.00120759685523808,0.0,0.0,0.0,0.0001097815329558216,0.007135799620300531,0.017016137018799782,0.027994291856884956,0.04797453060746193,0.05884290114045143,0.08661763370037079,0.144692063331604,0.32681962847709656,0.21231748163700104,0.06586892157793045,0.00274453847669065,0.0018662860384210944,0.0,0.0,0.0,0.08628828823566437,0.39235919713974,0.3012405335903168,0.12317488342523575,0.04149742051959038,0.016577010974287987,0.01053902693092823,0.012624876573681831,0.006916236598044634,0.004281479865312576,0.0006586891831830144,0.0023054121993482113,0.0015369415050372481,0.0,0.0,0.0,151.5090789794922,136.7269744873047,23.158037185668945
Semi_ripe_69.jpg,Semi-ripe,Semi-ripe,138.6439666748047,37.03036880493164,128.1969451904297,31.28173065185547,43.38542556762695,24.199535369873047,0.0,0.00428140489384532,0.015957964584231377,0.04203561320900917,0.03736498951911926,0.04505205899477005,0.06461029499769211,0.07901138812303543,0.14955726265907288,0.23761798441410065,0.21124841272830963,0.08134669810533524,0.03181862458586693,9.730466263135895e-05,0.0,0.0,0.0,0.005838279612362385,0.01216308306902647,0.025883039459586143,0.050014596432447433,0.06714021414518356,0.07687067985534668,0.15987156331539154,0.25124064087867737,0.22477376461029053,0.09409360587596893,0.030650967732071877,0.0014595699030905962,0.0,0.0,0.0,0.038921862840652466,0.324802964925766,0.3107910752296448,0.16055269539356232,0.0869903638958931,0.045635886490345,0.010314294137060642,0.0075897634960711,0.007005935534834862,0.004767928272485733,0.001264960621483624,0.0009730465826578438,0.0003892186505254358,0.0,0.0,0.0,149.12940979003906,136.2382354736328,43.01985168457031
Semi_ripe_7.jpeg,Semi-ripe,Semi-ripe,140.87649536132812,28.594970703125,133.60533142089844,31.730722427368164,110.3188247680664,52.63541030883789,0.0,0.0,0.0,0.0006610305281355977,0.026893503963947296,0.08697769790887833,0.10273806005716324,0.05347388982772827,0.13502417504787445,0.18995928764343262,0.40166300535202026,0.002539748791605234,6.958215817576274e-05,0.0,0.0,0.0,0.0,0.0,3.479107908788137e-05,0.00949796475470066,0.06398079544305801,0.1186375841498375,0.05577009916305542,0.1496364325284958,0.11119229346513748,0.1393730640411377,0.3512507379055023,0.0006262394599616528,0.0,0.0,0.0,0.0,0.0014264342607930303,0.009532756172120571,0.11467140167951584,0.20359739661216736,0.1006505936384201,0.047942109405994415,0.01680409163236618,0.012559579685330391,0.015655985102057457,0.1078871414065361,0.3686462938785553,0.0006262394599616528,0.0,0.0,0.0,0.0,165.5481719970703,163.80982971191406,164.8350830078125
Semi_ripe_70.jpg,Semi-ripe,Semi-ripe,138.1704559326172,38.904544830322266,126.6944351196289,30.787561416625977,43.130245208740234,24.83924674987793,0.00010361620661569759,0.005388042889535427,0.04123925045132637,0.03294995427131653,0.024867888540029526,0.03129209578037262,0.0569889135658741,0.09491244703531265,0.19096466898918152,0.19697441160678864,0.18132835626602173,0.10703554004430771,0.03595482185482979,0.0,0.0,0.0,0.0,0.0007253134390339255,0.009843539446592331,0.03854522854089737,0.057610608637332916,0.044969432055950165,0.09056056290864944,0.21386384963989258,0.22878457605838776,0.18744172155857086,0.10444513708353043,0.02279556542634964,0.00041446482646279037,0.0,0.0,0.0,0.10154388099908829,0.23158222436904907,0.3187234401702881,0.1834006905555725,0.09418713301420212,0.03958139196038246,0.01067246962338686,0.006320588756352663,0.006320588756352663,0.004869961645454168,0.001865091733634472,0.0007253134390339255,0.00020723241323139518,0.0,0.0,0.0,168.52626037597656,150.24795532226562,43.86697769165039
Semi_ripe_71.jpg,Semi-ripe,Semi-ripe,129.7220916748047,36.613372802734375,123.44957733154297,30.101747512817383,44.14494705200195,26.8203125,0.0,0.00021994940470904112,0.03387220948934555,0.05751677230000496,0.04684922471642494,0.041130539029836655,0.06257560849189758,0.11305399984121323,0.21818982064723969,0.230946883559227,0.13812823593616486,0.05641702562570572,0.0010997470235452056,0.0,0.0,0.0,0.00010997470235452056,0.0005498735117726028,0.011107445694506168,0.039480920881032944,0.06532497704029083,0.06994391232728958,0.09061915427446365,0.18772682547569275,0.28659409284591675,0.15055537223815918,0.09127900749444962,0.005828659515827894,0.0008797976188361645,0.0,0.0,0.0,0.05751677230000496,0.31804683804512024,0.2819751501083374,0.1614428609609604,0.08325085043907166,0.046409327536821365,0.02177499234676361,0.012867040932178497,0.007918179035186768,0.004069064278155565,0.002749367617070675,0.0018695699982345104,0.00010997470235452056,0.0,0.0,0.0,148.65109252929688,136.36264038085938,21.5
Semi_ripe_72.jpg,Semi-ripe,Semi-ripe,131.03643798828125,37.841922760009766,125.1047592163086,31.75023078918457,42.46248245239258,23.930667877197266,0.0,0.00042875518556684256,0.029869943857192993,0.060883235186338425,0.05245105177164078,0.04001715034246445,0.059739887714385986,0.12705445289611816,0.16106903553009033,0.20951835811138153,0.1952265202999115,0.058453623205423355,0.0052879806607961655,0.0,0.0,0.0,0.0,0.0008575103711336851,0.01014720555394888,0.051021866500377655,0.05731027573347092,0.06588537991046906,0.08960983157157898,0.17407460510730743,0.2025153636932373,0.24753466248512268,0.08889523893594742,0.01143347192555666,0.0007145919953472912,0.0,0.0,0.0,0.0483064167201519,0.3309989869594574,0.3161354959011078,0.15635272860527039,0.06960126012563705,0.03730170056223869,0.01915106549859047,0.01143347192555666,0.0071459198370575905,0.003144204616546631,0.0001429183903383091,0.0002858367806766182,0.0,0.0,0.0,0.0,148.19384765625,139.73846435546875,42.90461349487305
Semi_ripe_73.jpg,Semi-ripe,Semi-ripe,134.8895721435547,37.43532180786133,124.15187072753906,28.59741973876953,39.44872283935547,24.061355590820312,0.0,0.002388311317190528,0.04762573912739754,0.04355156049132347,0.018966002389788628,0.02683337964117527,0.05436920374631882,0.12110143154859543,0.1588929444551468,0.280696839094162,0.15790952742099762,0.08668164908885956,0.0009834222728386521,0.0,0.0,0.0,0.00014048890443518758,0.0019668445456773043,0.008007867261767387,0.04116324707865715,0.05886485055088997,0.04214667156338692,0.09820174425840378,0.2008991241455078,0.30331555008888245,0.1649339646100998,0.07853329926729202,0.001685866853222251,0.00014048890443518758,0.0,0.0,0.0,0.11309356242418289,0.29137396812438965,0.3208766579627991,0.16900815069675446,0.05001404881477356,0.020230401307344437,0.01264400128275156,0.011239112354815006,0.0059005338698625565,0.003371733706444502,0.0009834222728386521,0.0012644000817090273,0.0,0.0,0.0,0.0,168.11720275878906,149.58033752441406,42.77788162231445
Semi_ripe_74.jpg,Semi-ripe,Semi-ripe,122.0564193725586,40.16539001464844,115.84440612792969,34.50481033325195,37.0927734375,25.143905639648438,0.0,0.0011894141789525747,0.04861730709671974,0.07872435450553894,0.06460005789995193,0.055159084498882294,0.08117751777172089,0.1335117518901825,0.22204875946044922,0.16540291905403137,0.06593815237283707,0.06043710932135582,0.02267320826649666,0.0005203687469474971,0.0,0.0,0.0,0.00393993454053998,0.028991971164941788,0.06341064721345901,0.07738626003265381,0.09046982228755951,0.12273267656564713,0.21966993808746338,0.2049509435892105,0.08415105193853378,0.06749925762414932,0.03441867232322693,0.0023044899571686983,7.433838618453592e-05,0.0,0.0,0.10712161660194397,0.42105263471603394,0.2448706477880478,0.11306869238615036,0.04869164526462555,0.02750520408153534,0.014644662849605083,0.008771929889917374,0.007805530913174152,0.0032708891667425632,0.0014124293811619282,0.0015611061826348305,0.00022301515855360776,0.0,0.0,0.0,145.54452514648438,134.9104461669922,21.344932556152344
Semi_ripe_75.jpg,Semi-ripe,Semi-ripe,130.5182342529297,38.773345947265625,119.56501007080078,33.400726318359375,34.700714111328125,23.61159896850586,0.0,0.0036651233676820993,0.02826003171503544,0.05565200746059418,0.029803240671753883,0.04504243656992912,0.09577546268701553,0.17081403732299805,0.1835455298423767,0.1736111044883728,0.08352623134851456,0.0737847238779068,0.05652006343007088,0.0,0.0,0.0,0.0005787037080153823,0.005787036847323179,0.011477623134851456,0.04832175746560097,0.07349537312984467,0.08709491044282913,0.1432291716337204,0.19029706716537476,0.20466820895671844,0.10204475373029709,0.11332947760820389,0.019290123134851456,0.00038580247201025486,0.0,0.0,0.0,0.1401427537202835,0.421875,0.24556326866149902,0.10233410447835922,0.036265432834625244,0.026138117536902428,0.008198302239179611,0.006751543376594782,0.008005401119589806,0.004050925839692354,0.00019290123600512743,0.00019290123600512743,0.00028935185400769114,0.0,0.0,0.0,149.0391082763672,137.23388671875,23.27588653564453
Semi_ripe_76.jpg,Semi-ripe,Semi-ripe,135.34844970703125,41.89485549926758,124.06268310546875,34.68782043457031,40.88816452026367,24.373472213745117,0.0,0.00038933230098336935,0.01761728711426258,0.07270780950784683,0.04448121413588524,0.054311856627464294,0.07806112617254257,0.12341833859682083,0.11339303106069565,0.13723963499069214,0.15631692111492157,0.18503017723560333,0.0170332882553339,0.0,0.0,0.0,0.0,0.0017519952962175012,0.018785282969474792,0.03601323813199997,0.08652910590171814,0.07504379749298096,0.1064823791384697,0.16429822146892548,0.1486276090145111,0.19184349477291107,0.16108623147010803,0.009538641199469566,0.0,0.0,0.0,0.0,0.08497177064418793,0.32207512855529785,0.2791512608528137,0.1723768711090088,0.08750243484973907,0.019077282398939133,0.012847965583205223,0.007591979578137398,0.007981312461197376,0.0055479854345321655,0.0007786646019667387,9.733307524584234e-05,0.0,0.0,0.0,0.0,184.63946533203125,165.20816040039062,48.6702766418457
Semi_ripe_77.jpg,Semi-ripe,Semi-ripe,136.38189697265625,39.30121612548828,125.83995056152344,32.582664489746094,41.79120635986328,24.473587036132812,0.0,0.0,0.006265930365771055,0.05883602425456047,0.05671197921037674,0.05883602425456047,0.07837723195552826,0.10726422816514969,0.1353016197681427,0.14220476150512695,0.1748088300228119,0.17374680936336517,0.007646559271961451,0.0,0.0,0.0,0.0,0.0014868308790028095,0.013487680815160275,0.0303738322108984,0.062446899712085724,0.08889124542474747,0.11501698940992355,0.1412489414215088,0.18872132897377014,0.19636788964271545,0.1554800271987915,0.006372132338583469,0.00010620220564305782,0.0,0.0,0.0,0.07189889252185822,0.33188191056251526,0.2650807201862335,0.1756584495306015,0.08368734270334244,0.037489380687475204,0.01285046711564064,0.009027187712490559,0.007646559271961451,0.003929481841623783,0.0005310110282152891,0.00031860661692917347,0.0,0.0,0.0,0.0,170.5634765625,152.3798828125,43.533203125
Semi_ripe_78.jpg,Semi-ripe,Semi-ripe,137.4487762451172,38.95996856689453,126.15406799316406,32.153202056884766,41.07991409301758,23.772897720336914,0.0,0.0,0.0029298849403858185,0.04202869161963463,0.06465952843427658,0.06688220053911209,0.08537077903747559,0.12022630870342255,0.12810668349266052,0.09517074376344681,0.19236209988594055,0.18912911415100098,0.013133966363966465,0.0,0.0,0.0,0.0,0.00030309153953567147,0.008486563339829445,0.02849060483276844,0.05435441434383392,0.10547585040330887,0.13245099782943726,0.15861789882183075,0.11153768748044968,0.23691654205322266,0.15619316697120667,0.006668013520538807,0.00040412205271422863,0.00010103051317855716,0.0,0.0,0.06900384277105331,0.31915539503097534,0.32430794835090637,0.16255809366703033,0.058496665209531784,0.030309153720736504,0.01454839389771223,0.008284501731395721,0.008183471858501434,0.0042432816699147224,0.00020206102635711432,0.00040412205271422863,0.00030309153953567147,0.0,0.0,0.0,171.84609985351562,152.73977661132812,41.52788162231445
Semi_ripe_79.jpg,Semi-ripe,Semi-ripe,138.75338745117188,39.86820602416992,127.61898803710938,33.26912307739258,41.49287796020508,23.92456817626953,0.0,0.0,0.0031003854237496853,0.031003855168819427,0.08035863935947418,0.06401877105236053,0.08471594005823135,0.12057985365390778,0.11429528892040253,0.08622423559427261,0.17043741047382355,0.22783643007278442,0.01742919348180294,0.0,0.0,0.0,0.0,0.0006703535909764469,0.009636333212256432,0.030752472579479218,0.057734206318855286,0.09108429402112961,0.1261102706193924,0.15770068764686584,0.10759175568819046,0.2197921872138977,0.1842634528875351,0.013909837231040001,0.0005865594139322639,0.00016758839774411172,0.0,0.0,0.06619741767644882,0.32135075330734253,0.3128037452697754,0.15250544250011444,0.08220211416482925,0.03125523775815964,0.013490866869688034,0.00821183156222105,0.007290095556527376,0.003519356483593583,0.0004189710016362369,0.0005027652368880808,0.0002513826184440404,0.0,0.0,0.0,183.35025024414062,165.0112762451172,46.430450439453125
Semi_ripe_8.jpeg,Semi-ripe,Semi-ripe,123.87940979003906,31.34151840209961,118.28234100341797,31.995515823364258,90.09609985351562,51.7835578918457,0.0,0.00010015523730544373,0.0009514747653156519,0.0053583052940666676,0.04872552305459976,0.09805198013782501,0.337222695350647,0.13440833985805511,0.0367569737136364,0.0593920573592186,0.2770794630050659,0.0016525614773854613,0.00030046573374420404,0.0,0.0,0.0,0.0,0.00010015523730544373,0.0014021734241396189,0.007060944568365812,0.06174570694565773,0.18929339945316315,0.3418799042701721,0.044118382036685944,0.029045019298791885,0.09184235334396362,0.2324102371931076,0.0008012418984435499,0.00030046573374420404,0.0,0.0,0.0,0.00020031047461088747,0.0036556662525981665,0.2926536202430725,0.24197505414485931,0.05723872035741806,0.02604036219418049,0.017477089539170265,0.01692623645067215,0.026140518486499786,0.11342581361532211,0.2035154551267624,0.0006510090897791088,0.00010015523730544373,0.0,0.0,0.0,108.91731262207031,101.74697875976562,47.25086975097656
Semi_ripe_80.jpg,Semi-ripe,Semi-ripe,125.4507827758789,39.77061462402344,115.23029327392578,34.12970733642578,32.68040466308594,24.44282341003418,0.0,0.0016754628159105778,0.016838401556015015,0.06861020624637604,0.07246376574039459,0.079500712454319,0.10630811750888824,0.14107397198677063,0.16201725602149963,0.13956604897975922,0.09265309572219849,0.08704029768705368,0.032252658158540726,0.0,0.0,0.0,0.0,0.0033509256318211555,0.012565971352159977,0.05487140640616417,0.11259110271930695,0.1241517961025238,0.13236156105995178,0.1667085587978363,0.17072966694831848,0.10547038912773132,0.10094663500785828,0.016084443777799606,0.00016754628450144082,0.0,0.0,0.0,0.17139984667301178,0.457317590713501,0.2015581876039505,0.07296640425920486,0.03828432783484459,0.025550808757543564,0.01290106400847435,0.008125994354486465,0.007372036576271057,0.003937337547540665,0.00041886570397764444,0.00016754628450144082,0.0,0.0,0.0,0.0,148.9673614501953,136.1684112548828,21.657962799072266
Semi_ripe_81.jpg,Semi-ripe,Semi-ripe,142.03341674804688,38.35713577270508,123.93865966796875,34.74477005004883,46.305782318115234,26.252513885498047,0.0,0.005510388407856226,0.014092140831053257,0.025925925001502037,0.038753386586904526,0.04173441603779793,0.05907858908176422,0.11047877371311188,0.18292683362960815,0.18012647330760956,0.09719964116811752,0.1872628778219223,0.056007225066423416,0.0009033423848450184,0.0,0.0,0.00036133694811724126,0.01011743489652872,0.019963866099715233,0.031436312943696976,0.05293586105108261,0.0789521262049675,0.1198735311627388,0.23053297400474548,0.1316169798374176,0.12339656800031662,0.16847334802150726,0.031707316637039185,0.0004516711924225092,0.00018066847405862063,0.0,0.0,0.09331526607275009,0.2072267383337021,0.2692863643169403,0.2106594443321228,0.12204155325889587,0.05492321774363518,0.019512195140123367,0.010388437658548355,0.007317073177546263,0.003884372068569064,0.00027100270381197333,0.0009936766000464559,0.00018066847405862063,0.0,0.0,0.0,171.88235473632812,150.29335021972656,46.65711975097656
Semi_ripe_82.jpg,Semi-ripe,Semi-ripe,120.5447769165039,37.324302673339844,111.93603515625,31.75052261352539,31.609750747680664,25.339216232299805,0.00030220611370168626,0.011181625537574291,0.03979047015309334,0.07665961235761642,0.04523018002510071,0.0567140132188797,0.08411403000354767,0.15412510931491852,0.2142641246318817,0.19603101909160614,0.11534199863672256,0.00604412192478776,0.00020147074246779084,0.0,0.0,0.0,0.0007051475695334375,0.022363251075148582,0.02729928493499756,0.04432356357574463,0.07907726615667343,0.0717235803604126,0.1459655463695526,0.24972297251224518,0.22131560742855072,0.12360229343175888,0.013700010254979134,0.0,0.00020147074246779084,0.0,0.0,0.0,0.19472146034240723,0.48907020688056946,0.14495819807052612,0.06436990201473236,0.04895738884806633,0.022061046212911606,0.011786038056015968,0.01047647837549448,0.008260300382971764,0.00483529781922698,0.00030220611370168626,0.00010073537123389542,0.00010073537123389542,0.0,0.0,0.0,148.61868286132812,134.7225341796875,19.671428680419922
Semi_ripe_83.jpg,Semi-ripe,Semi-ripe,135.73098754882812,41.54533767700195,126.6590805053711,34.408329010009766,47.4273567199707,24.908660888671875,9.254118049284443e-05,0.001480658887885511,0.02729964815080166,0.05654266104102135,0.04497501254081726,0.04534517973661423,0.058948732912540436,0.11484360694885254,0.21173422038555145,0.13270404934883118,0.11123450100421906,0.11928558349609375,0.07440310716629028,0.0011104941368103027,0.0,0.0,0.0,0.0013881176710128784,0.009624282829463482,0.044789932668209076,0.06903572380542755,0.05913381278514862,0.08939477801322937,0.22006292641162872,0.18221358954906464,0.12613363564014435,0.1312233954668045,0.06551915407180786,0.001480658887885511,0.0,0.0,0.0,0.040810659527778625,0.22783638536930084,0.31889691948890686,0.2079400271177292,0.1038312017917633,0.05570979043841362,0.022209882736206055,0.007680918090045452,0.0074958354234695435,0.005922635551542044,0.0013881176710128784,0.0002776235342025757,0.0,0.0,0.0,0.0,147.58340454101562,135.797119140625,40.92425537109375
Semi_ripe_84.jpg,Semi-ripe,Semi-ripe,132.8604278564453,38.61237335205078,124.10283660888672,31.239784240722656,46.04402542114258,24.79783058166504,0.0,0.0011033874470740557,0.020191989839076996,0.055390048772096634,0.04810769110918045,0.050645481795072556,0.08363676816225052,0.13902680575847626,0.14035087823867798,0.1669425070285797,0.16153591871261597,0.12788259983062744,0.005185920745134354,0.0,0.0,0.0,0.0,0.000441354961367324,0.009599470533430576,0.03486704081296921,0.06620324403047562,0.06973408162593842,0.1416749358177185,0.1757696121931076,0.1848173886537552,0.18989297747612,0.1207105815410614,0.005847953259944916,0.000441354961367324,0.0,0.0,0.0,0.04181838408112526,0.23645591735839844,0.3504358232021332,0.18095552921295166,0.11883482336997986,0.03398433327674866,0.008937438018620014,0.010482179932296276,0.008716760203242302,0.005847953259944916,0.001765419845469296,0.0016550810541957617,0.000110338740341831,0.0,0.0,0.0,168.93833923339844,152.37249755859375,44.08333206176758
Semi_ripe_85.jpg,Semi-ripe,Semi-ripe,133.34136962890625,35.81427764892578,129.92706298828125,36.87016677856445,82.29393768310547,67.07156372070312,0.0004182350530754775,0.006273525767028332,0.034880802035331726,0.044500209391117096,0.028690924867987633,0.03881221264600754,0.055541615933179855,0.10380593687295914,0.15089920163154602,0.2294437438249588,0.30614805221557617,0.0005018820520490408,8.364700624952093e-05,0.0,0.0,0.0,0.001254705130122602,0.0118778757750988,0.019740695133805275,0.042659975588321686,0.040401507169008255,0.0519447922706604,0.10405687987804413,0.1409452110528946,0.17172731459140778,0.05746549740433693,0.3566708564758301,0.0011710581602528691,8.364700624952093e-05,0.0,0.0,0.0,0.12170639634132385,0.29569217562675476,0.09652864933013916,0.039983268827199936,0.025428690016269684,0.015558343380689621,0.009535758756101131,0.008030112832784653,0.008448348380625248,0.03864491730928421,0.3401087522506714,0.0002509410260245204,8.364700624952093e-05,0.0,0.0,0.0,162.96820068359375,166.9081268310547,165.662841796875
Semi_ripe_86.jpg,Semi-ripe,Semi-ripe,125.69206237792969,37.70880889892578,118.16109466552734,32.49591827392578,35.97550582885742,24.657855987548828,0.00032369443215429783,0.009387138299643993,0.01823478564620018,0.0630125179886818,0.07175226509571075,0.052762191742658615,0.07239965349435806,0.12861458957195282,0.22086749970912933,0.16648682951927185,0.14274924993515015,0.052870091050863266,0.00043159257620573044,0.00010789814405143261,0.0,0.0,0.0026974536012858152,0.009818730875849724,0.022658610716462135,0.0319378525018692,0.08016832172870636,0.07876564562320709,0.10520069301128387,0.22777298092842102,0.22032800316810608,0.14814415574073792,0.07078118622303009,0.0012947777286171913,0.00032369443215429783,0.00010789814405143261,0.0,0.0,0.10304272919893265,0.45133793354034424,0.26251617074012756,0.0752050057053566,0.04229607433080673,0.028161415830254555,0.012408286333084106,0.010142426006495953,0.0079844631254673,0.0049633146263659,0.0012947777286171913,0.00043159257620573044,0.00021579628810286522,0.0,0.0,0.0,147.98545837402344,135.44654846191406,23.968000411987305
Semi_ripe_87.jpg,Semi-ripe,Semi-ripe,128.27305603027344,36.4884147644043,119.57836151123047,30.02051544189453,41.297645568847656,23.501970291137695,0.0,0.0003827018663287163,0.014255644753575325,0.0527171827852726,0.06065824627876282,0.0615193247795105,0.096249520778656,0.16752775013446808,0.1928817480802536,0.11069651693105698,0.152985081076622,0.08811710774898529,0.0020091847982257605,0.0,0.0,0.0,0.0,0.0007654037326574326,0.00966322235763073,0.03243398293852806,0.06544201821088791,0.09682357311248779,0.16102181375026703,0.25162649154663086,0.12992729246616364,0.15059319138526917,0.09959816187620163,0.0020091847982257605,9.567546658217907e-05,0.0,0.0,0.0,0.05539609491825104,0.354094922542572,0.2886528968811035,0.15920397639274597,0.08821278065443039,0.020761577412486076,0.011194029822945595,0.010237275622785091,0.006888633593916893,0.004209720529615879,0.0005740527994930744,0.0005740527994930744,0.0,0.0,0.0,0.0,135.53492736816406,119.88516998291016,23.016267776489258
Semi_ripe_88.jpg,Semi-ripe,Semi-ripe,130.77154541015625,45.72364044189453,115.79795837402344,38.104156494140625,40.60219955444336,23.43404197692871,0.0,0.005988611839711666,0.03907323628664017,0.07637934386730194,0.06018064171075821,0.059787943959236145,0.0852150022983551,0.09198900312185287,0.1183978021144867,0.11613979935646057,0.16326330602169037,0.13224032521247864,0.05055959150195122,0.000785391719546169,0.0,0.0,0.0,0.014137051068246365,0.03828784450888634,0.05841350927948952,0.09787943959236145,0.09100726246833801,0.11918319016695023,0.13744355738162994,0.1532495617866516,0.17465148866176605,0.09738857299089432,0.017965834587812424,0.0003926958597730845,0.0,0.0,0.0,0.07205969095230103,0.339092880487442,0.2978598177433014,0.1597290337085724,0.06793638318777084,0.032593756914138794,0.011584527790546417,0.0077557433396577835,0.00726487347856164,0.003239740850403905,0.0003926958597730845,0.0004908698028884828,0.0,0.0,0.0,0.0,173.4630889892578,150.24244689941406,42.33221435546875
Semi_ripe_89.jpg,Semi-ripe,Semi-ripe,145.57640075683594,33.60228729248047,134.29110717773438,30.96230125427246,68.0394058227539,56.251731872558594,0.0,0.00015098898438736796,0.005964064504951239,0.035633400082588196,0.034727465361356735,0.033746037632226944,0.044541750103235245,0.06809602677822113,0.109919972717762,0.20194776356220245,0.3456137776374817,0.1006341502070427,0.01902461051940918,0.0,0.0,0.0,7.549449219368398e-05,0.0006794504006393254,0.007020987570285797,0.023780763149261475,0.04559867084026337,0.05027933046221733,0.08025064319372177,0.15046051144599915,0.1890382021665573,0.15370677411556244,0.2942020297050476,0.0049071419052779675,0.0,0.0,0.0,0.0,0.05601691082119942,0.27668729424476624,0.2396949976682663,0.09731239825487137,0.05835723876953125,0.02083647809922695,0.006341536995023489,0.00498263631016016,0.007171976380050182,0.023478785529732704,0.20896874368190765,0.00015098898438736796,0.0,0.0,0.0,0.0,163.04232788085938,166.52159118652344,165.38392639160156
Semi_ripe_9.jpeg,Semi-ripe,Semi-ripe,140.55380249023438,27.30678939819336,134.63214111328125,31.209794998168945,116.09828186035156,51.664405822753906,0.0,0.0,0.0,0.002235290128737688,0.03139722719788551,0.07245779037475586,0.06159083917737007,0.10849753767251968,0.15017710626125336,0.21018604934215546,0.36328622698783875,0.00017194538668263704,0.0,0.0,0.0,0.0,0.0,0.0,0.0006877815467305481,0.014305856078863144,0.06382612884044647,0.0776505395770073,0.08029849827289581,0.14986760914325714,0.07073833048343658,0.23449912667274475,0.30805736780166626,6.877815758343786e-05,0.0,0.0,0.0,0.0,0.00034389077336527407,0.012723959051072598,0.12139344215393066,0.16781869530677795,0.05791120603680611,0.03373568505048752,0.016850648447871208,0.011623508296906948,0.04016644135117531,0.20843219757080078,0.3289659321308136,3.438907879171893e-05,0.0,0.0,0.0,0.0,165.29248046875,163.62001037597656,164.43624877929688
Semi_ripe_90.jpg,Semi-ripe,Semi-ripe,149.79904174804688,36.22763442993164,134.2007598876953,29.468242645263672,44.885494232177734,23.900306701660156,0.0,0.0,0.002093364018946886,0.020514966920018196,0.04563533514738083,0.04521666467189789,0.052962109446525574,0.06751099228858948,0.09524806588888168,0.17312119901180267,0.24544693529605865,0.17416788637638092,0.076407790184021,0.0016746912151575089,0.0,0.0,0.0,0.0004186728037893772,0.005547414533793926,0.01590956747531891,0.042599957436323166,0.059346869587898254,0.07693112641572952,0.1354406476020813,0.21886120736598969,0.25873979926109314,0.14423277974128723,0.04144860804080963,0.0004186728037893772,0.0001046682009473443,0.0,0.0,0.058509524911642075,0.2584258019924164,0.30102574825286865,0.20085828006267548,0.09702742099761963,0.05338078364729881,0.011513502337038517,0.010257483460009098,0.005652083083987236,0.0025120368227362633,0.0002093364018946886,0.0005233410047367215,0.0001046682009473443,0.0,0.0,0.0,170.8655548095703,150.27670288085938,44.301719665527344
Semi_ripe_91.jpg,Semi-ripe,Semi-ripe,130.74627685546875,45.43738555908203,115.46286010742188,38.00407791137695,40.001304626464844,25.060365676879883,0.0,0.00228384998627007,0.04502446949481964,0.07558455318212509,0.05883632227778435,0.05589994415640831,0.08058727532625198,0.09744426608085632,0.12463295459747314,0.13790103793144226,0.13974986970424652,0.12071777880191803,0.06003262475132942,0.0013050570851191878,0.0,0.0,0.00010875475709326565,0.014681892469525337,0.03904295712709427,0.06797172129154205,0.08482871204614639,0.08580750226974487,0.12778684496879578,0.13833604753017426,0.1695486605167389,0.1500815600156784,0.10516585409641266,0.016639478504657745,0.0,0.0,0.0,0.0,0.08526372909545898,0.35454049706459045,0.2776508927345276,0.1497552990913391,0.06634040176868439,0.026644915342330933,0.013050571084022522,0.012615552172064781,0.008265361189842224,0.004676454700529575,0.0011963023571297526,0.0,0.0,0.0,0.0,0.0,175.0310516357422,150.84368896484375,40.40256881713867
Semi_ripe_92.jpg,Semi-ripe,Semi-ripe,147.95265197753906,49.00917053222656,133.039794921875,41.11732482910156,48.5739860534668,25.176485061645508,8.484642603434622e-05,0.00246054632589221,0.014848125167191029,0.04861700162291527,0.06770744919776917,0.05523502454161644,0.059307653456926346,0.07025284320116043,0.10147632658481598,0.10478533804416656,0.1063125729560852,0.1300695687532425,0.15832343697547913,0.07848294824361801,0.0020363142248243093,0.0,0.0,0.007636178284883499,0.023247921839356422,0.037417273968458176,0.0537077896296978,0.0817919597029686,0.0921432226896286,0.10478533804416656,0.14008145034313202,0.13838452100753784,0.1573052704334259,0.12455455958843231,0.038944508880376816,0.0,0.0,0.0,0.041914135217666626,0.2105039805173874,0.3186831772327423,0.2033768892288208,0.11335482448339462,0.05515017732977867,0.0332598015666008,0.01289665699005127,0.007127100136131048,0.003054471453651786,0.00025453927810303867,0.0003393857041373849,8.484642603434622e-05,0.0,0.0,0.0,201.08033752441406,177.04615783691406,47.724220275878906
Semi_ripe_93.jpg,Semi-ripe,Semi-ripe,136.07057189941406,46.01845932006836,121.76449584960938,38.65822982788086,42.79851531982422,23.72392463684082,0.0,0.009303636848926544,0.017667513340711594,0.06117846071720123,0.07170378416776657,0.0671929344534874,0.07283150404691696,0.08570623397827148,0.09754722565412521,0.14011840522289276,0.14575697481632233,0.12959308922290802,0.09134479612112045,0.010055446065962315,0.0,0.0,0.000281928398180753,0.014848228543996811,0.03195188567042351,0.04633023217320442,0.06512545794248581,0.10497133433818817,0.09341227263212204,0.12968705594539642,0.17874260246753693,0.15731604397296906,0.1320364624261856,0.04454468563199043,0.0007518090424127877,0.0,0.0,0.0,0.06390377134084702,0.29320552945137024,0.3151959478855133,0.17169438302516937,0.08100742101669312,0.040879618376493454,0.01494220457971096,0.008457851596176624,0.006672305054962635,0.0032891645096242428,0.000563856796361506,0.00018795226060319692,0.0,0.0,0.0,0.0,172.63511657714844,150.6516571044922,40.130516052246094
Semi_ripe_94.jpg,Semi-ripe,Semi-ripe,142.03807067871094,35.67915344238281,127.53718566894531,30.081756591796875,49.11234664916992,25.182819366455078,0.00010402579937363043,0.003016748232766986,0.013627379201352596,0.0329761765897274,0.02559034712612629,0.04004993289709091,0.05076459050178528,0.09882450848817825,0.16332049667835236,0.2627691626548767,0.12306252121925354,0.14792469143867493,0.03796941787004471,0.0,0.0,0.0,0.00020805159874726087,0.002600644947960973,0.008322063833475113,0.028086965903639793,0.04701966047286987,0.04993238300085068,0.10683449357748032,0.2171018421649933,0.23749089241027832,0.13304899632930756,0.1630084216594696,0.005617393180727959,0.0006241548107936978,0.00010402579937363043,0.0,0.0,0.04369083419442177,0.2233433872461319,0.2656818926334381,0.2005617320537567,0.16924996674060822,0.05763029307126999,0.015707895159721375,0.010714657604694366,0.008426089771091938,0.003224799642339349,0.0009362321579828858,0.0006241548107936978,0.00020805159874726087,0.0,0.0,0.0,151.525634765625,134.34580993652344,43.362083435058594
Semi_ripe_95.jpg,Semi-ripe,Semi-ripe,146.9957275390625,33.01902389526367,136.85047912597656,31.675613403320312,79.4477310180664,53.29617691040039,0.0,0.0031252570915967226,0.007237437181174755,0.0291964802891016,0.025824492797255516,0.022781478241086006,0.04342462494969368,0.0742659792304039,0.13619540631771088,0.17361624538898468,0.33020806312561035,0.1301916241645813,0.023932889103889465,0.0,0.0,0.0,0.0009046796476468444,0.0036187185905873775,0.007319680880755186,0.014803849160671234,0.04013488069176674,0.04638539254665375,0.07475943863391876,0.16284233331680298,0.15864790976047516,0.12287195026874542,0.35002878308296204,0.017682375386357307,0.0,0.0,0.0,0.0,0.030183402821421623,0.14902541041374207,0.18825560808181763,0.15782548487186432,0.11226252466440201,0.07385475933551788,0.027140390127897263,0.010527181439101696,0.00863557867705822,0.010362694039940834,0.23102228343486786,0.0009046796476468444,0.0,0.0,0.0,0.0,163.27056884765625,166.27999877929688,165.2618865966797
Semi_ripe_96.jpg,Semi-ripe,Semi-ripe,140.660400390625,36.87028121948242,126.78689575195312,31.846960067749023,50.685935974121094,26.72420883178711,0.0005433601327240467,0.0034775049425661564,0.011410563252866268,0.03488372266292572,0.04075201228260994,0.0337969996035099,0.05455335974693298,0.12986306846141815,0.14583785831928253,0.207563579082489,0.15387959778308868,0.15094543993473053,0.03238426521420479,0.00010867202945519239,0.0,0.0,0.0005433601327240467,0.005976961459964514,0.013910019770264626,0.020539013668894768,0.04444685950875282,0.073027603328228,0.11573570966720581,0.1897413581609726,0.22158226370811462,0.15029340982437134,0.13290588557720184,0.030536839738488197,0.0007607042207382619,0.0,0.0,0.0,0.03488372266292572,0.21549662947654724,0.2849380671977997,0.20245598256587982,0.12127798050642014,0.07867854833602905,0.03314496949315071,0.01238861121237278,0.009345794096589088,0.004781569354236126,0.0019560963846743107,0.0006520321476273239,0.0,0.0,0.0,0.0,169.23434448242188,149.5557403564453,45.7615966796875
Semi_ripe_97.jpg,Semi-ripe,Semi-ripe,139.12075805664062,33.9830207824707,125.12560272216797,28.540510177612305,48.22456359863281,25.20313262939453,0.0,0.0037548448890447617,0.013202519156038761,0.032340116798877716,0.03246124088764191,0.03863856568932533,0.06455910950899124,0.10767926275730133,0.14413759112358093,0.24672965705394745,0.2188711166381836,0.09750484675168991,0.00012112403055652976,0.0,0.0,0.0,0.00024224806111305952,0.005571705289185047,0.010053294710814953,0.023982558399438858,0.047843992710113525,0.061409883201122284,0.11494670808315277,0.1785368174314499,0.2800387740135193,0.20772771537303925,0.06855620443820953,0.0010901163332164288,0.0,0.0,0.0,0.0,0.04227228835225105,0.23607073724269867,0.27519381046295166,0.20687983930110931,0.14789244532585144,0.04723837226629257,0.018289728090167046,0.011022286489605904,0.008236434310674667,0.005935077555477619,0.0008478682138957083,0.00012112403055652976,0.0,0.0,0.0,0.0,168.51669311523438,148.68057250976562,46.54704284667969
Semi_ripe_98.jpg,Semi-ripe,Semi-ripe,141.50088500976562,33.42707824707031,127.7325439453125,29.478620529174805,51.41551971435547,26.97296905517578,0.0,0.0014016310451552272,0.008664627559483051,0.018221203237771988,0.03988277167081833,0.04179408773779869,0.0667686015367508,0.09709480404853821,0.16488277912139893,0.23840469121932983,0.16590213775634766,0.14819061756134033,0.008664627559483051,0.00012742099352180958,0.0,0.0,0.00012742099352180958,0.0033129460643976927,0.00917431153357029,0.017838940024375916,0.03147298842668533,0.0806574895977974,0.11824668943881989,0.18781855702400208,0.24133537709712982,0.15392456948757172,0.14385831356048584,0.010193679481744766,0.0016564730321988463,0.0003822630096692592,0.0,0.0,0.03402140736579895,0.2223496437072754,0.26299694180488586,0.19559122622013092,0.12895004451274872,0.0986238569021225,0.028924567624926567,0.013761468231678009,0.00917431153357029,0.003185525070875883,0.0006371049676090479,0.0010193679481744766,0.0007645260193385184,0.0,0.0,0.0,168.9110107421875,150.18113708496094,47.65678024291992
Semi_ripe_99.jpg,Semi-ripe,Semi-ripe,142.03176879882812,37.05717468261719,127.6170425415039,32.00348663330078,47.20830535888672,27.168682098388672,0.0,0.002133946167305112,0.00935653317719698,0.027084700763225555,0.053512804210186005,0.040134601294994354,0.05441562831401825,0.08568614721298218,0.18869008123874664,0.18934668600559235,0.1498686820268631,0.14223572611808777,0.05441562831401825,0.0031188444700092077,0.0,0.0,0.0005745239905081689,0.007222586777061224,0.011736704036593437,0.020108338445425034,0.03586671128869057,0.07854562997817993,0.10472751408815384,0.22718319296836853,0.18672028183937073,0.15930728614330292,0.12319435179233551,0.039395928382873535,0.00525279063731432,0.0001641497074160725,0.0,0.0,0.04563361778855324,0.28020355105400085,0.3029382824897766,0.13714708387851715,0.09898227453231812,0.06910702586174011,0.03750820830464363,0.01452724914997816,0.009274458512663841,0.003036769572645426,0.000492449093144387,0.00065659882966429,0.000410374253988266,8.207485370803624e-05,0.0,0.0,170.8834686279297,150.96510314941406,41.778785705566406
Ripe_1.jpg,Ripe,Ripe,137.3223419189453,38.158260345458984,119.87820434570312,33.804141998291016,45.05789566040039,26.556779861450195,0.00011330161214573309,0.009517335332930088,0.021414004266262054,0.03376387804746628,0.030364831909537315,0.03750283271074295,0.06594153493642807,0.1316564679145813,0.202243372797966,0.1672331690788269,0.12973034381866455,0.1356220245361328,0.03421708568930626,0.00022660322429146618,0.00045320644858293235,0.0,0.00022660322429146618,0.01144346222281456,0.021074099466204643,0.04600045457482338,0.04781327769160271,0.07466576248407364,0.1522773653268814,0.22648991644382477,0.15646952390670776,0.1272377073764801,0.13086335361003876,0.004645365756005049,0.00045320644858293235,0.00033990482916124165,0.0,0.0,0.09392703324556351,0.22932246327400208,0.28642645478248596,0.1833219975233078,0.11692725867033005,0.050532516092061996,0.014729209244251251,0.008044414222240448,0.007817811332643032,0.005778382066637278,0.0026059369556605816,0.0005665080389007926,0.0,0.0,0.0,0.0,170.23873901367188,149.00933837890625,47.88445281982422
Ripe_10.jpg,Ripe,Ripe,144.35787963867188,30.983089447021484,136.66860961914062,34.2668571472168,98.20289611816406,63.18269348144531,0.0,0.0016518569318577647,0.014695830643177032,0.02483481355011463,0.02477785386145115,0.027682842686772346,0.04072681814432144,0.08384598046541214,0.09654819220304489,0.19423559308052063,0.46696287393569946,0.023467760533094406,0.0005696058506146073,0.0,0.0,0.0,0.0,0.0038163589779287577,0.011278195306658745,0.0337776243686676,0.04010025039315224,0.03987240791320801,0.09785827994346619,0.12525632977485657,0.10287081450223923,0.10560492426156998,0.43774208426475525,0.0017657780554145575,5.696058360626921e-05,0.0,0.0,0.0,0.060833901166915894,0.1512303501367569,0.15071770548820496,0.07900433242321014,0.04346092417836189,0.02158806100487709,0.014069263823330402,0.007120072841644287,0.005354295019060373,0.09928229451179504,0.36694008111953735,0.00039872407796792686,0.0,0.0,0.0,0.0,163.2278289794922,166.1118927001953,164.17340087890625
Ripe_100.jpg,Ripe,Ripe,168.7022247314453,41.92972183227539,137.36065673828125,36.74456024169922,45.081172943115234,22.73388671875,0.0026120152324438095,0.006429575849324465,0.005224030464887619,0.00964436400681734,0.013461925089359283,0.02190074324607849,0.03254972770810127,0.05806710943579674,0.09403254836797714,0.11975085735321045,0.1396423578262329,0.14486639201641083,0.16415511071681976,0.1432589888572693,0.04440426081418991,0.0,0.002210166770964861,0.008840667083859444,0.01225637923926115,0.019489651545882225,0.031344182789325714,0.054651398211717606,0.09403254836797714,0.13281093537807465,0.15712276101112366,0.16656620800495148,0.18324291706085205,0.10809724777936935,0.028933092951774597,0.00040184849058277905,0.0,0.0,0.06610407680273056,0.18605585396289825,0.36568212509155273,0.21840466558933258,0.0924251526594162,0.03777375817298889,0.016274863854050636,0.010046212933957577,0.00462125800549984,0.002210166770964861,0.00040184849058277905,0.0,0.0,0.0,0.0,0.0,208.43643188476562,172.5626678466797,45.184852600097656
Ripe_101.jpg,Ripe,Ripe,150.3252410888672,15.165196418762207,151.35211181640625,15.761173248291016,142.5505828857422,14.713053703308105,0.0,0.0,0.0,0.0,0.0,0.0,0.025380710139870644,0.06933267414569855,0.17531262338161469,0.36832982301712036,0.3616441786289215,0.0,0.0,0.0,0.0,0.0,0.0,0.0,0.0,0.0,0.0,0.0,0.028971152380108833,0.06351368129253387,0.16627460718154907,0.32846352458000183,0.41277700662612915,0.0,0.0,0.0,0.0,0.0,0.0,0.0,0.0,0.0,0.0,0.004209483508020639,0.03689488768577576,0.13247492909431458,0.24575956165790558,0.5285378098487854,0.052123311907052994,0.0,0.0,0.0,0.0,0.0,148.85482788085938,149.94761657714844,141.2876434326172
Ripe_102.jpg,Ripe,Ripe,158.92166137695312,43.53163528442383,131.44361877441406,39.13545608520508,39.329227447509766,21.71779441833496,0.0005353318993002176,0.0033904353622347116,0.005888651125133038,0.012847965583205223,0.015881512314081192,0.03854389861226082,0.06067094951868057,0.08297644555568695,0.13526052236557007,0.16202712059020996,0.13133476674556732,0.08832976222038269,0.08636688441038132,0.10902926325798035,0.06620271503925323,0.0007137758657336235,0.0010706637986004353,0.005353318993002176,0.015524624846875668,0.022483939304947853,0.04514632374048233,0.08529621362686157,0.12794432044029236,0.180406853556633,0.1484653800725937,0.10010706633329391,0.0956459641456604,0.10670949518680573,0.06495360285043716,0.0008922198321670294,0.0,0.0,0.11027837544679642,0.2776588201522827,0.31209850311279297,0.18897216022014618,0.07048536837100983,0.01730906404554844,0.009992862120270729,0.008208422921597958,0.004104211460798979,0.0008922198321670294,0.0,0.0,0.0,0.0,0.0,0.0,209.31385803222656,176.86277770996094,44.31385803222656
Ripe_103.jpg,Ripe,Ripe,167.078369140625,45.862762451171875,138.14849853515625,40.34790802001953,36.36238098144531,22.439218521118164,0.0010112927993759513,0.0025282318238168955,0.0020225855987519026,0.00741614680737257,0.018371818587183952,0.02764200232923031,0.06185740604996681,0.10129782557487488,0.10955671966075897,0.10921961814165115,0.09944378584623337,0.09893814474344254,0.11073655635118484,0.12438900768756866,0.12422046065330505,0.0013483903603628278,0.0018540367018431425,0.0028653296176344156,0.005899207666516304,0.019720209762454033,0.04146300256252289,0.08595988899469376,0.13753581047058105,0.1216922327876091,0.11023091524839401,0.1166357696056366,0.12927693128585815,0.1248946562409401,0.1016349196434021,0.00033709759009070694,0.0,0.0,0.15422214567661285,0.2851845622062683,0.32209673523902893,0.1449519693851471,0.053092870861291885,0.01567503809928894,0.010450025089085102,0.00792179349809885,0.004887915216386318,0.001516939140856266,0.0,0.0,0.0,0.0,0.0,0.0,209.60723876953125,175.86534118652344,42.612220764160156
Ripe_104.jpg,Ripe,Ripe,152.96505737304688,45.26774597167969,124.76686096191406,39.69234085083008,38.190155029296875,21.73769187927246,0.0011484823189675808,0.006234618369489908,0.015094339847564697,0.021328957751393318,0.028219852596521378,0.04610336199402809,0.0757998377084732,0.08531583100557327,0.09630844742059708,0.12370795756578445,0.13765381276607513,0.12370795756578445,0.14684167504310608,0.0831829383969307,0.009351927787065506,0.0,0.0037735849618911743,0.014273995533585548,0.025758817791938782,0.03330598771572113,0.06185397878289223,0.09647251665592194,0.11287941038608551,0.13765381276607513,0.14831829071044922,0.14208367466926575,0.14618539810180664,0.06841673702001572,0.008531583473086357,0.0004922067164443433,0.0,0.0,0.10451189428567886,0.28547990322113037,0.3566858172416687,0.17178015410900116,0.042821984738111496,0.012797375209629536,0.010336341336369514,0.007383100688457489,0.005906480830162764,0.0013125513214617968,0.0004922067164443433,0.0001640689151827246,0.0003281378303654492,0.0,0.0,0.0,206.49156188964844,173.76153564453125,43.87176513671875
Ripe_105.jpg,Ripe,Ripe,173.35643005371094,44.30463790893555,144.6533203125,40.5720100402832,35.18818283081055,21.72713279724121,0.0011643137549981475,0.0062581864185631275,0.008004656992852688,0.010769902728497982,0.01833794265985489,0.028380148112773895,0.03143647313117981,0.05064764991402626,0.06127201393246651,0.09489157050848007,0.12472711503505707,0.12167079001665115,0.1820695698261261,0.2117595672607422,0.047591324895620346,0.0010187745792791247,0.0020375491585582495,0.009605588391423225,0.0128074511885643,0.03027215786278248,0.028234608471393585,0.041333138942718506,0.072624072432518,0.09998544305562973,0.1308397650718689,0.12196186929941177,0.18003201484680176,0.19240285456180573,0.07553485780954361,0.002328627509996295,0.0,0.0,0.1536894142627716,0.2989375591278076,0.3359045386314392,0.14728569984436035,0.03143647313117981,0.010333284735679626,0.008295735344290733,0.007131421938538551,0.0034929413814097643,0.0020375491585582495,0.0007276961114257574,0.0007276961114257574,0.0,0.0,0.0,0.0,209.22732543945312,177.5375213623047,42.62654113769531
Ripe_106.jpg,Ripe,Ripe,176.44483947753906,44.792510986328125,146.67242431640625,40.64711380004883,43.612327575683594,21.088911056518555,0.0006163328071124852,0.003543913597241044,0.009707242250442505,0.011093990877270699,0.015254237689077854,0.02126348204910755,0.03482280299067497,0.04453004524111748,0.07704160362482071,0.08135592937469482,0.1223420649766922,0.12788906693458557,0.14345146715641022,0.1870570033788681,0.11987673491239548,0.0001540832017781213,0.0016949152341112494,0.006163328420370817,0.014637904241681099,0.020955316722393036,0.03127888962626457,0.05115562304854393,0.07580893486738205,0.0833590105175972,0.11648689955472946,0.1463790386915207,0.1577811986207962,0.18474575877189636,0.10893682390451431,0.0006163328071124852,0.0,0.0,0.07349769026041031,0.18690292537212372,0.3420647084712982,0.2950693368911743,0.06332819908857346,0.011248073540627956,0.010477658361196518,0.008936826139688492,0.006163328420370817,0.0020030816085636616,0.0003081664035562426,0.0,0.0,0.0,0.0,0.0,210.04283142089844,176.79811096191406,47.44215774536133
Ripe_107.jpg,Ripe,Ripe,174.07032775878906,45.10254669189453,141.44229125976562,41.359947204589844,42.80543899536133,22.353532791137695,0.0036755697801709175,0.006738544441759586,0.005758392624557018,0.011884341947734356,0.01727517694234848,0.020950747653841972,0.029772114008665085,0.050722863525152206,0.06530262529850006,0.09446214139461517,0.16000980138778687,0.10426366329193115,0.13134035468101501,0.21881891787052155,0.07865719497203827,0.0003675569605547935,0.005390835460275412,0.006861063651740551,0.015804950147867203,0.022298457100987434,0.039083559066057205,0.0597892664372921,0.07069345563650131,0.11884342133998871,0.13660867512226105,0.10830678790807724,0.1602548360824585,0.19554030895233154,0.05905415490269661,0.001470227842219174,0.0,0.0,0.08821367472410202,0.2125704437494278,0.312178373336792,0.2697868049144745,0.07743199914693832,0.013354569673538208,0.008943886496126652,0.007351139560341835,0.005513354670256376,0.0041656456887722015,0.0004900759668089449,0.0,0.0,0.0,0.0,0.0,211.4685516357422,175.8104248046875,47.995506286621094
Ripe_108.jpg,Ripe,Ripe,158.56434631347656,40.65287399291992,142.0933837890625,37.83006286621094,82.65318298339844,52.7234001159668,0.001695176470093429,0.004546155221760273,0.011558021418750286,0.012482662685215473,0.01610417664051056,0.024734165519475937,0.04630913957953453,0.05948528274893761,0.08637694269418716,0.2170596420764923,0.2306981086730957,0.09153953194618225,0.07751579582691193,0.06341501325368881,0.05301279202103615,0.003467406379058957,0.0021574972197413445,0.009323470294475555,0.017722299322485924,0.01995684951543808,0.028047464787960052,0.04939127713441849,0.07705347239971161,0.0691940188407898,0.10949298739433289,0.2296193540096283,0.2677608132362366,0.0601017102599144,0.04892895743250847,0.01124980766326189,0.0,0.0,0.04700262099504471,0.1333025097846985,0.16874711215496063,0.17560486495494843,0.06326090544462204,0.02681460976600647,0.021497920155525208,0.018184620887041092,0.07620588690042496,0.24633996188640594,0.023038988932967186,0.0,0.0,0.0,0.0,0.0,150.1666717529297,151.2367401123047,142.94886779785156
Ripe_109.jpg,Ripe,Ripe,177.92234802246094,45.40681838989258,148.42234802246094,41.17645263671875,45.054443359375,22.38127326965332,0.00035352344275452197,0.00471364613622427,0.011312750168144703,0.010370020754635334,0.01319820899516344,0.021447088569402695,0.030285175889730453,0.04466179758310318,0.07011548429727554,0.08543483167886734,0.11336318403482437,0.1305679976940155,0.14671222865581512,0.16957341134548187,0.14576950669288635,0.0021211407147347927,0.0007070468855090439,0.009309451095759869,0.012491161935031414,0.01767617277801037,0.03134574741125107,0.0485505536198616,0.07600754499435425,0.08402074128389359,0.10794249176979065,0.13634221255779266,0.15896771848201752,0.18159320950508118,0.1320999264717102,0.002946028718724847,0.0,0.0,0.07117605209350586,0.2125854343175888,0.24699504673480988,0.3296017050743103,0.09839735925197601,0.015908556059002876,0.007541833445429802,0.007423992268741131,0.006009898614138365,0.003063869895413518,0.000824888062197715,0.0004713645903393626,0.0,0.0,0.0,0.0,209.17787170410156,176.5493621826172,48.96852493286133
Ripe_11.jpg,Ripe,Ripe,139.28945922851562,38.21814727783203,124.06018829345703,33.77479934692383,48.782352447509766,29.324485778808594,0.0005866478895768523,0.004927842412143946,0.01982869952917099,0.035550862550735474,0.03472955524921417,0.044350579380989075,0.05244632065296173,0.10336735844612122,0.22233955562114716,0.13739293813705444,0.15217646956443787,0.16426141560077667,0.023935234174132347,0.004106535110622644,0.0,0.0,0.001055966247804463,0.006922445259988308,0.02475654147565365,0.042121317237615585,0.04106535390019417,0.05467558279633522,0.10207673162221909,0.25425320863723755,0.15710431337356567,0.17974890768527985,0.10759122669696808,0.02381790429353714,0.0048105125315487385,0.0,0.0,0.0,0.04106535390019417,0.25706911087036133,0.322421669960022,0.15112049877643585,0.09843951463699341,0.04986507073044777,0.032382965087890625,0.01982869952917099,0.014079549349844456,0.007039774674922228,0.003167898626998067,0.0029332395642995834,0.0005866478895768523,0.0,0.0,0.0,173.07705688476562,151.89483642578125,40.51405334472656
Ripe_110.jpg,Ripe,Ripe,175.69918823242188,42.656707763671875,146.30874633789062,38.837345123291016,41.85866928100586,21.264144897460938,0.0006482982425950468,0.0047001619823277,0.009562398307025433,0.008752025663852692,0.011345218867063522,0.016693679615855217,0.021231766790151596,0.038087520748376846,0.08071313053369522,0.11669367551803589,0.16709886491298676,0.1319286823272705,0.1145867109298706,0.14311182498931885,0.13371150195598602,0.0011345219099894166,0.0011345219099894166,0.008103727363049984,0.013128038495779037,0.013776336796581745,0.0183144249022007,0.033873580396175385,0.08168557286262512,0.1270664483308792,0.15478119254112244,0.14700162410736084,0.13954618573188782,0.12884926795959473,0.1270664483308792,0.005672609433531761,0.0,0.0,0.06758508831262589,0.234197735786438,0.370988667011261,0.22998379170894623,0.05964343622326851,0.010858994908630848,0.009562398307025433,0.0069692060351371765,0.0050243111327290535,0.0042139384895563126,0.0003241491212975234,0.0006482982425950468,0.0,0.0,0.0,0.0,209.3115234375,176.17481994628906,44.540184020996094
Ripe_111.jpg,Ripe,Ripe,169.89752197265625,49.518802642822266,138.17820739746094,42.318729400634766,35.92969512939453,21.256704330444336,0.00017488632875028998,0.004547044634819031,0.02553340420126915,0.022385450080037117,0.01993704028427601,0.026932494714856148,0.040748514235019684,0.0564882829785347,0.06330884993076324,0.07694998383522034,0.0914655476808548,0.12539349496364594,0.18135711550712585,0.19972018897533417,0.06505770981311798,0.0,0.0006995453150011599,0.013641132973134518,0.033228401094675064,0.02745715342462063,0.04057362675666809,0.06278418749570847,0.0724029392004013,0.08481986820697784,0.10807974636554718,0.14445610344409943,0.2207065373659134,0.16894018650054932,0.02203567698597908,0.00017488632875028998,0.0,0.0,0.12941588461399078,0.31899264454841614,0.3419027626514435,0.14603008329868317,0.02745715342462063,0.013116474263370037,0.007694998290389776,0.007170339114964008,0.005596362520009279,0.002623294945806265,0.0,0.0,0.0,0.0,0.0,0.0,210.2054901123047,173.20941162109375,43.48548889160156
Ripe_112.jpg,Ripe,Ripe,167.4080047607422,48.38594436645508,136.38511657714844,41.55290222167969,42.23228454589844,21.627574920654297,0.0035347584635019302,0.008752735331654549,0.008752735331654549,0.01935701072216034,0.028783032670617104,0.03181282430887222,0.036694157868623734,0.057902708649635315,0.07793300598859787,0.08466587960720062,0.10839925706386566,0.13432082533836365,0.18616394698619843,0.14004376530647278,0.07271502912044525,0.00016832182882353663,0.003703080350533128,0.012624137103557587,0.025248274207115173,0.03467429801821709,0.03602087125182152,0.05807103216648102,0.0836559534072876,0.1011614203453064,0.11563710123300552,0.1673119068145752,0.19087696075439453,0.14744992554187775,0.02339673414826393,0.00016832182882353663,0.0,0.0,0.09123042970895767,0.2252146154642105,0.31459349393844604,0.23918531835079193,0.08315098285675049,0.026258205994963646,0.009762666188180447,0.0060595860704779625,0.002693149261176586,0.0015148965176194906,0.00033664365764707327,0.0,0.0,0.0,0.0,0.0,210.867431640625,173.74644470214844,46.2962646484375
Ripe_113.jpg,Ripe,Ripe,170.24603271484375,41.60606002807617,140.3590545654297,37.84592056274414,40.09638214111328,21.28681182861328,0.000605235283728689,0.005295808892697096,0.007565441075712442,0.010440308600664139,0.0134664848446846,0.01679527945816517,0.028899984434247017,0.05250415951013565,0.08912089467048645,0.12679679691791534,0.17748524248600006,0.13496746122837067,0.1205931305885315,0.136783167719841,0.07837796956300735,0.0003026176418643445,0.0010591617319732904,0.009986381977796555,0.011348161846399307,0.014525647275149822,0.02390679344534874,0.049780603498220444,0.09608110040426254,0.14389468729496002,0.1658344715833664,0.14510515332221985,0.128763809800148,0.13390830159187317,0.07353609055280685,0.00226963241584599,0.0,0.0,0.07520048320293427,0.27220457792282104,0.35905584692955017,0.22650930285453796,0.027538204565644264,0.012256014160811901,0.009381147101521492,0.0069602057337760925,0.006808897014707327,0.002420941134914756,0.000605235283728689,0.0007565441192127764,0.0003026176418643445,0.0,0.0,0.0,209.3019561767578,176.1802978515625,45.10210037231445
Ripe_114.jpg,Ripe,Ripe,153.11126708984375,47.022132873535156,120.99398040771484,40.717811584472656,42.547019958496094,23.11086082458496,0.001245588529855013,0.004567157942801714,0.006020344793796539,0.012040689587593079,0.04089682549238205,0.06477060168981552,0.09113556146621704,0.09072036296129227,0.0986090898513794,0.1185385063290596,0.1118953675031662,0.10732821375131607,0.10110027343034744,0.1002698764204979,0.05023873597383499,0.0006227942649275064,0.0018683827947825193,0.009134315885603428,0.023250985890626907,0.05895785614848137,0.07992526143789291,0.11563213914632797,0.12289807200431824,0.13286277651786804,0.1303716003894806,0.11500934511423111,0.1185385063290596,0.07286693155765533,0.018476229161024094,0.00020759808830916882,0.0,0.0,0.10483703762292862,0.1986713707447052,0.3153415024280548,0.24911770224571228,0.08698359876871109,0.015985053032636642,0.010795100592076778,0.009549512527883053,0.005812746472656727,0.0014531866181641817,0.0008303923532366753,0.0006227942649275064,0.0,0.0,0.0,0.0,210.98159790039062,171.19398498535156,47.47157287597656
Ripe_115.jpg,Ripe,Ripe,157.3047332763672,48.11172866821289,124.49089813232422,40.90568161010742,40.06547927856445,22.104488372802734,0.000774893444031477,0.0019372336100786924,0.006392871029675007,0.02847733348608017,0.05191786214709282,0.051142968237400055,0.052692756056785583,0.07729562371969223,0.0817512571811676,0.10267338156700134,0.12940721213817596,0.11371561139822006,0.14587369561195374,0.11390933394432068,0.0420379713177681,0.0,0.002324680332094431,0.00871755089610815,0.02499031461775303,0.05385509505867958,0.0648973286151886,0.09996125847101212,0.11235955357551575,0.12805114686489105,0.1369624137878418,0.12843859195709229,0.13192561268806458,0.10073614865541458,0.006586594507098198,0.00019372336100786924,0.0,0.0,0.12243316322565079,0.23169314861297607,0.2958155870437622,0.25164663791656494,0.06722200661897659,0.009879891760647297,0.007361487951129675,0.006780317518860102,0.004843084141612053,0.001549786888062954,0.000774893444031477,0.0,0.0,0.0,0.0,0.0,209.87086486816406,171.46798706054688,51.15342330932617
Ripe_116.jpg,Ripe,Ripe,164.1014404296875,45.58143615722656,134.24005126953125,40.812660217285156,47.087669372558594,22.589506149291992,0.005028421524912119,0.008307826705276966,0.00743331853300333,0.011368605308234692,0.016615653410553932,0.026235243305563927,0.04613030329346657,0.07520769536495209,0.11106252670288086,0.11893309652805328,0.11434192955493927,0.12243112921714783,0.16418889164924622,0.10625272989273071,0.06493222713470459,0.001530389185063541,0.004591167438775301,0.012680367566645145,0.01770878955721855,0.018583297729492188,0.04066462442278862,0.07389593124389648,0.11674682796001434,0.1287713199853897,0.13270659744739532,0.1300830841064453,0.17140358686447144,0.08613904565572739,0.05837341398000717,0.007651945576071739,0.0,0.0,0.07192829251289368,0.15719282627105713,0.2874945402145386,0.31045037508010864,0.11084389686584473,0.0279842596501112,0.017927415668964386,0.008089199662208557,0.006340183783322573,0.001311762141995132,0.0004372540570329875,0.0,0.0,0.0,0.0,0.0,205.73812866210938,171.47508239746094,50.492469787597656
Ripe_117.jpg,Ripe,Ripe,170.11187744140625,49.46721649169922,136.7071990966797,43.1973762512207,38.56978988647461,22.699419021606445,0.0010820168536156416,0.004977277480065823,0.009305344894528389,0.01774507761001587,0.027699632570147514,0.03527374938130379,0.04955637454986572,0.05864531546831131,0.06838347017765045,0.08634494990110397,0.10409002751111984,0.13438649475574493,0.13914737105369568,0.12702877819538116,0.12832720577716827,0.008006924763321877,0.0034624540712684393,0.009305344894528389,0.021423934027552605,0.0315948911011219,0.05128759890794754,0.06881627440452576,0.08742696046829224,0.10885089635848999,0.12421553581953049,0.14412464201450348,0.13936378061771393,0.1155593991279602,0.0943518728017807,0.00021640337945427746,0.0,0.0,0.12919281423091888,0.23739449679851532,0.37459424138069153,0.1742047220468521,0.04414628818631172,0.011902186088263988,0.009738151915371418,0.00735771469771862,0.007574118208140135,0.0032460505608469248,0.0006492101238109171,0.0,0.0,0.0,0.0,0.0,210.32546997070312,172.33416748046875,43.92546463012695
Ripe_118.jpg,Ripe,Ripe,154.68360900878906,12.27502727508545,155.93569946289062,12.758465766906738,148.80418395996094,11.723716735839844,0.0,0.0,0.0,0.0,0.0,0.0,0.008014571852982044,0.03551912680268288,0.11693988740444183,0.36903461813926697,0.47049179673194885,0.0,0.0,0.0,0.0,0.0,0.0,0.0,0.0,0.0,0.0,0.0,0.009471766650676727,0.03515482693910599,0.10546448081731796,0.3331511914730072,0.5167577266693115,0.0,0.0,0.0,0.0,0.0,0.0,0.0,0.0,0.0,0.0,0.0,0.015846993774175644,0.05591985583305359,0.16393442451953888,0.674316942691803,0.08998178690671921,0.0,0.0,0.0,0.0,0.0,149.4320526123047,150.6914520263672,143.93580627441406
Ripe_119.jpg,Ripe,Ripe,155.81643676757812,10.084051132202148,156.89886474609375,10.46774673461914,147.0023651123047,10.1237211227417,0.0,0.0,0.0,0.0,0.0,0.0,0.0,0.01980750449001789,0.09694518148899078,0.41567862033843994,0.46756869554519653,0.0,0.0,0.0,0.0,0.0,0.0,0.0,0.0,0.0,0.0,0.0,0.0,0.021062910556793213,0.09052866697311401,0.3823406398296356,0.5060678124427795,0.0,0.0,0.0,0.0,0.0,0.0,0.0,0.0,0.0,0.0,0.0,0.0040451944805681705,0.047147441655397415,0.27325987815856934,0.6204491853713989,0.055098339915275574,0.0,0.0,0.0,0.0,0.0,150.3566436767578,151.3150634765625,141.29458618164062
Ripe_12.jpg,Ripe,Ripe,144.37266540527344,34.809207916259766,125.28165435791016,33.21098709106445,48.662723541259766,25.319358825683594,0.0,0.0010650887852534652,0.0073372782208025455,0.017869822680950165,0.025088757276535034,0.03798816725611687,0.06745561957359314,0.1340828388929367,0.17538461089134216,0.19183431565761566,0.12201183289289474,0.1389349102973938,0.08071006089448929,0.00023668639187235385,0.0,0.0,0.00023668639187235385,0.008875739760696888,0.014674556441605091,0.02769230678677559,0.04603550210595131,0.0715976357460022,0.12958580255508423,0.20390532910823822,0.19384615123271942,0.12497041374444962,0.14284023642539978,0.035384614020586014,0.0003550295950844884,0.0,0.0,0.0,0.06686390191316605,0.1697041392326355,0.3150295913219452,0.20591716468334198,0.12911242246627808,0.06923077255487442,0.02355029620230198,0.007928994484245777,0.008165680803358555,0.0034319525584578514,0.0007100591901689768,0.0003550295950844884,0.0,0.0,0.0,0.0,171.06369018554688,148.4193572998047,44.51447296142578
Ripe_120.jpg,Ripe,Ripe,151.39013671875,14.722023963928223,152.28468322753906,15.699774742126465,143.15602111816406,14.153053283691406,0.0,0.0,0.0,0.0,0.0,0.0012571588158607483,0.0202542245388031,0.07333426177501678,0.13451600074768066,0.4010336697101593,0.3696047067642212,0.0,0.0,0.0,0.0,0.0,0.0,0.0,0.0,0.0,0.0,0.0012571588158607483,0.024444755166769028,0.07487079501152039,0.12348093092441559,0.3634585738182068,0.41248777508735657,0.0,0.0,0.0,0.0,0.0,0.0,0.0,0.0,0.0,0.0,0.003212739247828722,0.043721191585063934,0.09233132749795914,0.25701913237571716,0.5722866058349609,0.03142897039651871,0.0,0.0,0.0,0.0,0.0,149.73793029785156,150.7080078125,141.56715393066406
Ripe_121.jpg,Ripe,Ripe,151.79904174804688,14.888872146606445,152.87449645996094,15.542012214660645,144.0837860107422,14.053359985351562,0.0,0.0,0.0,0.0,0.0,0.0,0.028099454939365387,0.06846048682928085,0.11137602478265762,0.4080381393432617,0.3840258717536926,0.0,0.0,0.0,0.0,0.0,0.0,0.0,0.0,0.0,0.0,0.0,0.03082425147294998,0.07033378630876541,0.09860353916883469,0.36256811022758484,0.4376702904701233,0.0,0.0,0.0,0.0,0.0,0.0,0.0,0.0,0.0,0.0,0.002043596701696515,0.041553132236003876,0.09076975286006927,0.21917575597763062,0.5992847681045532,0.04717302322387695,0.0,0.0,0.0,0.0,0.0,149.97254943847656,151.19338989257812,142.32630920410156
Ripe_122.jpg,Ripe,Ripe,152.7864227294922,14.268150329589844,153.7755126953125,14.519465446472168,146.5493927001953,13.679850578308105,0.0,0.0,0.0,0.0,0.0,0.0050814528949558735,0.022717082872986794,0.03153489902615547,0.12748467922210693,0.4175758361816406,0.39560604095458984,0.0,0.0,0.0,0.0,0.0,0.0,0.0,0.0,0.0,0.0,0.0011956358794122934,0.026453444734215736,0.03258107975125313,0.1186668649315834,0.38574203848838806,0.43536093831062317,0.0,0.0,0.0,0.0,0.0,0.0,0.0,0.0,0.0,0.0,0.01165745034813881,0.01972799375653267,0.0545508898794651,0.23673591017723083,0.5625467300415039,0.11478105187416077,0.0,0.0,0.0,0.0,0.0,149.20480346679688,150.06369018554688,142.81797790527344
Ripe_123.jpg,Ripe,Ripe,143.31314086914062,43.235198974609375,114.6752700805664,36.6663818359375,42.513511657714844,22.217933654785156,0.0006096321740187705,0.004470636136829853,0.014021540060639381,0.025401340797543526,0.04429993778467178,0.062385693192481995,0.08839666843414307,0.10668563097715378,0.1223328560590744,0.13249339163303375,0.13716724514961243,0.1239585429430008,0.09185124933719635,0.0406421460211277,0.005080268252640963,0.0002032107295235619,0.0018288965802639723,0.009754114784300327,0.029871977865695953,0.05547652766108513,0.08656777441501617,0.12517781555652618,0.13737045228481293,0.15708188712596893,0.15301768481731415,0.13249339163303375,0.08006502687931061,0.02682381682097912,0.0038610037881881,0.0006096321740187705,0.0,0.0,0.07356228679418564,0.23470839858055115,0.3480999767780304,0.21316805481910706,0.08636455982923508,0.019508229568600655,0.009144483134150505,0.007925218902528286,0.0036577931605279446,0.001219264348037541,0.0004064214590471238,0.0016256858361884952,0.0006096321740187705,0.0,0.0,0.0,177.06820678710938,141.60572814941406,45.26193618774414
Ripe_124.jpg,Ripe,Ripe,151.78076171875,15.543280601501465,152.7046661376953,15.864748001098633,146.184326171875,14.87421989440918,0.0,0.0,0.0,0.0,0.0,0.0,0.027404433116316795,0.06912200897932053,0.1445278376340866,0.3356606662273407,0.42328503727912903,0.0,0.0,0.0,0.0,0.0,0.0,0.0,0.0,0.0,0.0,0.0,0.02530982717871666,0.06982021033763885,0.14086228609085083,0.3058125376701355,0.45819514989852905,0.0,0.0,0.0,0.0,0.0,0.0,0.0,0.0,0.0,0.0,0.004538313951343298,0.03648106008768082,0.08570431172847748,0.18816547095775604,0.5541979670524597,0.1309128999710083,0.0,0.0,0.0,0.0,0.0,148.6084442138672,149.3000030517578,143.23587036132812
Ripe_125.jpg,Ripe,Ripe,139.7013397216797,45.512542724609375,112.35655212402344,38.78774642944336,41.09133529663086,22.818828582763672,0.0028016436845064163,0.010085917077958584,0.04015689343214035,0.036981694400310516,0.03212551400065422,0.04762794077396393,0.05958162248134613,0.10870376974344254,0.14307060837745667,0.14288382232189178,0.14101606607437134,0.11374673247337341,0.09413522481918335,0.02577512152493,0.0013074337039142847,0.0,0.004295853432267904,0.029884198680520058,0.04986925795674324,0.04445274546742439,0.06313037127256393,0.10571534931659698,0.15521106123924255,0.1643630862236023,0.15390361845493317,0.12812849879264832,0.07881957292556763,0.019611505791544914,0.0014942099805921316,0.0003735524951480329,0.0007471049902960658,0.0,0.0887187123298645,0.2471049726009369,0.3451624810695648,0.19648860394954681,0.07807246595621109,0.020545385777950287,0.007657825946807861,0.007471049670130014,0.0039223008789122105,0.0020545385777950287,0.0011206574272364378,0.0007471049902960658,0.0003735524951480329,0.0005603287136182189,0.0,0.0,176.23895263671875,142.08363342285156,45.02030944824219
Ripe_126.jpg,Ripe,Ripe,139.22854614257812,42.066749572753906,110.71566009521484,37.52598571777344,38.781089782714844,24.00044822692871,0.000896258105058223,0.004705355037003756,0.01187541987746954,0.028904324397444725,0.035626258701086044,0.06609904021024704,0.11830607056617737,0.13555903732776642,0.12950929999351501,0.11920233070850372,0.11853013932704926,0.11628948897123337,0.08088729530572891,0.03024871088564396,0.003136903513222933,0.00022406452626455575,0.001344387186691165,0.015460452996194363,0.037418775260448456,0.05220703408122063,0.10217342525720596,0.14474569261074066,0.16916872560977936,0.12457987666130066,0.12457987666130066,0.12099484354257584,0.08066323399543762,0.023078646510839462,0.0020165806636214256,0.0006721935933455825,0.000896258105058223,0.0,0.13869594037532806,0.26484426856040955,0.29464486241340637,0.20233027637004852,0.06004929542541504,0.01187541987746954,0.009410710074007511,0.0073941294103860855,0.005601613316684961,0.00268877437338233,0.0006721935933455825,0.0006721935933455825,0.0004481290525291115,0.0006721935933455825,0.0,0.0,177.57765197753906,143.20028686523438,46.17561721801758
Ripe_127.jpg,Ripe,Ripe,153.6788787841797,14.327805519104004,154.40162658691406,14.817869186401367,144.93447875976562,13.07192611694336,0.0,0.0,0.0,0.0,0.0,0.0,0.021268514916300774,0.059627801179885864,0.0938093438744545,0.3708697259426117,0.4544246196746826,0.0,0.0,0.0,0.0,0.0,0.0,0.0,0.0,0.0,0.0,0.0,0.023547284305095673,0.060957081615924835,0.08602354675531387,0.3382073640823364,0.4912647306919098,0.0,0.0,0.0,0.0,0.0,0.0,0.0,0.0,0.0,0.0,0.0,0.03494113311171532,0.07443980127573013,0.2229396104812622,0.6213444471359253,0.04633497819304466,0.0,0.0,0.0,0.0,0.0,163.8110809326172,164.73243713378906,153.87156677246094
Ripe_128.jpg,Ripe,Ripe,154.96359252929688,11.830102920532227,155.94482421875,12.318041801452637,149.05816650390625,11.427204132080078,0.0,0.0,0.0,0.0,0.0,0.0,0.005441921763122082,0.03471570834517479,0.11409270018339157,0.3837493062019348,0.46200037002563477,0.0,0.0,0.0,0.0,0.0,0.0,0.0,0.0,0.0,0.0,0.0,0.0061925314366817474,0.035653967410326004,0.10508538037538528,0.35091012716293335,0.502157986164093,0.0,0.0,0.0,0.0,0.0,0.0,0.0,0.0,0.0,0.0,0.0001876524620456621,0.009194971062242985,0.054794520139694214,0.17451679706573486,0.631825864315033,0.12948019802570343,0.0,0.0,0.0,0.0,0.0,149.6767578125,150.45175170898438,143.97923278808594
Ripe_129.jpg,Ripe,Ripe,155.53250122070312,11.51688289642334,156.7442626953125,11.935708045959473,149.77230834960938,10.787198066711426,0.0,0.0,0.0,0.0,0.0,0.0,0.0027612573467195034,0.02782497927546501,0.12574341893196106,0.35620221495628357,0.4874681532382965,0.0,0.0,0.0,0.0,0.0,0.0,0.0,0.0,0.0,0.0,0.0,0.0033984705805778503,0.026762956753373146,0.11406116932630539,0.3041631281375885,0.5516142845153809,0.0,0.0,0.0,0.0,0.0,0.0,0.0,0.0,0.0,0.0,0.0,0.007434154860675335,0.04396771267056465,0.17119796574115753,0.6501699090003967,0.12723024189472198,0.0,0.0,0.0,0.0,0.0,148.6527099609375,149.82232666015625,143.55609130859375
Ripe_13.jpg,Ripe,Ripe,139.97669982910156,32.92219161987305,120.95625305175781,30.314908981323242,37.88199234008789,21.494190216064453,0.0,0.0009459619177505374,0.007331205066293478,0.017500296235084534,0.03346340358257294,0.04765283316373825,0.08194395154714584,0.12309329211711884,0.17594891786575317,0.18067872524261475,0.20385479927062988,0.11777225881814957,0.009696110151708126,0.00011824523971881717,0.0,0.0,0.000827716663479805,0.005794016644358635,0.01631784252822399,0.027078161016106606,0.05238264054059982,0.08348114043474197,0.14768829941749573,0.21674352884292603,0.18339836597442627,0.1980607807636261,0.06787277013063431,0.00011824523971881717,0.00023649047943763435,0.0,0.0,0.0,0.09057585150003433,0.34338417649269104,0.31063026189804077,0.168972447514534,0.04741634055972099,0.016199598088860512,0.007922431454062462,0.006739978678524494,0.004848055075854063,0.00271964049898088,0.00023649047943763435,0.00011824523971881717,0.00023649047943763435,0.0,0.0,0.0,172.8284912109375,151.18023681640625,40.594478607177734
Ripe_130.jpg,Ripe,Ripe,154.2610321044922,14.400935173034668,154.06161499023438,15.714713096618652,144.94387817382812,13.91165542602539,0.0,0.0,0.0,0.0,0.0,0.0,0.017504720017313957,0.06281105428934097,0.09919340908527374,0.3397974967956543,0.4806933104991913,0.0,0.0,0.0,0.0,0.0,0.0,0.0,0.0,0.0,0.0,0.0,0.0250557754188776,0.06933242082595825,0.09095589816570282,0.3071906566619873,0.5074652433395386,0.0,0.0,0.0,0.0,0.0,0.0,0.0,0.0,0.0,0.0,0.0025742233265191317,0.04290372505784035,0.08649390935897827,0.17075681686401367,0.6451004147529602,0.052170928567647934,0.0,0.0,0.0,0.0,0.0,163.9623260498047,164.45571899414062,153.8240509033203
Ripe_131.jpg,Ripe,Ripe,153.45416259765625,13.97746467590332,153.7364959716797,14.3825101852417,145.2152557373047,13.074130058288574,0.0,0.0,0.0,0.0,0.0,0.0012451361399143934,0.02365758828818798,0.03610894829034805,0.11797665059566498,0.3984435796737671,0.42256808280944824,0.0,0.0,0.0,0.0,0.0,0.0,0.0,0.0,0.0,0.0,0.0006225680699571967,0.027392996475100517,0.03626459091901779,0.1133073940873146,0.3866147994995117,0.43579766154289246,0.0,0.0,0.0,0.0,0.0,0.0,0.0,0.0,0.0,0.0,0.005914397072046995,0.03299611061811447,0.05042801424860954,0.2636575996875763,0.5842801332473755,0.06272373348474503,0.0,0.0,0.0,0.0,0.0,150.14617919921875,150.38282775878906,141.9036407470703
Ripe_132.jpg,Ripe,Ripe,174.09693908691406,39.22747802734375,140.75839233398438,35.89625549316406,38.76725769042969,24.158042907714844,0.0015088645741343498,0.0045265937224030495,0.009619011543691158,0.00943040382117033,0.009241795167326927,0.01546586211770773,0.02583930641412735,0.03187476471066475,0.058091286569833755,0.10354582965373993,0.18219539523124695,0.1684270054101944,0.18370425701141357,0.16276876628398895,0.03376084566116333,0.0,0.0028291211929172277,0.00792153924703598,0.011693700216710567,0.01678611896932125,0.029988683760166168,0.0396076962351799,0.06676726043224335,0.1227838546037674,0.1893625110387802,0.16069407761096954,0.1893625110387802,0.13315729796886444,0.028479818254709244,0.0005658242153003812,0.0,0.0,0.1322142630815506,0.28743869066238403,0.28819313645362854,0.18351565301418304,0.06092040613293648,0.015277253463864326,0.009619011543691158,0.009619011543691158,0.00848736334592104,0.00396076962351799,0.0007544322870671749,0.0,0.0,0.0,0.0,0.0,209.38174438476562,173.85574340820312,46.31108856201172
Ripe_133.jpg,Ripe,Ripe,155.67926025390625,11.762330055236816,155.8560791015625,12.509468078613281,146.8931427001953,11.066631317138672,0.0,0.0,0.0,0.0,0.0,0.0,0.0047007775865495205,0.02910866029560566,0.12312421202659607,0.3644910454750061,0.47857528924942017,0.0,0.0,0.0,0.0,0.0,0.0,0.0,0.0,0.0,0.0,0.0003615982714109123,0.005966371390968561,0.03561742976307869,0.11824262887239456,0.3433375656604767,0.49647441506385803,0.0,0.0,0.0,0.0,0.0,0.0,0.0,0.0,0.0,0.0,0.0012655939208343625,0.009582353755831718,0.05098535493016243,0.23305007815361023,0.6467185020446777,0.05839812010526657,0.0,0.0,0.0,0.0,0.0,150.15882873535156,150.23495483398438,141.77159118652344
Ripe_134.jpg,Ripe,Ripe,168.09371948242188,47.13517761230469,137.29714965820312,42.44483947753906,41.228214263916016,22.948680877685547,0.0006741951801814139,0.005056463647633791,0.009438732638955116,0.01634923368692398,0.02949603833258152,0.03960896655917168,0.04011461138725281,0.05983482301235199,0.06725096702575684,0.07534131407737732,0.13113096356391907,0.1400640457868576,0.1682116985321045,0.14697454869747162,0.07028485089540482,0.00016854879504535347,0.0028653296176344156,0.009438732638955116,0.020225854590535164,0.039271868765354156,0.04719366133213043,0.06404854357242584,0.07348727434873581,0.08983650803565979,0.13298499584197998,0.1582673192024231,0.16753749549388885,0.12860272824764252,0.06522838026285172,0.0010112927993759513,0.0,0.0,0.11191640049219131,0.22450698912143707,0.3170402944087982,0.23209169507026672,0.06961065530776978,0.01550648920238018,0.013146805576980114,0.007079049479216337,0.005056463647633791,0.0025282318238168955,0.0011798415798693895,0.00033709759009070694,0.0,0.0,0.0,0.0,208.98292541503906,174.5406494140625,46.58455276489258
Ripe_135.jpg,Ripe,Ripe,152.88246154785156,50.1698112487793,124.69947814941406,44.342525482177734,38.12331008911133,23.060970306396484,0.0016224986175075173,0.012979988940060139,0.017126373946666718,0.026320533826947212,0.035694971680641174,0.06201550364494324,0.06706327944993973,0.07481521368026733,0.08905714750289917,0.10365963727235794,0.11645934730768204,0.11645934730768204,0.13322517275810242,0.11952406913042068,0.023976923897862434,0.0,0.004146385472267866,0.021813593804836273,0.03010636381804943,0.05516495555639267,0.07643771171569824,0.07751937955617905,0.10420046746730804,0.10095547139644623,0.1267351657152176,0.1283576637506485,0.15864431858062744,0.09680908918380737,0.018929151818156242,0.00018027762416750193,0.0,0.0,0.15575987100601196,0.24301424622535706,0.30016225576400757,0.19974760711193085,0.05822967365384102,0.017306651920080185,0.012439155951142311,0.0075716604478657246,0.005228050984442234,0.0005408328725025058,0.0,0.0,0.0,0.0,0.0,0.0,208.35675048828125,174.5094757080078,47.06131362915039
Ripe_136.jpg,Ripe,Ripe,174.07998657226562,41.280887603759766,141.41534423828125,38.00977325439453,34.44355773925781,23.329662322998047,0.0006925207562744617,0.0034626037813723087,0.007098338101059198,0.013677285052835941,0.0107340719550848,0.013504154980182648,0.03150969371199608,0.04414819926023483,0.07548476755619049,0.10595567524433136,0.14058171212673187,0.17416897416114807,0.14508309960365295,0.15045014023780823,0.08223684132099152,0.001211911323480308,0.0017313018906861544,0.007963988929986954,0.013677285052835941,0.01679362915456295,0.02995152398943901,0.04830332472920418,0.08604570478200912,0.11824791878461838,0.1379847675561905,0.18888504803180695,0.14768005907535553,0.13504154980182648,0.06336565315723419,0.003981994464993477,0.0003462603781372309,0.0,0.1743421107530594,0.33258309960365295,0.27648892998695374,0.14785318076610565,0.029259003698825836,0.013504154980182648,0.008656510151922703,0.007271468173712492,0.004847645293921232,0.003635734086856246,0.0005193905672058463,0.0008656509453430772,0.00017313018906861544,0.0,0.0,0.0,178.64498901367188,142.91897583007812,18.075693130493164
Ripe_137.jpg,Ripe,Ripe,152.54013061523438,14.533681869506836,153.43341064453125,15.19291877746582,144.6922607421875,13.650303840637207,0.0,0.0,0.0,0.0,0.0,0.0,0.017700666561722755,0.07150368392467499,0.1342446506023407,0.3540133237838745,0.4225376844406128,0.0,0.0,0.0,0.0,0.0,0.0,0.0,0.0,0.0,0.0,0.0,0.017875920981168747,0.07395723462104797,0.12407991290092468,0.3089730143547058,0.4751139283180237,0.0,0.0,0.0,0.0,0.0,0.0,0.0,0.0,0.0,0.0,0.0019277953542768955,0.02979320101439953,0.09323519468307495,0.1957588493824005,0.6249561905860901,0.05432877689599991,0.0,0.0,0.0,0.0,0.0,149.43251037597656,150.241455078125,142.1270751953125
Ripe_138.jpg,Ripe,Ripe,155.4141082763672,49.8308219909668,123.4963607788086,42.50598907470703,40.941524505615234,22.618988037109375,0.00019171778694726527,0.0021088956855237484,0.009777607396245003,0.026457054540514946,0.05655675008893013,0.06403373926877975,0.06690950691699982,0.07227760553359985,0.07630368322134018,0.10256902128458023,0.10582821816205978,0.12710890173912048,0.13592791557312012,0.08819018304347992,0.06537576764822006,0.00038343557389453053,0.0005751533899456263,0.011119632050395012,0.026457054540514946,0.05962423235177994,0.08263036608695984,0.10084355622529984,0.10659509152173996,0.11464723944664001,0.12730062007904053,0.13573619723320007,0.11541411280632019,0.09259968996047974,0.02569018490612507,0.0,0.0007668711477890611,0.0,0.11426380276679993,0.22143404185771942,0.30214723944664,0.2551763951778412,0.07189416885375977,0.012078220956027508,0.007476993836462498,0.006901840679347515,0.005559816025197506,0.0015337422955781221,0.0005751533899456263,0.00019171778694726527,0.00038343557389453053,0.00038343557389453053,0.0,0.0,209.190673828125,171.14952087402344,51.71056365966797
Ripe_139.jpg,Ripe,Ripe,160.3796844482422,39.503414154052734,130.61705017089844,35.34133529663086,39.643150329589844,21.864713668823242,0.0002039151731878519,0.0030587275978177786,0.007748776581138372,0.0099918432533741,0.019371941685676575,0.026305057108402252,0.039151713252067566,0.08278956264257431,0.11847471445798874,0.14437194168567657,0.1700652539730072,0.1427406221628189,0.13417617976665497,0.0725938007235527,0.027324633672833443,0.0016313213855028152,0.0012234910391271114,0.007340946234762669,0.012030995450913906,0.02671288698911667,0.03548124060034752,0.06912724673748016,0.12479608505964279,0.15579119324684143,0.1896411031484604,0.1453915238380432,0.14070147275924683,0.07075856626033783,0.02079934813082218,0.0002039151731878519,0.0,0.0,0.09951060265302658,0.2626427412033081,0.35664764046669006,0.17210440337657928,0.06097063794732094,0.02222675457596779,0.011215334758162498,0.0099918432533741,0.004282218404114246,0.0004078303463757038,0.0,0.0,0.0,0.0,0.0,0.0,205.97772216796875,172.57659912109375,44.1016731262207
Ripe_14.jpg,Ripe,Ripe,138.8213348388672,33.840721130371094,119.626953125,32.37221908569336,42.5399284362793,24.445945739746094,0.0,0.0025424708146601915,0.010632150806486607,0.016641627997159958,0.02658037655055523,0.04876921325922012,0.10123656690120697,0.13567548990249634,0.15740205347537994,0.21495434641838074,0.14087599515914917,0.11822489649057388,0.026464810594916344,0.0,0.0,0.0,0.0020802034996449947,0.008898647502064705,0.017912862822413445,0.03224315121769905,0.05709002539515495,0.09453368932008743,0.14873453974723816,0.18617820739746094,0.20836703479290009,0.13301745057106018,0.10944180935621262,0.0015023690648376942,0.0,0.0,0.0,0.0,0.08921761065721512,0.2649948000907898,0.3077545464038849,0.16456720232963562,0.11094418168067932,0.030162949115037918,0.010169883258640766,0.010401017032563686,0.007165145128965378,0.004275973420590162,0.00034670057357288897,0.0,0.0,0.0,0.0,0.0,170.3293914794922,148.81912231445312,46.31832504272461
Ripe_140.jpg,Ripe,Ripe,151.0238494873047,15.218124389648438,151.6470947265625,15.648796081542969,144.79452514648438,14.327916145324707,0.0,0.0,0.0,0.0,0.0,0.0,0.019012674689292908,0.07971981167793274,0.1696130782365799,0.3380587100982666,0.39359572529792786,0.0,0.0,0.0,0.0,0.0,0.0,0.0,0.0,0.0,0.0,0.0,0.01784523017704487,0.08488992601633072,0.15727151930332184,0.3162108063697815,0.4237825274467468,0.0,0.0,0.0,0.0,0.0,0.0,0.0,0.0,0.0,0.0,0.0013342228485271335,0.02951967902481556,0.11374249309301376,0.2269846498966217,0.5388592481613159,0.08955970406532288,0.0,0.0,0.0,0.0,0.0,148.15530395507812,148.7033233642578,142.06661987304688
Ripe_141.jpg,Ripe,Ripe,163.44418334960938,51.87945556640625,128.432861328125,44.75638198852539,40.11747741699219,22.530384063720703,0.0,0.0020579660777002573,0.009603841230273247,0.022466128692030907,0.03498542308807373,0.061567485332489014,0.0667124018073082,0.07442977279424667,0.07563025504350662,0.0905505046248436,0.08643457293510437,0.09826787561178207,0.10872920602560043,0.14148516952991486,0.12536443769931793,0.001714971731416881,0.0005144915194250643,0.007717372849583626,0.028468530625104904,0.06242496892809868,0.07665923237800598,0.07974618673324585,0.10975819081068039,0.10049734264612198,0.11078717559576035,0.11747556179761887,0.11919053643941879,0.13651174306869507,0.050077173858881,0.0001714971731416881,0.0,0.0,0.11044418066740036,0.23769508302211761,0.35122621059417725,0.19207683205604553,0.06448293477296829,0.01646372862160206,0.008403361774981022,0.011833304539322853,0.0054879095405340195,0.0018864688463509083,0.0,0.0,0.0,0.0,0.0,0.0,214.01266479492188,171.88101196289062,46.99240493774414
Ripe_142.jpg,Ripe,Ripe,152.0526123046875,43.72550582885742,122.39666748046875,38.78659439086914,46.817352294921875,25.749197006225586,0.0015882470179349184,0.00416914839297533,0.004566209856420755,0.010323605500161648,0.02302958071231842,0.04923565685749054,0.0960889384150505,0.11316259950399399,0.13003772497177124,0.13142743706703186,0.12328767031431198,0.10998610407114029,0.07583878934383392,0.07484614104032516,0.048640064895153046,0.003772086463868618,0.0021838396787643433,0.006750049535185099,0.013500099070370197,0.03255906328558922,0.08159618824720383,0.1367877721786499,0.1393686681985855,0.13639071583747864,0.13976573944091797,0.11753027886152267,0.0929124504327774,0.06710343807935715,0.03255906328558922,0.0007941235089674592,0.0001985308772418648,0.0,0.08576533943414688,0.19614849984645844,0.2652372419834137,0.24856065213680267,0.1183243989944458,0.042088545858860016,0.017470717430114746,0.012507445178925991,0.009330950677394867,0.0035735557321459055,0.0005955926026217639,0.0001985308772418648,0.0,0.0001985308772418648,0.0,0.0,176.01341247558594,141.242919921875,47.49180221557617
Ripe_143.JPG,Ripe,Ripe,142.3241424560547,40.06303787231445,112.83308410644531,41.18777847290039,57.416038513183594,57.35589599609375,0.0037764350418001413,0.011077542789280415,0.010951661504805088,0.014853977598249912,0.02693857066333294,0.054758306592702866,0.0833333358168602,0.09504028409719467,0.15470795333385468,0.19398288428783417,0.19763343036174774,0.04569486528635025,0.05601711943745613,0.04493957757949829,0.006294058635830879,0.0,0.016868077218532562,0.0198892243206501,0.038141995668411255,0.0634441077709198,0.09025679528713226,0.08811681717634201,0.11669184267520905,0.15823262929916382,0.13670694828033447,0.16213494539260864,0.07603222876787186,0.03096676804125309,0.002265861025080085,0.0002517623361200094,0.0,0.0,0.364677757024765,0.16213494539260864,0.06835347414016724,0.02907855063676834,0.025679757818579674,0.032603222876787186,0.05173715949058533,0.06080060452222824,0.06873111426830292,0.11618831753730774,0.020015105605125427,0.0,0.0,0.0,0.0,0.0,147.86659240722656,109.01160430908203,9.161252975463867
Ripe_144.JPG,Ripe,Ripe,153.7940216064453,54.023765563964844,125.26988220214844,51.15460205078125,55.24783706665039,54.45867156982422,0.0016745743341743946,0.011442924849689007,0.02777002565562725,0.03921294957399368,0.04493441432714462,0.04591124877333641,0.04102707281708717,0.06279654055833817,0.09796260297298431,0.132012277841568,0.13131454586982727,0.06837845593690872,0.1102428138256073,0.1032654196023941,0.06726206839084625,0.014792073518037796,0.019676249474287033,0.04088752344250679,0.05233044922351837,0.051772259175777435,0.04646943882107735,0.05260954424738884,0.07437901198863983,0.09126430004835129,0.12182528525590897,0.1709461361169815,0.11582472920417786,0.09712531417608261,0.0555400513112545,0.009349706582725048,0.0,0.0,0.3273792862892151,0.1917387694120407,0.08582193404436111,0.047864917665719986,0.03921294957399368,0.03446832299232483,0.03977114334702492,0.04967904090881348,0.06823890656232834,0.09000837057828903,0.025816354900598526,0.0,0.0,0.0,0.0,0.0,210.66273498535156,172.2808380126953,15.414698600769043
Ripe_145.JPG,Ripe,Ripe,155.58775329589844,39.80171203613281,126.44048309326172,38.987159729003906,58.12866973876953,55.311981201171875,0.0002241649926872924,0.00033624746720306575,0.0020174849778413773,0.0036987222265452147,0.026227302849292755,0.066128671169281,0.055592916905879974,0.07565568387508392,0.12766195833683014,0.15310467779636383,0.1746245175600052,0.09986550360918045,0.1086079329252243,0.08529477566480637,0.02039901353418827,0.0005604124744422734,0.0006724949344061315,0.002802062314003706,0.03295225277543068,0.059515804052352905,0.05794664844870567,0.06287828087806702,0.09414929151535034,0.1269894689321518,0.1572517305612564,0.20645594596862793,0.12284240871667862,0.06478367745876312,0.010647837072610855,0.0001120824963436462,0.0,0.0,0.3230217397212982,0.16644249856472015,0.08137188851833344,0.04920421540737152,0.042703431099653244,0.03922887146472931,0.052006278187036514,0.05727415531873703,0.06500784307718277,0.09650302678346634,0.02701188065111637,0.0002241649926872924,0.0,0.0,0.0,0.0,178.7864990234375,139.92062377929688,9.664233207702637
Ripe_146.JPG,Ripe,Ripe,153.94239807128906,38.40408706665039,127.42597198486328,39.98989486694336,66.58804321289062,57.34912872314453,0.0010950503638014197,0.0027376259677112103,0.005256241653114557,0.005803767126053572,0.010950503870844841,0.03208497539162636,0.07303985953330994,0.09932106733322144,0.16261498630046844,0.16086289286613464,0.19546648859977722,0.06263688206672668,0.07982917129993439,0.0778580829501152,0.02989487536251545,0.0005475251819007099,0.005146736744791269,0.006132282316684723,0.011060008779168129,0.045882608741521835,0.07391589879989624,0.09110818803310394,0.10534384846687317,0.1296539604663849,0.11355672031641006,0.2074025422334671,0.08727551251649857,0.0960359200835228,0.026828734204173088,0.0006570302066393197,0.0,0.0,0.2544897198677063,0.16633814573287964,0.11541830748319626,0.034275077283382416,0.03098992630839348,0.03777923807501793,0.0597897507250309,0.06044678017497063,0.06734559684991837,0.1321725845336914,0.040626369416713715,0.00032851510331965983,0.0,0.0,0.0,0.0,153.76483154296875,141.18418884277344,140.5785675048828
Ripe_147.JPG,Ripe,Ripe,155.2832794189453,49.69584655761719,124.92039489746094,47.5282096862793,54.404808044433594,52.96933364868164,0.005073689389973879,0.007610533852130175,0.006402512546628714,0.016187485307455063,0.050736892968416214,0.05339454114437103,0.056535396724939346,0.06897801160812378,0.11077555269002914,0.14013046026229858,0.14109688997268677,0.06474994122982025,0.08069582283496857,0.12249335646629333,0.07393090426921844,0.001208021305501461,0.013409036211669445,0.016187485307455063,0.05726020783185959,0.0562937892973423,0.05568978190422058,0.06861560791730881,0.07864218205213547,0.10268180817365646,0.12660062313079834,0.1658613234758377,0.10352741926908493,0.12140613794326782,0.03358299285173416,0.00024160425527952611,0.0,0.0,0.3187968134880066,0.2021019607782364,0.0844406858086586,0.04856245592236519,0.04252234846353531,0.03696545213460922,0.04662961885333061,0.0562937892973423,0.05955544859170914,0.08733993768692017,0.016670692712068558,0.00012080212763976306,0.0,0.0,0.0,0.0,213.45668029785156,173.60772705078125,16.313817977905273
Ripe_148.JPG,Ripe,Ripe,154.2085723876953,39.31224822998047,126.01618194580078,39.59810256958008,54.987762451171875,54.96613311767578,0.004214819986373186,0.00707002030685544,0.0025832767132669687,0.01019714493304491,0.007477906066924334,0.031135281547904015,0.0639021098613739,0.07695445418357849,0.16220258176326752,0.19075459241867065,0.17770224809646606,0.0788579210639,0.10781781375408173,0.0413324274122715,0.030319510027766228,0.007477906066924334,0.010740992613136768,0.009517335332930088,0.01169272605329752,0.033582597970962524,0.062134601175785065,0.08048946410417557,0.13324269652366638,0.13188306987285614,0.1535010188817978,0.19537729024887085,0.09503738582134247,0.03820530325174332,0.0329027883708477,0.01169272605329752,0.0,0.0,0.3789258897304535,0.16736914217472076,0.051801495254039764,0.03399048373103142,0.03467029333114624,0.03834126517176628,0.058191705495119095,0.06077498197555542,0.06784500181674957,0.09653297066688538,0.011556764133274555,0.0,0.0,0.0,0.0,0.0,145.79733276367188,108.52449798583984,8.865256309509277
Ripe_149.JPG,Ripe,Ripe,153.36618041992188,38.76389694213867,123.6451644897461,39.19880294799805,53.967491149902344,58.434661865234375,0.0003439972351770848,0.0017199862049892545,0.00894392840564251,0.015995871275663376,0.025799794122576714,0.05039559677243233,0.044031646102666855,0.06381148844957352,0.12710697948932648,0.1737186163663864,0.1921224594116211,0.11420708894729614,0.13450291752815247,0.046783626079559326,0.0005159958964213729,0.0,0.009631923399865627,0.02063983492553234,0.03818369284272194,0.04454764351248741,0.03921568766236305,0.05710354447364807,0.0856553167104721,0.12968696653842926,0.17251461744308472,0.26522186398506165,0.1207430362701416,0.015479875728487968,0.0012039904249832034,0.0001719986175885424,0.0,0.0,0.44272446632385254,0.1303749531507492,0.05159958824515343,0.029067767783999443,0.025627795606851578,0.022531820461153984,0.03732370212674141,0.058995526283979416,0.05882352963089943,0.11007911711931229,0.03285173699259758,0.0,0.0,0.0,0.0,0.0,179.11758422851562,142.38584899902344,9.899543762207031
Ripe_15.jpg,Ripe,Ripe,149.7006378173828,38.82740783691406,124.77045440673828,34.135623931884766,25.981847763061523,28.716455459594727,0.0,0.0,0.0013962580123916268,0.005585032049566507,0.017313599586486816,0.06171460449695587,0.12259145826101303,0.11616867035627365,0.10667411237955093,0.11896118521690369,0.15833565592765808,0.12370846420526505,0.10248533636331558,0.06143535301089287,0.0036302709486335516,0.0,0.0005585032049566507,0.0027925160247832537,0.007539793383330107,0.02485339343547821,0.058084335178136826,0.13878804445266724,0.1438145786523819,0.12370846420526505,0.1605696678161621,0.1600111722946167,0.12594246864318848,0.04886903241276741,0.004188774153590202,0.00027925160247832537,0.0,0.0,0.4789164960384369,0.21111421287059784,0.1354370266199112,0.06450711935758591,0.039932981133461,0.03546495363116264,0.015358838252723217,0.009215302765369415,0.006702038459479809,0.0033510192297399044,0.0,0.0,0.0,0.0,0.0,0.0,173.4545440673828,143.66993713378906,11.66293716430664
Ripe_150.JPG,Ripe,Ripe,158.16073608398438,37.44533920288086,129.2679443359375,36.85152816772461,64.3833236694336,59.22373580932617,0.0015786451986059546,0.0030137773137539625,0.004161882679909468,0.005453501828014851,0.015929965302348137,0.027841560542583466,0.048938002437353134,0.0767795667052269,0.12787026166915894,0.16475315392017365,0.21196900308132172,0.11107921600341797,0.10203788429498672,0.08266360312700272,0.01578645221889019,0.0001435131998732686,0.006027554627507925,0.004735935479402542,0.022962111979722977,0.03429965674877167,0.05094718560576439,0.06716418266296387,0.09170493483543396,0.10605625808238983,0.16374856233596802,0.274827778339386,0.11581515520811081,0.05611366406083107,0.005597014911472797,0.0,0.0,0.0,0.29405856132507324,0.18312284350395203,0.08424224704504013,0.03128587827086449,0.024253731593489647,0.03200344368815422,0.047072332352399826,0.059414464980363846,0.060275547206401825,0.12801377475261688,0.05625717714428902,0.0,0.0,0.0,0.0,0.0,179.39013671875,143.41908264160156,10.090032577514648
Ripe_151.JPG,Ripe,Ripe,155.04039001464844,34.46212387084961,126.36322784423828,37.339111328125,64.98416900634766,59.334659576416016,0.0,0.0009892827365547419,0.006760098971426487,0.009563066996634007,0.012201154604554176,0.022258862853050232,0.05375102907419205,0.07172299921512604,0.12778235971927643,0.2016488015651703,0.27304205298423767,0.08342951536178589,0.07798846065998077,0.03495465964078903,0.021929102018475533,0.0019785654731094837,0.004286891780793667,0.010387469083070755,0.021599341183900833,0.041384994983673096,0.05572959780693054,0.06644682586193085,0.09117889404296875,0.15218466520309448,0.16075845062732697,0.2405605912208557,0.09447650611400604,0.046001650393009186,0.015004121698439121,0.0,0.0,0.0,0.3160758316516876,0.1497114598751068,0.07172299921512604,0.04187963902950287,0.02786479890346527,0.03478977829217911,0.04550700634717941,0.06842539459466934,0.0674361065030098,0.12399010360240936,0.052596867084503174,0.0,0.0,0.0,0.0,0.0,164.0093994140625,148.63792419433594,152.98118591308594
Ripe_152.JPG,Ripe,Ripe,153.33169555664062,40.58069610595703,122.69654846191406,40.821617126464844,51.69181442260742,56.280540466308594,0.00016914748994167894,0.002706359839066863,0.009303112514317036,0.018098782747983932,0.029939107596874237,0.050744250416755676,0.046515561640262604,0.06241542473435402,0.13159675896167755,0.1496955305337906,0.1962110996246338,0.09658321738243103,0.14377537369728088,0.06190798431634903,0.0003382949798833579,0.0,0.008626522496342659,0.023849796503782272,0.045500677078962326,0.047192152589559555,0.03856562823057175,0.05903247743844986,0.09066306054592133,0.13125845789909363,0.15257103741168976,0.24018944799900055,0.1373477727174759,0.023511502891778946,0.0015223274240270257,0.00016914748994167894,0.0,0.0,0.44418132305145264,0.13210418820381165,0.05548037961125374,0.03518268093466759,0.027909336611628532,0.02841677889227867,0.03771989047527313,0.0556495264172554,0.06562922894954681,0.10182679444551468,0.015899864956736565,0.0,0.0,0.0,0.0,0.0,178.10394287109375,142.351318359375,11.013157844543457
Ripe_153.JPG,Ripe,Ripe,156.33816528320312,49.80165481567383,125.17794799804688,48.248104095458984,59.91695785522461,56.31504440307617,0.004870129749178886,0.008991008624434471,0.010239760391414165,0.015359640121459961,0.030219780281186104,0.061563435941934586,0.0714285746216774,0.06568431854248047,0.1062687337398529,0.11001498252153397,0.15422077476978302,0.07005494832992554,0.0940309688448906,0.12062937021255493,0.07480020076036453,0.001623376621864736,0.018231768161058426,0.016358641907572746,0.056943055242300034,0.05619380623102188,0.06293706595897675,0.06193806231021881,0.0690559446811676,0.08553946018218994,0.1118881106376648,0.2050449550151825,0.10214785486459732,0.12475024908781052,0.028346654027700424,0.0006243756506592035,0.0,0.0,0.30394604802131653,0.18119379878044128,0.084540456533432,0.0497003011405468,0.03683816269040108,0.039210788905620575,0.04545454680919647,0.05531968176364899,0.06068931147456169,0.0994006022810936,0.04320679232478142,0.00024975024280138314,0.00024975024280138314,0.0,0.0,0.0,212.8920135498047,172.1678466796875,14.963615417480469
Ripe_154.JPG,Ripe,Ripe,141.10794067382812,40.24469757080078,113.90412139892578,42.28757858276367,59.107364654541016,58.3729133605957,0.0012918042484670877,0.009760298766195774,0.011482704430818558,0.01923353038728237,0.03258217126131058,0.056121718138456345,0.07219750434160233,0.12229079753160477,0.18300560116767883,0.1573130488395691,0.1667862832546234,0.047366153448820114,0.07162337005138397,0.04363427683711052,0.005310750566422939,0.0,0.015214582905173302,0.0176546573638916,0.04363427683711052,0.06286780536174774,0.0829625353217125,0.1175541803240776,0.10822448879480362,0.12272140383720398,0.11482704430818558,0.1858762800693512,0.0833931416273117,0.04148126766085625,0.0034448113292455673,0.00014353380538523197,0.0,0.0,0.36026984453201294,0.15071049332618713,0.0664561539888382,0.04420841112732887,0.030285632237792015,0.028706761077046394,0.038323525339365005,0.06875269114971161,0.06143246591091156,0.1047796756029129,0.04607434943318367,0.0,0.0,0.0,0.0,0.0,116.36348724365234,78.14216613769531,10.318255424499512
Ripe_155.JPG,Ripe,Ripe,150.32318115234375,41.84404373168945,121.9409408569336,43.694740295410156,66.13970947265625,57.936119079589844,0.00011671335232676938,0.004318394232541323,0.007936508394777775,0.01225490216165781,0.013655462302267551,0.061274509876966476,0.08543417602777481,0.0903361365199089,0.13958917558193207,0.16806723177433014,0.19164332747459412,0.047268908470869064,0.05999066308140755,0.07189542800188065,0.04435107484459877,0.00186741363722831,0.008520075120031834,0.013305322267115116,0.021708684042096138,0.07282913476228714,0.08706816285848618,0.0714285746216774,0.11157796531915665,0.11741363257169724,0.12173202633857727,0.19292716681957245,0.06279178708791733,0.07784780859947205,0.039449114352464676,0.001400560257025063,0.0,0.0,0.2795284688472748,0.16783380508422852,0.07516340166330338,0.03699813410639763,0.03559757396578789,0.03839869424700737,0.06337535381317139,0.0634920671582222,0.07154528796672821,0.1299019604921341,0.038165267556905746,0.0,0.0,0.0,0.0,0.0,163.90782165527344,149.5444793701172,152.68167114257812
Ripe_156.JPG,Ripe,Ripe,158.0091094970703,45.05900192260742,122.21295166015625,43.400733947753906,42.249053955078125,47.40300750732422,0.0009205277892760932,0.0019433364504948258,0.017592309042811394,0.02209266647696495,0.02567249722778797,0.029456889256834984,0.0407077819108963,0.0761992409825325,0.11547509580850601,0.1625242978334427,0.15894445776939392,0.08847294747829437,0.10882683843374252,0.09624629467725754,0.05042446404695511,0.004500357899814844,0.006545975338667631,0.031195662915706635,0.029968293383717537,0.03743479773402214,0.06044799089431763,0.11271350830793381,0.10064437240362167,0.10616753250360489,0.15076199173927307,0.1509665548801422,0.11322491616010666,0.08202925324440002,0.01697862334549427,0.0009205277892760932,0.0,0.0,0.4133169651031494,0.21550577878952026,0.06689168512821198,0.04735603928565979,0.03160478547215462,0.029252326115965843,0.037230234593153,0.05247008427977562,0.07180116325616837,0.03385496512055397,0.0007159660453908145,0.0,0.0,0.0,0.0,0.0,210.33982849121094,170.7144012451172,16.100000381469727
Ripe_157.JPG,Ripe,Ripe,117.19454193115234,43.47956085205078,101.15013122558594,37.85964584350586,30.323488235473633,28.82744598388672,0.001222244813106954,0.016907719895243645,0.030352413654327393,0.08127928525209427,0.10226115584373474,0.09961295872926712,0.11998370289802551,0.12466897815465927,0.11489101499319077,0.10429822653532028,0.10613159835338593,0.07170502841472626,0.02301894500851631,0.0034630270674824715,0.00020370747370179743,0.0,0.003666734555736184,0.02444489672780037,0.05113057792186737,0.09309431910514832,0.1332246959209442,0.15563251078128815,0.14789162576198578,0.12548381090164185,0.10266856849193573,0.09207578003406525,0.058667752891778946,0.008759421296417713,0.002648197114467621,0.000611122406553477,0.0,0.0,0.32328376173973083,0.3617844879627228,0.14341005682945251,0.06946425139904022,0.037889592349529266,0.014666938222944736,0.018537379801273346,0.008759421296417713,0.008352006785571575,0.010185373947024345,0.003666734555736184,0.0,0.0,0.0,0.0,0.0,139.91903686523438,115.62068939208984,14.323838233947754
Ripe_158.JPG,Ripe,Ripe,120.77505493164062,49.41520309448242,103.92889404296875,41.123294830322266,32.036338806152344,29.553606033325195,0.003775365650653839,0.03680981695652008,0.05316973477602005,0.08699072152376175,0.0871480256319046,0.06543967127799988,0.07015887647867203,0.0627654567360878,0.09359760582447052,0.1434638947248459,0.1746106594800949,0.10964291542768478,0.01164071075618267,0.0006292276084423065,0.00015730690211057663,0.0,0.00015730690211057663,0.0435740128159523,0.07959729433059692,0.09737297147512436,0.08588957041501999,0.08856378495693207,0.11326096951961517,0.12474437803030014,0.17193645238876343,0.14031775295734406,0.04955167695879936,0.003775365650653839,0.0009438414126634598,0.00031461380422115326,0.0,0.0,0.3616485893726349,0.2800062894821167,0.14425043761730194,0.07456347346305847,0.05584395304322243,0.03759634867310524,0.016202611848711967,0.01305647287517786,0.009910334832966328,0.005820355378091335,0.0009438414126634598,0.00015730690211057663,0.0,0.0,0.0,0.0,171.52227783203125,144.00625610351562,13.135261535644531
Ripe_159.jpg,Ripe,Ripe,142.8169708251953,20.21488380432129,140.4272918701172,19.47626495361328,140.2135009765625,18.729373931884766,0.0,0.0,0.0,0.0,0.002621882129460573,0.02756519243121147,0.07036564499139786,0.10933957248926163,0.21159297227859497,0.3565050959587097,0.22200964391231537,0.0,0.0,0.0,0.0,0.0,0.0,0.0,0.0,0.0,0.002621882129460573,0.028415532782673836,0.07362528145313263,0.12719671428203583,0.24277210235595703,0.36748865246772766,0.1578798145055771,0.0,0.0,0.0,0.0,0.0,0.0,0.0,0.0,0.0,0.0015589569229632616,0.025510204955935478,0.06611394882202148,0.13605442643165588,0.25453513860702515,0.3786848187446594,0.1375425159931183,0.0,0.0,0.0,0.0,0.0,147.14218139648438,144.53341674804688,143.92189025878906
Ripe_16.jpg,Ripe,Ripe,151.4105682373047,44.66043472290039,125.2091293334961,39.28007507324219,21.919321060180664,28.032209396362305,0.0,0.00026539279497228563,0.0034501061309129,0.004511677194386721,0.01698513887822628,0.06794055551290512,0.16958598792552948,0.12738853693008423,0.06608280539512634,0.0833333358168602,0.09209129214286804,0.10562632977962494,0.13481953740119934,0.11650743335485458,0.01141188945621252,0.0,0.0005307855899445713,0.0037154988385736942,0.00875796191394329,0.018046708777546883,0.0822717621922493,0.21841825544834137,0.08890657871961594,0.07590233534574509,0.11093418300151825,0.12845011055469513,0.15339702367782593,0.1082802563905716,0.0015923567116260529,0.0007961783558130264,0.0,0.0,0.5870488286018372,0.16533970832824707,0.09209129214286804,0.05175159126520157,0.04591295123100281,0.026804670691490173,0.014861995354294777,0.009023354388773441,0.004511677194386721,0.0026539277750998735,0.0,0.0,0.0,0.0,0.0,0.0,207.8002471923828,174.00241088867188,6.348977088928223
Ripe_160.jpg,Ripe,Ripe,156.93093872070312,39.56388473510742,137.51702880859375,28.80751609802246,99.23912811279297,53.56059646606445,0.0006050827214494348,0.0011294876458123326,0.002783380448818207,0.0062525211833417416,0.012343687005341053,0.02912464737892151,0.05530455708503723,0.09092375636100769,0.15308591723442078,0.23102056980133057,0.1671641767024994,0.044977813959121704,0.07611940056085587,0.06829366832971573,0.028761597350239754,0.03210972249507904,0.0011294876458123326,0.0028237192891538143,0.006212182343006134,0.011012504808604717,0.02335619181394577,0.047882210463285446,0.06926179677248001,0.1212182343006134,0.2124243676662445,0.3331585228443146,0.12347720563411713,0.026381606236100197,0.019483663141727448,0.00217829761095345,0.0,0.0,0.06337232887744904,0.12521177530288696,0.08737394213676453,0.05695845186710358,0.03065752238035202,0.03650665655732155,0.052037112414836884,0.09043969213962555,0.16934247314929962,0.2188785821199417,0.06869705766439438,0.00028237191145308316,8.067769522313029e-05,0.00016135539044626057,0.0,0.0,146.59266662597656,144.26644897460938,143.2079315185547
Ripe_161.jpg,Ripe,Ripe,157.93887329101562,35.54892349243164,146.59156799316406,30.370637893676758,111.60132598876953,57.24395751953125,0.0005880738608539104,0.003606853075325489,0.00744893541559577,0.0068608615547418594,0.008389853872358799,0.019053593277931213,0.05590622127056122,0.06331595033407211,0.08013486862182617,0.2545575797557831,0.27431684732437134,0.03704865276813507,0.07421492040157318,0.10965617001056671,0.0049006156623363495,0.0,0.003410828299820423,0.009409181773662567,0.007331321015954018,0.007997804321348667,0.010938174091279507,0.021993963047862053,0.06907907873392105,0.08828949183225632,0.0730779767036438,0.23938526213169098,0.41572901606559753,0.05331869795918465,3.920492235920392e-05,0.0,0.0,0.0,0.022895675152540207,0.0519857294857502,0.20214058458805084,0.07942917943000793,0.01305523980408907,0.009213156998157501,0.011330222710967064,0.033912260085344315,0.07421492040157318,0.18155799806118011,0.31979456543922424,0.00043125415686517954,3.920492235920392e-05,0.0,0.0,0.0,164.2547607421875,165.21417236328125,165.54310607910156
Ripe_162.jpg,Ripe,Ripe,156.4803009033203,29.107492446899414,116.25572967529297,26.942516326904297,63.74122619628906,42.41350173950195,0.0007601672550663352,0.0013302926672622561,0.004687698092311621,0.0082351453602314,0.012226022779941559,0.015266692265868187,0.022995058447122574,0.03876852989196777,0.14816926419734955,0.26390472054481506,0.21671101450920105,0.18763461709022522,0.0603066012263298,0.019004181027412415,0.0,0.0,0.004180919844657183,0.009122006595134735,0.016660332679748535,0.023375142365694046,0.04275940731167793,0.06638793647289276,0.16894717514514923,0.32155072689056396,0.21284683048725128,0.1221335381269455,0.012035980820655823,0.0,0.0,0.0,0.0,0.0,0.05688584968447685,0.26010388135910034,0.17426833510398865,0.09685797244310379,0.07069555670022964,0.03813505545258522,0.13100215792655945,0.0727226659655571,0.05131128802895546,0.04529329761862755,0.002723932499065995,0.0,0.0,0.0,0.0,0.0,173.8727264404297,114.62693786621094,24.851179122924805
Ripe_163.jpg,Ripe,Ripe,161.00009155273438,29.835437774658203,123.78924560546875,27.358718872070312,74.34127807617188,45.9067497253418,0.0005334518500603735,0.0013336297124624252,0.003334074281156063,0.005334518849849701,0.008001778274774551,0.013247388415038586,0.018848633393645287,0.05423427373170853,0.14229828119277954,0.22880640625953674,0.1432318240404129,0.25636807084083557,0.10166703909635544,0.02276061289012432,0.0,0.0,0.002222716109827161,0.006668148562312126,0.010935763828456402,0.018670815974473953,0.0283174030482769,0.038008447736501694,0.10571238398551941,0.37186041474342346,0.24134251475334167,0.0993998646736145,0.05001111328601837,0.014047565869987011,0.012269393540918827,0.0005334518500603735,0.0,0.0,0.037163812667131424,0.18857523798942566,0.17199377715587616,0.0854412093758583,0.05192264914512634,0.11691486835479736,0.14523227512836456,0.06628139317035675,0.04885530099272728,0.04552122578024864,0.01840408891439438,0.010402311570942402,0.009424316696822643,0.0038675260730087757,0.0,0.0,181.53846740722656,119.89595031738281,24.94165802001953
Ripe_164.jpg,Ripe,Ripe,155.168701171875,33.273109436035156,143.59251403808594,32.49030685424805,119.29003143310547,56.357810974121094,0.0003155931772198528,0.0034715249203145504,0.006254483014345169,0.009611246176064014,0.010615406557917595,0.013168842531740665,0.047597188502550125,0.0777793750166893,0.1080763190984726,0.24794147908687592,0.25540095567703247,0.10463348031044006,0.051011331379413605,0.055917371064424515,0.007918519899249077,0.00028690288309007883,0.004533065482974052,0.007975900545716286,0.0076316166669130325,0.011103141121566296,0.022234972566366196,0.040424615144729614,0.053794290870428085,0.08931286633014679,0.11886386573314667,0.2644383907318115,0.2945632040500641,0.08397647738456726,0.0011476115323603153,0.0,0.0,0.0,0.0277435090392828,0.06481136381626129,0.1368526816368103,0.04286329075694084,0.01268110703676939,0.01612394116818905,0.030411705374717712,0.05749533697962761,0.08951369673013687,0.21927987039089203,0.20473389327526093,0.08819394558668137,0.00929565355181694,0.0,0.0,0.0,169.64234924316406,170.83990478515625,172.1178436279297
Ripe_165.jpg,Ripe,Ripe,143.08363342285156,30.96646499633789,136.16636657714844,29.039270401000977,117.18772888183594,49.916202545166016,0.0034539001062512398,0.0042853946797549725,0.004669161047786474,0.006076305638998747,0.009498225525021553,0.019028430804610252,0.054239023476839066,0.17653267085552216,0.22725382447242737,0.22949247062206268,0.1530909240245819,0.0404554046690464,0.044165149331092834,0.027567239478230476,0.00019188332953490317,0.0,0.008027119562029839,0.005660558585077524,0.006811858620494604,0.009850011207163334,0.019348235800862312,0.031468868255615234,0.053535450249910355,0.16041447222232819,0.23665611445903778,0.26323196291923523,0.19645655155181885,0.00837890524417162,0.0001599027746124193,0.0,0.0,0.0,0.026383958756923676,0.04538040980696678,0.13291119039058685,0.039559949189424515,0.010425660759210587,0.00809108093380928,0.023857494816184044,0.09088873863220215,0.20256483554840088,0.2474975287914276,0.16495570540428162,0.007419488858431578,6.396110984496772e-05,0.0,0.0,0.0,141.28173828125,143.9073486328125,147.08740234375
Ripe_166.jpg,Ripe,Ripe,143.4136199951172,28.452119827270508,136.108642578125,27.360292434692383,117.76703643798828,49.55205154418945,0.00022100144997239113,0.0022415861021727324,0.006977331358939409,0.00981877837330103,0.010860642418265343,0.017427543178200722,0.034602511674165726,0.15656374394893646,0.25355181097984314,0.2491002082824707,0.15669003129005432,0.04982004314661026,0.03760181739926338,0.01452295295894146,0.0,0.0,0.0026835890021175146,0.007324619684368372,0.01041863951832056,0.01294437050819397,0.018911410123109818,0.021373998373746872,0.04306371137499809,0.15893161296844482,0.27571508288383484,0.2704426348209381,0.17550672590732574,0.0026835890021175146,0.0,0.0,0.0,0.0,0.01591210439801216,0.07548778504133224,0.11359474807977676,0.033023931086063385,0.007293047849088907,0.00397802609950304,0.013386373408138752,0.1101534366607666,0.23252509534358978,0.21594999730587006,0.17408600449562073,0.0045778872445225716,3.157163519063033e-05,0.0,0.0,0.0,141.3575439453125,142.3334197998047,144.5978546142578
Ripe_167.jpg,Ripe,Ripe,178.52471923828125,54.726680755615234,138.3211212158203,42.38972854614258,51.71247863769531,23.997583389282227,0.0,0.0008726003579795361,0.021669575944542885,0.03184991329908371,0.035776615142822266,0.04930191859602928,0.02966841123998165,0.02821407839655876,0.030541012063622475,0.03621291369199753,0.06079115718603134,0.10267597436904907,0.1717568337917328,0.20404304563999176,0.18775451183319092,0.008871437050402164,0.0,0.013961605727672577,0.046102385967969894,0.04086678475141525,0.029086679220199585,0.04741128534078598,0.0498836524784565,0.053955789655447006,0.12201861292123795,0.19618964195251465,0.2348749339580536,0.16404886543750763,0.0014543338911607862,0.00014543339784722775,0.0,0.0,0.02850494533777237,0.09176847338676453,0.41841188073158264,0.24796393513679504,0.09045957028865814,0.05744618922472,0.030104711651802063,0.0222513098269701,0.009744036942720413,0.0024723676033318043,0.000581733591388911,0.0002908667956944555,0.0,0.0,0.0,0.0,230.58164978027344,179.98806762695312,46.71141052246094
Ripe_168.jpg,Ripe,Ripe,183.5762176513672,55.94270706176758,149.5749969482422,45.13886642456055,64.88842010498047,27.377840042114258,0.0,0.0009992228588089347,0.01110247615724802,0.02242700196802616,0.02420339733362198,0.026423892006278038,0.054846230894327164,0.060175418853759766,0.04074608534574509,0.050627291202545166,0.08104807138442993,0.09448207169771194,0.1114688590168953,0.13467302918434143,0.10969246178865433,0.17708449065685272,0.0001110247612814419,0.0056622629053890705,0.0297546349465847,0.030420783907175064,0.03275230526924133,0.03497279807925224,0.06406128406524658,0.08249139785766602,0.08215831965208054,0.14921727776527405,0.1715332567691803,0.12456978112459183,0.1350060999393463,0.05717775225639343,0.0001110247612814419,0.0,0.020650604739785194,0.07105584442615509,0.16997890174388885,0.2580215334892273,0.2246030867099762,0.12590207159519196,0.06517153233289719,0.03852559253573418,0.018319085240364075,0.005773287266492844,0.001443321816623211,0.0002220495225628838,0.0001110247612814419,0.0001110247612814419,0.0001110247612814419,0.0,250.00723266601562,205.61878967285156,72.82384490966797
Ripe_169.jpg,Ripe,Ripe,185.9224395751953,61.47577667236328,154.71664428710938,50.282318115234375,58.12961196899414,28.57260513305664,0.0006894174148328602,0.0036768929567188025,0.01321383472532034,0.031138688325881958,0.031483396887779236,0.03561989963054657,0.0707801878452301,0.04320349171757698,0.031713202595710754,0.03389635682106018,0.036194413900375366,0.05411927029490471,0.08778581768274307,0.16224290430545807,0.155118927359581,0.20912328362464905,0.0026427668053656816,0.010800872929394245,0.028610823675990105,0.03067907691001892,0.04366310313344002,0.04665058106184006,0.04929334670305252,0.06641387939453125,0.04814431816339493,0.0713547021150589,0.15006320178508759,0.1644260585308075,0.21751120686531067,0.06802251935005188,0.0006894174148328602,0.0010341261513531208,0.02769160084426403,0.06112834811210632,0.2902447283267975,0.3603355288505554,0.08893485367298126,0.05078708380460739,0.0496380552649498,0.04435252025723457,0.01321383472532034,0.008158106356859207,0.003447087248787284,0.00011490290489746258,0.00022980580979492515,0.0004596116195898503,0.00011490290489746258,0.001149029121734202,244.63990783691406,203.1519317626953,48.82102966308594
Ripe_17.jpg,Ripe,Ripe,146.32606506347656,40.00881576538086,120.23298645019531,35.67790603637695,26.636817932128906,32.995113372802734,0.0,0.004712813068181276,0.005891016218811274,0.012960235588252544,0.012665685266256332,0.03622974827885628,0.15081001818180084,0.14403533935546875,0.1092783510684967,0.12106038630008698,0.13313697278499603,0.11222385615110397,0.09837996959686279,0.052135493606328964,0.006480117794126272,0.0,0.008541973307728767,0.007069219369441271,0.012960235588252544,0.01855670101940632,0.05714285746216774,0.15375551581382751,0.15581737458705902,0.1631811559200287,0.13490426540374756,0.13313697278499603,0.10692194104194641,0.03976435959339142,0.008247422985732555,0.0,0.0,0.0,0.5516936779022217,0.15493372082710266,0.07864506542682648,0.05832105875015259,0.0536082461476326,0.04536082595586777,0.03240058943629265,0.013254786841571331,0.0076583209447562695,0.004123711492866278,0.0,0.0,0.0,0.0,0.0,0.0,175.4747772216797,142.90504455566406,6.838278770446777
Ripe_170.jpg,Ripe,Ripe,177.6702423095703,53.631988525390625,138.07684326171875,44.211360931396484,57.05206298828125,24.088565826416016,0.0,0.00010412328265374526,0.009891712106764317,0.03633902594447136,0.03717201203107834,0.041441068053245544,0.03602665662765503,0.031445231288671494,0.03769262880086899,0.05810078978538513,0.06882549077272415,0.12088713049888611,0.1566014140844345,0.17367763817310333,0.14014993607997894,0.051645148545503616,0.00020824656530749053,0.006872136611491442,0.04466888681054115,0.052790503948926926,0.04435651749372482,0.04456476494669914,0.04768846184015274,0.075593501329422,0.09516867995262146,0.1974177360534668,0.19585590064525604,0.14421074092388153,0.0493544340133667,0.0006247396813705564,0.00020824656530749053,0.00041649313061498106,0.029987504705786705,0.07840482890605927,0.2437525987625122,0.3118492364883423,0.19877134263515472,0.07340691238641739,0.03508954495191574,0.015410245396196842,0.007705122698098421,0.0038525613490492105,0.0008329862612299621,0.0003123698406852782,0.00041649313061498106,0.00020824656530749053,0.0,0.0,215.43548583984375,166.647705078125,49.7962646484375
Ripe_171.jpg,Ripe,Ripe,194.44625854492188,48.34336853027344,162.749267578125,45.0735969543457,63.022499084472656,25.860530853271484,0.0,0.0042084818705916405,0.006474587135016918,0.008255098946392536,0.010521204210817814,0.016672061756253242,0.01942376233637333,0.03722887486219406,0.05406280234456062,0.05422466993331909,0.07154419273138046,0.1056976392865181,0.15943671762943268,0.1319197118282318,0.13450954854488373,0.18582065403461456,0.004046617075800896,0.011006798595190048,0.012787309475243092,0.013920363038778305,0.01926189661026001,0.02751699648797512,0.033505987375974655,0.05762382596731186,0.08740692585706711,0.1281968206167221,0.18808676302433014,0.1228552907705307,0.14357396960258484,0.10100355744361877,0.04742635041475296,0.0017805114621296525,0.03625768795609474,0.043541599065065384,0.17902234196662903,0.2994496524333954,0.19229523837566376,0.14146973192691803,0.06943994760513306,0.024765295907855034,0.008578828535974026,0.004532210994511843,0.00048559403512626886,0.00016186467837542295,0.0,0.0,0.0,0.0,208.2037353515625,171.48785400390625,47.93925094604492
Ripe_172.jpg,Ripe,Ripe,178.1713409423828,52.236053466796875,139.45480346679688,42.963321685791016,51.90015411376953,23.476882934570312,0.0,0.0002820476656779647,0.009730644524097443,0.03116626664996147,0.028768861666321754,0.03962769731879234,0.03497391194105148,0.042166125029325485,0.04978141188621521,0.05810181796550751,0.07192215323448181,0.11817797273397446,0.14793400466442108,0.14384430646896362,0.20307432115077972,0.020448455587029457,0.0,0.008179382421076298,0.034691862761974335,0.044986601918935776,0.042448174208402634,0.05725567787885666,0.054294176399707794,0.07178112864494324,0.10196023434400558,0.14807502925395966,0.21774080395698547,0.19743336737155914,0.02115357480943203,0.0,0.0,0.0,0.03215343505144119,0.09349880367517471,0.37244394421577454,0.27499648928642273,0.11634466052055359,0.05485827103257179,0.025948384776711464,0.01748695597052574,0.008320406079292297,0.002538429107517004,0.0014102383283898234,0.0,0.0,0.0,0.0,0.0,231.39015197753906,182.40585327148438,46.498573303222656
Ripe_173.jpg,Ripe,Ripe,154.08145141601562,40.46059036254883,143.69898986816406,36.79496383666992,109.49383544921875,54.166629791259766,0.0030680173076689243,0.011461650021374226,0.009088277816772461,0.010535456240177155,0.010130246169865131,0.015340087004005909,0.024370478466153145,0.052040521055459976,0.18182344734668732,0.36376267671585083,0.12671490013599396,0.038031838834285736,0.041041966527700424,0.03554269298911095,0.04011577367782593,0.03693198412656784,0.013024602085351944,0.016845151782035828,0.009609261527657509,0.010072358883917332,0.017018813639879227,0.025180896744132042,0.03942112997174263,0.06454414129257202,0.1421707719564438,0.3698408007621765,0.19287988543510437,0.038147613406181335,0.040810421109199524,0.01672937721014023,0.0037047755904495716,0.0,0.043241679668426514,0.06031838059425354,0.12283647060394287,0.09030390530824661,0.038147613406181335,0.018118668347597122,0.01649782992899418,0.030680174008011818,0.10743849724531174,0.3284515142440796,0.14315484464168549,0.000810419674962759,0.0,0.0,0.0,0.0,145.1730499267578,148.53431701660156,147.90631103515625
Ripe_174.jpg,Ripe,Ripe,176.60415649414062,48.463008880615234,134.80238342285156,38.882083892822266,53.682212829589844,24.34713363647461,0.000604351342190057,0.008662369102239609,0.01742546260356903,0.018734890967607498,0.016116036102175713,0.02367042750120163,0.02367042750120163,0.03132554516196251,0.04170024022459984,0.08843674510717392,0.13064061105251312,0.16760677099227905,0.1600523740053177,0.12832392752170563,0.09095487743616104,0.052074939012527466,0.0032232070807367563,0.024274777621030807,0.02014504373073578,0.02054794505238533,0.030519742518663406,0.04290894418954849,0.06839242577552795,0.11160354316234589,0.20749396085739136,0.2250201404094696,0.11633763462305069,0.0913577750325203,0.038174860179424286,0.0,0.0,0.0,0.03948428854346275,0.08450846374034882,0.33309832215309143,0.2654109597206116,0.15914584696292877,0.06617647409439087,0.021051570773124695,0.013698630034923553,0.010576148517429829,0.005539887119084597,0.00130942789837718,0.0,0.0,0.0,0.0,0.0,202.31344604492188,149.7553253173828,43.3877067565918
Ripe_175.jpg,Ripe,Ripe,177.3391876220703,55.68476486206055,141.6219940185547,46.47846221923828,64.29451751708984,26.46186637878418,0.0005971575155854225,0.00716589018702507,0.012898602522909641,0.01672041043639183,0.020303355529904366,0.03164934739470482,0.0751224160194397,0.05016123130917549,0.04860862344503403,0.053863611072301865,0.09088737517595291,0.1386599838733673,0.11931207776069641,0.09685894846916199,0.09315657615661621,0.14403440058231354,0.001194315031170845,0.022453123703598976,0.03081332892179489,0.023528005927801132,0.030216170474886894,0.04717544466257095,0.10163620859384537,0.0671205073595047,0.11286277323961258,0.17663919925689697,0.14284008741378784,0.09614235907793045,0.09709781408309937,0.05028066411614418,0.0,0.0,0.03571002185344696,0.070464588701725,0.13567419350147247,0.23874357342720032,0.2695569097995758,0.155858114361763,0.04478681460022926,0.02866356074810028,0.012301445007324219,0.00716589018702507,0.0007165890419855714,0.00011943150457227603,0.00023886300914455205,0.0,0.0,0.0,249.72727966308594,205.2225341796875,77.56344604492188
Ripe_176.jpg,Ripe,Ripe,170.28143310546875,52.17885971069336,129.8170166015625,40.224220275878906,50.72840118408203,23.809329986572266,0.00011706860095728189,0.004331538453698158,0.030671974644064903,0.030906111001968384,0.022243034094572067,0.04846640303730965,0.03336455300450325,0.034652307629585266,0.04296417534351349,0.053032077848911285,0.0714118480682373,0.14200422167778015,0.2347225546836853,0.1854366660118103,0.06450480222702026,0.0011706859804689884,0.0010536174522712827,0.022243034094572067,0.04507141187787056,0.032076798379421234,0.037813156843185425,0.07152891904115677,0.051158979535102844,0.06813392788171768,0.17653945088386536,0.25029265880584717,0.20510418713092804,0.03699367865920067,0.00023413720191456378,0.0005853429902344942,0.0007024116348475218,0.00046827440382912755,0.022945446893572807,0.12795598804950714,0.38843363523483276,0.2531023323535919,0.11917583644390106,0.03863263875246048,0.022360103204846382,0.01240927167236805,0.007843595929443836,0.004214469809085131,0.0007024116348475218,0.00023413720191456378,0.0003512058174237609,0.0005853429902344942,0.0007024116348475218,0.0003512058174237609,202.3880157470703,149.2895965576172,45.25452423095703
Ripe_177.jpg,Ripe,Ripe,174.32098388671875,51.503910064697266,132.01715087890625,42.306434631347656,56.808040618896484,22.81063461303711,0.0,0.0002030250761890784,0.008222515694797039,0.022332757711410522,0.031976450234651566,0.042330726981163025,0.04314282909035683,0.045579127967357635,0.06435894966125488,0.07958582788705826,0.1018170714378357,0.11186681687831879,0.13379351794719696,0.12729671597480774,0.12414982914924622,0.0633438229560852,0.0001015125380945392,0.011673941276967525,0.03400669991970062,0.039894428104162216,0.05278651788830757,0.07542381435632706,0.07481473684310913,0.09867018461227417,0.15308091044425964,0.15460360050201416,0.14617805182933807,0.12394680827856064,0.03400669991970062,0.0003045376215595752,0.0005075627123005688,0.0,0.02954014763236046,0.08445843309164047,0.19754339754581451,0.3596589267253876,0.2127702832221985,0.06466348469257355,0.026799309998750687,0.014110242947936058,0.0053801643662154675,0.003349913749843836,0.0011166379554197192,0.0,0.0002030250761890784,0.0004060501523781568,0.0,0.0,202.4835662841797,149.310546875,49.09342575073242
Ripe_178.jpg,Ripe,Ripe,175.5007781982422,51.252384185791016,130.6857452392578,39.29755401611328,43.254920959472656,22.96190071105957,0.0,0.006044905167073011,0.01666666753590107,0.02210708148777485,0.02573402412235737,0.050086356699466705,0.035664938390254974,0.03575129434466362,0.03557858243584633,0.05155440419912338,0.07366148382425308,0.11105354130268097,0.2199481874704361,0.2120034545660019,0.09170984476804733,0.01243523322045803,8.63557870616205e-05,0.02167530171573162,0.03376511111855507,0.03169257193803787,0.047668393701314926,0.06373056769371033,0.06088082864880562,0.07754749804735184,0.15086355805397034,0.289723664522171,0.1689119189977646,0.050690844655036926,0.0024179620668292046,0.000345423148246482,0.0,0.0,0.04758203774690628,0.24784110486507416,0.40276339650154114,0.1719343662261963,0.058721933513879776,0.030051814392209053,0.018566494807600975,0.010967184789478779,0.007081174291670322,0.0033678757026791573,0.0010362694738432765,8.63557870616205e-05,0.0,0.0,0.0,0.0,204.3837890625,149.97499084472656,40.6438102722168
Ripe_179.jpg,Ripe,Ripe,179.59796142578125,50.385032653808594,138.34121704101562,40.604434967041016,60.83135986328125,22.424320220947266,0.0,0.0006574622238986194,0.00679377606138587,0.018518518656492233,0.02596975676715374,0.03813280910253525,0.04536489024758339,0.04404996708035469,0.04514573886990547,0.06486960500478745,0.09609905630350113,0.11154942214488983,0.11264518648386002,0.16918693482875824,0.18770545721054077,0.03331141918897629,0.00010957703489111736,0.006574621889740229,0.023668639361858368,0.03374972566962242,0.057747095823287964,0.051501207053661346,0.06048652157187462,0.08590839058160782,0.1444225311279297,0.15077799558639526,0.1962524652481079,0.1679815948009491,0.020052596926689148,0.0006574622238986194,0.00010957703489111736,0.0,0.027284681797027588,0.061363138258457184,0.15165461599826813,0.303528368473053,0.31700634956359863,0.08678501099348068,0.027284681797027588,0.012820512987673283,0.00679377606138587,0.004273504484444857,0.0008766162791289389,0.00010957703489111736,0.00021915406978223473,0.0,0.0,0.0,233.13986206054688,181.58851623535156,72.0153579711914
Ripe_18.jpg,Ripe,Ripe,140.4544677734375,36.05943298339844,113.04789733886719,31.298938751220703,25.302104949951172,31.964887619018555,0.0021052630618214607,0.002368421060964465,0.0055263158865273,0.008947368711233139,0.015263157896697521,0.0671052634716034,0.13894736766815186,0.12736842036247253,0.1478947401046753,0.14657895267009735,0.1478947401046753,0.11578947305679321,0.06499999761581421,0.008421052247285843,0.0007894737063907087,0.0,0.0036842105910182,0.008421052247285843,0.01631578989326954,0.02078947424888611,0.08815789222717285,0.1599999964237213,0.16789473593235016,0.19026315212249756,0.17000000178813934,0.12473684549331665,0.0371052622795105,0.008947368711233139,0.0028947368264198303,0.0007894737063907087,0.0,0.0,0.567105233669281,0.1555263102054596,0.07789473980665207,0.05447368323802948,0.053421054035425186,0.043421052396297455,0.023157894611358643,0.011578947305679321,0.00947368424385786,0.0034210525918751955,0.0005263157654553652,0.0,0.0,0.0,0.0,0.0,176.10951232910156,140.4432830810547,9.05475902557373
Ripe_180.jpg,Ripe,Ripe,164.89210510253906,43.95930862426758,132.827392578125,35.29563903808594,62.17418670654297,31.688692092895508,0.0,0.002056368626654148,0.008467400446534157,0.01584613509476185,0.018628280609846115,0.02237812988460064,0.044030483812093735,0.1120116114616394,0.08503689616918564,0.09592355042695999,0.12713196873664856,0.13862344622612,0.15325994789600372,0.11902745813131332,0.05334462225437164,0.004233700223267078,0.0031450344249606133,0.014515543356537819,0.020926576107740402,0.02237812988460064,0.024313535541296005,0.0384661890566349,0.07064231485128403,0.18688762187957764,0.19390347599983215,0.20793516933918,0.13850247859954834,0.06737631559371948,0.009677029214799404,0.0009677028865553439,0.00036288858973421156,0.0,0.04197411239147186,0.06858594715595245,0.267085999250412,0.24821579456329346,0.12410789728164673,0.07790008187294006,0.06253780424594879,0.07669045776128769,0.020684650167822838,0.008346437476575375,0.0038708115462213755,0.0,0.0,0.0,0.0,0.0,179.2539520263672,140.87698364257812,48.54042053222656
Ripe_181.jpg,Ripe,Ripe,179.56153869628906,51.849578857421875,134.17137145996094,46.563453674316406,52.582313537597656,24.560152053833008,0.0003752814664039761,0.00562922190874815,0.01576182059943676,0.029021766036748886,0.02551914006471634,0.026644984260201454,0.028146110475063324,0.03440080210566521,0.04365774244070053,0.05791844055056572,0.07105328887701035,0.11421065777540207,0.1741306036710739,0.19739805161952972,0.14498373866081238,0.031148361042141914,0.004628471564501524,0.040905680507421494,0.037277959287166595,0.031023267656564713,0.04603452607989311,0.04490868002176285,0.05191393569111824,0.0714285746216774,0.12934701144695282,0.1731298416852951,0.20465348660945892,0.12659494578838348,0.03677758201956749,0.0003752814664039761,0.0010007505770772696,0.0,0.052289217710494995,0.10820615291595459,0.24605955183506012,0.3537653386592865,0.13647735118865967,0.053790342062711716,0.022266700863838196,0.014385789632797241,0.008131098002195358,0.0027520640287548304,0.0003752814664039761,0.0001250938221346587,0.0,0.0003752814664039761,0.0010007505770772696,0.0,215.09542846679688,166.91517639160156,48.61337661743164
Ripe_182.jpg,Ripe,Ripe,145.54196166992188,62.0917854309082,126.39529418945312,50.72578811645508,67.95541381835938,35.821815490722656,0.0,7.38170783733949e-05,0.002805049065500498,0.018675722181797028,0.19362220168113708,0.1262272149324417,0.05794641003012657,0.05241012945771217,0.06436849385499954,0.07411234825849533,0.0687975212931633,0.045766592025756836,0.04133756458759308,0.06208016350865364,0.13508525490760803,0.05669151991605759,0.0,0.0002952683134935796,0.012106001377105713,0.04473315179347992,0.2295711189508438,0.1111685261130333,0.06333505362272263,0.06606628745794296,0.07588396221399307,0.07913190871477127,0.07086439430713654,0.0733741819858551,0.15102975070476532,0.022440392524003983,0.0,0.0,0.005757732316851616,0.14652690291404724,0.15855908393859863,0.23289288580417633,0.1675647795200348,0.11500701308250427,0.045988041907548904,0.03218424692749977,0.036465637385845184,0.03772052749991417,0.01934007555246353,0.00103343918453902,0.0007381708128377795,0.00022145124967209995,0.0,0.0,77.23851776123047,73.94902801513672,55.98521423339844
Ripe_183.jpg,Ripe,Ripe,178.98211669921875,34.69618606567383,146.04946899414062,30.763429641723633,39.8895378112793,23.865066528320312,0.0003342246054671705,0.00384358293376863,0.00985962525010109,0.008355614729225636,0.00768716586753726,0.010862299241125584,0.01620989292860031,0.020554812625050545,0.03175133839249611,0.07152406126260757,0.15290775895118713,0.21574197709560394,0.32052138447761536,0.12299465388059616,0.006851604208350182,0.0,0.0010026737581938505,0.00768716586753726,0.01253342255949974,0.011363636702299118,0.013201871886849403,0.023061497136950493,0.037266042083501816,0.0882352963089943,0.17012031376361847,0.24147726595401764,0.2864304780960083,0.10060160607099533,0.006684491876512766,0.0003342246054671705,0.0,0.0,0.0777072161436081,0.2974599003791809,0.38719919323921204,0.14171123504638672,0.03542780876159668,0.01570855639874935,0.015875669196248055,0.012032085098326206,0.010193849913775921,0.006016042549163103,0.000668449210934341,0.0,0.0,0.0,0.0,0.0,206.23040771484375,170.65292358398438,43.590248107910156
Ripe_184.jpg,Ripe,Ripe,168.23736572265625,27.747648239135742,138.4567413330078,23.861400604248047,41.22591781616211,20.29983139038086,0.0,0.0003635041939560324,0.0030897855758666992,0.003816793905571103,0.005089058540761471,0.010178117081522942,0.015085423365235329,0.04434750974178314,0.08015266805887222,0.1348600536584854,0.24263903498649597,0.25554344058036804,0.1917484551668167,0.013086150400340557,0.0,0.0,0.0001817520969780162,0.0023627772461622953,0.003635041881352663,0.005816067103296518,0.009632861241698265,0.023446019738912582,0.07997091859579086,0.15012723207473755,0.24790984392166138,0.2835332751274109,0.18375135958194733,0.009451108984649181,0.0001817520969780162,0.0,0.0,0.0,0.03435114398598671,0.25154489278793335,0.48691385984420776,0.13395129144191742,0.0392584502696991,0.02217375487089157,0.011450381949543953,0.011813885532319546,0.006361322943121195,0.0021810249891132116,0.0,0.0,0.0,0.0,0.0,0.0,178.05921936035156,145.63540649414062,40.460208892822266
Ripe_185.jpg,Ripe,Ripe,172.75579833984375,39.190521240234375,153.3210906982422,33.9825553894043,76.76757049560547,47.5821647644043,0.002447497332468629,0.004105479456484318,0.007026685401797295,0.008763618767261505,0.0075003947131335735,0.011211116798222065,0.023685457184910774,0.0315806083381176,0.05929259583353996,0.14606031775474548,0.25098690390586853,0.10476867109537125,0.12513816356658936,0.14842885732650757,0.06387178599834442,0.005131849087774754,0.00236854562535882,0.0059213642962276936,0.011842728592455387,0.009237328544259071,0.01192168053239584,0.021080056205391884,0.045870836824178696,0.06821411848068237,0.10366334766149521,0.1871151179075241,0.3045160174369812,0.1435338705778122,0.07310911267995834,0.011605873703956604,0.0,0.0,0.012790147215127945,0.08408337086439133,0.23417021334171295,0.2928312122821808,0.05984525382518768,0.024080215021967888,0.017921995371580124,0.014369177632033825,0.0401863269507885,0.1957997828722,0.023922311142086983,0.0,0.0,0.0,0.0,0.0,208.1471710205078,177.12252807617188,49.88753890991211
Ripe_186.jpg,Ripe,Ripe,132.18582153320312,51.70144271850586,116.50480651855469,41.5792350769043,78.67953491210938,34.614105224609375,0.0,0.00012823801080230623,0.005321877542883158,0.04879456385970116,0.2049243450164795,0.06501667201519012,0.06867145746946335,0.06956911832094193,0.08002051711082458,0.09912797808647156,0.12541677057743073,0.0740574523806572,0.07149268686771393,0.06719671934843063,0.020261606201529503,0.0,0.0,0.00012823801080230623,0.008207232691347599,0.10836111754179001,0.17575019598007202,0.06694024056196213,0.07989227771759033,0.09932033717632294,0.15523211658000946,0.12977686524391174,0.09925621747970581,0.05982303246855736,0.017312131822109222,0.0,0.0,0.0,0.0005129520432092249,0.01955629698932171,0.11220826208591461,0.3212362229824066,0.18568864464759827,0.11708129942417145,0.062259554862976074,0.05014106258749962,0.04738394543528557,0.0493716336786747,0.03353423997759819,0.0010259040864184499,0.0,0.0,0.0,0.0,71.70755004882812,67.193359375,55.866764068603516
Ripe_187.jpg,Ripe,Ripe,132.32774353027344,59.30038833618164,114.33602142333984,48.738800048828125,66.66348266601562,34.2462272644043,0.0,0.0,0.0015691869193688035,0.028245363384485245,0.254921555519104,0.14222539961338043,0.04686162620782852,0.06355206668376923,0.0695435106754303,0.0731811672449112,0.06661911308765411,0.03131240978837013,0.034094151109457016,0.047146931290626526,0.1268901526927948,0.013837374746799469,0.0,7.132667815312743e-05,0.01875891536474228,0.10955777764320374,0.20734664797782898,0.15834522247314453,0.06897289305925369,0.06476461887359619,0.06847360730171204,0.06084165349602699,0.06419400870800018,0.07068473845720291,0.10213980078697205,0.005848787259310484,0.0,0.0,0.0027104136534035206,0.14322397112846375,0.16512125730514526,0.24736091494560242,0.19543509185314178,0.08502139896154404,0.04272468015551567,0.02967189811170101,0.03473609313368797,0.035520683974027634,0.01818830333650112,0.00014265335630625486,0.00014265335630625486,0.0,0.0,0.0,77.64291381835938,75.31046295166016,56.748294830322266
Ripe_188.jpg,Ripe,Ripe,139.27166748046875,57.445030212402344,124.6026840209961,47.459991455078125,70.909912109375,37.467735290527344,0.0,0.0,0.0003119881439488381,0.011153575964272022,0.23102721571922302,0.12019342929124832,0.05272599682211876,0.057717807590961456,0.06224163621664047,0.07183527201414108,0.06325559318065643,0.068793386220932,0.08213087916374207,0.07940098643302917,0.09796427935361862,0.0012479525757953525,0.0,0.00015599407197441906,0.003041884396225214,0.05763981118798256,0.25723421573638916,0.06458154320716858,0.04750019684433937,0.059199750423431396,0.0861087292432785,0.1327509582042694,0.12003743648529053,0.07113329321146011,0.09414242208003998,0.006473754066973925,0.0,0.0,0.00935964472591877,0.09305046498775482,0.1875048726797104,0.26487794518470764,0.13618282973766327,0.09624834358692169,0.04820216819643974,0.042742375284433365,0.04523828253149986,0.05241400748491287,0.02269713766872883,0.0010919584892690182,0.00038998518721200526,0.0,0.0,0.0,76.88241577148438,72.65435028076172,52.787567138671875
Ripe_189.jpg,Ripe,Ripe,142.58778381347656,57.92326354980469,122.82688903808594,47.97021484375,66.59278106689453,33.76189422607422,0.0,0.0,0.0,0.002022783039137721,0.15160225331783295,0.1936548501253128,0.06132226064801216,0.05802193284034729,0.05855424329638481,0.08080485463142395,0.08889598399400711,0.0496114119887352,0.03630363196134567,0.06664537638425827,0.13371659815311432,0.018843820318579674,0.0,0.0,0.0002129245112882927,0.052592355757951736,0.24209517240524292,0.12179282307624817,0.06228042021393776,0.08123070001602173,0.08538272976875305,0.08325348794460297,0.0587671659886837,0.07782391458749771,0.118492491543293,0.016075801104307175,0.0,0.0,0.004897263832390308,0.12349621951580048,0.17853720486164093,0.28478655219078064,0.15362504124641418,0.07984669506549835,0.05216650664806366,0.036090705543756485,0.039391037076711655,0.0385393388569355,0.008623442612588406,0.0,0.0,0.0,0.0,0.0,79.68753051757812,76.00354766845703,55.5108757019043
Ripe_19.jpg,Ripe,Ripe,164.51580810546875,41.733455657958984,134.48611450195312,37.34780502319336,25.14874839782715,31.68356704711914,0.0,0.0,0.0,0.0019246632000431418,0.008248556405305862,0.04619191586971283,0.11080560833215714,0.07588671892881393,0.05773989483714104,0.08578498661518097,0.16139675676822662,0.15369810163974762,0.1383007913827896,0.10585647821426392,0.05279076099395752,0.0013747593620792031,0.0,0.0,0.0024745669215917587,0.009348363615572453,0.07093758881092072,0.11960406601428986,0.08605994284152985,0.11547978967428207,0.1696453094482422,0.15947209298610687,0.11795435845851898,0.08111080527305603,0.060214463621377945,0.007698652800172567,0.0,0.0,0.5655760169029236,0.11328017711639404,0.11080560833215714,0.07863623648881912,0.058014847338199615,0.03711850568652153,0.011547978967428207,0.010173219256103039,0.008798460476100445,0.0054990374483168125,0.0005499037797562778,0.0,0.0,0.0,0.0,0.0,177.60438537597656,140.54510498046875,5.3376288414001465
Ripe_190.jpg,Ripe,Ripe,155.87429809570312,57.100006103515625,134.59506225585938,42.55997085571289,73.64152526855469,28.91498565673828,0.0,0.0,9.310986933996901e-05,0.0019553073216229677,0.19506517052650452,0.06657356023788452,0.041527003049850464,0.04329608753323555,0.050186220556497574,0.06182495504617691,0.048882681876420975,0.06061452627182007,0.20037244260311127,0.1555865854024887,0.0701117292046547,0.0039106146432459354,0.0,0.0002793296007439494,0.0016759776044636965,0.01024208590388298,0.21601489186286926,0.05893854796886444,0.04320298135280609,0.048882681876420975,0.07085660845041275,0.13007448613643646,0.25921788811683655,0.13221602141857147,0.028305400162935257,9.310986933996901e-05,0.0,0.0,0.0031657356303185225,0.014618249610066414,0.07383612543344498,0.3959962725639343,0.23603351414203644,0.10670390725135803,0.0512104295194149,0.03566107898950577,0.03305400535464287,0.037709496915340424,0.011731843464076519,0.0002793296007439494,0.0,0.0,0.0,0.0,75.9093246459961,74.21200561523438,57.12348937988281
Ripe_191.jpg,Ripe,Ripe,154.21839904785156,14.000665664672852,153.948974609375,15.063568115234375,145.61074829101562,13.459790229797363,0.0,0.0,0.0,0.0,0.0,0.0,0.017587939277291298,0.054310012608766556,0.09683030843734741,0.353498250246048,0.4777734875679016,0.0,0.0,0.0,0.0,0.0,0.0,0.0,0.0,0.0,0.0,0.0,0.025705451145768166,0.06494008749723434,0.08716659992933273,0.3446076512336731,0.4775802195072174,0.0,0.0,0.0,0.0,0.0,0.0,0.0,0.0,0.0,0.0,0.0,0.03440278396010399,0.07518360763788223,0.2013915777206421,0.5981832146644592,0.09083881229162216,0.0,0.0,0.0,0.0,0.0,150.3195037841797,150.12033081054688,142.31080627441406
Ripe_192.jpg,Ripe,Ripe,155.9204559326172,11.798867225646973,154.93368530273438,12.627676010131836,147.29824829101562,11.515928268432617,0.0,0.0,0.0,0.0,0.0,0.0,0.004983707331120968,0.02894383668899536,0.11903392523527145,0.3488594889640808,0.49817901849746704,0.0,0.0,0.0,0.0,0.0,0.0,0.0,0.0,0.0,0.0,0.0003833620867226273,0.006325474474579096,0.039294615387916565,0.12900134921073914,0.3630439043045044,0.4619513154029846,0.0,0.0,0.0,0.0,0.0,0.0,0.0,0.0,0.0,0.0,0.0013417672598734498,0.01015909481793642,0.05347901210188866,0.21525780856609344,0.6011117696762085,0.11865056306123734,0.0,0.0,0.0,0.0,0.0,150.2374267578125,148.8773956298828,142.08187866210938
Ripe_193.jpg,Ripe,Ripe,154.21839904785156,14.000665664672852,153.948974609375,15.063568115234375,145.61074829101562,13.459790229797363,0.0,0.0,0.0,0.0,0.0,0.0,0.017587939277291298,0.054310012608766556,0.09683030843734741,0.353498250246048,0.4777734875679016,0.0,0.0,0.0,0.0,0.0,0.0,0.0,0.0,0.0,0.0,0.0,0.025705451145768166,0.06494008749723434,0.08716659992933273,0.3446076512336731,0.4775802195072174,0.0,0.0,0.0,0.0,0.0,0.0,0.0,0.0,0.0,0.0,0.0,0.03440278396010399,0.07518360763788223,0.2013915777206421,0.5981832146644592,0.09083881229162216,0.0,0.0,0.0,0.0,0.0,150.3195037841797,150.12033081054688,142.31080627441406
Ripe_194.jpg,Ripe,Ripe,152.81039428710938,14.567920684814453,153.58578491210938,15.228121757507324,145.84228515625,14.021382331848145,0.0,0.0,0.0,0.0,0.0,0.0,0.017850954085588455,0.0705372616648674,0.13223570585250854,0.34263432025909424,0.43674176931381226,0.0,0.0,0.0,0.0,0.0,0.0,0.0,0.0,0.0,0.0,0.0,0.018197573721408844,0.0736568421125412,0.12253032624721527,0.30000001192092896,0.48561525344848633,0.0,0.0,0.0,0.0,0.0,0.0,0.0,0.0,0.0,0.0,0.0019064124207943678,0.027556326240301132,0.0944540724158287,0.17383015155792236,0.5904679298400879,0.11178509891033173,0.0,0.0,0.0,0.0,0.0,149.3770294189453,150.00045776367188,143.0207977294922
Ripe_195.jpg,Ripe,Ripe,189.37144470214844,31.82809066772461,154.85568237304688,27.028207778930664,53.09979248046875,17.672014236450195,0.0,0.0,0.00037728730239905417,0.00358422938734293,0.003395585808902979,0.005847953259944916,0.009054895490407944,0.03188077732920647,0.05470665916800499,0.06206376105546951,0.09809470176696777,0.12733446061611176,0.25919637084007263,0.2829654812812805,0.06149782985448837,0.0,0.0,0.00037728730239905417,0.0030182984191924334,0.005659309681504965,0.006413883995264769,0.01999622769653797,0.04301075264811516,0.074514240026474,0.12676852941513062,0.1758158802986145,0.3278626799583435,0.19600075483322144,0.01980758272111416,0.0007545746047981083,0.0,0.0,0.006413883995264769,0.04206753522157669,0.296736478805542,0.5276362895965576,0.07923033088445663,0.013393699191510677,0.011129975318908691,0.009809469804167747,0.008866251446306705,0.0037728729657828808,0.00037728730239905417,0.0005659309681504965,0.0,0.0,0.0,0.0,209.68795776367188,171.332763671875,52.90159606933594
Ripe_196.jpg,Ripe,Ripe,151.46548461914062,15.041536331176758,151.5835723876953,15.662309646606445,146.02743530273438,14.902240753173828,0.0,0.0,0.0,0.0,0.0,0.0,0.019125228747725487,0.07217694818973541,0.16164976358413696,0.3462497889995575,0.4007982611656189,0.0,0.0,0.0,0.0,0.0,0.0,0.0,0.0,0.0,0.0,0.0,0.01729585975408554,0.08631298691034317,0.1618160605430603,0.31415265798568726,0.42042240500450134,0.0,0.0,0.0,0.0,0.0,0.0,0.0,0.0,0.0,0.0,0.0013304506428539753,0.028604689985513687,0.11358723044395447,0.20272742211818695,0.48328620195388794,0.17046399414539337,0.0,0.0,0.0,0.0,0.0,148.5531768798828,148.47760009765625,143.15504455566406
Ripe_197.jpg,Ripe,Ripe,173.65289306640625,39.6075553894043,142.56326293945312,33.983734130859375,45.888511657714844,21.612224578857422,0.0030078203417360783,0.005815119482576847,0.004611991345882416,0.007619811687618494,0.011028674431145191,0.015039101243019104,0.023661520332098007,0.040505312383174896,0.08281531929969788,0.11128935217857361,0.12753158807754517,0.166432723402977,0.2095448225736618,0.1540004014968872,0.036895930767059326,0.00020052136096637696,0.0024062562733888626,0.00842189695686102,0.008622418157756329,0.012833367101848125,0.01904952898621559,0.03649488836526871,0.07399237900972366,0.11770603805780411,0.16101865470409393,0.19731301069259644,0.22057348489761353,0.11610186845064163,0.02546621300280094,0.0,0.0,0.0,0.0427110493183136,0.16944055259227753,0.4162823259830475,0.2285943478345871,0.06637256592512131,0.03870062157511711,0.018046921119093895,0.013033888302743435,0.004611991345882416,0.0016041708877310157,0.0006015640683472157,0.0,0.0,0.0,0.0,0.0,207.8203887939453,172.32073974609375,45.295082092285156
Ripe_198.jpg,Ripe,Ripe,136.51890563964844,56.5097541809082,113.69429016113281,42.99575424194336,69.07807159423828,36.24605178833008,0.0,0.0,0.0004423147765919566,0.010246959514915943,0.1220051571726799,0.24614816904067993,0.0828603059053421,0.06413564085960388,0.07194986939430237,0.07644673436880112,0.055879101157188416,0.03133063018321991,0.0397346094250679,0.07475119829177856,0.11190564185380936,0.012163656763732433,0.0,0.0002211573882959783,0.0063398452475667,0.06155547499656677,0.26170292496681213,0.14190933108329773,0.06693696975708008,0.0726870596408844,0.08315517753362656,0.10829339921474457,0.07224474847316742,0.10180611908435822,0.023074088618159294,7.371912943199277e-05,0.0,0.0,0.0014743825886398554,0.08912643045186996,0.22137854993343353,0.21577589213848114,0.23590122163295746,0.043936602771282196,0.03737559914588928,0.04106155410408974,0.043936602771282196,0.04423147812485695,0.024474751204252243,0.0011057869996875525,0.0002211573882959783,0.0,0.0,0.0,83.00967407226562,79.57678985595703,69.1578369140625
Ripe_2.jpg,Ripe,Ripe,132.29220581054688,37.90680694580078,122.74186706542969,29.377872467041016,42.63794708251953,25.110092163085938,0.0,0.0014400576474145055,0.02448097988963127,0.06768270581960678,0.03084123320877552,0.04632185399532318,0.08052322268486023,0.12708508968353271,0.16944678127765656,0.12084483355283737,0.27829113602638245,0.051122043281793594,0.0016800671583041549,0.00024000959820114076,0.0,0.0,0.0,0.0018000720301643014,0.006480259355157614,0.02052082121372223,0.07152286171913147,0.09048362076282501,0.12564502656459808,0.21540862321853638,0.1456858217716217,0.27193087339401245,0.04632185399532318,0.0015600624028593302,0.0024000960402190685,0.00024000959820114076,0.0,0.0,0.07884315401315689,0.2809312343597412,0.30493220686912537,0.1879275143146515,0.08676347136497498,0.027721108868718147,0.00876035075634718,0.0069602783769369125,0.008400335907936096,0.004440177697688341,0.0008400335791520774,0.002520100912079215,0.000960038392804563,0.0,0.0,0.0,168.1466064453125,150.65829467773438,46.2225456237793
Ripe_20.jpg,Ripe,Ripe,143.0699005126953,46.6490592956543,116.97982025146484,41.34486770629883,28.66754722595215,39.67122268676758,0.0012010568752884865,0.006485707592219114,0.016334373503923416,0.027864521369338036,0.041556570678949356,0.048762910068035126,0.13331732153892517,0.13115541636943817,0.09176074713468552,0.08791736513376236,0.11458083242177963,0.11458083242177963,0.11674273014068604,0.05236608162522316,0.014172472059726715,0.0012010568752884865,0.006966130342334509,0.0220994483679533,0.038193609565496445,0.044439107179641724,0.055008407682180405,0.13187605142593384,0.14484746754169464,0.14148449897766113,0.11650252342224121,0.12971414625644684,0.11025702953338623,0.042517416179180145,0.008647609502077103,0.00600528484210372,0.0014412683667615056,0.0,0.5882776975631714,0.12899351119995117,0.04395868256688118,0.044679317623376846,0.05044439062476158,0.06005284562706947,0.03963487967848778,0.016094163060188293,0.01104972418397665,0.006245496217161417,0.003603170858696103,0.0014412683667615056,0.003603170858696103,0.0019216911168769002,0.0,0.0,177.4562530517578,142.73486328125,6.432032108306885
Ripe_200.jpg,Ripe,Ripe,142.32635498046875,32.0111198425293,121.26959228515625,27.898454666137695,42.53160858154297,24.272653579711914,0.0,0.00011308379180263728,0.0078027816489338875,0.02114666998386383,0.019224245101213455,0.03415130451321602,0.06920728087425232,0.13728372752666473,0.1674771010875702,0.2211918979883194,0.18127332627773285,0.1138753816485405,0.026687774807214737,0.0005654189735651016,0.0,0.0,0.0,0.0011308379471302032,0.005993441212922335,0.02804478071630001,0.04772135987877846,0.09759131819009781,0.1544724702835083,0.20875269174575806,0.24279090762138367,0.13841456174850464,0.06671944260597229,0.008255116641521454,0.00011308379180263728,0.0,0.0,0.0,0.08594368398189545,0.29605337977409363,0.2659730911254883,0.17267896234989166,0.10392400622367859,0.043198008090257645,0.016736401244997978,0.008481284603476524,0.00520185474306345,0.0016962569206953049,0.00011308379180263728,0.0,0.0,0.0,0.0,0.0,171.38214111328125,146.00535583496094,46.12678527832031
Ripe_202.jpg,Ripe,Ripe,141.94088745117188,35.651893615722656,126.99256134033203,28.960773468017578,39.0863037109375,22.04039764404297,0.0,0.0001549426669953391,0.0028664395213127136,0.021691974252462387,0.054694764316082,0.0653083324432373,0.06499844789505005,0.08343663066625595,0.1233343631029129,0.20127053558826447,0.21250388026237488,0.14649829268455505,0.023241400718688965,0.0,0.0,0.0,0.0,0.0012395413359627128,0.006507592275738716,0.019600247964262962,0.0552370622754097,0.07537961006164551,0.1048961877822876,0.16881003975868225,0.2404710203409195,0.21963123977184296,0.09955066442489624,0.008676789700984955,0.0,0.0,0.0,0.0,0.05949798598885536,0.36705920100212097,0.30384257435798645,0.16501393914222717,0.06228695437312126,0.014951967634260654,0.00968391727656126,0.00604276405647397,0.00797954760491848,0.0027114967815577984,0.0008521847194060683,7.747133349766955e-05,0.0,0.0,0.0,0.0,172.34317016601562,150.74879455566406,43.28073501586914
Ripe_203.jpg,Ripe,Ripe,145.5514678955078,38.31764602661133,125.54463958740234,34.77018356323242,42.0663948059082,22.424110412597656,0.0,0.0004547521530184895,0.005457025952637196,0.02107018418610096,0.04016977548599243,0.049946945160627365,0.06806124001741409,0.09777171164751053,0.19061695039272308,0.1394573301076889,0.12634530663490295,0.13907836377620697,0.10209185630083084,0.0194027591496706,7.579202792840078e-05,0.0,0.0,0.0026527210138738155,0.01477944478392601,0.02683037705719471,0.06040624529123306,0.09413369745016098,0.13263604044914246,0.20736698806285858,0.12081249058246613,0.13339397311210632,0.15059876441955566,0.05055328086018562,0.005532817915081978,0.00022737607650924474,7.579202792840078e-05,0.0,0.08988934010267258,0.2202516347169876,0.35584357380867004,0.19243595004081726,0.08852508664131165,0.029937850311398506,0.009625587612390518,0.006290738005191088,0.004699105862528086,0.001894800690934062,0.00022737607650924474,0.00030316811171360314,7.579202792840078e-05,0.0,0.0,0.0,172.3043670654297,149.12881469726562,41.895145416259766
Ripe_21.jpg,Ripe,Ripe,157.29583740234375,55.591453552246094,128.6569366455078,50.09852600097656,24.397165298461914,32.58439254760742,0.006225848104804754,0.007943322882056236,0.007084585726261139,0.017604121938347816,0.03714040294289589,0.08887934684753418,0.11807642877101898,0.06268785148859024,0.055817946791648865,0.06526406109333038,0.07556891441345215,0.11335337162017822,0.10218977928161621,0.12215542793273926,0.10970373451709747,0.010304851457476616,0.016316015273332596,0.013954486697912216,0.02168312668800354,0.04959210008382797,0.07857449352741241,0.11507084220647812,0.0938170924782753,0.07621296495199203,0.11142121255397797,0.10884499549865723,0.0966079831123352,0.10326320677995682,0.08437097817659378,0.029626449570059776,0.0006440532160922885,0.0,0.5787891745567322,0.14791755378246307,0.07857449352741241,0.06032631918787956,0.05882352963089943,0.035637613385915756,0.013310433365404606,0.00837269239127636,0.007728639058768749,0.004937741439789534,0.0036496350076049566,0.0008587376796640456,0.0008587376796640456,0.0002146844199160114,0.0,0.0,211.44065856933594,174.87388610839844,7.019288063049316
Ripe_22.jpg,Ripe,Ripe,150.36117553710938,58.33795928955078,124.2450180053711,50.5455207824707,22.949766159057617,33.19540023803711,0.009114031679928303,0.02183128520846367,0.019923696294426918,0.020983466878533363,0.03030945360660553,0.09389571845531464,0.12844425439834595,0.06697753071784973,0.05574395880103111,0.06273844838142395,0.06125476956367493,0.09622721374034882,0.12144976854324341,0.1197541356086731,0.08859686553478241,0.0027554049156606197,0.027342094108462334,0.020983466878533363,0.02183128520846367,0.035608310252428055,0.09707503020763397,0.1392539143562317,0.08605341613292694,0.06273844838142395,0.06401017308235168,0.11678677052259445,0.1445527821779251,0.12696057558059692,0.0483255609869957,0.007842306047677994,0.0006358626415021718,0.0,0.6246290802955627,0.131411612033844,0.07545570284128189,0.04535820335149765,0.04768969863653183,0.025222551077604294,0.014836795628070831,0.010597710497677326,0.012293344363570213,0.008266214281320572,0.0027554049156606197,0.0010597710497677326,0.0004239084373693913,0.0,0.0,0.0,208.96240234375,172.7089080810547,5.701396465301514
Ripe_23.jpg,Ripe,Ripe,156.1806640625,44.75921630859375,128.1695098876953,38.53258514404297,25.960643768310547,32.941986083984375,0.0,0.0003098853339906782,0.002788968151435256,0.004648280330002308,0.01673380844295025,0.08057019114494324,0.10814998298883438,0.09296560287475586,0.09792377054691315,0.10505113005638123,0.10195227712392807,0.11279826611280441,0.12519368529319763,0.10071273893117905,0.050201427191495895,0.0,0.0012395413359627128,0.0021691974252462387,0.005577936302870512,0.019212890416383743,0.09048651903867722,0.1317012757062912,0.11341803520917892,0.1323210448026657,0.11558723449707031,0.1406879425048828,0.13263092935085297,0.07158351689577103,0.03811589628458023,0.0052680508233606815,0.0,0.0,0.57359778881073,0.10907964408397675,0.10567089915275574,0.0641462653875351,0.05701890215277672,0.03997521102428436,0.021072203293442726,0.013325070030987263,0.011155872605741024,0.004028509370982647,0.000929656031075865,0.0,0.0,0.0,0.0,0.0,209.378662109375,170.68618774414062,4.1903767585754395
Ripe_24.jpg,Ripe,Ripe,153.28567504882812,49.60380554199219,125.97500610351562,44.8011474609375,29.52926254272461,34.666831970214844,0.0003163555811624974,0.008541600778698921,0.01075609028339386,0.011705156415700912,0.023410312831401825,0.04903511703014374,0.15817779302597046,0.09395761042833328,0.09395761042833328,0.0658019632101059,0.08098702877759933,0.1094590350985527,0.1395128071308136,0.09648845344781876,0.05283138155937195,0.005061689298599958,0.010439733974635601,0.01455235667526722,0.019614046439528465,0.026573868468403816,0.05852578207850456,0.16703574359416962,0.127491295337677,0.087630495429039,0.07497627288103104,0.12780766189098358,0.13698196411132812,0.08984498679637909,0.049667827785015106,0.008857956156134605,0.0,0.0,0.5134451389312744,0.13286934792995453,0.09237582981586456,0.07465992122888565,0.07877253741025925,0.05219867080450058,0.022461246699094772,0.017083201557397842,0.008541600778698921,0.007592534180730581,0.0,0.0,0.0,0.0,0.0,0.0,208.61744689941406,172.92840576171875,8.205816268920898
Ripe_25.jpg,Ripe,Ripe,156.88455200195312,45.241737365722656,126.70809936523438,38.689151763916016,23.449655532836914,33.257102966308594,0.008855362422764301,0.009183338843286037,0.006887503899633884,0.014430960640311241,0.01869465410709381,0.02984585054218769,0.06657920777797699,0.11446376144886017,0.08166611939668655,0.11511971056461334,0.11315185576677322,0.13315841555595398,0.18760249018669128,0.09773696213960648,0.0026238111313432455,0.0,0.018366677686572075,0.008527386002242565,0.023614300414919853,0.021646441891789436,0.035421449691057205,0.07084289938211441,0.12659887969493866,0.14857330918312073,0.14857330918312073,0.17710724472999573,0.17645129561424255,0.040669072419404984,0.0026238111313432455,0.0006559527828358114,0.0003279763914179057,0.0,0.6316825151443481,0.12266317009925842,0.055100031197071075,0.04427681118249893,0.041325025260448456,0.04854050651192665,0.029517874121665955,0.012135126627981663,0.011151197366416454,0.0029517875518649817,0.0006559527828358114,0.0,0.0,0.0,0.0,0.0,177.69866943359375,141.42880249023438,6.413907051086426
Ripe_26.jpg,Ripe,Ripe,136.3759002685547,42.41817092895508,111.01351928710938,35.321929931640625,23.841947555541992,31.985637664794922,0.010817307978868484,0.010216346010565758,0.010516826994717121,0.01592548005282879,0.02734375,0.09495192021131516,0.12860576808452606,0.11268028616905212,0.12319711595773697,0.11418269574642181,0.12710335850715637,0.14873798191547394,0.07451923191547394,0.0012019231216982007,0.0,0.0,0.015324519015848637,0.016826923936605453,0.022235576063394547,0.026742788031697273,0.08323317021131516,0.15895432233810425,0.17548076808452606,0.12920673191547394,0.16436298191547394,0.15354567766189575,0.05258413404226303,0.0009014423121698201,0.0006009615608491004,0.0,0.0,0.0,0.6081730723381042,0.12049278616905212,0.06400240212678909,0.06039663404226303,0.06490384787321091,0.040264423936605453,0.018028846010565758,0.012019230984151363,0.008713942021131516,0.002704326994717121,0.0003004807804245502,0.0,0.0,0.0,0.0,0.0,177.24383544921875,142.74261474609375,6.1822662353515625
Ripe_27.jpg,Ripe,Ripe,152.4636688232422,43.093589782714844,125.3459243774414,37.60838317871094,27.54109764099121,32.12617111206055,0.0015867978800088167,0.00285623618401587,0.0034909553360193968,0.00602983171120286,0.018724214285612106,0.10218977928161621,0.09552522748708725,0.06918438524007797,0.09489051252603531,0.10980641096830368,0.12123135477304459,0.14662012457847595,0.14852428436279297,0.07711837440729141,0.0022215170320123434,0.0,0.00285623618401587,0.0047603934071958065,0.00761662982404232,0.030149158090353012,0.08917804062366486,0.12091399729251862,0.11774040013551712,0.11393208801746368,0.1272611916065216,0.16883529722690582,0.14217709004878998,0.07013646513223648,0.004443034064024687,0.0,0.0,0.0,0.5239606499671936,0.13075214624404907,0.09647730737924576,0.09171691536903381,0.07331006228923798,0.0469692163169384,0.014598540030419827,0.008568708784878254,0.009838146157562733,0.00380831491202116,0.0,0.0,0.0,0.0,0.0,0.0,177.85792541503906,143.68670654296875,6.262295246124268
Ripe_28.jpg,Ripe,Ripe,158.1957244873047,46.3585205078125,127.72008514404297,41.21295928955078,27.37312126159668,34.79752731323242,0.0021046302281320095,0.008418520912528038,0.007516536395996809,0.012327119708061218,0.01443174947053194,0.02104630134999752,0.11154539883136749,0.11304870992898941,0.10012026131153107,0.09019843488931656,0.10613349080085754,0.13108839094638824,0.10132291167974472,0.12748046219348907,0.05231509357690811,0.0009019843419082463,0.012327119708061218,0.01202645804733038,0.018340349197387695,0.020444978028535843,0.03217077627778053,0.11605532467365265,0.1614551991224289,0.11515333503484726,0.11665664613246918,0.12778112292289734,0.13740228116512299,0.10342754423618317,0.023752255365252495,0.0024052916560322046,0.0006013229140080512,0.0,0.555622398853302,0.14371617138385773,0.07757065445184708,0.04449789598584175,0.057125676423311234,0.057125676423311234,0.03427540510892868,0.015033072791993618,0.009921828284859657,0.00330727593973279,0.0015033072559162974,0.0003006614570040256,0.0,0.0,0.0,0.0,211.25880432128906,172.50880432128906,7.133802890777588
Ripe_29.jpg,Ripe,Ripe,158.92782592773438,51.15597915649414,124.33184051513672,46.835479736328125,20.419544219970703,30.05647850036621,0.0013812155229970813,0.014157458208501339,0.021408839151263237,0.019337017089128494,0.025897789746522903,0.03729281947016716,0.0904696136713028,0.07562154531478882,0.06802485883235931,0.06526242941617966,0.09081491827964783,0.14502762258052826,0.17921270430088043,0.1239640861749649,0.041091158986091614,0.0010359116131439805,0.029696132987737656,0.024516575038433075,0.02555248700082302,0.026243094354867935,0.05973757058382034,0.0991022065281868,0.09841160476207733,0.09150552749633789,0.1260359138250351,0.15987569093704224,0.13812154531478882,0.09495856612920761,0.022790055721998215,0.0024171271361410618,0.0010359116131439805,0.0,0.6339778900146484,0.15607735514640808,0.0614640899002552,0.046270716935396194,0.03591160103678703,0.029350828379392624,0.011395027860999107,0.01104972418397665,0.0075966850854456425,0.006215469446033239,0.0003453038807492703,0.0003453038807492703,0.0,0.0,0.0,0.0,210.06744384765625,171.83236694335938,7.069364070892334
Ripe_3.jpg,Ripe,Ripe,141.4129638671875,38.560550689697266,131.66033935546875,29.410354614257812,43.6250114440918,21.979965209960938,0.0,0.0004919806960970163,0.005116599611938,0.040440816432237625,0.0722227692604065,0.03906326740980148,0.04723014682531357,0.0814720094203949,0.17160287499427795,0.15025091171264648,0.1907901167869568,0.16314080357551575,0.03817770257592201,0.0,0.0,0.0,0.00019679228716995567,0.001475942088291049,0.004919806960970163,0.011610744521021843,0.03788251429796219,0.08098002523183823,0.09406670928001404,0.16274721920490265,0.2104693502187729,0.21558594703674316,0.14847977459430695,0.03138836845755577,0.00019679228716995567,0.0,0.0,0.0,0.04988684505224228,0.2672439217567444,0.3231329321861267,0.20741906762123108,0.09632982313632965,0.029026862233877182,0.01229951810091734,0.007478106766939163,0.004919806960970163,0.0017711305990815163,0.0002951884234789759,0.00019679228716995567,0.0,0.0,0.0,0.0,171.22454833984375,152.31878662109375,44.384525299072266
Ripe_30.jpg,Ripe,Ripe,149.69700622558594,49.999603271484375,115.17975616455078,45.94160461425781,20.089399337768555,29.802316665649414,0.0,0.0038314175326377153,0.014367816038429737,0.03192847967147827,0.044380586594343185,0.05715198069810867,0.11430396139621735,0.08492975682020187,0.08269476145505905,0.10057470947504044,0.12675607204437256,0.10919540375471115,0.07758620381355286,0.08397190272808075,0.06577266752719879,0.0025542783550918102,0.01692209392786026,0.02777777798473835,0.03544061258435249,0.060025542974472046,0.07790549099445343,0.12452106922864914,0.11270753294229507,0.13314175605773926,0.1325031965970993,0.09961685538291931,0.06353767216205597,0.07279693335294724,0.04054917022585869,0.0019157087663188577,0.0006385695887729526,0.0,0.6331417560577393,0.16698595881462097,0.06449553370475769,0.03735632076859474,0.037675607949495316,0.019795658066868782,0.009897829033434391,0.01564495451748371,0.009259259328246117,0.004789271857589483,0.0006385695887729526,0.0003192847943864763,0.0,0.0,0.0,0.0,179.26605224609375,137.86697387695312,8.905962944030762
Ripe_31.jpg,Ripe,Ripe,165.5568389892578,48.8730354309082,134.23260498046875,42.45145797729492,23.571346282958984,33.43248748779297,0.0017401392105966806,0.005800464190542698,0.007250580005347729,0.00638051051646471,0.014211136847734451,0.05568445473909378,0.09976798295974731,0.07743619382381439,0.06409512460231781,0.05974477902054787,0.10063805431127548,0.12993039190769196,0.11600928008556366,0.18242458999156952,0.07859628647565842,0.0002900231920648366,0.007830626331269741,0.009280742146074772,0.010730858892202377,0.02262181043624878,0.055974479764699936,0.10092807561159134,0.09976798295974731,0.10295823961496353,0.14037123322486877,0.1038283035159111,0.11977957934141159,0.1905452460050583,0.033062644302845,0.002030162373557687,0.0002900231920648366,0.0,0.6470417380332947,0.09338746964931488,0.052494198083877563,0.056844547390937805,0.05336426943540573,0.042633410543203354,0.029872389510273933,0.01131090521812439,0.006670533679425716,0.005800464190542698,0.0005800463841296732,0.0,0.0,0.0,0.0,0.0,212.70701599121094,175.9467315673828,5.102905750274658
Ripe_32.jpg,Ripe,Ripe,164.8309783935547,41.64177322387695,135.7010955810547,37.74544143676758,26.947402954101562,33.689754486083984,0.0,0.0,0.000641436839941889,0.0035279025323688984,0.006735086441040039,0.026619628071784973,0.08466965705156326,0.1324567049741745,0.08466965705156326,0.08595253527164459,0.11096856743097305,0.14817190170288086,0.1359845995903015,0.11866581439971924,0.05901218578219414,0.0019243104616180062,0.0,0.0009621552308090031,0.0038486209232360125,0.00962155219167471,0.04361770302057266,0.1343810111284256,0.12059012055397034,0.09236690402030945,0.12924951314926147,0.1606799215078354,0.13406029343605042,0.10647851228713989,0.0596536248922348,0.004490057937800884,0.0,0.0,0.5237331390380859,0.16869787871837616,0.11610006541013718,0.061257217079401016,0.034958306699991226,0.032392557710409164,0.02501603588461876,0.01539448369294405,0.011225144378840923,0.008338678628206253,0.0028864657506346703,0.0,0.0,0.0,0.0,0.0,178.02337646484375,143.45863342285156,7.787769794464111
Ripe_33.jpg,Ripe,Ripe,167.74339294433594,44.72618103027344,141.03492736816406,39.36176300048828,27.25726318359375,28.648120880126953,0.0,0.0,0.0009794319048523903,0.005223636981099844,0.018935684114694595,0.03656546026468277,0.10675808042287827,0.06921318918466568,0.06823375821113586,0.07802807539701462,0.11002285033464432,0.10708455741405487,0.1413646787405014,0.21971923112869263,0.03787136822938919,0.0,0.0,0.00032647731131874025,0.006529546342790127,0.026118185371160507,0.04244204983115196,0.09304603189229965,0.09206660091876984,0.09304603189229965,0.11165524274110794,0.12602023780345917,0.15703558921813965,0.20633366703987122,0.04538034647703171,0.0,0.0,0.0,0.4544564187526703,0.2442050278186798,0.12373489886522293,0.059418871998786926,0.04799216613173485,0.028077049180865288,0.01795625127851963,0.013059092685580254,0.007508978247642517,0.0035912503954023123,0.0,0.0,0.0,0.0,0.0,0.0,209.40321350097656,177.25677490234375,10.821464538574219
Ripe_34.jpg,Ripe,Ripe,172.1496124267578,46.698890686035156,143.12962341308594,44.591915130615234,21.624469757080078,32.98481750488281,0.0045427014119923115,0.005754088517278433,0.0030284675303846598,0.0042398544028401375,0.006965475622564554,0.023319199681282043,0.057843729853630066,0.09721381217241287,0.09267111122608185,0.0938824936747551,0.07752876728773117,0.09691096097230911,0.15051484107971191,0.14960630238056183,0.12810418009757996,0.007874015718698502,0.010599636472761631,0.004845547955483198,0.011811023578047752,0.017565112560987473,0.029981829226017,0.06723198294639587,0.12083585560321808,0.12235008925199509,0.08328285813331604,0.08782555907964706,0.14718352258205414,0.14173229038715363,0.14021804928779602,0.014536644332110882,0.0,0.0,0.6768624782562256,0.089945487678051,0.06268928200006485,0.04421562701463699,0.04300424084067345,0.0248334351927042,0.027559055015444756,0.011811023578047752,0.011508177034556866,0.0060569350607693195,0.0015142337651923299,0.0,0.0,0.0,0.0,0.0,208.7369842529297,176.1268310546875,5.871829032897949
Ripe_35.jpg,Ripe,Ripe,160.5427703857422,44.24689865112305,130.47323608398438,38.939762115478516,22.304615020751953,29.733726501464844,0.0,0.0,0.005846153944730759,0.02215384691953659,0.023076923564076424,0.04153846204280853,0.08584615588188171,0.07046154141426086,0.0615384615957737,0.11876922845840454,0.11969231069087982,0.15661539137363434,0.1473846137523651,0.12523077428340912,0.02184615470468998,0.0,0.0009230769355781376,0.013230768963694572,0.02461538463830948,0.02800000086426735,0.048307690769433975,0.0812307670712471,0.0852307677268982,0.11969231069087982,0.18246154487133026,0.15784615278244019,0.13600000739097595,0.11323077231645584,0.009230769239366055,0.0,0.0,0.0,0.6123076677322388,0.15169230103492737,0.07292307913303375,0.054769229143857956,0.032923076301813126,0.03446153923869133,0.017230769619345665,0.013230768963694572,0.006769230589270592,0.0036923077423125505,0.0,0.0,0.0,0.0,0.0,0.0,178.381591796875,141.72801208496094,7.474966049194336
Ripe_36.jpg,Ripe,Ripe,125.939208984375,41.79829025268555,100.39642333984375,37.419456481933594,23.044734954833984,32.37939453125,0.008488185703754425,0.007570543792098761,0.00917641632258892,0.02477632462978363,0.08121128380298615,0.1459050178527832,0.12640513479709625,0.10231704264879227,0.10552879422903061,0.12846983969211578,0.1296168863773346,0.088093601167202,0.039688002318143845,0.00229410408064723,0.0002294104197062552,0.0002294104197062552,0.011699930764734745,0.017894012853503227,0.042211517691612244,0.098187655210495,0.15508143603801727,0.13994035124778748,0.12617573142051697,0.13236981630325317,0.14177563786506653,0.08488185703754425,0.04014682397246361,0.006652901880443096,0.00229410408064723,0.0004588208394125104,0.0002294104197062552,0.0,0.6155081391334534,0.14865794777870178,0.058040834963321686,0.06125257909297943,0.04312915727496147,0.028217481449246407,0.011241110041737556,0.013535214588046074,0.009405827149748802,0.007111723069101572,0.0016058728797361255,0.0016058728797361255,0.0004588208394125104,0.0002294104197062552,0.0,0.0,144.77398681640625,111.72798919677734,6.528252124786377
Ripe_37.jpg,Ripe,Ripe,173.67076110839844,53.28801345825195,142.86032104492188,50.69105529785156,15.914276123046875,28.386951446533203,0.0017076502554118633,0.004781420808285475,0.004781420808285475,0.012295082211494446,0.02322404459118843,0.0659153014421463,0.08743169158697128,0.06113388016819954,0.03756830468773842,0.04234972596168518,0.0450819656252861,0.08299180120229721,0.12226776033639908,0.2670764923095703,0.13831967115402222,0.0030737705528736115,0.01024590153247118,0.012978142127394676,0.016051912680268288,0.048155736178159714,0.07172130793333054,0.08948087692260742,0.04337431862950325,0.0450819656252861,0.053620219230651855,0.07821038365364075,0.14344261586666107,0.2599043846130371,0.12192623317241669,0.004781420808285475,0.0010245901066809893,0.0,0.750683069229126,0.08094262331724167,0.05942622944712639,0.029713114723563194,0.029371583834290504,0.014344261959195137,0.012636612169444561,0.0071721309795975685,0.009221311658620834,0.00512295076623559,0.0013661201810464263,0.0,0.0,0.0,0.0,0.0,212.2915802001953,178.21047973632812,3.797741174697876
Ripe_38.jpg,Ripe,Ripe,148.96749877929688,47.65638732910156,116.12701416015625,44.810333251953125,22.5256404876709,31.511207580566406,0.004472272004932165,0.01818723976612091,0.014013119041919708,0.01967799663543701,0.025641025975346565,0.03607632592320442,0.08407871425151825,0.1460942178964615,0.09302325546741486,0.09033989161252975,0.10226595401763916,0.14221824705600739,0.13506260514259338,0.07751937955617905,0.011031604371964931,0.0002981514553539455,0.03548002243041992,0.019976148381829262,0.025939177721738815,0.03726893290877342,0.06768038123846054,0.13059033453464508,0.14072749018669128,0.08586762100458145,0.11091234534978867,0.173225998878479,0.11866427958011627,0.044722720980644226,0.007155634928494692,0.001192605821415782,0.000596302910707891,0.0,0.6019678115844727,0.1618962436914444,0.07811567932367325,0.04442456737160683,0.03607632592320442,0.03249850869178772,0.01878354139626026,0.011031604371964931,0.007453786674886942,0.004174120258539915,0.0014907573349773884,0.0014907573349773884,0.000596302910707891,0.0,0.0,0.0,180.2721710205078,143.2681427001953,8.421370506286621
Ripe_39.jpg,Ripe,Ripe,162.19000244140625,52.326045989990234,129.23458862304688,50.2768440246582,23.721521377563477,33.67632293701172,0.0044351075775921345,0.010504201985895634,0.008169935084879398,0.012138188816606998,0.01914099045097828,0.04435107484459877,0.09407096356153488,0.10901027172803879,0.08193277567625046,0.07189542800188065,0.07913165539503098,0.09267040342092514,0.10480859130620956,0.1556956171989441,0.1031746044754982,0.008870215155184269,0.02240896411240101,0.01423902902752161,0.024276377633213997,0.03781512752175331,0.06839402765035629,0.11087768524885178,0.11157796531915665,0.08520074933767319,0.08193277567625046,0.08893557637929916,0.12441643327474594,0.13818861544132233,0.07656396180391312,0.011204482056200504,0.00373482727445662,0.00023342670465353876,0.593137264251709,0.16246499121189117,0.07399626821279526,0.04575163498520851,0.03898226097226143,0.03361344709992409,0.01984127052128315,0.00957049522548914,0.009337068535387516,0.007002801168709993,0.004668534267693758,0.0004668534093070775,0.0004668534093070775,0.0007002801285125315,0.0,0.0,211.48069763183594,174.50067138671875,7.962716579437256
Ripe_4.jpg,Ripe,Ripe,141.32228088378906,38.26914978027344,123.75802612304688,33.966217041015625,45.93944549560547,26.022626876831055,0.00035273368121124804,0.007054673507809639,0.013991769403219223,0.029629629105329514,0.03786008059978485,0.036213990300893784,0.07089947164058685,0.11287477612495422,0.1428571492433548,0.18930041790008545,0.15155790746212006,0.15696649253368378,0.05020575970411301,0.00023515579232480377,0.0,0.0,0.00047031158464960754,0.00964138749986887,0.01657848246395588,0.0390358604490757,0.05373309925198555,0.07125220447778702,0.13850675523281097,0.1426219940185547,0.22128160297870636,0.1394473910331726,0.1600235104560852,0.007407407276332378,0.0,0.0,0.0,0.0,0.09512051939964294,0.2029394507408142,0.2790123522281647,0.2087007611989975,0.12580834329128265,0.045502644032239914,0.021281598135828972,0.00964138749986887,0.0063492064364254475,0.005055849440395832,0.0005878894589841366,0.0,0.0,0.0,0.0,0.0,169.40655517578125,146.90846252441406,45.55759048461914
Ripe_40.jpg,Ripe,Ripe,158.13124084472656,42.66035461425781,124.85111999511719,40.78067398071289,23.472944259643555,33.038211822509766,0.0005979073466733098,0.003288490232080221,0.008370702154934406,0.012257100082933903,0.012556053698062897,0.024514200165867805,0.1001494750380516,0.10224214941263199,0.10732436180114746,0.09596412628889084,0.11778774112462997,0.14499253034591675,0.1590433418750763,0.08938714861869812,0.0197309423238039,0.0017937219236046076,0.006875934079289436,0.014947683550417423,0.021524664014577866,0.030493274331092834,0.06128549948334694,0.10822122544050217,0.12406577169895172,0.12436472624540329,0.12735426425933838,0.14917787909507751,0.14499253034591675,0.06905829906463623,0.01285500731319189,0.003288490232080221,0.0014947683084756136,0.0,0.5838565230369568,0.18535126745700836,0.06307922303676605,0.0394618846476078,0.04304932802915573,0.02929745800793171,0.022421523928642273,0.013153960928320885,0.010463378392159939,0.006278026849031448,0.002391629386693239,0.0008968609618023038,0.0002989536733366549,0.0,0.0,0.0,179.02667236328125,141.72166442871094,7.355000019073486
Ripe_41.jpg,Ripe,Ripe,152.85801696777344,52.389747619628906,121.94184875488281,47.69913864135742,21.79121971130371,33.18803787231445,0.002802428789436817,0.005137786269187927,0.008173750713467598,0.018449323251843452,0.045072395354509354,0.10789350420236588,0.09855207800865173,0.07239607721567154,0.06328818202018738,0.06912657618522644,0.09504904597997665,0.11256422102451324,0.10275571793317795,0.14432507753372192,0.05347968265414238,0.0009341429104097188,0.010275572538375854,0.013778608292341232,0.03339561074972153,0.07192900776863098,0.10065390169620514,0.1011209711432457,0.08734236657619476,0.09528257697820663,0.11186361312866211,0.10695936530828476,0.10345632582902908,0.12260625511407852,0.0315273255109787,0.006539000663906336,0.0030359644442796707,0.0002335357276024297,0.6405885219573975,0.13778607547283173,0.06375525146722794,0.049976646900177,0.03829985857009888,0.026156002655625343,0.013311536982655525,0.010042036883533001,0.007940215058624744,0.0035030359867960215,0.003269500331953168,0.0011676786234602332,0.0009341429104097188,0.002101821592077613,0.0011676786234602332,0.0,211.6023406982422,174.99087524414062,6.565840721130371
Ripe_42.jpg,Ripe,Ripe,176.10447692871094,49.98087692260742,145.23635864257812,46.429840087890625,22.618471145629883,33.2117805480957,0.0005772005533799529,0.002597402548417449,0.0017316017765551805,0.005194805096834898,0.012987012974917889,0.03867243975400925,0.08225107938051224,0.0860028862953186,0.06089466065168381,0.07070706784725189,0.07619047909975052,0.07417027652263641,0.10072150081396103,0.17489176988601685,0.18701298534870148,0.02539682574570179,0.003463203553110361,0.004617604427039623,0.01183261163532734,0.022510822862386703,0.04992784932255745,0.09090909361839294,0.08629148453474045,0.09841269999742508,0.07792207598686218,0.0972582995891571,0.10620490461587906,0.1567099541425705,0.1593073606491089,0.03318903222680092,0.0011544011067599058,0.00028860027668997645,0.6401154398918152,0.11544011533260345,0.07099567353725433,0.0476190485060215,0.04126984253525734,0.036363635212183,0.019336219877004623,0.009812409989535809,0.009523809887468815,0.005772005766630173,0.0008658008882775903,0.0011544011067599058,0.0011544011067599058,0.0005772005533799529,0.0,0.0,212.97677612304688,175.86842346191406,5.569659233093262
Ripe_43.jpg,Ripe,Ripe,170.99029541015625,47.573699951171875,141.9115447998047,43.124855041503906,28.44078826904297,35.542083740234375,0.0005877166986465454,0.001763150212354958,0.0023508667945861816,0.009109608829021454,0.013517485000193119,0.0285042617470026,0.08051718771457672,0.0893329381942749,0.08316191285848618,0.10343814641237259,0.0796356126666069,0.08022332936525345,0.11049074679613113,0.1839553266763687,0.12312665581703186,0.010285042226314545,0.0023508667945861816,0.003526300424709916,0.013811343349516392,0.019394651055336,0.03379371017217636,0.08992065489292145,0.1172494888305664,0.11254775524139404,0.08580663800239563,0.09521010518074036,0.13223625719547272,0.1766088753938675,0.09991183876991272,0.01645606756210327,0.000881575106177479,0.0002938583493232727,0.5251249074935913,0.15633264183998108,0.09462238848209381,0.06553041189908981,0.05318836495280266,0.040846310555934906,0.02821040339767933,0.015574493445456028,0.008815750479698181,0.006171025335788727,0.0023508667945861816,0.000881575106177479,0.0005877166986465454,0.000881575106177479,0.0005877166986465454,0.0002938583493232727,213.30198669433594,175.75082397460938,7.044554233551025
Ripe_44.jpg,Ripe,Ripe,143.9925994873047,45.70412826538086,107.2471923828125,43.09881591796875,20.277061462402344,29.74677085876465,0.0010961907682940364,0.0043847630731761456,0.007399287540465593,0.014798575080931187,0.03398191183805466,0.07371882349252701,0.13702383637428284,0.13921622931957245,0.13044670224189758,0.09345026314258575,0.06933406740427017,0.0731707289814949,0.1189366951584816,0.0868731141090393,0.01589476503431797,0.0002740476920735091,0.009043573401868343,0.025486433878540993,0.04466977342963219,0.07563716173171997,0.11921074241399765,0.16114003956317902,0.13483145833015442,0.09756097197532654,0.07728144526481628,0.10879693180322647,0.08988764137029648,0.05069882050156593,0.0043847630731761456,0.0010961907682940364,0.0002740476920735091,0.0,0.6341463327407837,0.16881337761878967,0.0531652495265007,0.03343381732702255,0.03809262812137604,0.030145244672894478,0.021649766713380814,0.00931762158870697,0.008221430703997612,0.0024664292577654123,0.0005480953841470182,0.0,0.0,0.0,0.0,0.0,115.69327545166016,75.9579849243164,7.668067455291748
Ripe_45.jpg,Ripe,Ripe,142.70571899414062,51.38653564453125,108.56166076660156,50.07502365112305,19.307174682617188,29.535484313964844,0.00868834089487791,0.014293721877038479,0.018497757613658905,0.029428251087665558,0.03054932691156864,0.07623318582773209,0.12079596519470215,0.11771300435066223,0.09136771410703659,0.09052690863609314,0.07987668365240097,0.08688341081142426,0.11715246737003326,0.10201793909072876,0.015975335612893105,0.0,0.04288116469979286,0.03391255438327789,0.04007847607135773,0.07679372280836105,0.10061658918857574,0.11715246737003326,0.12443946301937103,0.08800448477268219,0.0742712989449501,0.09669282287359238,0.11463004350662231,0.07006726413965225,0.019338564947247505,0.0011210762895643711,0.0,0.0,0.6729260087013245,0.1420964151620865,0.05016816034913063,0.03139013424515724,0.03531390056014061,0.030829597264528275,0.014573991298675537,0.009248878806829453,0.008408071473240852,0.0044843051582574844,0.0005605381447821856,0.0,0.0,0.0,0.0,0.0,209.4340362548828,172.94837951660156,6.437858581542969
Ripe_46.jpg,Ripe,Ripe,158.5443115234375,56.15468215942383,124.34667205810547,54.074302673339844,19.175886154174805,28.361780166625977,0.0013426423538476229,0.004296455532312393,0.011009667068719864,0.018528463318943977,0.043233081698417664,0.09103114902973175,0.1036519855260849,0.06954887509346008,0.06928034126758575,0.07196562737226486,0.07438238710165024,0.06847475469112396,0.0861976370215416,0.15037593245506287,0.12003222107887268,0.01664876565337181,0.015306122601032257,0.02577873319387436,0.04189043864607811,0.07196562737226486,0.08780881017446518,0.10445757210254669,0.09291084855794907,0.07411385327577591,0.07250268757343292,0.0749194398522377,0.08566057682037354,0.13641245663166046,0.0966702476143837,0.01933404989540577,0.0002685284707695246,0.0,0.6482276916503906,0.15870031714439392,0.06605800241231918,0.033834587782621384,0.034103114157915115,0.024704618379473686,0.013963480480015278,0.009667024947702885,0.006713211536407471,0.0034908701200038195,0.0005370569415390491,0.0,0.0,0.0,0.0,0.0,213.48220825195312,176.09429931640625,6.8736653327941895
Ripe_47.jpg,Ripe,Ripe,167.87896728515625,51.130279541015625,137.37591552734375,45.88072967529297,20.695344924926758,32.92103576660156,0.0025682183913886547,0.004173354711383581,0.005457463674247265,0.009951845742762089,0.020545747131109238,0.04333868250250816,0.10433387011289597,0.06581059098243713,0.06003210321068764,0.09438202530145645,0.11011236160993576,0.06613162159919739,0.097592294216156,0.16853933036327362,0.13386838138103485,0.013162118382751942,0.00609951838850975,0.004815409425646067,0.014446227811276913,0.028250401839613914,0.05425361171364784,0.1091492772102356,0.097592294216156,0.13386838138103485,0.07126805931329727,0.07544141262769699,0.12263242155313492,0.1550561785697937,0.12327447533607483,0.0038523273542523384,0.0,0.0,0.6792937517166138,0.10080257058143616,0.057463884353637695,0.04558587446808815,0.04333868250250816,0.022792937234044075,0.01637239195406437,0.01123595517128706,0.011556982062757015,0.009951845742762089,0.0016051364364102483,0.0,0.0,0.0,0.0,0.0,212.64744567871094,175.09884643554688,5.087314605712891
Ripe_48.jpg,Ripe,Ripe,143.87680053710938,46.00444030761719,117.79151916503906,40.77092742919922,30.817195892333984,35.49460220336914,0.0,0.004240282811224461,0.009658421389758587,0.010600706562399864,0.015783274546265602,0.10859835147857666,0.16607773303985596,0.14181390404701233,0.06808009743690491,0.07938751578330994,0.07067137956619263,0.10954063385725021,0.12485276907682419,0.07349823415279388,0.01719670183956623,0.0,0.010129564441740513,0.008951707743108273,0.013663132674992085,0.020023556426167488,0.1347467601299286,0.16348645091056824,0.14204947650432587,0.09964664280414581,0.07396937906742096,0.12084805965423584,0.14275617897510529,0.05700824409723282,0.010600706562399864,0.0021201414056122303,0.0,0.0,0.5041224956512451,0.1533568948507309,0.0742049440741539,0.061012957245111465,0.06972908973693848,0.0772673711180687,0.030388692393898964,0.010365135036408901,0.012720848433673382,0.006360424216836691,0.00047114252811297774,0.0,0.0,0.0,0.0,0.0,207.0618133544922,171.16165161132812,8.2725830078125
Ripe_49.jpg,Ripe,Ripe,165.86892700195312,42.19051742553711,134.748291015625,37.8390998840332,22.001096725463867,31.277456283569336,0.0,0.0,0.00027419798425398767,0.004112969618290663,0.007129147183150053,0.02714559994637966,0.10008225589990616,0.09816287457942963,0.12201809883117676,0.07019468396902084,0.07842061668634415,0.11461475491523743,0.19166438281536102,0.13134083151817322,0.054565396159887314,0.00027419798425398767,0.0010967919370159507,0.001645187847316265,0.004935563541948795,0.013709898106753826,0.04140389338135719,0.1376473754644394,0.1458733230829239,0.0740334540605545,0.08938854187726974,0.1425829380750656,0.20482587814331055,0.1072114035487175,0.03537153825163841,0.0,0.00027419798425398767,0.0,0.6536879539489746,0.10090485215187073,0.06772689521312714,0.04551686346530914,0.050452426075935364,0.042774882167577744,0.01562928408384323,0.01014532521367073,0.011242116801440716,0.001645187847316265,0.00027419798425398767,0.0,0.0,0.0,0.0,0.0,208.37196350097656,171.11810302734375,5.0154523849487305
Ripe_5.jpg,Ripe,Ripe,144.4638214111328,29.041126251220703,134.02679443359375,33.73396301269531,87.48363494873047,66.19934844970703,0.00013810247764922678,0.001933434628881514,0.011255351826548576,0.01781521923840046,0.018367629498243332,0.027206186205148697,0.05234083533287048,0.08610688894987106,0.11759425699710846,0.2204115390777588,0.4219720959663391,0.024858444929122925,0.0,0.0,0.0,0.0,6.905123882461339e-05,0.0031763568986207247,0.008976660668849945,0.02589421346783638,0.04191410169005394,0.06124844774603844,0.11773236095905304,0.1430051028728485,0.11269161850214005,0.09957188367843628,0.3846844434738159,0.0010357685387134552,0.0,0.0,0.0,0.0,0.08313769102096558,0.24872255325317383,0.15149840712547302,0.054826680570840836,0.018643833696842194,0.010357685387134552,0.006145560182631016,0.004971689078956842,0.0044883303344249725,0.07036320865154266,0.34643006324768066,0.0004143074038438499,0.0,0.0,0.0,0.0,163.24105834960938,166.49798583984375,164.49989318847656
Ripe_50.jpg,Ripe,Ripe,163.8112030029297,56.99968338012695,132.89796447753906,51.948631286621094,20.986513137817383,32.37102508544922,0.020356234163045883,0.015012722462415695,0.014249363914132118,0.01882951706647873,0.01272264588624239,0.02111959271132946,0.08371501415967941,0.0956742987036705,0.0776081457734108,0.05852417275309563,0.06666667014360428,0.08931297808885574,0.12061068415641785,0.18804071843624115,0.10941475629806519,0.008142493665218353,0.04020356386899948,0.01679389365017414,0.018320610746741295,0.016030535101890564,0.05318066105246544,0.0926208645105362,0.10916030406951904,0.08473282307386398,0.08473282307386398,0.08498727530241013,0.14783714711666107,0.14478372037410736,0.09134860336780548,0.014503817074000835,0.0007633587811142206,0.0,0.6768447756767273,0.10330788791179657,0.04656488448381424,0.04554707556962967,0.045038167387247086,0.03104325756430626,0.02442748099565506,0.012977099046111107,0.008142493665218353,0.004580152686685324,0.0015267175622284412,0.0,0.0,0.0,0.0,0.0,211.68650817871094,175.1710968017578,5.436769485473633
Ripe_51.jpg,Ripe,Ripe,160.81312561035156,48.48465347290039,126.77967834472656,46.75559616088867,20.158538818359375,30.192943572998047,0.0002552974328864366,0.002552974270656705,0.008680112659931183,0.011743681505322456,0.011998978443443775,0.06510084122419357,0.11462854593992233,0.0679091140627861,0.07761041820049286,0.09292826056480408,0.10901200026273727,0.10569313168525696,0.12279806286096573,0.13045698404312134,0.06459024548530579,0.014041358605027199,0.013530763797461987,0.009956599213182926,0.009956599213182926,0.05233597010374069,0.09241766482591629,0.10288485884666443,0.10952259600162506,0.11488384008407593,0.10390605032444,0.09931069612503052,0.1077355146408081,0.10569313168525696,0.056676026433706284,0.01914730668067932,0.0017870819428935647,0.0002552974328864366,0.6704110503196716,0.11079908162355423,0.06025019288063049,0.05488894507288933,0.041358184069395065,0.025019146502017975,0.013275465928018093,0.009190707467496395,0.008935409598052502,0.0033188664820045233,0.002552974270656705,0.0,0.0,0.0,0.0,0.0,211.1585693359375,174.79449462890625,7.3155341148376465
Ripe_52.jpg,Ripe,Ripe,167.08351135253906,46.444496154785156,131.4238739013672,44.7201042175293,15.660431861877441,27.925329208374023,0.0,0.00026343518402427435,0.0013171759201213717,0.0026343518402427435,0.009747101925313473,0.0648050606250763,0.09668071568012238,0.07982086390256882,0.08113803714513779,0.07665964215993881,0.08429925888776779,0.09035827219486237,0.13856691122055054,0.20758692920207977,0.06585879623889923,0.00026343518402427435,0.000790305610280484,0.005005268845707178,0.01554267667233944,0.053477343171834946,0.09193888306617737,0.10010537505149841,0.09589041024446487,0.07534246891736984,0.08482613414525986,0.11907270550727844,0.1562170684337616,0.15648050606250763,0.042149629443883896,0.002370916772633791,0.000790305610280484,0.0,0.7502634525299072,0.10642781853675842,0.039251845329999924,0.03477344661951065,0.01923076994717121,0.016069546341896057,0.009747101925313473,0.007903056219220161,0.008956796489655972,0.005532138980925083,0.0018440464045852423,0.0,0.0,0.0,0.0,0.0,212.29110717773438,174.26596069335938,4.325918674468994
Ripe_53.jpg,Ripe,Ripe,202.65940856933594,51.25574493408203,175.2938995361328,53.392555236816406,29.38613510131836,40.73214340209961,0.0,0.0005729017429985106,0.0025780578143894672,0.005442566704005003,0.0051561156287789345,0.008593526668846607,0.014322543516755104,0.04468633607029915,0.07791464030742645,0.09281007945537567,0.09510169178247452,0.05643082037568092,0.04984245076775551,0.0627327412366867,0.08908621966838837,0.3947293162345886,0.001432254328392446,0.006301918998360634,0.006874821148812771,0.006301918998360634,0.009739330038428307,0.03953022137284279,0.06301919370889664,0.08335720747709274,0.10340876877307892,0.10512746870517731,0.0590088814496994,0.046691492199897766,0.048696648329496384,0.12861643731594086,0.2560870945453644,0.035806357860565186,0.5923804044723511,0.11572615057229996,0.06416499614715576,0.033228300511837006,0.0340876542031765,0.038097966462373734,0.04067602381110191,0.048696648329496384,0.02663993090391159,0.0037238614168018103,0.001432254328392446,0.0011458034859970212,0.0,0.0,0.0,0.0,252.6670379638672,232.67144775390625,5.308710098266602
Ripe_54.jpg,Ripe,Ripe,158.79281616210938,51.26652908325195,124.74992370605469,45.585025787353516,20.355894088745117,29.58596420288086,0.0012710518203675747,0.006673021707683802,0.009850651025772095,0.019383540377020836,0.030823005363345146,0.05592627823352814,0.10708611458539963,0.08579599857330322,0.06164601072669029,0.08198284357786179,0.08547823131084442,0.09945980459451675,0.11217032372951508,0.19510644674301147,0.04607562720775604,0.0012710518203675747,0.015570384450256824,0.01970130205154419,0.027645377442240715,0.04258023574948311,0.0730854794383049,0.10549730062484741,0.09977756440639496,0.0838894173502922,0.10676834732294083,0.11947886645793915,0.1989196091890335,0.08802033960819244,0.015252621844410896,0.0034953923895955086,0.0003177629550918937,0.0,0.6272640824317932,0.15347950160503387,0.08484270423650742,0.03940260410308838,0.03654273971915245,0.02065459080040455,0.013346043415367603,0.00826183706521988,0.008579599671065807,0.0057197329588234425,0.001906577730551362,0.0,0.0,0.0,0.0,0.0,212.59405517578125,170.1004180908203,5.628005504608154
Ripe_55.jpg,Ripe,Ripe,165.73785400390625,52.593292236328125,149.82533264160156,44.21489334106445,56.12063980102539,36.08433532714844,0.0020011435262858868,0.005431675352156162,0.010863350704312325,0.009719840250909328,0.018582046031951904,0.0443110354244709,0.10434533655643463,0.09005145728588104,0.07690108567476273,0.07747284322977066,0.08461978286504745,0.08633504807949066,0.08976557850837708,0.11492281407117844,0.17924527823925018,0.005431675352156162,0.0008576329564675689,0.00600343057885766,0.014865637756884098,0.011149228550493717,0.024585478007793427,0.05202973261475563,0.10434533655643463,0.1152086928486824,0.11863922327756882,0.0957690104842186,0.10291595011949539,0.10834762454032898,0.1906803846359253,0.05374499782919884,0.0008576329564675689,0.0,0.12921670079231262,0.14522583782672882,0.1578044593334198,0.21755288541316986,0.11892510205507278,0.07861635088920593,0.05946255102753639,0.04831332340836525,0.02915951982140541,0.009719840250909328,0.004859920125454664,0.0011435105698183179,0.0,0.0,0.0,0.0,229.9049835205078,203.6990966796875,54.25113296508789
Ripe_56.jpg,Ripe,Ripe,154.01356506347656,56.24037551879883,133.79039001464844,47.64192199707031,41.375885009765625,35.13481140136719,0.007665094453841448,0.007665094453841448,0.012087264098227024,0.021521225571632385,0.056898586452007294,0.0695754736661911,0.09964622557163239,0.07458726316690445,0.07222877442836761,0.08225236088037491,0.09463443607091904,0.08903302252292633,0.08608490228652954,0.09257075190544128,0.12087263911962509,0.012676887214183807,0.01179245300590992,0.012087264098227024,0.021226415410637856,0.033018868416547775,0.06279481202363968,0.08431603759527206,0.10701651126146317,0.10170990228652954,0.11379717290401459,0.09758254885673523,0.10259433835744858,0.13001179695129395,0.11261792480945587,0.009433962404727936,0.0,0.0,0.2951061427593231,0.16568395495414734,0.16597877442836761,0.13590802252292633,0.07576651126146317,0.0681014135479927,0.049528300762176514,0.02358490601181984,0.013266509398818016,0.005601414944976568,0.00147405662573874,0.0,0.0,0.0,0.0,0.0,173.1087646484375,144.97885131835938,10.317220687866211
Ripe_57.jpg,Ripe,Ripe,175.2894287109375,59.702171325683594,149.14425659179688,50.72089767456055,31.136919021606445,31.9716854095459,0.0,0.0012224939418956637,0.00947432778775692,0.01955990307033062,0.025061124935746193,0.06326405704021454,0.08618582040071487,0.07243276387453079,0.06173594295978546,0.06356967985630035,0.049511004239320755,0.06081907078623772,0.06632029265165329,0.088630810379982,0.18887530267238617,0.1433374136686325,0.003361858194693923,0.0076405867002904415,0.016198044642806053,0.023533007130026817,0.04095354676246643,0.09627139568328857,0.09657701849937439,0.08526895195245743,0.06479217857122421,0.06234718859195709,0.08557457476854324,0.13814181089401245,0.1751222461462021,0.09566015005111694,0.008557457476854324,0.0,0.42237162590026855,0.18429096043109894,0.14455990493297577,0.08985330164432526,0.06784841418266296,0.04156479239463806,0.02200488932430744,0.012224938720464706,0.008557457476854324,0.006418093107640743,0.00030562348547391593,0.0,0.0,0.0,0.0,0.0,237.82073974609375,200.81370544433594,11.049209594726562
Ripe_58.jpg,Ripe,Ripe,179.90269470214844,54.793861389160156,156.2045440673828,48.01959991455078,44.26811218261719,41.06549072265625,0.0014204545877873898,0.00639204541221261,0.006036931648850441,0.013849431648850441,0.02734375,0.053622160106897354,0.06569602340459824,0.04261363670229912,0.038352273404598236,0.05291193351149559,0.059303976595401764,0.07954545319080353,0.10369317978620529,0.17223010957241058,0.24573864042758942,0.03125,0.0021306818816810846,0.008522727526724339,0.013849431648850441,0.0234375,0.04119318351149559,0.059659089893102646,0.06924715638160706,0.05326704680919647,0.057883523404598236,0.09446022659540176,0.10440340638160706,0.16264204680919647,0.23970170319080353,0.06711647659540176,0.0024857954122126102,0.0,0.34872159361839294,0.13529829680919647,0.11363636702299118,0.09090909361839294,0.07599432021379471,0.08025567978620529,0.07421875,0.05291193351149559,0.020241476595401764,0.004261363763362169,0.0035511364694684744,0.0,0.0,0.0,0.0,0.0,211.21022033691406,175.28692626953125,6.6335225105285645
Ripe_59.jpg,Ripe,Ripe,173.31576538085938,47.70579147338867,150.7636260986328,39.74910354614258,49.04793167114258,39.623268127441406,0.0029271862003952265,0.0062202708795666695,0.008415660820901394,0.00804976187646389,0.009879253804683685,0.02451518550515175,0.03512623533606529,0.08891328424215317,0.09220636636018753,0.09037687629461288,0.086717888712883,0.1181851476430893,0.12806439399719238,0.15001828968524933,0.12879619002342224,0.021587997674942017,0.0014635931001976132,0.006952067371457815,0.010976948775351048,0.012806439772248268,0.019026709720492363,0.038053419440984726,0.06988657265901566,0.10720819979906082,0.1284302920103073,0.13648006319999695,0.14562751352787018,0.1558726727962494,0.1485546976327896,0.016831321641802788,0.001829491346143186,0.0,0.2100256085395813,0.16319063305854797,0.20160995423793793,0.16172704100608826,0.07061836868524551,0.04720087721943855,0.04354189708828926,0.042078301310539246,0.029271861538290977,0.022685693576931953,0.005854372400790453,0.001829491346143186,0.0003658982750494033,0.0,0.0,0.0,206.07940673828125,174.4264678955078,17.802940368652344
Ripe_6.jpg,Ripe,Ripe,142.03341674804688,38.35713577270508,123.93865966796875,34.74477005004883,46.305782318115234,26.252513885498047,0.0,0.005510388407856226,0.014092140831053257,0.025925925001502037,0.038753386586904526,0.04173441603779793,0.05907858908176422,0.11047877371311188,0.18292683362960815,0.18012647330760956,0.09719964116811752,0.1872628778219223,0.056007225066423416,0.0009033423848450184,0.0,0.0,0.00036133694811724126,0.01011743489652872,0.019963866099715233,0.031436312943696976,0.05293586105108261,0.0789521262049675,0.1198735311627388,0.23053297400474548,0.1316169798374176,0.12339656800031662,0.16847334802150726,0.031707316637039185,0.0004516711924225092,0.00018066847405862063,0.0,0.0,0.09331526607275009,0.2072267383337021,0.2692863643169403,0.2106594443321228,0.12204155325889587,0.05492321774363518,0.019512195140123367,0.010388437658548355,0.007317073177546263,0.003884372068569064,0.00027100270381197333,0.0009936766000464559,0.00018066847405862063,0.0,0.0,0.0,171.88235473632812,150.29335021972656,46.65711975097656
Ripe_60.jpg,Ripe,Ripe,135.20401000976562,50.86830139160156,120.74385070800781,42.967308044433594,41.32577896118164,34.303260803222656,0.01619170978665352,0.01165803149342537,0.020077720284461975,0.0359455943107605,0.09974092990159988,0.07933937758207321,0.0534326434135437,0.08484455943107605,0.10200776904821396,0.125,0.11496113985776901,0.09617875516414642,0.11398963630199432,0.04663212597370148,0.0,0.0,0.007124352268874645,0.015544041059911251,0.01975388638675213,0.06152849644422531,0.10330311208963394,0.09423574805259705,0.11075129359960556,0.11107513308525085,0.12370466440916061,0.12273316085338593,0.12791450321674347,0.09488341957330704,0.007448186632245779,0.0,0.0,0.0,0.3044041395187378,0.14475388824939728,0.16515544056892395,0.13601036369800568,0.0987694263458252,0.07577720284461975,0.03918393701314926,0.018134715035557747,0.010362694039940834,0.0048575131222605705,0.0025906735099852085,0.0,0.0,0.0,0.0,0.0,141.36563110351562,116.328125,5.684374809265137
Ripe_61.jpg,Ripe,Ripe,176.9317626953125,55.999359130859375,151.07150268554688,53.72618103027344,43.43715286254883,41.717803955078125,0.0016323865856975317,0.0048971595242619514,0.004570682533085346,0.008814887143671513,0.018935684114694595,0.04276852682232857,0.07835455238819122,0.07541625946760178,0.07835455238819122,0.07802807539701462,0.0639895498752594,0.0832517147064209,0.07345739752054214,0.09794319421052933,0.12634672224521637,0.16323865950107574,0.0055501144379377365,0.0048971595242619514,0.010120796971023083,0.024812275543808937,0.03525954857468605,0.10447274148464203,0.10316683351993561,0.08129285275936127,0.0829252377152443,0.0901077389717102,0.07117205113172531,0.08455762267112732,0.09826967120170593,0.10936989635229111,0.09337250888347626,0.0006529546226374805,0.38197845220565796,0.14201763272285461,0.08586353063583374,0.06562194228172302,0.07247795909643173,0.07868102937936783,0.10741103440523148,0.04407443851232529,0.013385569676756859,0.005876591429114342,0.002611818490549922,0.0,0.0,0.0,0.0,0.0,144.35736083984375,111.23197174072266,7.388714790344238
Ripe_62.jpg,Ripe,Ripe,162.44898986816406,52.45033264160156,140.79246520996094,44.639827728271484,34.56174087524414,40.129791259765625,0.008405797183513641,0.01014492753893137,0.009565217420458794,0.011594203300774097,0.019130434840917587,0.03594202920794487,0.09304347634315491,0.09507246315479279,0.07768116146326065,0.09130434691905975,0.08318840712308884,0.10231883823871613,0.10840579867362976,0.13304348289966583,0.11014492809772491,0.011014493182301521,0.010434783063828945,0.01275362353771925,0.009565217420458794,0.02028985507786274,0.036231882870197296,0.06753623485565186,0.10115942358970642,0.11304347962141037,0.1144927516579628,0.11652173846960068,0.12492753565311432,0.14202898740768433,0.12173912674188614,0.008985507301986217,0.0,0.00028985505923628807,0.43710145354270935,0.22086957097053528,0.0895652174949646,0.04956521838903427,0.03942028805613518,0.042898550629615784,0.046086955815553665,0.03275362402200699,0.020579710602760315,0.016231883317232132,0.0037681160029023886,0.0008695652359165251,0.00028985505923628807,0.0,0.0,0.0,208.56838989257812,176.9559326171875,9.597264289855957
Ripe_63.jpg,Ripe,Ripe,182.35328674316406,50.7181282043457,156.17648315429688,44.634037017822266,38.192081451416016,35.85959243774414,0.0009354536887258291,0.0024945430923253298,0.003429996781051159,0.007795447483658791,0.00623635808005929,0.032117243856191635,0.06205176189541817,0.06392266601324081,0.06298721581697464,0.09136264771223068,0.0882444679737091,0.07670720666646957,0.08044901490211487,0.12192080169916153,0.20268163084983826,0.09666354954242706,0.0012472715461626649,0.005300904158502817,0.00623635808005929,0.008730901405215263,0.02619270421564579,0.051761772483587265,0.08294355869293213,0.1044589951634407,0.10788898915052414,0.09697536379098892,0.09666354954242706,0.10508263111114502,0.18677891790866852,0.11817898601293564,0.0015590895200148225,0.0,0.3685687482357025,0.16027440130710602,0.11724352836608887,0.10788898915052414,0.09884627163410187,0.06485812366008759,0.04303086921572685,0.019956344738602638,0.01122544426470995,0.0065481760539114475,0.0015590895200148225,0.0,0.0,0.0,0.0,0.0,236.405029296875,201.45530700683594,14.488826751708984
Ripe_64.jpg,Ripe,Ripe,160.1058807373047,53.475791931152344,136.96136474609375,46.228759765625,39.00062942504883,39.59015655517578,0.003770028240978718,0.0062833805568516254,0.009425071068108082,0.019478479400277138,0.02953188866376877,0.04241281747817993,0.11341501772403717,0.09927741438150406,0.0791705921292305,0.07100220024585724,0.08011309802532196,0.09393654018640518,0.10147659480571747,0.11435752362012863,0.1222117468714714,0.014137606136500835,0.005026704166084528,0.008168394677340984,0.018535971641540527,0.03644360601902008,0.0574929304420948,0.08011309802532196,0.10933081805706024,0.09550738334655762,0.10336160659790039,0.11404335498809814,0.11404335498809814,0.1247251033782959,0.1174992173910141,0.014451774768531322,0.001256676041521132,0.0,0.3669494092464447,0.1894439160823822,0.12818096578121185,0.08262645453214645,0.06409048289060593,0.05466540902853012,0.04147031158208847,0.03267357870936394,0.025761859491467476,0.009425071068108082,0.001885014120489359,0.000314169010380283,0.0009425070602446795,0.0,0.0009425070602446795,0.000628338020760566,209.37185668945312,174.66079711914062,9.643216133117676
Ripe_65.jpg,Ripe,Ripe,132.5670928955078,59.43558120727539,112.9736099243164,46.1278190612793,66.24833679199219,33.53022384643555,0.0,0.00017027073772624135,0.007066235411912203,0.02239060029387474,0.2783074975013733,0.08683807402849197,0.06597990542650223,0.06436233967542648,0.062063682824373245,0.0715988427400589,0.06895964592695236,0.04648390784859657,0.04529201611876488,0.06580963730812073,0.10556785017251968,0.009109484031796455,0.0,0.002298654755577445,0.018985185772180557,0.05355014652013779,0.2843521237373352,0.1311935931444168,0.06419206410646439,0.06385152041912079,0.07619614899158478,0.0824110358953476,0.0813894122838974,0.08871105313301086,0.049974460154771805,0.00280946702696383,8.513536886312068e-05,0.0,0.006555423140525818,0.09671377390623093,0.18763834238052368,0.32394006848335266,0.14294227957725525,0.09041375666856766,0.03745955973863602,0.02877575345337391,0.03226630389690399,0.03533117473125458,0.016856802627444267,0.0006810829509049654,0.0003405414754524827,0.0,8.513536886312068e-05,0.0,72.48588562011719,72.43216705322266,55.20163345336914
Ripe_66.jpg,Ripe,Ripe,129.3756561279297,63.204063415527344,115.29243469238281,52.56734848022461,71.12698364257812,39.49484634399414,0.0,7.785736670484766e-05,0.012301463633775711,0.1269853562116623,0.23621924221515656,0.04788228124380112,0.047492992132902145,0.05021800100803375,0.0639987513422966,0.07707878947257996,0.06189660727977753,0.03153223171830177,0.050763003528118134,0.07894736528396606,0.11125817149877548,0.003347866702824831,0.0,0.0019464341457933187,0.049906570464372635,0.17844907939434052,0.16653689742088318,0.04227655008435249,0.04943942651152611,0.05652444809675217,0.08089379966259003,0.09887885302305222,0.09693241864442825,0.09911242872476578,0.07575521618127823,0.003347866702824831,0.0,0.0,0.010900030843913555,0.11904390901327133,0.16202117502689362,0.26152288913726807,0.12488321214914322,0.09560884535312653,0.050763003528118134,0.038695111870765686,0.0484272800385952,0.056135158985853195,0.030364371836185455,0.0007785736816003919,0.0006228589336387813,0.00023357209283858538,0.0,0.0,68.33314514160156,67.8280029296875,53.19428634643555
Ripe_67.jpg,Ripe,Ripe,124.4271011352539,60.811737060546875,108.21664428710938,49.53838348388672,69.99395751953125,39.44877624511719,0.0,0.0003357732784934342,0.02820495516061783,0.12410181015729904,0.2287287563085556,0.04982875660061836,0.0578201599419117,0.0588274784386158,0.06178228557109833,0.09146464616060257,0.06574440747499466,0.03720368072390556,0.046739641577005386,0.056208446621894836,0.08615942299365997,0.006849775090813637,0.0,0.0067826202139258385,0.07460882514715195,0.16553622484207153,0.16567054390907288,0.05526828393340111,0.06346115469932556,0.07534752786159515,0.08320461958646774,0.10140353441238403,0.08441340178251266,0.09300920367240906,0.030958296731114388,0.0003357732784934342,0.0,0.0,0.014639715664088726,0.1340406984090805,0.14599423110485077,0.27305084466934204,0.12188570201396942,0.08897992223501205,0.05056745558977127,0.04351621866226196,0.04304613545536995,0.05191054940223694,0.030756833031773567,0.0013430931139737368,0.00026861863443627954,0.0,0.0,0.0,68.6156005859375,67.15460205078125,54.68799591064453
Ripe_68.jpg,Ripe,Ripe,129.4541015625,62.898990631103516,113.96419525146484,51.524227142333984,70.52066802978516,36.359405517578125,0.0,0.00042622111504897475,0.018838973715901375,0.037592701613903046,0.246441051363945,0.16273123025894165,0.0662347599864006,0.03946807608008385,0.05668741092085838,0.07450345158576965,0.053192395716905594,0.024720825254917145,0.025829000398516655,0.032819025218486786,0.07859517633914948,0.08191969990730286,0.0,0.007331003434956074,0.018668485805392265,0.08072628080844879,0.2847157120704651,0.13349245488643646,0.05216946452856064,0.05131702497601509,0.0660642758011818,0.06640525162220001,0.057795584201812744,0.03708123788237572,0.11235188692808151,0.031881339848041534,0.0,0.0,0.015940669924020767,0.09308668971061707,0.16477708518505096,0.2479754537343979,0.17722274363040924,0.10757821053266525,0.0496973842382431,0.03554684296250343,0.04023527354001999,0.04066149517893791,0.027278151363134384,0.0,0.0,0.0,0.0,0.0,77.43316650390625,72.65185546875,53.788970947265625
Ripe_69.jpg,Ripe,Ripe,145.71620178222656,62.64775848388672,124.92776489257812,48.590362548828125,68.65884399414062,33.69703674316406,0.0002655572316143662,0.00354076293297112,0.007789678871631622,0.025847570970654488,0.23165442049503326,0.04691511020064354,0.04629547521471977,0.05364255979657173,0.05824555084109306,0.08170310407876968,0.0755067691206932,0.042135078459978104,0.0628485456109047,0.1122421845793724,0.14490573108196259,0.006461892742663622,0.00017703814955893904,0.007258564233779907,0.01071080844849348,0.040807295590639114,0.24440117180347443,0.07302823662757874,0.055147383362054825,0.06196335330605507,0.06541559845209122,0.10126582533121109,0.13100823760032654,0.1471187025308609,0.06090112403035164,0.0007966716657392681,0.0,0.0,0.01522528100758791,0.09869877249002457,0.10038062930107117,0.33176949620246887,0.17978224158287048,0.11418960988521576,0.043639905750751495,0.031247233971953392,0.031070195138454437,0.0333716906607151,0.018854564055800438,0.0013277861289680004,0.00017703814955893904,0.0002655572316143662,0.0,0.0,70.0250244140625,69.83528137207031,55.256046295166016
Ripe_7.jpg,Ripe,Ripe,138.8787841796875,33.886409759521484,125.36213684082031,29.861629486083984,48.47074890136719,26.014942169189453,0.0,0.001492955139838159,0.008864421397447586,0.0225809458643198,0.0455351322889328,0.05430624261498451,0.06233087554574013,0.10105440020561218,0.16973033547401428,0.22347672283649445,0.19016516208648682,0.11523747444152832,0.005225342698395252,0.0,0.0,0.0,0.0,0.0037323879078030586,0.00905104074627161,0.018382009118795395,0.05197349935770035,0.08435196429491043,0.1189698576927185,0.20649436116218567,0.2100401222705841,0.1652514636516571,0.12102267146110535,0.009797518141567707,0.0009330969769507647,0.0,0.0,0.0,0.03732387721538544,0.2670523524284363,0.2581879198551178,0.20173555612564087,0.10926565527915955,0.07483437657356262,0.02500699833035469,0.014089764095842838,0.008211253210902214,0.002799290930852294,0.00046654848847538233,0.0007464775699190795,0.0002799290814436972,0.0,0.0,0.0,168.27322387695312,150.32745361328125,47.82305145263672
Ripe_70.jpg,Ripe,Ripe,138.88511657714844,66.88652038574219,125.70287322998047,57.16067886352539,80.98370361328125,48.117713928222656,0.0,0.0002075657685054466,0.003891858272254467,0.03243215009570122,0.2714441418647766,0.08899382501840591,0.05303305387496948,0.045923925936222076,0.05308494716882706,0.06823724508285522,0.0580146349966526,0.029733797535300255,0.036687251180410385,0.059415701776742935,0.12360541522502899,0.07529448717832565,0.0,0.0012972861295565963,0.01629391312599182,0.06668050587177277,0.2857142984867096,0.05417466536164284,0.050386592745780945,0.046702299267053604,0.05536817014217377,0.06771833449602127,0.0699496641755104,0.061491359025239944,0.1678169220685959,0.05630221590399742,0.0001037828842527233,0.0,0.019926313310861588,0.10139588266611099,0.06527943909168243,0.2808883786201477,0.1587878167629242,0.11187794804573059,0.04047532379627228,0.03606455400586128,0.04151315614581108,0.046702299267053604,0.0400083027780056,0.013284209184348583,0.02184629812836647,0.02195008099079132,0.0,0.0,68.77732849121094,67.0348892211914,52.90103530883789
Ripe_71.jpg,Ripe,Ripe,134.4698486328125,68.82936096191406,118.29280853271484,55.53914260864258,73.29692840576172,35.572391510009766,0.0,0.0012126112123951316,0.020937751978635788,0.028617624193429947,0.3215036392211914,0.09401778131723404,0.05092966929078102,0.03459983691573143,0.035974130034446716,0.04963621497154236,0.04664510861039162,0.019482620060443878,0.025303153321146965,0.05642683804035187,0.15941794216632843,0.05529506877064705,0.00024252223374787718,0.0037995148450136185,0.02481810748577118,0.08164915442466736,0.3388843834400177,0.05327405035495758,0.03435731679201126,0.03807599097490311,0.04583670198917389,0.059013742953538895,0.0714632198214531,0.0732417106628418,0.16168148815631866,0.013662085868418217,0.0,0.0,0.009781730361282825,0.0668552964925766,0.1464834213256836,0.30670979619026184,0.1059822142124176,0.1297493875026703,0.0729183480143547,0.053112369030714035,0.049878738820552826,0.04058205336332321,0.017299918457865715,0.00024252223374787718,0.0004042037180624902,0.0,0.0,0.0,73.65194702148438,70.58426666259766,52.447349548339844
Ripe_72.jpg,Ripe,Ripe,134.1792449951172,65.16590881347656,119.0710678100586,54.5980110168457,74.23090362548828,40.5648193359375,0.0,0.001385894720442593,0.03149060532450676,0.05705266445875168,0.26370495557785034,0.05982445180416107,0.04173082858324051,0.05189405754208565,0.06267323344945908,0.07160455733537674,0.06205728277564049,0.02317523956298828,0.04350169375538826,0.07214351743459702,0.13304588198661804,0.0247151218354702,0.0,0.006929473485797644,0.06236525997519493,0.10425007343292236,0.2147366851568222,0.04357868805527687,0.04665845260024071,0.05451185628771782,0.07052663713693619,0.08561749011278152,0.09862950444221497,0.0756082534790039,0.12935017049312592,0.007237449754029512,0.0,0.0,0.013704958371818066,0.12904219329357147,0.1398213803768158,0.24468740820884705,0.0981675386428833,0.08977517485618591,0.08554049581289291,0.059439484030008316,0.05181706324219704,0.05097012594342232,0.035494301468133926,0.001231906353496015,0.00030797658837400377,0.0,0.0,0.0,72.7296371459961,70.82544708251953,54.52521514892578
Ripe_73.jpg,Ripe,Ripe,141.97506713867188,60.997650146484375,121.51215362548828,46.555965423583984,71.4326171875,34.512577056884766,0.0,0.0,0.0004468275292310864,0.0049151028506457806,0.25826629996299744,0.09151027351617813,0.05326184257864952,0.04879356548190117,0.060947272926568985,0.07739052921533585,0.07435210049152374,0.052189454436302185,0.05138516426086426,0.07622877508401871,0.12073279917240143,0.02957998216152191,0.0,0.000625558546744287,0.005719392094761133,0.02394995465874672,0.2805183231830597,0.0966934785246849,0.06478998810052872,0.07578194886445999,0.08033958822488785,0.09302949160337448,0.09624665230512619,0.10464700311422348,0.07256478816270828,0.005093833897262812,0.0,0.0,0.010545129887759686,0.0702412873506546,0.13360142707824707,0.3358355760574341,0.12314566224813461,0.11215370893478394,0.07765862345695496,0.04262734577059746,0.034941911697387695,0.0410187654197216,0.016711348667740822,0.0007149240118451416,0.0005361930234357715,0.00026809651171788573,0.0,0.0,73.86512756347656,72.1355209350586,54.17484664916992
Ripe_74.jpg,Ripe,Ripe,143.53219604492188,67.0548095703125,126.14896392822266,53.591026306152344,78.2642822265625,35.75175476074219,0.0001613944477867335,0.001291155582293868,0.00976436398923397,0.023644287139177322,0.2473369985818863,0.10966752469539642,0.05229179933667183,0.043979987502098083,0.04914461076259613,0.06439638137817383,0.04874112457036972,0.0259845070540905,0.0349418967962265,0.05673014745116234,0.15082311630249023,0.0811007097363472,0.000322788895573467,0.00314719183370471,0.01218528114259243,0.04672369360923767,0.27316009998321533,0.10345384478569031,0.038734667003154755,0.04373789578676224,0.05971594527363777,0.07286959141492844,0.07133634388446808,0.08440929651260376,0.16099096834659576,0.02921239472925663,0.0,0.0,0.006617172155529261,0.05326016619801521,0.12758231163024902,0.252582311630249,0.15397030115127563,0.13791155815124512,0.07545190304517746,0.061894770711660385,0.06132989004254341,0.04817624390125275,0.02065848931670189,0.000403486134018749,0.0001613944477867335,0.0,0.0,0.0,76.72433471679688,73.39066314697266,54.374000549316406
Ripe_75.jpg,Ripe,Ripe,128.35284423828125,59.56019973754883,109.91738891601562,47.33860397338867,62.74238967895508,34.11077880859375,0.0,0.002930164337158203,0.02246459387242794,0.07195181399583817,0.2410060167312622,0.06031255051493645,0.06617288291454315,0.060963697731494904,0.0728471428155899,0.0684518963098526,0.06071951985359192,0.0551033690571785,0.06967280060052872,0.0802539512515068,0.06560312211513519,0.0015464756870642304,0.0,0.004639427177608013,0.03174344822764397,0.08985837548971176,0.2794237434864044,0.08912583440542221,0.06633566319942474,0.05868468061089516,0.08057951927185059,0.09148624539375305,0.09400944411754608,0.061696238815784454,0.04549894109368324,0.0069184438325464725,0.0,0.0,0.015871724113821983,0.12713657319545746,0.20153020322322845,0.3136903941631317,0.119078628718853,0.07691681385040283,0.038173530250787735,0.029790004715323448,0.02783656120300293,0.03174344822764397,0.01725541241466999,0.0007325410842895508,8.139345300151035e-05,0.0001627869060030207,0.0,0.0,68.75540161132812,68.42754364013672,54.28422927856445
Ripe_76.jpg,Ripe,Ripe,117.01627349853516,50.126155853271484,101.79832458496094,41.141334533691406,65.03580474853516,39.273128509521484,0.0,0.003487831447273493,0.03224306181073189,0.05386761575937271,0.2718183100223541,0.08696325868368149,0.06014571338891983,0.06107580289244652,0.07456208020448685,0.10393737256526947,0.09913191944360733,0.06471864879131317,0.05169741064310074,0.02813517302274704,0.007983257994055748,0.00023252208484336734,0.0,0.006975662894546986,0.05526274815201759,0.09773678332567215,0.27104324102401733,0.09037358313798904,0.07564718276262283,0.08254534006118774,0.10300728678703308,0.1090528592467308,0.07944504916667938,0.0196093637496233,0.008835839107632637,0.0004650441696867347,0.0,0.0,0.014648891985416412,0.15896759927272797,0.20012401044368744,0.3063866198062897,0.08231282234191895,0.04472174867987633,0.03363819420337677,0.036273445934057236,0.043404124677181244,0.04844210296869278,0.030692916363477707,0.00038753682747483253,0.0,0.0,0.0,0.0,71.99687194824219,70.73870849609375,54.742530822753906
Ripe_77.jpg,Ripe,Ripe,146.17510986328125,61.78496551513672,125.97837829589844,47.06489562988281,73.8675308227539,31.08480453491211,0.0,0.0,0.00017092555935960263,0.010084608569741249,0.2522861361503601,0.06332792341709137,0.055465344339609146,0.05033757910132408,0.05384155362844467,0.07230151444673538,0.06905392557382584,0.038971029222011566,0.058371078222990036,0.14229552447795868,0.1193060427904129,0.01418682187795639,0.0,0.00025638833176344633,0.0036748996935784817,0.03512520343065262,0.27322450280189514,0.05828561633825302,0.05631997436285019,0.05862746760249138,0.0687975361943245,0.10400820523500443,0.14212460815906525,0.14229552447795868,0.05614904686808586,0.0011110161431133747,0.0,0.0,0.006238782778382301,0.027519015595316887,0.09101786464452744,0.37355780601501465,0.16955815255641937,0.1430646926164627,0.06375523656606674,0.036236219108104706,0.03726177290081978,0.036834459751844406,0.014443210326135159,0.00034185111871920526,0.00017092555935960263,0.0,0.0,0.0,72.72325897216797,71.67945861816406,55.463836669921875
Ripe_78.jpg,Ripe,Ripe,133.55006408691406,65.19554901123047,115.2616195678711,51.43233108520508,68.44646453857422,34.76435470581055,0.0,0.0038087177090346813,0.017096910625696182,0.052137114107608795,0.26694878935813904,0.09022428840398788,0.043757934123277664,0.0418112576007843,0.04959796741604805,0.06652560085058212,0.05535336583852768,0.04756665229797363,0.0478205680847168,0.06999576836824417,0.11129919439554214,0.03605586290359497,0.0,0.00770207354798913,0.018535759299993515,0.07964451611042023,0.3110452890396118,0.058908168226480484,0.05416842922568321,0.05848497524857521,0.06965721398591995,0.07363521307706833,0.07896741479635239,0.08497672528028488,0.09090139716863632,0.013372831046581268,0.0,0.0,0.006855691783130169,0.10148116946220398,0.15895049273967743,0.3262801468372345,0.10198899358510971,0.10215827077627182,0.07862886041402817,0.036563690751791,0.03326280042529106,0.03605586290359497,0.017096910625696182,0.0004231908533256501,0.00025391450617462397,0.0,0.0,0.0,70.85723876953125,69.07795715332031,52.806251525878906
Ripe_79.jpg,Ripe,Ripe,137.6552734375,61.31079864501953,119.29340362548828,47.33102035522461,72.16840362548828,35.547786712646484,0.0,0.000521920679602772,0.001565761980600655,0.013656924478709698,0.27957549691200256,0.08289840072393417,0.05088726431131363,0.049495477229356766,0.058368127793073654,0.07976687699556351,0.08176757395267487,0.042275574058294296,0.04505915194749832,0.07941892743110657,0.11925887316465378,0.015483646653592587,8.698677993379533e-05,0.0012178148608654737,0.00313152396120131,0.04097077250480652,0.2953201234340668,0.08672581613063812,0.0715901181101799,0.07463465631008148,0.06932846456766129,0.07854905724525452,0.0938587337732315,0.10942936688661575,0.07167710363864899,0.0034794711973518133,0.0,0.0,0.007480863016098738,0.0938587337732315,0.1226513534784317,0.30836811661720276,0.1003827452659607,0.1355254054069519,0.09177105128765106,0.04584203287959099,0.034707725048065186,0.04053583741188049,0.016353514045476913,0.001565761980600655,0.0007828809903003275,0.00017397355986759067,0.0,0.0,70.80032348632812,71.37616729736328,53.562320709228516
Ripe_8.jpg,Ripe,Ripe,139.21145629882812,35.236141204833984,122.43578338623047,30.147857666015625,49.92742919921875,26.817934036254883,0.0002402979735052213,0.0024029796477407217,0.012495494447648525,0.029316352680325508,0.04409467801451683,0.03676559031009674,0.06031478941440582,0.10645200312137604,0.18538987636566162,0.22527934610843658,0.15607352554798126,0.11546317487955093,0.024870838969945908,0.000841042899992317,0.0,0.0,0.00012014898675261065,0.0052865552715957165,0.01766190119087696,0.022708158940076828,0.0463775098323822,0.0874684602022171,0.1196683868765831,0.2160278707742691,0.24894869327545166,0.13420641422271729,0.08794905990362167,0.013336537405848503,0.0002402979735052213,0.0,0.0,0.0,0.0553886815905571,0.2071368545293808,0.279106080532074,0.192839115858078,0.1195482388138771,0.07737594842910767,0.04493572190403938,0.011654451489448547,0.0075693861581385136,0.00432536331936717,0.00012014898675261065,0.0,0.0,0.0,0.0,0.0,140.36862182617188,118.74591064453125,44.78921890258789
Ripe_80.jpg,Ripe,Ripe,135.7967987060547,66.76937103271484,119.0074234008789,52.5067138671875,67.65396881103516,34.1890983581543,0.0,0.00462918309494853,0.014851962216198444,0.09509113430976868,0.23840293288230896,0.054585784673690796,0.04127688333392143,0.04715980216860771,0.050824571400880814,0.060468703508377075,0.05776834860444069,0.04484521225094795,0.05603240430355072,0.0802391767501831,0.11775484681129456,0.036069050431251526,0.0,0.009451248683035374,0.014659079723060131,0.07686372846364975,0.28411611914634705,0.060565147548913956,0.05709325894713402,0.05911852791905403,0.06606230139732361,0.07329539954662323,0.08592921495437622,0.09036551415920258,0.10328865051269531,0.019191822037100792,0.0,0.0,0.009065483696758747,0.10743562877178192,0.14350467920303345,0.3257787525653839,0.1122576892375946,0.12006943672895432,0.06037226319313049,0.03867296874523163,0.032404281198978424,0.03288649022579193,0.01726299524307251,0.00028932394343428314,0.0,0.0,0.0,0.0,67.88671112060547,69.6806869506836,52.28441619873047
Ripe_81.jpg,Ripe,Ripe,142.63388061523438,59.24620819091797,124.92412567138672,48.33575439453125,75.42242431640625,37.48930740356445,0.0,0.0,0.002156066009774804,0.021975288167595863,0.22912347316741943,0.08690604567527771,0.049423668533563614,0.053321171551942825,0.06136495620012283,0.08176466077566147,0.09785223007202148,0.04461397975683212,0.05398457497358322,0.08275976777076721,0.11642756313085556,0.018326561897993088,0.0,0.0,0.017331453040242195,0.06650634109973907,0.21966995298862457,0.06161373108625412,0.054067499935626984,0.07654034346342087,0.11029107123613358,0.10465212911367416,0.09072062373161316,0.08516460657119751,0.09859855473041534,0.014843685552477837,0.0,0.0,0.00854133814573288,0.07488182932138443,0.15548552572727203,0.2656107544898987,0.13044199347496033,0.10780330002307892,0.06940873712301254,0.057550378143787384,0.05340409651398659,0.050667550414800644,0.02479475922882557,0.0009951073443517089,0.00033170246751978993,8.292561687994748e-05,0.0,0.0,76.8486328125,73.36148834228516,57.65238571166992
Ripe_82.jpg,Ripe,Ripe,114.78778076171875,59.475494384765625,98.04328155517578,51.25430679321289,62.94329071044922,37.480079650878906,0.0,0.02139090560376644,0.035817332565784454,0.09252810478210449,0.29429906606674194,0.07690776884555817,0.0556163564324379,0.05253208801150322,0.056710775941610336,0.0711371973156929,0.07382349669933319,0.027758432552218437,0.016316784545779228,0.03223560005426407,0.0752163976430893,0.017709679901599884,0.0004974629264324903,0.0392000786960125,0.09481643885374069,0.1417769342660904,0.2490299493074417,0.0679534375667572,0.060491494834423065,0.06815242022275925,0.06616257131099701,0.05253208801150322,0.038006167858839035,0.03551885485649109,0.06377474963665009,0.022087354212999344,0.0,0.0,0.023181773722171783,0.1810765117406845,0.19659735262393951,0.27330613136291504,0.06735648214817047,0.05482041463255882,0.05850164219737053,0.052333101630210876,0.04367724433541298,0.038503631949424744,0.010247736237943172,0.0002984777675010264,9.949258674168959e-05,0.0,0.0,0.0,73.45108032226562,70.51179504394531,55.23532485961914
Ripe_83.jpg,Ripe,Ripe,126.52433776855469,52.88032913208008,107.18585968017578,42.862632751464844,68.3219985961914,36.84357833862305,0.0,0.0002857959480024874,0.014766124077141285,0.024387920275330544,0.22673144936561584,0.1427074372768402,0.07668858021497726,0.06735257804393768,0.07897494733333588,0.09116890281438828,0.08002286404371262,0.03258073702454567,0.04458416625857353,0.06430408358573914,0.051538534462451935,0.003905877936631441,0.0,0.0013337143464013934,0.03391445055603981,0.09202629327774048,0.2807468771934509,0.09678956121206284,0.07354482263326645,0.0768791064620018,0.07640278339385986,0.09879013150930405,0.09840907156467438,0.05811184272170067,0.012670286931097507,0.00038106125430203974,0.0,0.0,0.0067638373002409935,0.12251119315624237,0.18891111016273499,0.271791934967041,0.14756597578525543,0.06392302364110947,0.043440982699394226,0.04153567552566528,0.04429836943745613,0.05239592120051384,0.01648089848458767,0.00038106125430203974,0.0,0.0,0.0,0.0,77.61640167236328,72.48456573486328,56.08553695678711
Ripe_84.jpg,Ripe,Ripe,149.51629638671875,58.642276763916016,128.5137939453125,44.74979782104492,72.47270202636719,31.255767822265625,0.0,0.003540152683854103,0.003446990856900811,0.006428172346204519,0.20970746874809265,0.07275945693254471,0.04648779705166817,0.04900316894054413,0.062045834958553314,0.06996459513902664,0.062232159078121185,0.06251164525747299,0.11924725025892258,0.1336873471736908,0.09223029762506485,0.006707658059895039,0.00037264765705913305,0.0065213339403271675,0.006707658059895039,0.01714179292321205,0.23290479183197021,0.06838084757328033,0.053940750658512115,0.0614868625998497,0.08924911171197891,0.12092416733503342,0.1682504266500473,0.13536426424980164,0.03810322284698486,0.0006521334289573133,0.0,0.0,0.01825973577797413,0.03009129874408245,0.09921743720769882,0.3587665259838104,0.18744178116321564,0.12148313969373703,0.0627911314368248,0.04052543267607689,0.03242034837603569,0.03726476430892944,0.011458915658295155,0.0002794857427943498,0.0,0.0,0.0,0.0,75.91212463378906,74.01563262939453,56.76848220825195
Ripe_85.jpg,Ripe,Ripe,142.6339569091797,55.973331451416016,123.91629028320312,46.79817199707031,73.64703369140625,33.502506256103516,0.0,0.0008590245270170271,0.0019089434063062072,0.0032452037557959557,0.17552734911441803,0.1422162801027298,0.07645318657159805,0.056600172072649,0.06251789629459381,0.0783621296286583,0.06366325914859772,0.04285578057169914,0.0819891169667244,0.15032929182052612,0.062613345682621,0.0008590245270170271,0.00038178867544047534,0.00286341505125165,0.004486016929149628,0.030447646975517273,0.24959434568881989,0.1266583949327469,0.05640927702188492,0.05745919793844223,0.06337691843509674,0.08962488919496536,0.12742197513580322,0.12322229892015457,0.05555025115609169,0.012503579258918762,0.0,0.0,0.009162927977740765,0.06309057772159576,0.11854538321495056,0.30199486017227173,0.17648181319236755,0.10432375967502594,0.07483058422803879,0.06099074333906174,0.03808341920375824,0.041519518941640854,0.009544717147946358,0.001240813173353672,0.00019089433772023767,0.0,0.0,0.0,79.30516815185547,76.23568725585938,55.61073684692383
Ripe_86.jpg,Ripe,Ripe,129.18408203125,59.05044174194336,111.15335845947266,49.32918167114258,66.48902130126953,34.595703125,0.0,0.00029463760438375175,0.005524455104023218,0.044269297271966934,0.2540512681007385,0.1484236866235733,0.05082498490810394,0.05546552687883377,0.05833824351429939,0.07005009055137634,0.06872422248125076,0.040291693061590195,0.03749263286590576,0.04014437273144722,0.11048910021781921,0.015615792945027351,0.0,0.002725397702306509,0.04434295743703842,0.11262521892786026,0.20919269323349,0.14753977954387665,0.061210960149765015,0.061873894184827805,0.0690925195813179,0.06688273698091507,0.06739834696054459,0.05995875224471092,0.09052740037441254,0.006629345938563347,0.0,0.0,0.008912786841392517,0.1357542723417282,0.1711844503879547,0.24020330607891083,0.19453446567058563,0.08515026420354843,0.04537418857216835,0.03071596845984459,0.03380966559052467,0.03741897642612457,0.01664702408015728,0.0002209781960118562,7.365940109593794e-05,0.0,0.0,0.0,77.90894317626953,75.01425170898438,56.52731704711914
Ripe_87.jpg,Ripe,Ripe,129.45858764648438,58.50412368774414,111.86181640625,48.905914306640625,67.35964965820312,34.58233642578125,0.0,7.350238593062386e-05,0.005439176689833403,0.037339214235544205,0.2005145102739334,0.21300992369651794,0.05218669772148132,0.05373024567961693,0.062477029860019684,0.06497611105442047,0.06659316271543503,0.0415288507938385,0.03917677327990532,0.03976479172706604,0.1030503511428833,0.020139655098319054,0.0,0.0018375597428530455,0.04130834341049194,0.11113560944795609,0.17721426486968994,0.18309445679187775,0.06424108892679214,0.05924292653799057,0.07048878818750381,0.06901874393224716,0.06887173652648926,0.05490628629922867,0.08761484920978546,0.011025357991456985,0.0,0.0,0.007938258349895477,0.13318632543087006,0.1698640137910843,0.19117970764636993,0.24895259737968445,0.08386622369289398,0.046233002096414566,0.031018007546663284,0.032414551824331284,0.03542815148830414,0.019331127405166626,0.0004410143301356584,0.00014700477186124772,0.0,0.0,0.0,84.14595794677734,83.85749816894531,68.4901351928711
Ripe_88.jpg,Ripe,Ripe,136.72232055664062,58.19649124145508,122.15968322753906,48.3185920715332,70.46538543701172,37.70441818237305,0.0,0.00031218293588608503,0.008897214196622372,0.03863263875246048,0.2300788313150406,0.0915476456284523,0.052836962044239044,0.05595879256725311,0.06274876743555069,0.07617263495922089,0.06719737499952316,0.0677436962723732,0.08093342930078506,0.07820182293653488,0.0871770828962326,0.0015609146794304252,0.0,0.0016389604425057769,0.03597908467054367,0.06399749964475632,0.22227425873279572,0.06516818702220917,0.04823226481676102,0.0597049854695797,0.09092327952384949,0.1347849816083908,0.12378053367137909,0.06750956177711487,0.07820182293653488,0.007804573513567448,0.0,0.0,0.015531101264059544,0.09560602158308029,0.18262702226638794,0.2756575345993042,0.12885351479053497,0.08858191221952438,0.049012720584869385,0.0429251529276371,0.045890893787145615,0.05049559101462364,0.02333567477762699,0.0007804573397152126,0.0006243658717721701,7.804573397152126e-05,0.0,0.0,76.47310638427734,73.4045181274414,55.399845123291016
Ripe_89.jpg,Ripe,Ripe,145.4473876953125,56.21027374267578,125.12311553955078,47.03462219238281,73.65982818603516,34.322505950927734,0.0,0.001828008214943111,0.001589572406373918,0.004132888279855251,0.1842314451932907,0.11691305041313171,0.06747734546661377,0.054681289941072464,0.058734700083732605,0.0753457322716713,0.06723891198635101,0.049435701221227646,0.10125575959682465,0.15800349414348602,0.05817835032939911,0.0009537434671074152,7.947861740831286e-05,0.003179144812747836,0.005960896611213684,0.03457320109009743,0.2639485001564026,0.08353202790021896,0.05420441925525665,0.05603242665529251,0.0651724711060524,0.0967254787683487,0.14926084876060486,0.12509934604167938,0.05539659783244133,0.006835161242634058,0.0,0.0,0.01319345086812973,0.07351772487163544,0.10936257988214493,0.29097121953964233,0.18224447965621948,0.09624861180782318,0.07876331359148026,0.06223176047205925,0.03854713216423988,0.0384676530957222,0.01597520336508751,0.0003973931015934795,7.947861740831286e-05,0.0,0.0,0.0,78.44091796875,74.20423126220703,55.902626037597656
Ripe_9.jpg,Ripe,Ripe,145.5643768310547,29.05377960205078,138.3702850341797,33.61098861694336,101.68455505371094,61.79263687133789,5.556481482926756e-05,0.003556148149073124,0.010668444447219372,0.02100350148975849,0.015335889533162117,0.02033672295510769,0.039951104670763016,0.09351558238267899,0.11440795660018921,0.1923653930425644,0.46002110838890076,0.02772684395313263,0.0010557315545156598,0.0,0.0,0.0,0.00011112962965853512,0.006723342929035425,0.011224092915654182,0.016113797202706337,0.034894704818725586,0.05039728805422783,0.09801633656024933,0.130132794380188,0.08645885437726974,0.0890704020857811,0.47574594616889954,0.0010557315545156598,5.556481482926756e-05,0.0,0.0,0.0,0.0421181321144104,0.14107906818389893,0.14180141687393188,0.08668111264705658,0.053342223167419434,0.02650441788136959,0.009001499973237514,0.004445185419172049,0.004611879587173462,0.11546368896961212,0.37484025955200195,0.00011112962965853512,0.0,0.0,0.0,0.0,162.98362731933594,166.1939697265625,163.53128051757812
Ripe_90.jpg,Ripe,Ripe,124.81392669677734,60.94635009765625,109.4440689086914,53.259281158447266,64.41912841796875,41.0370979309082,0.0012219506315886974,0.00411019753664732,0.01816263049840927,0.2622750401496887,0.0695401057600975,0.07420573383569717,0.047156188637018204,0.05504332482814789,0.06581870466470718,0.07315041124820709,0.05770939961075783,0.04587869346141815,0.08353698998689651,0.11214174330234528,0.02993779070675373,0.0001110864250222221,0.002888247137889266,0.012608309276401997,0.04532326012849808,0.2784936726093292,0.10275494307279587,0.046045321971178055,0.042657189071178436,0.05148855969309807,0.06404132395982742,0.08820261806249619,0.11786269396543503,0.09686736017465591,0.048044878989458084,0.002721617463976145,0.0,0.0,0.047156188637018204,0.14657853543758392,0.30287712812423706,0.1398022621870041,0.08581425994634628,0.055987559258937836,0.050933126360177994,0.054210174828767776,0.04415685310959816,0.042657189071178436,0.029660075902938843,5.554321251111105e-05,0.0001110864250222221,0.0,0.0,0.0,58.23583984375,56.84764862060547,44.173622131347656
Ripe_91.jpg,Ripe,Ripe,112.41497802734375,62.49679946899414,99.53705596923828,52.92055130004883,60.5164794921875,42.38007354736328,0.0013564226683229208,0.021069765090942383,0.037527695298194885,0.31116336584091187,0.08373649418354034,0.05425690487027168,0.0471130795776844,0.05353347957134247,0.06180765852332115,0.07812994718551636,0.0575123205780983,0.025500746443867683,0.03716598078608513,0.066102996468544,0.057467106729745865,0.0065560429356992245,0.0027580594178289175,0.04367680847644806,0.0981597900390625,0.24275444447994232,0.11525071412324905,0.0472487211227417,0.04774607717990875,0.05416647717356682,0.06429443508386612,0.08084279298782349,0.0954921543598175,0.07274946570396423,0.0331871397793293,0.0016729212366044521,0.0,0.0,0.06578649580478668,0.17723922431468964,0.3130623400211334,0.13731518387794495,0.06393272429704666,0.045711442828178406,0.0357191301882267,0.03716598078608513,0.039381470531225204,0.04706786572933197,0.03757290914654732,4.521408845903352e-05,0.0,0.0,0.0,0.0,55.38982009887695,56.476890563964844,42.990623474121094
Ripe_92.jpg,Ripe,Ripe,139.5369110107422,57.65238952636719,120.70323944091797,47.550960540771484,66.2345199584961,35.002742767333984,0.0,0.00021242698130663484,0.0015932023525238037,0.01051513571292162,0.20499204099178314,0.13882103562355042,0.06117897108197212,0.05756771191954613,0.0620286762714386,0.08337759226560593,0.09389272332191467,0.05852363258600235,0.03813064098358154,0.052469462156295776,0.11566648632287979,0.02103027142584324,0.0,0.00021242698130663484,0.006160382181406021,0.05618693679571152,0.23621879518032074,0.12660647928714752,0.06372809410095215,0.08667020499706268,0.09591078013181686,0.0824216678738594,0.058736059814691544,0.05576208233833313,0.11301115155220032,0.018374932929873466,0.0,0.0,0.012108338065445423,0.1304301619529724,0.1792883723974228,0.28582051396369934,0.132873073220253,0.07912904769182205,0.05395645275712013,0.036325015127658844,0.03834306821227074,0.03993627056479454,0.011789697222411633,0.0,0.0,0.0,0.0,0.0,78.260986328125,75.97779846191406,56.46443176269531
Ripe_93.jpg,Ripe,Ripe,138.41607666015625,65.00834655761719,120.23119354248047,53.89802169799805,66.51412200927734,37.00764846801758,0.0,0.009862922132015228,0.011868939734995365,0.041457705199718475,0.20561684668064117,0.13657639920711517,0.054496824741363525,0.04864593595266342,0.053828150033950806,0.06377466022968292,0.05992978811264038,0.03853226453065872,0.03878301754593849,0.052908726036548615,0.11183550953865051,0.07188231498003006,8.358408376807347e-05,0.015713807195425034,0.03727850317955017,0.06352390348911285,0.2314443290233612,0.1069040447473526,0.054329656064510345,0.053744565695524216,0.06745235621929169,0.07037779688835144,0.0665329322218895,0.06878970563411713,0.13440321385860443,0.029421597719192505,0.0,0.0,0.02223336696624756,0.156636580824852,0.15613506734371185,0.23294883966445923,0.1523737907409668,0.10255767405033112,0.04806084930896759,0.03259779512882233,0.03803075850009918,0.03736208751797676,0.018221329897642136,0.0015880976570770144,0.0009194249287247658,0.0003343363350722939,0.0,0.0,78.02416229248047,74.3189697265625,55.63471603393555
Ripe_94.jpg,Ripe,Ripe,139.80776977539062,55.162757873535156,121.59569549560547,46.420616149902344,63.1806755065918,35.691192626953125,0.0,0.0031223627738654613,0.0026160336565226316,0.012573840096592903,0.14388185739517212,0.15527425706386566,0.08481013029813766,0.06514768302440643,0.07122363150119781,0.09206750988960266,0.07434599101543427,0.04506329074501991,0.05704641342163086,0.10818565636873245,0.08464135229587555,0.0,0.0,0.004556961823254824,0.010632911697030067,0.02902953512966633,0.23864978551864624,0.13181434571743011,0.07037974894046783,0.07611814141273499,0.07738396525382996,0.08666666597127914,0.08438818901777267,0.09780590981245041,0.0913924053311348,0.0011814346071332693,0.0,0.0,0.037974681705236435,0.14396624267101288,0.13924050331115723,0.3278481066226959,0.15088607370853424,0.04970464110374451,0.027341771870851517,0.031392406672239304,0.03586497902870178,0.040506329387426376,0.014261603355407715,0.0008438818622380495,0.0001687763724476099,0.0,0.0,0.0,79.00983428955078,75.81864929199219,57.479148864746094
Ripe_95.jpg,Ripe,Ripe,149.20233154296875,59.029720306396484,129.4237060546875,47.600826263427734,71.91770935058594,33.51572799682617,0.0,0.00023992321803234518,0.0010396672878414392,0.0025591810699552298,0.19465771317481995,0.08829174935817719,0.07789507508277893,0.05686180293560028,0.05134357139468193,0.0710972473025322,0.0612603984773159,0.03942738473415375,0.07933460921049118,0.15539027750492096,0.12020153552293777,0.00039987204945646226,7.997440843610093e-05,0.0011196417035534978,0.0016794626135379076,0.02095329575240612,0.24616122245788574,0.09732885658740997,0.046225208789110184,0.05550223961472511,0.07493601739406586,0.08733205497264862,0.11956173926591873,0.1556302011013031,0.0918905958533287,0.001599488197825849,0.0,0.0,0.01407549623399973,0.05870121717453003,0.12204094976186752,0.31629878282546997,0.1801823377609253,0.12611964344978333,0.053902752697467804,0.03406909853219986,0.03438899666070938,0.03926743566989899,0.020153550431132317,0.00047984643606469035,0.00023992321803234518,7.997440843610093e-05,0.0,0.0,75.42366027832031,73.08697509765625,55.64398956298828
Ripe_96.jpg,Ripe,Ripe,135.31871032714844,51.66661071777344,116.88232421875,41.88713455200195,75.48502349853516,33.22087097167969,8.533151412848383e-05,0.00034132605651393533,0.000597320613451302,0.0013653042260557413,0.23116306960582733,0.09113405644893646,0.07867565751075745,0.06809454411268234,0.07645703852176666,0.08140626549720764,0.07193446904420853,0.08848877996206284,0.11212560534477234,0.0940353274345398,0.00409591244533658,0.0,0.00017066302825696766,0.000597320613451302,0.0015359672252088785,0.04496970772743225,0.27681541442871094,0.0633159801363945,0.0706544890999794,0.0872088074684143,0.10290980339050293,0.14711153507232666,0.12432801723480225,0.07713969051837921,0.0032425974495708942,0.0,0.0,0.0,0.0031572659499943256,0.02559945359826088,0.11553886532783508,0.3398754298686981,0.17492960393428802,0.12765593826770782,0.055721476674079895,0.047102995216846466,0.04684700071811676,0.041641779243946075,0.0206502266228199,0.0011093096109107137,0.00017066302825696766,0.0,0.0,0.0,74.84212493896484,68.37258911132812,53.666046142578125
Ripe_97.jpg,Ripe,Ripe,121.35061645507812,50.56272506713867,104.4374771118164,41.67048645019531,69.87115478515625,36.54948043823242,0.0,0.00035223670420236886,0.012610074132680893,0.03783022239804268,0.2791123688220978,0.071856290102005,0.07502641528844833,0.07932370901107788,0.09496301412582397,0.10665727406740189,0.07509686797857285,0.038957379758358,0.0475519560277462,0.06819302588701248,0.01246917899698019,0.0,0.0,0.00063402607338503,0.035223670303821564,0.17787954211235046,0.17935892939567566,0.0860162004828453,0.08333920687437057,0.10447340458631516,0.09700598567724228,0.10729129612445831,0.0865093320608139,0.04071856290102005,0.0015498414868488908,0.0,0.0,0.0,0.0023952096235007048,0.11088411509990692,0.17435716092586517,0.2969355285167694,0.1304684728384018,0.07122226059436798,0.05234237387776375,0.04649524390697479,0.046354349702596664,0.05044029653072357,0.01775272935628891,0.0002817893691826612,7.04473422956653e-05,0.0,0.0,0.0,72.19277954101562,67.30110931396484,56.461666107177734
Ripe_98.jpg,Ripe,Ripe,128.68972778320312,48.29277038574219,107.32310485839844,36.49193572998047,69.21522521972656,30.644121170043945,0.0,0.0,0.000179500988451764,0.015257583931088448,0.25201937556266785,0.06462035328149796,0.060671333223581314,0.08095494657754898,0.10644408315420151,0.11820139735937119,0.10007180273532867,0.07799317687749863,0.07637766748666763,0.04182372987270355,0.005115778185427189,0.00026925146812573075,0.0,0.0,0.0023335127625614405,0.10770059376955032,0.2232094705104828,0.07871118187904358,0.11694489419460297,0.13462574779987335,0.12968946993350983,0.11927840858697891,0.06982588768005371,0.016783341765403748,0.0008975049131549895,0.0,0.0,0.0,0.0061030336655676365,0.028271405026316643,0.13354873657226562,0.4251480996608734,0.1603841334581375,0.08849398791790009,0.0441572442650795,0.032758928835392,0.034015435725450516,0.0341949388384819,0.012206067331135273,0.00026925146812573075,0.00044875245657749474,0.0,0.0,0.0,71.05425262451172,66.83076477050781,54.62568283081055
Ripe_99.jpg,Ripe,Ripe,121.0046157836914,46.771812438964844,103.05360412597656,41.6943473815918,59.57408905029297,37.13705062866211,0.0,0.0,0.0013629136374220252,0.024532444775104523,0.13962292671203613,0.27523282170295715,0.07579313963651657,0.08404634147882462,0.0977511927485466,0.09479821473360062,0.07284016162157059,0.034072838723659515,0.017490724101662636,0.038615886121988297,0.04278034344315529,0.001060043927282095,0.0,0.0001514348405180499,0.028999771922826767,0.11978496611118317,0.2018626481294632,0.20678427815437317,0.09351101517677307,0.08631785959005356,0.08306201547384262,0.059135306626558304,0.035284318029880524,0.028015445917844772,0.05247217416763306,0.004618762992322445,0.0,0.0,0.03376996889710426,0.24214431643486023,0.18861210346221924,0.14181873202323914,0.16930416226387024,0.057999543845653534,0.04187173396348953,0.03997879847884178,0.03914590924978256,0.04103884473443031,0.0036344362888485193,0.00037858710857108235,0.0003028696810360998,0.0,0.0,0.0,80.08709716796875,75.03876495361328,53.81943893432617
Overripe_1.jpg,Overripe,Overripe,19.99553871154785,30.357769012451172,22.006853103637695,30.380781173706055,19.450359344482422,28.490291595458984,0.6972111463546753,0.14549800753593445,0.05274900421500206,0.02804780937731266,0.019123505800962448,0.011952191591262817,0.01211155392229557,0.008924302645027637,0.007808764930814505,0.009243028238415718,0.0039840638637542725,0.0015936255222186446,0.000956175324972719,0.0006374501972459257,0.00015936254931148142,0.0,0.6530677080154419,0.17944222688674927,0.056414343416690826,0.030438246205449104,0.02087649330496788,0.01402390468865633,0.01179282832890749,0.008286852389574051,0.007808764930814505,0.008127490058541298,0.0063745020888745785,0.0012749003944918513,0.0011155378306284547,0.0007968127611093223,0.00015936254931148142,0.0,0.6911553740501404,0.16063745319843292,0.05386454239487648,0.026454182341694832,0.018007967621088028,0.01211155392229557,0.007011952344328165,0.009561752900481224,0.0065338644199073315,0.010039840824902058,0.0017529880860820413,0.0012749003944918513,0.0011155378306284547,0.00031872509862296283,0.00015936254931148142,0.0,9.114537239074707,11.091361999511719,9.452404022216797
Overripe_10.jpg,Overripe,Overripe,24.718278884887695,33.190853118896484,26.03569984436035,31.56614112854004,23.081504821777344,29.232158660888672,0.6249462366104126,0.1576344072818756,0.06086021661758423,0.03010752610862255,0.025376344099640846,0.03548387065529823,0.029032258316874504,0.016774194315075874,0.007526881527155638,0.006451612804085016,0.004301075357943773,0.0,0.0010752688394859433,0.00043010752415284514,0.0,0.0,0.5761290192604065,0.18602150678634644,0.07053763419389725,0.03999999910593033,0.037204302847385406,0.04043010622262955,0.02150537632405758,0.009462365880608559,0.006881720386445522,0.00602150522172451,0.004301075357943773,0.0,0.0008602150483056903,0.0006451613153330982,0.0,0.0,0.6129032373428345,0.16365590691566467,0.07075268775224686,0.04537634551525116,0.04537634551525116,0.028172042220830917,0.01075268816202879,0.007096774410456419,0.006236559245735407,0.006236559245735407,0.0019354838877916336,0.0,0.0010752688394859433,0.00043010752415284514,0.0,0.0,9.439162254333496,11.391624450683594,9.72891902923584
Overripe_100.jpg,Overripe,Overripe,93.56705474853516,39.36214828491211,72.82784271240234,32.55474090576172,37.32777404785156,20.06499481201172,0.0016540316864848137,0.022191591560840607,0.08366643637418747,0.13246037065982819,0.16912473738193512,0.1662301868200302,0.12212267518043518,0.11261199414730072,0.07222604751586914,0.05375603213906288,0.027842866256833076,0.016678152605891228,0.012680909596383572,0.006202619057148695,0.0005513438954949379,0.0,0.0015161957126110792,0.05155065655708313,0.18332184851169586,0.23128876090049744,0.17257064580917358,0.1454169601202011,0.08890420198440552,0.05389386788010597,0.03046175092458725,0.0230186078697443,0.013094417750835419,0.004272915422916412,0.0005513438954949379,0.00013783597387373447,0.0,0.0,0.0713990330696106,0.3386629819869995,0.40027567744255066,0.11867677420377731,0.03404548764228821,0.014334941282868385,0.008132322691380978,0.005513438954949379,0.005651275161653757,0.0024810475297272205,0.00027567194774746895,0.00027567194774746895,0.00027567194774746895,0.0,0.0,0.0,49.99781799316406,39.30425262451172,24.41330337524414
Overripe_101.jpg,Overripe,Overripe,79.224609375,29.541568756103516,62.23870086669922,24.093231201171875,34.93010711669922,19.273944854736328,0.0034877231810241938,0.0252511166036129,0.1484375,0.1579241007566452,0.1537388414144516,0.189453125,0.1897321492433548,0.0867745503783226,0.02873883955180645,0.010602678172290325,0.0057198661379516125,0.0,0.00013950893480796367,0.0,0.0,0.0,0.006556919775903225,0.0623604916036129,0.2389787882566452,0.2380022257566452,0.2413504421710968,0.1382533460855484,0.0442243292927742,0.014508928172290325,0.006277901586145163,0.006556919775903225,0.0027901786379516125,0.0,0.00013950893480796367,0.0,0.0,0.0,0.0531529001891613,0.4352678656578064,0.3966238796710968,0.0669642835855484,0.01422991044819355,0.008510044775903225,0.008091517724096775,0.006138392724096775,0.0057198661379516125,0.004324776586145163,0.0008370535797439516,0.00013950893480796367,0.0,0.0,0.0,0.0,47.68712615966797,38.46632385253906,25.215686798095703
Overripe_102.jpg,Overripe,Overripe,108.81779479980469,53.5063591003418,86.89602661132812,44.93791961669922,36.276912689208984,23.046680450439453,0.002352941082790494,0.02602941170334816,0.09323529154062271,0.11441176384687424,0.1285294145345688,0.10661764442920685,0.09470587968826294,0.08352941274642944,0.0864705890417099,0.06897059082984924,0.057500001043081284,0.03955882415175438,0.0394117645919323,0.04102941229939461,0.017500000074505806,0.00014705881767440587,0.0032352940179407597,0.06397058814764023,0.15044116973876953,0.1626470535993576,0.1369117647409439,0.1044117659330368,0.09852941334247589,0.08073529601097107,0.05838235467672348,0.048676472157239914,0.04073529317975044,0.03911764547228813,0.01147058792412281,0.000735294132027775,0.0,0.0,0.10941176116466522,0.38999998569488525,0.2867647111415863,0.12779411673545837,0.04852941259741783,0.012352941557765007,0.00455882353708148,0.006470588035881519,0.007647058926522732,0.004411764908581972,0.00029411763534881175,0.0005882352706976235,0.001176470541395247,0.0,0.0,0.0,50.11625289916992,39.237247467041016,23.746145248413086
Overripe_103.jpg,Overripe,Overripe,85.78813171386719,36.73908996582031,66.3570327758789,30.700603485107422,36.280128479003906,20.858694076538086,0.0019827219657599926,0.03186517581343651,0.10678374022245407,0.14728792011737823,0.21101826429367065,0.16343294084072113,0.11754708737134933,0.08044186234474182,0.058915168046951294,0.035547371953725815,0.02379266358911991,0.012887693010270596,0.006797904148697853,0.0016994760371744633,0.0,0.0,0.004531935788691044,0.06854553520679474,0.23197847604751587,0.24656563997268677,0.17646226286888123,0.11513949930667877,0.06542982906103134,0.03738847374916077,0.025208894163370132,0.01741962879896164,0.009063871577382088,0.0015578529564663768,0.0004248690092936158,0.00028324598679319024,0.0,0.0,0.07491856813430786,0.376009076833725,0.39087948203086853,0.09517065435647964,0.027191616594791412,0.010480102151632309,0.007222773041576147,0.005806542932987213,0.0056649199686944485,0.0042486898601055145,0.0012746070278808475,0.0008497380185872316,0.00028324598679319024,0.0,0.0,0.0,73.644287109375,55.1783561706543,38.6683349609375
Overripe_104.jpg,Overripe,Overripe,146.92245483398438,17.01344871520996,147.67799377441406,17.53876495361328,141.48016357421875,15.981806755065918,0.0,0.0,0.0,0.0,0.0,0.008631491102278233,0.04315745458006859,0.08450508117675781,0.19031044840812683,0.3945426642894745,0.2788528501987457,0.0,0.0,0.0,0.0,0.0,0.0,0.0,0.0,0.0,0.0,0.008074620738625526,0.04246136546134949,0.09257970005273819,0.1743004322052002,0.3719894289970398,0.31059446930885315,0.0,0.0,0.0,0.0,0.0,0.0,0.0,0.0,0.0,0.0,0.013364889658987522,0.05025755241513252,0.11346234381198883,0.30043157935142517,0.4400668144226074,0.08241681754589081,0.0,0.0,0.0,0.0,0.0,147.18124389648438,147.92173767089844,141.58016967773438
Overripe_105.jpg,Overripe,Overripe,80.10620880126953,31.833030700683594,64.74378204345703,27.54595375061035,39.83138656616211,22.22982406616211,0.005580923520028591,0.039066463708877563,0.08574327826499939,0.16218501329421997,0.2584136724472046,0.2007441222667694,0.10299340635538101,0.05530187860131264,0.039912059903144836,0.027735497802495956,0.0167427696287632,0.002875021193176508,0.0013529511634260416,0.001183832180686295,0.0001691188954282552,0.0,0.006088280119001865,0.07508878409862518,0.17368510365486145,0.297311007976532,0.2323693484067917,0.09267715364694595,0.05225773900747299,0.035176727920770645,0.01894131489098072,0.010485371574759483,0.0038897343911230564,0.0001691188954282552,0.0006764755817130208,0.001183832180686295,0.0,0.0,0.03822086751461029,0.3428039848804474,0.4008117616176605,0.12700828909873962,0.03974293917417526,0.01927955262362957,0.010992728173732758,0.007441231049597263,0.006933874450623989,0.004058853257447481,0.0008455944480374455,0.0003382377908565104,0.001183832180686295,0.0003382377908565104,0.0,0.0,85.11495208740234,69.60224151611328,43.80060958862305
Overripe_106.jpg,Overripe,Overripe,101.2016372680664,55.86396026611328,80.94215393066406,46.55807876586914,42.13776779174805,24.94066047668457,0.005517472047358751,0.0489884652197361,0.10800869762897491,0.1442902535200119,0.13960875570774078,0.11369336396455765,0.07991974800825119,0.06687844544649124,0.05718107521533966,0.05450593680143356,0.04865407198667526,0.03845510631799698,0.03226885199546814,0.03226885199546814,0.029092125594615936,0.0006687844870612025,0.005183079745620489,0.08660759031772614,0.18525330722332,0.19796021282672882,0.12790502607822418,0.08393245190382004,0.06520649045705795,0.06236415356397629,0.05032603070139885,0.04564454033970833,0.03912389278411865,0.02641698718070984,0.023073064163327217,0.0010031766723841429,0.0,0.0,0.0638689175248146,0.34057849645614624,0.28891488909721375,0.1299113929271698,0.0984785184264183,0.04531014710664749,0.012038120999932289,0.008025413379073143,0.006353452801704407,0.004681491293013096,0.001337568974122405,0.00016719612176530063,0.00033439224353060126,0.0,0.0,0.0,50.134761810302734,39.63602066040039,23.88665008544922
Overripe_107.jpg,Overripe,Overripe,103.74244689941406,56.72711181640625,88.17835235595703,46.047386169433594,54.4427375793457,26.98604965209961,0.006304176524281502,0.04465458542108536,0.0818229541182518,0.15629103779792786,0.13698449730873108,0.1343577653169632,0.08733911067247391,0.05883898213505745,0.04504859447479248,0.045179933309555054,0.041896507143974304,0.044260572642087936,0.0459679551422596,0.04688731208443642,0.022589966654777527,0.0015760441310703754,0.007486209738999605,0.05700026452541351,0.10992907732725143,0.1787496656179428,0.16903072595596313,0.14867348968982697,0.0711846575140953,0.047149986028671265,0.04859469458460808,0.048857368528842926,0.05003939941525459,0.04150249436497688,0.015103756450116634,0.006041502580046654,0.0006566850352101028,0.0,0.02666141279041767,0.1242448091506958,0.27134227752685547,0.2914368212223053,0.17914368212223053,0.060940373688936234,0.016285790130496025,0.006435513496398926,0.00656685046851635,0.00551615422591567,0.002232729224488139,0.0019700550474226475,0.004334121476858854,0.002889414317905903,0.0,0.0,54.608360290527344,50.485294342041016,40.73993682861328
Overripe_108.jpg,Overripe,Overripe,101.76399230957031,57.9945182800293,86.32722473144531,46.12074661254883,51.89143753051758,23.061758041381836,0.0043368772603571415,0.05036373808979988,0.11541689932346344,0.1530497968196869,0.1257694512605667,0.1278679370880127,0.07680469751358032,0.05204252898693085,0.04560716450214386,0.041270285844802856,0.04196978360414505,0.04658645763993263,0.048824846744537354,0.0482652485370636,0.02154448814690113,0.00027979855076409876,0.0043368772603571415,0.06099608168005943,0.14745382964611053,0.1685786247253418,0.1783715784549713,0.11891438066959381,0.061835478991270065,0.043928369879722595,0.047285955399274826,0.05484051629900932,0.05791829898953438,0.04308897629380226,0.012171236798167229,0.00027979855076409876,0.0,0.0,0.014829322695732117,0.14283715188503265,0.3241466283798218,0.267347514629364,0.15640738606452942,0.05651930719614029,0.015388919971883297,0.0078343590721488,0.006994963623583317,0.005875769536942244,0.0006994963623583317,0.0006994963623583317,0.00027979855076409876,0.00013989927538204938,0.0,0.0,51.48321533203125,48.69370651245117,39.76503372192383
Overripe_109.jpg,Overripe,Overripe,90.81385803222656,46.883323669433594,71.71456146240234,37.171142578125,36.34355163574219,22.62017822265625,0.0028735632076859474,0.061302680522203445,0.14064495265483856,0.14351852238178253,0.1352171152830124,0.11462324112653732,0.09307152032852173,0.07535121589899063,0.06784801930189133,0.06545338779687881,0.04533844068646431,0.0271392073482275,0.015804598107933998,0.011015325784683228,0.0007982120150700212,0.0,0.00558748422190547,0.09626436978578568,0.22174330055713654,0.18773946166038513,0.1377713978290558,0.09945721924304962,0.0871647521853447,0.06369731575250626,0.04725414887070656,0.030012771487236023,0.016762452200055122,0.006226053461432457,0.00015964239719323814,0.00015964239719323814,0.0,0.0,0.10089399665594101,0.3799489140510559,0.32024264335632324,0.11542145907878876,0.0403895266354084,0.01452745869755745,0.008780332282185555,0.005747126415371895,0.007662835065275431,0.005427841562777758,0.0004789271915797144,0.0003192847943864763,0.00015964239719323814,0.0,0.0,0.0,48.64237594604492,39.098655700683594,23.502243041992188
Overripe_11.jpg,Overripe,Overripe,29.323572158813477,39.28730392456055,30.488866806030273,37.217655181884766,27.107454299926758,33.93044662475586,0.6132623553276062,0.14085188508033752,0.04041626304388046,0.021297192201018333,0.020813165232539177,0.06098741665482521,0.04622459039092064,0.025169409811496735,0.010406582616269588,0.011132623068988323,0.005808325484395027,0.0009680542279966176,0.001694094855338335,0.0007260406855493784,0.0002420135569991544,0.0,0.5537270307540894,0.1899806410074234,0.049612779170274734,0.023475315421819687,0.0355759933590889,0.06364956498146057,0.03702807426452637,0.01766698993742466,0.00871248822659254,0.01210067793726921,0.005324298050254583,0.0004840271139983088,0.001694094855338335,0.0007260406855493784,0.0002420135569991544,0.0,0.5859147906303406,0.17497579753398895,0.041384316980838776,0.03702807426452637,0.06389157474040985,0.04356243833899498,0.017182962968945503,0.010406582616269588,0.011616650968790054,0.009196515195071697,0.0019361084559932351,0.0002420135569991544,0.001694094855338335,0.0004840271139983088,0.0004840271139983088,0.0,9.253185272216797,11.603724479675293,10.33714485168457
Overripe_110.jpg,Overripe,Overripe,105.41722106933594,50.032188415527344,84.88812255859375,40.738548278808594,40.83324432373047,21.54709815979004,0.003454690333455801,0.033483922481536865,0.06710071861743927,0.13260696828365326,0.15280361473560333,0.11360616236925125,0.07733191549777985,0.07759766280651093,0.08078660815954208,0.07879351824522018,0.061520062386989594,0.06191868335008621,0.04929577559232712,0.008636726066470146,0.0010629816679283977,0.0,0.0045176721177995205,0.04265213757753372,0.14762157201766968,0.2009035348892212,0.13380281627178192,0.0984586775302887,0.10164762288331985,0.08610151708126068,0.06311453878879547,0.06909380853176117,0.04517672210931778,0.00584639934822917,0.0009301089448854327,0.0001328727084910497,0.0,0.0,0.055009301751852036,0.28527769446372986,0.38014882802963257,0.17937815189361572,0.058463990688323975,0.016609087586402893,0.007307998836040497,0.00558065390214324,0.006245017051696777,0.0043847993947565556,0.0007972362218424678,0.0003986181109212339,0.0002657454169820994,0.0001328727084910497,0.0,0.0,144.6160888671875,111.90402221679688,43.54993438720703
Overripe_111.jpg,Overripe,Overripe,87.06879425048828,39.44522476196289,67.98873138427734,30.374706268310547,34.39505386352539,20.05441665649414,0.014051522128283978,0.024297423660755157,0.14446721971035004,0.15207844972610474,0.13144028186798096,0.12397541105747223,0.1339285671710968,0.10553278774023056,0.07816158980131149,0.04566744714975357,0.03220140561461449,0.009806791320443153,0.003659250680357218,0.000731850101146847,0.0,0.0,0.01185597199946642,0.061768148094415665,0.23565573990345,0.1835480034351349,0.1776932030916214,0.1441744714975357,0.09294496476650238,0.04947306960821152,0.025468384847044945,0.013612411916255951,0.0038056205958127975,0.0,0.0,0.0,0.0,0.0,0.08811475336551666,0.43413349986076355,0.3414812684059143,0.08562646061182022,0.016686182469129562,0.007757611107081175,0.007903981022536755,0.007318501360714436,0.006879391148686409,0.0033665106166154146,0.000731850101146847,0.0,0.0,0.0,0.0,0.0,48.18967056274414,38.95725631713867,25.074800491333008
Overripe_112.jpg,Overripe,Overripe,81.29777526855469,43.49272155761719,63.68100357055664,34.74030303955078,33.38827896118164,21.991859436035156,0.007217090111225843,0.07260392606258392,0.17580831050872803,0.15747690200805664,0.150404155254364,0.12254618853330612,0.09209007024765015,0.06480947136878967,0.04792147874832153,0.04474595934152603,0.027569284662604332,0.017032332718372345,0.01154734380543232,0.007794457487761974,0.00043302541598677635,0.0,0.011403001844882965,0.12471131980419159,0.2775692939758301,0.18519052863121033,0.1434757560491562,0.0907909944653511,0.05369514971971512,0.043302539736032486,0.029878752306103706,0.022372979670763016,0.014145496301352978,0.0030311779119074345,0.0002886836009565741,0.00014434180047828704,0.0,0.0,0.10435912013053894,0.4819572865962982,0.27612587809562683,0.07577944546937943,0.02598152495920658,0.008083140477538109,0.005918013863265514,0.00765011552721262,0.006784064695239067,0.005629330407828093,0.0011547344038262963,0.0002886836009565741,0.00014434180047828704,0.00014434180047828704,0.0,0.0,48.27696990966797,38.27161407470703,24.405508041381836
Overripe_113.jpg,Overripe,Overripe,109.4847412109375,53.0401496887207,87.1006851196289,43.8620719909668,43.584075927734375,21.122119903564453,0.0030101723968982697,0.01370147429406643,0.0843886211514473,0.14646045863628387,0.12331326305866241,0.10307244956493378,0.08833298832178116,0.08241644501686096,0.07556570321321487,0.07369732111692429,0.06020344793796539,0.04940834641456604,0.04411459341645241,0.04369939863681793,0.008615320548415184,0.0,0.005086153279989958,0.03238530084490776,0.19078265130519867,0.1443844735622406,0.12694622576236725,0.12902221083641052,0.09632551670074463,0.07442391663789749,0.0576084703207016,0.05407930165529251,0.0500311404466629,0.033630888909101486,0.005293751135468483,0.0,0.0,0.0,0.03466888144612312,0.2590824067592621,0.3596636950969696,0.21590201556682587,0.08874818682670593,0.016607847064733505,0.00705833500251174,0.007162134163081646,0.006850737147033215,0.003321569412946701,0.000518995220772922,0.00041519617661833763,0.0,0.0,0.0,0.0,49.81914138793945,38.812652587890625,25.522302627563477
Overripe_114.jpg,Overripe,Overripe,85.57552337646484,37.33821487426758,68.1814193725586,29.913436889648438,41.05019760131836,21.833391189575195,0.00045773573219776154,0.02929508686065674,0.14494964480400085,0.13610009849071503,0.16585291922092438,0.17134574055671692,0.12602990865707397,0.087580107152462,0.056148916482925415,0.03692401573061943,0.025175465270876884,0.013579493388533592,0.0036618858575820923,0.0019835215061903,0.0006103143095970154,0.0003051571547985077,0.0009154714643955231,0.059505645185709,0.20765943825244904,0.22886787354946136,0.22947818040847778,0.11428135633468628,0.06438816338777542,0.044705525040626526,0.026853829622268677,0.013732071965932846,0.005492828786373138,0.0022886786609888077,0.001068050041794777,0.0007628928869962692,0.0,0.0,0.02532804384827614,0.302105575799942,0.4484284520149231,0.13960939645767212,0.03127861022949219,0.01907232217490673,0.010070186108350754,0.007476350292563438,0.008086664602160454,0.005645407363772392,0.0019835215061903,0.0006103143095970154,0.0003051571547985077,0.0,0.0,0.0,50.69617462158203,44.771583557128906,38.10163879394531
Overripe_115.jpg,Overripe,Overripe,78.78964233398438,36.71257019042969,62.76136779785156,30.104515075683594,38.47947692871094,23.656435012817383,0.005280190613120794,0.04087889567017555,0.17152103781700134,0.16743314266204834,0.1863396316766739,0.1469936966896057,0.10645546019077301,0.06540623307228088,0.04462612792849541,0.031510815024375916,0.0206097774207592,0.005961505696177483,0.0042582182213664055,0.0018736161291599274,0.0008516436791978776,0.0,0.006642820779234171,0.08805995434522629,0.25055357813835144,0.25600409507751465,0.18582865595817566,0.08618634194135666,0.052461251616477966,0.029466871172189713,0.021631749346852303,0.010901039466261864,0.007324135396629572,0.0011923011625185609,0.002895588520914316,0.0008516436791978776,0.0,0.0,0.04939533397555351,0.37506386637687683,0.4033384323120117,0.09572474658489227,0.025378981605172157,0.013285641558468342,0.009538409300148487,0.009708737954497337,0.006642820779234171,0.006813149433583021,0.0023846023250371218,0.0006813149666413665,0.0015329585876315832,0.0005109861958771944,0.0,0.0,47.052223205566406,38.141109466552734,25.97333335876465
Overripe_116.jpg,Overripe,Overripe,146.76821899414062,16.770193099975586,147.5664520263672,17.018661499023438,140.5511474609375,15.988190650939941,0.0,0.0,0.0,0.0,0.0,0.005352363921701908,0.04638715460896492,0.08296164125204086,0.2087422013282776,0.39325007796287537,0.26330655813217163,0.0,0.0,0.0,0.0,0.0,0.0,0.0,0.0,0.0,0.0,0.0029735355637967587,0.04831995069980621,0.08281296491622925,0.19342848658561707,0.3807612359523773,0.29170385003089905,0.0,0.0,0.0,0.0,0.0,0.0,0.0,0.0,0.0,0.0,0.012637525796890259,0.055159084498882294,0.11909009516239166,0.3174249231815338,0.43339279294013977,0.062295570969581604,0.0,0.0,0.0,0.0,0.0,147.49472045898438,148.2181396484375,141.0062713623047
Overripe_117.jpg,Overripe,Overripe,96.57562255859375,42.083003997802734,75.89910888671875,34.44835662841797,38.475868225097656,26.51108741760254,0.0025827279314398766,0.03147699683904648,0.12316384166479111,0.08845843374729156,0.12138821929693222,0.13171912729740143,0.1270379275083542,0.13849878311157227,0.10234059393405914,0.05811138078570366,0.03970944136381149,0.01953188143670559,0.008878127671778202,0.005972558632493019,0.0009685229742899537,0.00016142049571499228,0.003551251022145152,0.08167877048254013,0.13139629364013672,0.1849878877401352,0.17578692734241486,0.1722356677055359,0.10928168147802353,0.06214689090847969,0.035835351794958115,0.02211460843682289,0.009846650063991547,0.005326876416802406,0.003389830468222499,0.001775625511072576,0.0006456819828599691,0.0,0.0776432603597641,0.3870863616466522,0.3391444683074951,0.10540758818387985,0.02663438208401203,0.012590799480676651,0.013720742426812649,0.015173527412116528,0.009200968779623508,0.00774818379431963,0.002259887056425214,0.0006456819828599691,0.001775625511072576,0.0008071024785749614,0.00016142049571499228,0.0,111.6495132446289,84.91793823242188,41.134910583496094
Overripe_118.jpg,Overripe,Overripe,93.40576934814453,37.950408935546875,76.03132629394531,32.314701080322266,48.95425796508789,25.420440673828125,0.0005242464249022305,0.022018348798155785,0.10484927892684937,0.10000000149011612,0.13591088354587555,0.18204456567764282,0.17876802384853363,0.10419397056102753,0.06474442780017853,0.044823065400123596,0.03538663312792778,0.014416775666177273,0.008781126700341702,0.0032765399664640427,0.00026212321245111525,0.0,0.0013106160331517458,0.04167758673429489,0.1579292267560959,0.16120576858520508,0.23224115371704102,0.1950196623802185,0.09187418222427368,0.04626474529504776,0.026605505496263504,0.020707732066512108,0.015203145332634449,0.006159895099699497,0.002359108766540885,0.0013106160331517458,0.00013106160622555763,0.0,0.020969856530427933,0.18715596199035645,0.37051114439964294,0.2566186189651489,0.07444299012422562,0.031061599031090736,0.021363040432333946,0.016382699832320213,0.011009174399077892,0.00471821753308177,0.0022280472330749035,0.0018348623998463154,0.0013106160331517458,0.00039318480412475765,0.0,0.0,107.43618774414062,83.30657958984375,48.73552703857422
Overripe_119.jpg,Overripe,Overripe,143.25271606445312,18.95832061767578,144.31639099121094,18.935352325439453,137.2635498046875,17.660226821899414,0.0,0.0,0.0,0.0,0.0,0.026488294824957848,0.05979933217167854,0.10073578357696533,0.20240803062915802,0.4053511619567871,0.2052173912525177,0.0,0.0,0.0,0.0,0.0,0.0,0.0,0.0,0.0,0.0,0.021404681727290154,0.05993311107158661,0.10153846442699432,0.18943144381046295,0.39625418186187744,0.23143813014030457,0.0,0.0,0.0,0.0,0.0,0.0,0.0,0.0,0.0,0.001070234109647572,0.03344481438398361,0.07090301066637039,0.1277592033147812,0.3513043522834778,0.3641471564769745,0.05137123912572861,0.0,0.0,0.0,0.0,0.0,147.05471801757812,148.052978515625,140.6042022705078
Overripe_12.jpg,Overripe,Overripe,32.99348068237305,35.14817810058594,31.763713836669922,32.21391296386719,23.883317947387695,29.8503475189209,0.45548561215400696,0.20526079833507538,0.0879046767950058,0.057553958147764206,0.06699640303850174,0.04856115207076073,0.03776978328824043,0.018210431560873985,0.00741906464099884,0.010341726243495941,0.003821942489594221,0.00022482014901470393,0.00022482014901470393,0.00022482014901470393,0.0,0.0,0.4159172773361206,0.24730215966701508,0.12814748287200928,0.06317446380853653,0.044289566576480865,0.038219425827264786,0.028776979073882103,0.011241007596254349,0.008093524724245071,0.008992806077003479,0.004946043249219656,0.00044964029802940786,0.00022482014901470393,0.00022482014901470393,0.0,0.0,0.5813848972320557,0.20436151325702667,0.06115107983350754,0.045638490468263626,0.035971224308013916,0.029226617887616158,0.015287769958376884,0.007868705317378044,0.008318345062434673,0.008992806077003479,0.0011241007596254349,0.00022482014901470393,0.00044964029802940786,0.0,0.0,0.0,11.3949613571167,13.190205574035645,10.317601203918457
Overripe_120.jpg,Overripe,Overripe,82.80372619628906,41.6930046081543,66.68006134033203,33.487674713134766,41.46084976196289,22.74473762512207,0.005864091217517853,0.06450500339269638,0.13625387847423553,0.1873059719800949,0.1517764776945114,0.12625043094158173,0.0929630920290947,0.07105898857116699,0.061400484293699265,0.0472576767206192,0.028285615146160126,0.013452914543449879,0.0074163503013551235,0.005346671212464571,0.0008623663452453911,0.0,0.010003449395298958,0.1029665395617485,0.20817522704601288,0.2347361147403717,0.16109003126621246,0.10244911909103394,0.07140393555164337,0.045705415308475494,0.030010348185896873,0.018799586221575737,0.009486029855906963,0.0036219386383891106,0.0008623663452453911,0.00034494654391892254,0.00034494654391892254,0.0,0.04967230185866356,0.2876853942871094,0.3930665850639343,0.1590203493833542,0.05984822288155556,0.021386684849858284,0.009141082875430584,0.005864091217517853,0.005519144702702761,0.006209037732332945,0.0005174197722226381,0.0005174197722226381,0.0010348395444452763,0.00017247327195946127,0.00034494654391892254,0.0,52.80745315551758,46.63561248779297,38.66563034057617
Overripe_121.jpg,Overripe,Overripe,108.93390655517578,69.33706665039062,87.498291015625,56.4840202331543,41.231807708740234,26.461050033569336,0.014650821685791016,0.09474198520183563,0.1458570659160614,0.10369526594877243,0.09425362199544907,0.07504476606845856,0.049487221986055374,0.04720820486545563,0.04476640000939369,0.04476640000939369,0.04541754722595215,0.0387432835996151,0.06316132098436356,0.0789516493678093,0.05176623910665512,0.007488198112696409,0.01741820015013218,0.1504151076078415,0.1756470799446106,0.1325085461139679,0.07699821144342422,0.05388246849179268,0.05404525622725487,0.0550219751894474,0.04899885877966881,0.06283574551343918,0.07048673182725906,0.07341689616441727,0.026371479034423828,0.001953443046659231,0.0,0.0,0.09734657406806946,0.3514569401741028,0.220413476228714,0.15692658722400665,0.10743936151266098,0.02962721884250641,0.011069510132074356,0.009604427963495255,0.006348689552396536,0.007325410842895508,0.0011395083274692297,0.0004883607616648078,0.0004883607616648078,0.0003255738120060414,0.0,0.0,47.76011276245117,37.896793365478516,23.485355377197266
Overripe_122.jpg,Overripe,Overripe,109.8708724975586,45.17592239379883,94.3467025756836,37.964473724365234,60.002498626708984,25.04957389831543,0.002255517989397049,0.028596745803952217,0.045513130724430084,0.07628484070301056,0.1195424497127533,0.1487836241722107,0.11736749112606049,0.11454809457063675,0.10649266839027405,0.08707910776138306,0.06291283667087555,0.045513130724430084,0.028274528682231903,0.014258095994591713,0.0025777348782867193,0.0,0.004994361195713282,0.04349927604198456,0.06822942197322845,0.10335105657577515,0.1478169858455658,0.16223618388175964,0.1419365257024765,0.12099242955446243,0.09916223585605621,0.0592879019677639,0.02964395098388195,0.014499758370220661,0.004349927417933941,0.0,0.0,0.0,0.033752214163541794,0.1028677299618721,0.17141936719417572,0.24238762259483337,0.2379571497440338,0.1379893720149994,0.054051876068115234,0.01168036088347435,0.004591590259224176,0.0025777348782867193,0.0005638794973492622,0.00016110842989291996,0.0,0.0,0.0,0.0,82.24113464355469,74.22897338867188,52.09422302246094
Overripe_123.jpg,Overripe,Overripe,81.13683319091797,31.759138107299805,68.86199188232422,27.717525482177734,45.95817947387695,23.256729125976562,0.0005018400843255222,0.018902642652392387,0.09518233686685562,0.1985613852739334,0.24891267716884613,0.17748410999774933,0.10254265367984772,0.06222816929221153,0.04349280521273613,0.02793576382100582,0.01522248238325119,0.00518568092957139,0.001672800281085074,0.0013382402248680592,0.000836400140542537,0.0,0.0011709601385518909,0.043660085648298264,0.1630980223417282,0.26781532168388367,0.2418869137763977,0.14887923002243042,0.06457009166479111,0.028437605127692223,0.018400803208351135,0.011542322114109993,0.005352960899472237,0.0021746403072029352,0.0011709601385518909,0.0011709601385518909,0.0006691201124340296,0.0,0.03211776539683342,0.19237202405929565,0.3824021518230438,0.28103044629096985,0.06055536866188049,0.01605888269841671,0.009200401604175568,0.006858481094241142,0.007694881409406662,0.00568752083927393,0.0026764804497361183,0.000836400140542537,0.001672800281085074,0.000836400140542537,0.0,0.0,81.58549499511719,71.9045181274414,50.037010192871094
Overripe_124.jpg,Overripe,Overripe,128.77243041992188,52.93852233886719,101.02129364013672,43.04511642456055,38.244354248046875,25.048381805419922,0.0010755001567304134,0.019359001889824867,0.048397503793239594,0.06840180605649948,0.07506990432739258,0.08862120658159256,0.09571950882673264,0.09399870783090591,0.09055710583925247,0.08969670534133911,0.09098730981349945,0.09098730981349945,0.08733060956001282,0.050763603299856186,0.009034200571477413,0.0,0.003441600361838937,0.037857603281736374,0.08474940806627274,0.10174231231212616,0.11938051134347916,0.12626370787620544,0.11056140810251236,0.10625941306352615,0.10453861206769943,0.1030329093337059,0.07270380854606628,0.028608303517103195,0.0008604000904597342,0.0,0.0,0.0,0.14734351634979248,0.29468703269958496,0.27984511852264404,0.16541191935539246,0.060873307287693024,0.018498601391911507,0.010539901442825794,0.008604001253843307,0.007743600755929947,0.005162400659173727,0.0004302000452298671,0.0006453000823967159,0.00021510002261493355,0.0,0.0,0.0,111.92308044433594,79.9864273071289,16.798643112182617
Overripe_125.jpg,Overripe,Overripe,108.86381530761719,38.55013656616211,87.41551208496094,32.10146713256836,41.69058609008789,23.67866325378418,0.0019290123600512743,0.011959876865148544,0.025848764926195145,0.059220679104328156,0.14776234328746796,0.16473765671253204,0.14525462687015533,0.13136574625968933,0.11342592537403107,0.08410494029521942,0.06288580596446991,0.030285494402050972,0.015046296641230583,0.006172839552164078,0.0,0.0,0.0038580247201025486,0.01948302425444126,0.04996141791343689,0.17592592537403107,0.20505401492118835,0.1861496865749359,0.1315586417913437,0.10455247014760971,0.0659722238779068,0.036265432834625244,0.014660493470728397,0.004822530783712864,0.0015432098880410194,0.00019290123600512743,0.0,0.0,0.055748455226421356,0.2847222089767456,0.3832947611808777,0.16473765671253204,0.05285493656992912,0.023341048508882523,0.010802469216287136,0.0086805559694767,0.008294752798974514,0.0034722222480922937,0.0007716049440205097,0.0015432098880410194,0.0017361111240461469,0.0,0.0,0.0,108.75872802734375,85.23368835449219,43.25645065307617
Overripe_126.JPG,Overripe,Overripe,108.87696075439453,44.81270217895508,98.31951141357422,44.56705093383789,40.00626754760742,55.079410552978516,0.035408396273851395,0.04115312173962593,0.04721119627356529,0.06183413416147232,0.08032170683145523,0.08261959254741669,0.10695634037256241,0.10988092422485352,0.1479005664587021,0.17662419378757477,0.10528514534235,0.004700229968875647,0.00010444955114508048,0.0,0.0,0.0,0.05159807950258255,0.05212032422423363,0.05494046211242676,0.07562147825956345,0.09713808447122574,0.11186546832323074,0.10716523975133896,0.1301441341638565,0.14810946583747864,0.11217881739139557,0.056716106832027435,0.002088990993797779,0.00031334866071119905,0.0,0.0,0.0,0.5752036571502686,0.12690620124340057,0.038019634783267975,0.01984541490674019,0.013787340372800827,0.01524963416159153,0.021203259006142616,0.03217046335339546,0.05212032422423363,0.06183413416147232,0.043659910559654236,0.0,0.0,0.0,0.0,0.0,139.34811401367188,116.88973236083984,5.736216068267822
Overripe_127.JPG,Overripe,Overripe,115.4146957397461,48.41942596435547,101.82044219970703,47.94643783569336,25.602102279663086,38.26581573486328,0.028516191989183426,0.05280328541994095,0.05304494872689247,0.05316578224301338,0.058724019676446915,0.0648864209651947,0.0847027525305748,0.10210246592760086,0.12675204873085022,0.17303045094013214,0.1558724045753479,0.04349927604198456,0.0028999517671763897,0.0,0.0,0.0,0.058844853192567825,0.05944900959730148,0.06573224067687988,0.058724019676446915,0.06863219290971756,0.08482358604669571,0.10427743196487427,0.1203479915857315,0.14560173451900482,0.1454809159040451,0.07769453525543213,0.010028999298810959,0.0003624939708970487,0.0,0.0,0.0,0.5621073246002197,0.23501691222190857,0.06295311450958252,0.026824552565813065,0.015466408804059029,0.013291445560753345,0.013533107936382294,0.01522474642843008,0.014620590023696423,0.028999516740441322,0.011962300166487694,0.0,0.0,0.0,0.0,0.0,140.46437072753906,115.97586059570312,10.418391227722168
Overripe_128.JPG,Overripe,Overripe,115.13164520263672,54.377681732177734,105.4911117553711,53.681827545166016,47.00617980957031,54.84005355834961,0.02043532021343708,0.07337705790996552,0.07100085914134979,0.06634350121021271,0.059690143913030624,0.06083071976900101,0.06681874394416809,0.08658872544765472,0.12033076584339142,0.14257200062274933,0.1241326853632927,0.04096568748354912,0.04115578532218933,0.02499762363731861,0.000760384020395577,0.0,0.045052751898765564,0.0773690715432167,0.08373728394508362,0.06396730244159698,0.06890980154275894,0.06928998976945877,0.07793936133384705,0.09447771310806274,0.12318220734596252,0.12527325749397278,0.09314703941345215,0.045623037964105606,0.02442733570933342,0.007413743995130062,0.00019009600509889424,0.0,0.4554700255393982,0.16348256170749664,0.053892213851213455,0.03573804721236229,0.021480847150087357,0.02594810351729393,0.03260146453976631,0.048094287514686584,0.06111586466431618,0.07727402448654175,0.024902576580643654,0.0,0.0,0.0,0.0,0.0,49.77847671508789,42.48430633544922,7.669058322906494
Overripe_129.JPG,Overripe,Overripe,119.58709716796875,65.26326751708984,94.30977630615234,59.66067886352539,38.117706298828125,42.77592086791992,0.04272801801562309,0.0766228437423706,0.048479869961738586,0.07333607226610184,0.07990961521863937,0.07087099552154541,0.06902218610048294,0.06840591877698898,0.06737879663705826,0.09572719782590866,0.088126540184021,0.0369761697947979,0.06203779950737953,0.07313065230846405,0.03923582658171654,0.00801150407642126,0.11544781923294067,0.08422350138425827,0.0809367299079895,0.09182415902614594,0.07847165316343307,0.06614626199007034,0.06347575783729553,0.0753903016448021,0.08340180665254593,0.08607231080532074,0.06717337667942047,0.059161871671676636,0.04046836495399475,0.0078060803934931755,0.0,0.0,0.42851272225379944,0.18857847154140472,0.09346754103899002,0.06778964400291443,0.043960560113191605,0.031018899753689766,0.03779786452651024,0.038003288209438324,0.04745275154709816,0.02300739474594593,0.00041084634722210467,0.0,0.0,0.0,0.0,0.0,18.597246170043945,9.383820533752441,3.740103244781494
Overripe_13.jpg,Overripe,Overripe,26.734922409057617,38.01400375366211,26.209936141967773,34.638973236083984,21.661113739013672,30.659725189208984,0.6863871216773987,0.09764502942562103,0.03087306208908558,0.0180930495262146,0.018811028450727463,0.03202182799577713,0.0565766803920269,0.037622056901454926,0.010051694698631763,0.006461803335696459,0.004307868890464306,0.0007179781678132713,0.0002871912729460746,0.0,0.0,0.0001435956364730373,0.6703044176101685,0.11731763184070587,0.03360137715935707,0.020677771419286728,0.024124067276716232,0.054135553538799286,0.04695577174425125,0.012349224649369717,0.0090465247631073,0.007179781794548035,0.003015508409589529,0.0007179781678132713,0.0004307868948671967,0.0,0.0,0.0001435956364730373,0.7195577025413513,0.09979896247386932,0.021682940423488617,0.017805859446525574,0.06059735640883446,0.04551981762051582,0.010769672691822052,0.009190120734274387,0.007754164282232523,0.004595060367137194,0.0015795519575476646,0.0007179781678132713,0.0002871912729460746,0.0001435956364730373,0.0,0.0,8.55093002319336,9.961503028869629,8.378522872924805
Overripe_130.JPG,Overripe,Overripe,151.74496459960938,53.95360565185547,111.80300903320312,50.64392852783203,36.21664047241211,37.031982421875,0.009539133869111538,0.023445580154657364,0.026663601398468018,0.02643374353647232,0.03218020871281624,0.03562808781862259,0.0451672226190567,0.08596713095903397,0.0979197770357132,0.1114814355969429,0.1592920422554016,0.09918399900197983,0.08964487165212631,0.08286403864622116,0.06493506580591202,0.009654062800109386,0.030801057815551758,0.04723595082759857,0.0418342724442482,0.0729801207780838,0.09654062986373901,0.0770026445388794,0.1081484854221344,0.1223997250199318,0.11090679466724396,0.0834386870265007,0.08114010095596313,0.08849557489156723,0.03482358530163765,0.0042523848824203014,0.0,0.0,0.3577749729156494,0.23169749975204468,0.15297092497348785,0.07976094633340836,0.04034019261598587,0.031720492988824844,0.03068612888455391,0.02930697612464428,0.03758188709616661,0.0077002644538879395,0.00045971726649440825,0.0,0.0,0.0,0.0,0.0,171.08827209472656,114.1511459350586,13.74002456665039
Overripe_131.JPG,Overripe,Overripe,125.99913024902344,60.46878433227539,92.02933502197266,54.33794403076172,39.339107513427734,45.074256896972656,0.03330106660723686,0.05469506233930588,0.05566311627626419,0.048499517142772675,0.05130687355995178,0.055953532457351685,0.07018393278121948,0.10164569318294525,0.10261374711990356,0.11181025952100754,0.11878025531768799,0.04133591428399086,0.05053243041038513,0.0553727000951767,0.03920619562268257,0.009099709801375866,0.09728945046663284,0.07696031033992767,0.07337851077318192,0.08702807128429413,0.10493707656860352,0.09980639070272446,0.07666989415884018,0.07744433730840683,0.09496612101793289,0.0897386223077774,0.05256534367799759,0.0442400760948658,0.022362051531672478,0.0024201355408877134,0.0001936108455993235,0.0,0.4146176278591156,0.19438529014587402,0.11287511885166168,0.06030977889895439,0.03455953672528267,0.02642787992954254,0.027395933866500854,0.03543078526854515,0.05430784076452255,0.03823814168572426,0.0010648596799001098,0.0,0.00029041626839898527,9.680542279966176e-05,0.0,0.0,18.211454391479492,8.727973937988281,5.766520023345947
Overripe_132.JPG,Overripe,Overripe,136.0529327392578,49.057273864746094,102.0909652709961,47.54405975341797,44.76759719848633,48.7741813659668,0.00964320171624422,0.027643844485282898,0.031501125544309616,0.03267974033951759,0.03642987087368965,0.056573450565338135,0.09278903156518936,0.0737169161438942,0.12418300658464432,0.18322083353996277,0.14057645201683044,0.06621664762496948,0.06375227868556976,0.047251686453819275,0.012964748777449131,0.000857173465192318,0.034072645008563995,0.052609022706747055,0.07296688854694366,0.09321761131286621,0.07543126493692398,0.10039643943309784,0.11571841686964035,0.10071787983179092,0.1225758045911789,0.12289724498987198,0.06685952842235565,0.03257259353995323,0.009428908117115498,0.0005357334157451987,0.0,0.0,0.39376404881477356,0.17818494141101837,0.10596807301044464,0.058502089232206345,0.03364405781030655,0.03107253834605217,0.0318225659430027,0.04671595245599747,0.05560912936925888,0.06064502149820328,0.003964427392929792,0.00010714668314903975,0.0,0.0,0.0,0.0,148.6277313232422,106.10911560058594,11.550705909729004
Overripe_133.JPG,Overripe,Overripe,92.5865707397461,45.82927703857422,80.4984130859375,38.61762619018555,31.199880599975586,28.19803810119629,0.03169571980834007,0.08577654510736465,0.07587163150310516,0.09904912859201431,0.1349049061536789,0.11469889432191849,0.08835182338953018,0.09429477155208588,0.08934231102466583,0.11568938195705414,0.05962757393717766,0.009112520143389702,0.0015847861068323255,0.0,0.0,0.0,0.010103011503815651,0.11172741651535034,0.11133121699094772,0.13668780028820038,0.1473851054906845,0.12440570443868637,0.10974643379449844,0.11509508639574051,0.0826069712638855,0.03209191933274269,0.014461172744631767,0.004160063341259956,0.00019809826335404068,0.0,0.0,0.0,0.3007131516933441,0.36370840668678284,0.14797939360141754,0.07547543942928314,0.04219492897391319,0.025950871407985687,0.014659270644187927,0.010499207302927971,0.010895404033362865,0.007527733687311411,0.00039619652670808136,0.0,0.0,0.0,0.0,0.0,49.114784240722656,42.93565368652344,18.958261489868164
Overripe_134.JPG,Overripe,Overripe,100.43666076660156,48.747859954833984,86.9178466796875,40.04296875,30.21305274963379,27.878751754760742,0.031477928161621094,0.0796545073390007,0.0702495202422142,0.08023032546043396,0.10403071343898773,0.0952015370130539,0.08138195425271988,0.09865643084049225,0.10998080670833588,0.12802302837371826,0.09174664318561554,0.02802303247153759,0.0011516314698383212,0.00019193858315702528,0.0,0.0,0.0023032629396766424,0.11900191754102707,0.09443378448486328,0.10287907719612122,0.10767754167318344,0.11708253622055054,0.1408829241991043,0.12571977078914642,0.11631477624177933,0.06065259128808975,0.011708253063261509,0.0009596928721293807,0.00038387716631405056,0.0,0.0,0.0,0.3481765687465668,0.3236084580421448,0.12687140703201294,0.08080614358186722,0.054318618029356,0.02936660312116146,0.011708253063261509,0.011900192126631737,0.00671785045415163,0.005950096063315868,0.0005758157349191606,0.0,0.0,0.0,0.0,0.0,141.7844696044922,114.31057739257812,12.194109916687012
Overripe_135.JPG,Overripe,Overripe,101.20645904541016,37.36705780029297,87.06365203857422,30.326719284057617,29.265365600585938,28.620285034179688,0.004741929471492767,0.04468356817960739,0.06109793856739998,0.06784606724977493,0.10742294043302536,0.11471822112798691,0.15484224259853363,0.18384096026420593,0.13313879072666168,0.09100857377052307,0.03483494371175766,0.001641437178477645,0.00018238190386909992,0.0,0.0,0.0,0.0007295276154763997,0.03811781853437424,0.08535473048686981,0.10596388578414917,0.15538938343524933,0.18548239767551422,0.21448113024234772,0.13332118093967438,0.05927411839365959,0.015502462163567543,0.0045595476403832436,0.0012766733998432755,0.000547145726159215,0.0,0.0,0.0,0.3744300603866577,0.3213569223880768,0.15028269588947296,0.055626481771469116,0.02772204950451851,0.024256793782114983,0.015137698501348495,0.010213387198746204,0.011307678185403347,0.0067481305450201035,0.001641437178477645,0.00109429145231843,0.00018238190386909992,0.0,0.0,0.0,139.692138671875,114.69322204589844,11.714747428894043
Overripe_136.JPG,Overripe,Overripe,74.38542175292969,39.208675384521484,67.65873718261719,33.67068862915039,36.66280746459961,26.955745697021484,0.008788852952420712,0.16291533410549164,0.1314040720462799,0.11425509303808212,0.15005359053611755,0.16120043396949768,0.111254021525383,0.05423365533351898,0.0330117903649807,0.041800644248723984,0.027652733027935028,0.003001071745529771,0.0004287245392333716,0.0,0.0,0.0,0.0017148981569334865,0.14662379026412964,0.18306538462638855,0.16613076627254486,0.19206859171390533,0.12818863987922668,0.06495177000761032,0.04415862634778023,0.04480171576142311,0.016934620216488838,0.009646302089095116,0.0015005358727648854,0.0002143622696166858,0.0,0.0,0.0,0.1363344043493271,0.41393354535102844,0.24608789384365082,0.08124329894781113,0.04437299072742462,0.02915326878428459,0.017577705904841423,0.012004286982119083,0.009003215469419956,0.008788852952420712,0.0015005358727648854,0.0,0.0,0.0,0.0,0.0,46.37260437011719,42.87397384643555,20.863014221191406
Overripe_137.JPG,Overripe,Overripe,90.85840606689453,34.91606140136719,81.7066650390625,31.206388473510742,24.831031799316406,26.621580123901367,0.024660766124725342,0.04117994010448456,0.039528023451566696,0.10560472309589386,0.1469026505947113,0.20342183113098145,0.14230088889598846,0.12979350984096527,0.10702064633369446,0.04790560528635979,0.009911504574120045,0.001533923321403563,0.00023598820553161204,0.0,0.0,0.0,0.016401179134845734,0.06041298061609268,0.05923303961753845,0.12188790738582611,0.22064897418022156,0.19233039021492004,0.1511504352092743,0.10820058733224869,0.05321533977985382,0.010855456814169884,0.0043657817877829075,0.0012979351449757814,0.0,0.0,0.0,0.0,0.47362831234931946,0.2694985270500183,0.11669616401195526,0.05687315762042999,0.03292035311460495,0.016873156651854515,0.01168141607195139,0.00932153407484293,0.007669616490602493,0.0043657817877829075,0.0004719764110632241,0.0,0.0,0.0,0.0,0.0,83.78536224365234,74.5062026977539,14.908188819885254
Overripe_138.JPG,Overripe,Overripe,87.71686553955078,42.977935791015625,79.38483428955078,37.74888610839844,31.024320602416992,29.439163208007812,0.03589543327689171,0.08232539892196655,0.09988295286893845,0.11796072125434875,0.10508518666028976,0.10001300275325775,0.12173234671354294,0.12199245393276215,0.10768630355596542,0.06853947043418884,0.03784627467393875,0.0010404473869130015,0.0,0.0,0.0,0.0,0.018467940390110016,0.10404474288225174,0.12602418661117554,0.12823514640331268,0.12563402950763702,0.12654441595077515,0.1335674375295639,0.12628430128097534,0.07205098122358322,0.03329431638121605,0.00546234892681241,0.0003901677846442908,0.0,0.0,0.0,0.0,0.3505007028579712,0.31876707077026367,0.12589412927627563,0.06593835353851318,0.05124203488230705,0.037976328283548355,0.024320457130670547,0.011835088953375816,0.0071530756540596485,0.005982572678476572,0.0003901677846442908,0.0,0.0,0.0,0.0,0.0,48.276676177978516,43.74692916870117,15.593011856079102
Overripe_139.JPG,Overripe,Overripe,78.880126953125,38.588890075683594,71.05952453613281,33.49433517456055,28.185962677001953,28.37362289428711,0.028825873509049416,0.10194516181945801,0.07897820323705673,0.14412936568260193,0.17611905932426453,0.1676822155714035,0.12127958983182907,0.060698382556438446,0.04335598647594452,0.0408952422440052,0.03304429352283478,0.0024607451632618904,0.00046871337690390646,0.00011717834422597662,0.0,0.0,0.011835012584924698,0.11928755789995193,0.12081087380647659,0.1765877604484558,0.2198265790939331,0.15022264420986176,0.07218185812234879,0.0539020374417305,0.040426529943943024,0.027654089033603668,0.006444809027016163,0.00046871337690390646,0.00023435668845195323,0.00011717834422597662,0.0,0.0,0.3839934468269348,0.3288024365901947,0.13006795942783356,0.05319896712899208,0.03363018482923508,0.02695101872086525,0.018631357699632645,0.008905554190278053,0.006796344183385372,0.008436840958893299,0.00035153503995388746,0.00011717834422597662,0.00011717834422597662,0.0,0.0,0.0,83.98799133300781,72.93290710449219,13.52330493927002
Overripe_14.jpg,Overripe,Overripe,22.44778823852539,32.70122528076172,23.777729034423828,32.09220504760742,20.446903228759766,29.547229766845703,0.6811209321022034,0.12861357629299164,0.048967551440000534,0.03362831845879555,0.023598819971084595,0.017699114978313446,0.027138642966747284,0.01666666753590107,0.008407079614698887,0.008849557489156723,0.004277286119759083,0.00029498524963855743,0.00029498524963855743,0.00044247787445783615,0.0,0.0,0.6417404413223267,0.1592920422554016,0.05368731543421745,0.039085544645786285,0.02256637252867222,0.0199115052819252,0.029056048020720482,0.012831858359277248,0.007227138616144657,0.008407079614698887,0.005162241868674755,0.00029498524963855743,0.00029498524963855743,0.00044247787445783615,0.0,0.0,0.7014749050140381,0.12064896523952484,0.051032450050115585,0.03333333507180214,0.023746313527226448,0.03053097426891327,0.013126843608915806,0.008407079614698887,0.007227138616144657,0.007079645991325378,0.0023598819971084595,0.00029498524963855743,0.00029498524963855743,0.00044247787445783615,0.0,0.0,8.720844268798828,10.318770408630371,8.38300609588623
Overripe_140.JPG,Overripe,Overripe,97.64198303222656,41.440521240234375,88.85233306884766,36.03523635864258,28.582618713378906,32.15784454345703,0.013287612237036228,0.04329190030694008,0.07426060736179352,0.10137162357568741,0.12955422699451447,0.14498500525951385,0.08551221340894699,0.11787398159503937,0.11615945398807526,0.11219459772109985,0.06000857427716255,0.0013930561253800988,0.00010715816461015493,0.0,0.0,0.0,0.006000857334583998,0.053043290972709656,0.08754821866750717,0.1183026134967804,0.17316760122776031,0.11883840709924698,0.11508786678314209,0.1548435539007187,0.12141019850969315,0.042434632778167725,0.008786969818174839,0.0005357908084988594,0.0,0.0,0.0,0.0,0.4619588553905487,0.26896700263023376,0.0725460797548294,0.045220747590065,0.05175739526748657,0.0357908271253109,0.0357908271253109,0.010501500219106674,0.006750964559614658,0.009429918602108955,0.00128589803352952,0.0,0.0,0.0,0.0,0.0,82.45480346679688,74.96469116210938,14.007768630981445
Overripe_141.JPG,Overripe,Overripe,65.69889068603516,38.73853302001953,60.094791412353516,34.04019546508789,29.66004753112793,28.025840759277344,0.10340951383113861,0.16610465943813324,0.08904708176851273,0.12926189601421356,0.14549769461154938,0.10927937924861908,0.1030348464846611,0.10927937924861908,0.02622705139219761,0.010241039097309113,0.00836767815053463,0.00024978144210763276,0.0,0.0,0.0,0.0,0.04021481052041054,0.24428625404834747,0.1047833114862442,0.16785313189029694,0.14162607491016388,0.13775447010993958,0.10465842485427856,0.029723990708589554,0.00974147580564022,0.011240164749324322,0.008117896504700184,0.0,0.0,0.0,0.0,0.0,0.31659796833992004,0.38965904712677,0.11914575099945068,0.07006369531154633,0.03884101286530495,0.022730112075805664,0.013737979345023632,0.010615711100399494,0.009241913445293903,0.007868115790188313,0.0014986885944381356,0.0,0.0,0.0,0.0,0.0,17.957799911499023,19.900426864624023,16.03982925415039
Overripe_142.JPG,Overripe,Overripe,87.09012603759766,33.86643981933594,78.81228637695312,30.76271629333496,27.673778533935547,27.873117446899414,0.025416811928153038,0.048851579427719116,0.05712953209877014,0.12020520120859146,0.14597178995609283,0.1569313257932663,0.18223154544830322,0.15681473910808563,0.07974816113710403,0.020286813378334045,0.005479771643877029,0.0005829544388689101,0.00034977265750057995,0.0,0.0,0.0,0.009210679680109024,0.07881543785333633,0.07636702805757523,0.14911973476409912,0.16381019353866577,0.20263496041297913,0.18456336855888367,0.0987524762749672,0.019703859463334084,0.011192725040018559,0.00512999901548028,0.00034977265750057995,0.00034977265750057995,0.0,0.0,0.0,0.4212428629398346,0.2844817638397217,0.10341611504554749,0.08371224999427795,0.04640316963195801,0.025649994611740112,0.013757724314928055,0.008394543081521988,0.007694998290389776,0.00478022638708353,0.0004663635336328298,0.0,0.0,0.0,0.0,0.0,117.15084838867188,104.3703384399414,12.605084419250488
Overripe_143.JPG,Overripe,Overripe,105.54241943359375,43.91086959838867,94.37797546386719,38.60264587402344,23.351287841796875,26.744783401489258,0.018946615979075432,0.04575786367058754,0.03014775924384594,0.08043374866247177,0.13143469393253326,0.13071973621845245,0.0933031439781189,0.11808865517377853,0.11189227551221848,0.11260724812746048,0.08889418840408325,0.036820780485868454,0.0008341277134604752,0.00011916110815946013,0.0,0.0,0.00750714959576726,0.06446615606546402,0.03944232687354088,0.1048617735505104,0.16813631355762482,0.1253574788570404,0.14323164522647858,0.11594375967979431,0.1048617735505104,0.09473308175802231,0.029432792216539383,0.0017874166369438171,0.00023832221631892025,0.0,0.0,0.0,0.5288369655609131,0.2498808354139328,0.08960915356874466,0.053741659969091415,0.031816016882658005,0.0131077216938138,0.009771211072802544,0.007745471782982349,0.0071496665477752686,0.008102955296635628,0.00023832221631892025,0.0,0.0,0.0,0.0,0.0,83.08556365966797,73.86720275878906,12.653297424316406
Overripe_144.JPG,Overripe,Overripe,96.99395751953125,38.81968307495117,85.07171630859375,33.64152526855469,27.101537704467773,29.061206817626953,0.007093130145221949,0.06016025319695473,0.05635097995400429,0.084854856133461,0.12032050639390945,0.14291343092918396,0.14895573258399963,0.12701956927776337,0.11821883916854858,0.09956653416156769,0.03231314942240715,0.002101668156683445,0.0001313542597927153,0.0,0.0,0.0,0.0076185474172234535,0.07277026027441025,0.06974911689758301,0.12478654831647873,0.14448969066143036,0.18271377682685852,0.1561802178621292,0.13660843670368195,0.07631682604551315,0.021673453971743584,0.006436358671635389,0.00039406277937814593,0.0002627085195854306,0.0,0.0,0.0,0.4489688575267792,0.25548404455184937,0.11112570762634277,0.07106265425682068,0.04833836853504181,0.02692762389779091,0.014711677096784115,0.00683042174205184,0.009326152503490448,0.007093130145221949,0.0001313542597927153,0.0,0.0,0.0,0.0,0.0,139.20730590820312,116.41658782958984,12.084896087646484
Overripe_145.JPG,Overripe,Overripe,95.49803924560547,33.53730392456055,87.59571075439453,29.461193084716797,27.891666412353516,31.04654312133789,0.0009803922148421407,0.024877451360225677,0.06862745434045792,0.09264706075191498,0.14975489675998688,0.15772059559822083,0.14387254416942596,0.15490196645259857,0.14313726127147675,0.054901961237192154,0.007598039228469133,0.000735294132027775,0.00024509805371053517,0.0,0.0,0.0,0.0004901961074210703,0.02450980432331562,0.07855392247438431,0.11825980246067047,0.17879901826381683,0.19129902124404907,0.16029411554336548,0.17573529481887817,0.05245098099112511,0.012132353149354458,0.006862745154649019,0.0004901961074210703,0.00012254902685526758,0.0,0.0,0.0,0.4420343041419983,0.26911765336990356,0.1096813753247261,0.05404411628842354,0.036764707416296005,0.029411764815449715,0.029289215803146362,0.011274510063230991,0.01017156895250082,0.007843137718737125,0.0003676470660138875,0.0,0.0,0.0,0.0,0.0,82.18937683105469,76.19245910644531,13.141647338867188
Overripe_146.JPG,Overripe,Overripe,92.861328125,45.817073822021484,82.93592834472656,39.506099700927734,27.568130493164062,28.99562644958496,0.029814768582582474,0.07967521250247955,0.07383912801742554,0.10340015590190887,0.1320730745792389,0.12826693058013916,0.09908652305603027,0.09083988517522812,0.09083988517522812,0.08259324729442596,0.0635625496506691,0.022963715717196465,0.00291804107837379,0.00012687135313171893,0.0,0.0,0.013448363170027733,0.10581070929765701,0.08310073614120483,0.13752853870391846,0.15592488646507263,0.14450646936893463,0.09528038650751114,0.09756407141685486,0.09045927226543427,0.053539711982011795,0.0210606437176466,0.001141842221841216,0.0006343567511066794,0.0,0.0,0.0,0.41905608773231506,0.28812482953071594,0.1286475509405136,0.061025120317935944,0.03806140646338463,0.021821873262524605,0.01700076088309288,0.008880994282662868,0.007231667172163725,0.007358538452535868,0.002791169798001647,0.0,0.0,0.0,0.0,0.0,84.68226623535156,74.25122833251953,12.841133117675781
Overripe_147.JPG,Overripe,Overripe,87.57077026367188,43.09097671508789,80.38047790527344,38.36383819580078,31.976083755493164,29.66985321044922,0.011843164451420307,0.10555364191532135,0.10198919475078583,0.11900655180215836,0.1148671954870224,0.11199264228343964,0.11693687736988068,0.09784983098506927,0.08922617137432098,0.08439692109823227,0.04369322583079338,0.00252960785292089,0.0001149821764556691,0.0,0.0,0.0,0.005519144702702761,0.10980798304080963,0.12314591556787491,0.1456824243068695,0.13418419659137726,0.12832011282444,0.10267908126115799,0.09555018693208694,0.10589858889579773,0.03978383168578148,0.008393699303269386,0.0008048752206377685,0.0001149821764556691,0.0001149821764556691,0.0,0.0,0.3281591236591339,0.3111417591571808,0.15074163675308228,0.07347360998392105,0.04438311979174614,0.041853513568639755,0.025066114962100983,0.010348396375775337,0.00678394827991724,0.0063240197487175465,0.0017247326904907823,0.0,0.0,0.0,0.0,0.0,47.77422332763672,44.16361999511719,16.23583221435547
Overripe_148.JPG,Overripe,Overripe,70.38082885742188,37.11833190917969,65.18202209472656,32.085174560546875,29.77754020690918,27.462087631225586,0.01295336801558733,0.17132237553596497,0.14350078999996185,0.15149807929992676,0.1324622631072998,0.11995945125818253,0.10002252459526062,0.08875872939825058,0.050461817532777786,0.021401217207312584,0.007659382652491331,0.0,0.0,0.0,0.0,0.0,0.0077720205299556255,0.17830592393875122,0.16591574251651764,0.1688443273305893,0.14744311571121216,0.13494029641151428,0.11342644691467285,0.050912369042634964,0.015544041059911251,0.0120522640645504,0.004843433387577534,0.0,0.0,0.0,0.0,0.0,0.30829015374183655,0.3679882884025574,0.16557782888412476,0.05462942272424698,0.03379139304161072,0.027821581810712814,0.018359990790486336,0.009011038579046726,0.007997296750545502,0.005293985363095999,0.001239017816260457,0.0,0.0,0.0,0.0,0.0,47.54667663574219,44.278709411621094,16.939556121826172
Overripe_149.JPG,Overripe,Overripe,68.0379867553711,40.40439224243164,62.44227981567383,34.46122360229492,32.25764846801758,28.038618087768555,0.10162802040576935,0.13455845415592194,0.11445485800504684,0.14652195572853088,0.11778490245342255,0.12518499791622162,0.08695115894079208,0.07967439293861389,0.05611741542816162,0.026763690635561943,0.010113468393683434,0.00024666995159350336,0.0,0.0,0.0,0.0,0.03798717260360718,0.2081894427537918,0.1386285126209259,0.1570054292678833,0.14121854305267334,0.12789836525917053,0.10039467364549637,0.05488406494259834,0.017390232533216476,0.009990133345127106,0.006413418799638748,0.0,0.0,0.0,0.0,0.0,0.2717069685459137,0.37567833065986633,0.1497286558151245,0.08201775699853897,0.0529107041656971,0.022816970944404602,0.017513567581772804,0.011100147850811481,0.007400098722428083,0.008016773499548435,0.0011100148549303412,0.0,0.0,0.0,0.0,0.0,17.45694351196289,20.4381046295166,15.771259307861328
Overripe_15.jpg,Overripe,Overripe,47.47418212890625,61.83051681518555,48.328330993652344,62.87517166137695,44.695865631103516,62.4451789855957,0.5521762371063232,0.13828061521053314,0.025952959433197975,0.01581508480012417,0.013381995260715485,0.015274398028850555,0.009191673249006271,0.008786158636212349,0.01811300404369831,0.1009732335805893,0.10191943496465683,0.0001351716637145728,0.0,0.0,0.0,0.0,0.5387942790985107,0.15031088888645172,0.027304677292704582,0.01513922680169344,0.014868883416056633,0.01432819664478302,0.008650986477732658,0.009191673249006271,0.012570965103805065,0.07420924305915833,0.134495809674263,0.0001351716637145728,0.0,0.0,0.0,0.0,0.6124628186225891,0.08529332280158997,0.02324952743947506,0.01635577157139778,0.018248174339532852,0.00797512847930193,0.008245471864938736,0.007839956320822239,0.020410921424627304,0.10124357789754868,0.09867531806230545,0.0,0.0,0.0,0.0,0.0,9.4078950881958,9.691083908081055,6.426158905029297
Overripe_150.JPG,Overripe,Overripe,80.993896484375,43.05707931518555,73.11080169677734,37.25444030761719,25.410614013671875,27.604759216308594,0.06310780346393585,0.08845437318086624,0.0706600472331047,0.13107800483703613,0.18435753881931305,0.13252638280391693,0.08783364295959473,0.06321125477552414,0.06621146202087402,0.06455617398023605,0.04479619115591049,0.002276018960401416,0.0008276432636193931,0.00010345540795242414,0.0,0.0,0.030002068728208542,0.13697496056556702,0.08617835491895676,0.16356299817562103,0.19677218794822693,0.12807780504226685,0.0757293626666069,0.08100558817386627,0.06600455194711685,0.026794951409101486,0.007138423155993223,0.0013449203688651323,0.00041382163180969656,0.0,0.0,0.0,0.4617215096950531,0.27953651547431946,0.09869646281003952,0.06507345288991928,0.04345127195119858,0.016345955431461334,0.012311194092035294,0.009000620804727077,0.007241878658533096,0.005690047517418861,0.0009310987079516053,0.0,0.0,0.0,0.0,0.0,79.90189361572266,71.97090911865234,12.717862129211426
Overripe_151.JPG,Overripe,Overripe,100.3420639038086,41.57727813720703,90.9511489868164,36.2186393737793,23.99658966064453,27.599401473999023,0.014192980714142323,0.04477940499782562,0.06227307766675949,0.08746837079524994,0.11816481500864029,0.13906919956207275,0.11618439853191376,0.1079326644539833,0.11112333834171295,0.13114753365516663,0.06040268391370773,0.006271317135542631,0.0006601386121474206,0.0003300693060737103,0.0,0.0,0.00671140942722559,0.05820222198963165,0.06788425892591476,0.10045109689235687,0.15183188021183014,0.16899548470973969,0.12267576158046722,0.12707668542861938,0.13180768489837646,0.052811089903116226,0.01001210231333971,0.0008801848161965609,0.0006601386121474206,0.0,0.0,0.0,0.5125976204872131,0.2578941583633423,0.0969303548336029,0.04279898852109909,0.02882605418562889,0.021784575656056404,0.01650346629321575,0.008471779525279999,0.00671140942722559,0.006931455805897713,0.000550115539226681,0.0,0.0,0.0,0.0,0.0,83.45454406738281,76.86661529541016,13.3748140335083
Overripe_152.JPG,Overripe,Overripe,101.61168670654297,37.100650787353516,91.55660247802734,32.50407028198242,24.887630462646484,28.91520881652832,0.002308257156983018,0.03147623687982559,0.05350960046052933,0.0850907564163208,0.12454096972942352,0.13797083497047424,0.131675586104393,0.14919735491275787,0.12275731563568115,0.13419368863105774,0.025810513645410538,0.0014688910450786352,0.0,0.0,0.0,0.0,0.0017836533952504396,0.035148464143276215,0.06169342249631882,0.10523554682731628,0.16462071239948273,0.17868009209632874,0.15580736100673676,0.13797083497047424,0.11646207422018051,0.03598782792687416,0.00650508888065815,0.00010492078581592068,0.0,0.0,0.0,0.0,0.5255482196807861,0.2303011268377304,0.08823838084936142,0.049942292273044586,0.036722276359796524,0.029902422800660133,0.01605287939310074,0.007869059219956398,0.007973979227244854,0.005875564180314541,0.0015738117508590221,0.0,0.0,0.0,0.0,0.0,82.64683532714844,74.25247955322266,13.15865707397461
Overripe_153.JPG,Overripe,Overripe,76.948486328125,38.57881164550781,71.02474212646484,33.44343948364258,28.470853805541992,27.79650115966797,0.017130620777606964,0.1125386655330658,0.13169164955615997,0.15881513059139252,0.14477753639221191,0.11313347518444061,0.10516297817230225,0.09029264748096466,0.06733285635709763,0.04580061882734299,0.012966928072273731,0.00023792529827915132,0.00011896264913957566,0.0,0.0,0.0,0.015108255669474602,0.1103973388671875,0.1554841846227646,0.18022841215133667,0.15381869673728943,0.13740184903144836,0.10444920510053635,0.09100642055273056,0.034142278134822845,0.011539376340806484,0.0060670948587358,0.00023792529827915132,0.00011896264913957566,0.0,0.0,0.0,0.34082797169685364,0.3827028274536133,0.13537949323654175,0.0463954322040081,0.02700452134013176,0.022602902725338936,0.019747799262404442,0.007018796168267727,0.00868427287787199,0.007375684101134539,0.0020223648753017187,0.00011896264913957566,0.00011896264913957566,0.0,0.0,0.0,48.290061950683594,46.00248336791992,17.527950286865234
Overripe_154.JPG,Overripe,Overripe,98.74411010742188,42.614234924316406,89.59090423583984,38.39903259277344,25.78694725036621,28.49763298034668,0.026080382987856865,0.06601990759372711,0.06450799852609634,0.08239889144897461,0.08920247107744217,0.10457351803779602,0.11301499605178833,0.13254378736019135,0.14211918413639069,0.16001008450984955,0.018142875283956528,0.000755953136831522,0.00025198436924256384,0.000377976568415761,0.0,0.0,0.017512913793325424,0.08416277915239334,0.07647725939750671,0.09739196300506592,0.1138969361782074,0.12057452648878098,0.1288900077342987,0.14678089320659637,0.1884843111038208,0.019024820998311043,0.005669648293405771,0.0005039687384851277,0.00025198436924256384,0.00025198436924256384,0.00012599218462128192,0.0,0.4699508547782898,0.28184452652931213,0.09663601219654083,0.0503968745470047,0.033009953796863556,0.029608163982629776,0.01436310913413763,0.008693461306393147,0.0070555624552071095,0.006677586119621992,0.0013859140453860164,0.0,0.000377976568415761,0.0,0.0,0.0,148.22779846191406,133.478759765625,12.279536247253418
Overripe_155.jpg,Overripe,Overripe,124.86714935302734,47.39349365234375,122.19697570800781,49.96830368041992,120.79487609863281,56.48731994628906,0.0074522839859128,0.05908213555812836,0.07404031604528427,0.044016726315021515,0.04471370205283165,0.018925584852695465,0.018014153465628624,0.03404460474848747,0.11966545134782791,0.37170276045799255,0.20673386752605438,0.0015011795330792665,0.00010722710430854931,0.0,0.0,0.0,0.018711131066083908,0.07784687727689743,0.07044821232557297,0.042354706674814224,0.035599399358034134,0.019408106803894043,0.017799699679017067,0.030345270410180092,0.12443705648183823,0.36258846521377563,0.1989062875509262,0.0015011795330792665,5.361355215427466e-05,0.0,0.0,0.0,0.03795839473605156,0.12422260642051697,0.057795409113168716,0.0364036038517952,0.01286725327372551,0.009650439955294132,0.009221531450748444,0.014690113253891468,0.08460218459367752,0.30372077226638794,0.30758094787597656,0.00117949815467,0.00010722710430854931,0.0,0.0,0.0,146.97036743164062,146.49172973632812,149.8793182373047
Overripe_156.jpg,Overripe,Overripe,93.6844482421875,51.224884033203125,85.39470672607422,55.85282516479492,77.01222229003906,63.265621185302734,0.012707343325018883,0.10553885251283646,0.1383257359266281,0.1112620010972023,0.10350179672241211,0.08487728983163834,0.06082064285874367,0.039965078234672546,0.032689884305000305,0.1793578416109085,0.12891648709774017,0.0011640314478427172,0.0008730235858820379,0.0,0.0,0.0,0.033174894750118256,0.17382869124412537,0.16538946330547333,0.11737316846847534,0.08060918003320694,0.03744301199913025,0.02851876989006996,0.026869725435972214,0.02919778786599636,0.16141235828399658,0.14404888451099396,0.0012610340490937233,0.0008730235858820379,0.0,0.0,0.0,0.136579692363739,0.25822097063064575,0.12581239640712738,0.05480647832155228,0.025608692318201065,0.024250654503703117,0.02104956842958927,0.02318362519145012,0.02318362519145012,0.08235522359609604,0.22242701053619385,0.0015520418528467417,0.000970026187133044,0.0,0.0,0.0,23.486820220947266,18.05518913269043,15.230642318725586
Overripe_157.jpg,Overripe,Overripe,155.1746063232422,12.049908638000488,154.897705078125,12.13780403137207,154.61814880371094,11.330486297607422,0.0,0.0,0.0,0.0,0.0,0.0,0.012962673790752888,0.032172419130802155,0.0813681110739708,0.4368264973163605,0.43667030334472656,0.0,0.0,0.0,0.0,0.0,0.0,0.0,0.0,0.0,0.0,0.0,0.013899734243750572,0.03498360142111778,0.07933781296014786,0.4533812403678894,0.4183976352214813,0.0,0.0,0.0,0.0,0.0,0.0,0.0,0.0,0.0,0.0,0.0,0.0020302983466535807,0.04123067483305931,0.08808371424674988,0.475558340549469,0.3930969834327698,0.0,0.0,0.0,0.0,0.0,150.2847900390625,150.0770263671875,149.80641174316406
Overripe_158.jpg,Overripe,Overripe,152.24916076660156,10.270112991333008,153.3199005126953,9.910185813903809,158.09197998046875,10.458017349243164,0.0,0.0,0.0,0.0,0.0,0.0,0.006229200400412083,0.022271525114774704,0.12757061421871185,0.603891134262085,0.24003754556179047,0.0,0.0,0.0,0.0,0.0,0.0,0.0,0.0,0.0,0.0,0.0,0.005546548403799534,0.02184486761689186,0.09975253790616989,0.6068777441978455,0.2659783363342285,0.0,0.0,0.0,0.0,0.0,0.0,0.0,0.0,0.0,0.0,0.0,0.0005119890556670725,0.02730608358979225,0.06280399113893509,0.346275269985199,0.563102662563324,0.0,0.0,0.0,0.0,0.0,146.61312866210938,146.8350067138672,150.76153564453125
Overripe_159.jpg,Overripe,Overripe,153.46829223632812,10.450705528259277,153.8827667236328,10.641390800476074,157.6147003173828,11.995453834533691,0.0,0.0,0.0,0.0,0.0,0.0,0.008634749799966812,0.027631200850009918,0.06898205727338791,0.6115322113037109,0.2832198143005371,0.0,0.0,0.0,0.0,0.0,0.0,0.0,0.0,0.0,0.0,9.594166476745158e-05,0.009977933019399643,0.03022162616252899,0.06485656648874283,0.5756499767303467,0.3191979229450226,0.0,0.0,0.0,0.0,0.0,0.0,0.0,0.0,0.0,0.0,0.0,0.0055646165274083614,0.037417251616716385,0.06073107570409775,0.3223640024662018,0.5739230513572693,0.0,0.0,0.0,0.0,0.0,149.19070434570312,148.53720092773438,149.4576416015625
Overripe_16.jpg,Overripe,Overripe,20.386516571044922,31.931629180908203,21.63574981689453,30.39216423034668,18.50813865661621,27.565845489501953,0.7268120646476746,0.12960687279701233,0.027027027681469917,0.01627764105796814,0.012592137791216373,0.021038083359599113,0.028255527839064598,0.018888207152485847,0.007524569984525442,0.006296068895608187,0.004453316796571016,0.0007678132387809455,0.0004606879665516317,0.0,0.0,0.0,0.6762899160385132,0.17183661460876465,0.03255528211593628,0.01934889517724514,0.019195331260561943,0.024723587557673454,0.026719901710748672,0.009828009642660618,0.00813882052898407,0.005988943390548229,0.004146191757172346,0.0007678132387809455,0.0004606879665516317,0.0,0.0,0.0,0.7372543215751648,0.12899263203144073,0.022266585379838943,0.024877149611711502,0.03178746998310089,0.022266585379838943,0.008292383514344692,0.009213759563863277,0.0070638819597661495,0.0053746928460896015,0.0013820638414472342,0.0007678132387809455,0.0004606879665516317,0.0,0.0,0.0,8.645501136779785,10.513062477111816,8.69339656829834
Overripe_160.jpg,Overripe,Overripe,68.25848388671875,39.63983154296875,61.511962890625,40.03938674926758,53.171566009521484,39.74076461791992,0.008658008649945259,0.10218728333711624,0.2532467544078827,0.2284119427204132,0.14467987418174744,0.07712463289499283,0.041809067130088806,0.026885395869612694,0.01811346597969532,0.030644793063402176,0.0640236958861351,0.004215083085000515,0.0,0.0,0.0,0.0,0.010138983838260174,0.16905900835990906,0.3005240261554718,0.22226019203662872,0.10401002317667007,0.0421508327126503,0.027227159589529037,0.019480518996715546,0.01275917049497366,0.020733652636408806,0.06664387881755829,0.004898610059171915,0.00011392116721253842,0.0,0.0,0.0,0.025746183469891548,0.28560036420822144,0.3229665160179138,0.1695147007703781,0.04465709626674652,0.02380952425301075,0.012189565226435661,0.010252905078232288,0.011961722746491432,0.06220095604658127,0.026657553389668465,0.0027341078966856003,0.001708817551843822,0.0,0.0,0.0,50.77386474609375,45.89621353149414,40.98636245727539
Overripe_161.jpg,Overripe,Overripe,145.55189514160156,12.05472469329834,146.32936096191406,11.940083503723145,156.11892700195312,11.505099296569824,0.0,0.0,0.0,0.0,0.0,0.0,0.010465317405760288,0.08354955911636353,0.27028197050094604,0.5323473215103149,0.10335581749677658,0.0,0.0,0.0,0.0,0.0,0.0,0.0,0.0,0.0,0.0,0.0,0.010984258726239204,0.07343020290136337,0.253329873085022,0.5583809018135071,0.10387476533651352,0.0,0.0,0.0,0.0,0.0,0.0,0.0,0.0,0.0,0.0,0.0,0.0030271578580141068,0.03295277804136276,0.09479328989982605,0.3881681263446808,0.48105862736701965,0.0,0.0,0.0,0.0,0.0,141.1394500732422,141.77235412597656,151.98406982421875
Overripe_162.jpg,Overripe,Overripe,130.00096130371094,40.4916877746582,128.05029296875,42.988670349121094,131.6207275390625,47.66086196899414,0.0006670891307294369,0.020112738013267517,0.07161202281713486,0.05129915475845337,0.024782361462712288,0.009339247830212116,0.016176912933588028,0.08465361595153809,0.18344952166080475,0.33781394362449646,0.19985991716384888,0.000233481201576069,0.0,0.0,0.0,0.0,0.001767786219716072,0.040192123502492905,0.08728861808776855,0.034255027770996094,0.015676595270633698,0.0039691803976893425,0.012441212311387062,0.0811847522854805,0.1894199699163437,0.3562256097793579,0.17737901210784912,0.0002001267421292141,0.0,0.0,0.0,0.0,0.008338614366948605,0.08138487488031387,0.06634201854467392,0.012374503538012505,0.007771588861942291,0.006070511415600777,0.005870384629815817,0.045195288956165314,0.09982988983392715,0.3625963032245636,0.3031253218650818,0.0010339881991967559,6.670891889370978e-05,0.0,0.0,0.0,143.8603515625,143.6494903564453,150.63861083984375
Overripe_163.jpg,Overripe,Overripe,144.40020751953125,12.49276065826416,145.43597412109375,12.17667007446289,156.0381622314453,11.131158828735352,0.0,0.0,0.0,0.0,0.0,0.00037486880319193006,0.004498425405472517,0.10143949836492538,0.3241865336894989,0.4454191029071808,0.1240815743803978,0.0,0.0,0.0,0.0,0.0,0.0,0.0,0.0,0.0,0.0,0.0005997900734655559,0.00517318956553936,0.0783475786447525,0.3273354470729828,0.4592142701148987,0.12932974100112915,0.0,0.0,0.0,0.0,0.0,0.0,0.0,0.0,0.0,0.0,0.0,0.003298845374956727,0.026840606704354286,0.09356725215911865,0.4149797558784485,0.46131354570388794,0.0,0.0,0.0,0.0,0.0,139.7469482421875,140.59381103515625,151.6559295654297
Overripe_164.jpg,Overripe,Overripe,144.12806701660156,16.286760330200195,144.4907989501953,15.74643611907959,150.40792846679688,13.927313804626465,0.0,0.0,0.0,0.0,0.0,0.002648839494213462,0.036032628268003464,0.1388748735189438,0.2502943277359009,0.3779852092266083,0.19416414201259613,0.0,0.0,0.0,0.0,0.0,0.0,0.0,0.0,0.0,0.0,0.0023545240983366966,0.03208038955926895,0.1316431164741516,0.253111332654953,0.398250937461853,0.18255969882011414,0.0,0.0,0.0,0.0,0.0,0.0,0.0,0.0,0.0,0.0,0.0015977127477526665,0.01109989918768406,0.06500168144702911,0.19252438843250275,0.427640438079834,0.3021358847618103,0.0,0.0,0.0,0.0,0.0,143.39364624023438,143.81199645996094,149.77880859375
Overripe_165.jpg,Overripe,Overripe,122.73880767822266,42.714332580566406,121.75243377685547,44.731544494628906,126.17288208007812,48.51180648803711,0.0005951821804046631,0.007893995381891727,0.10143157094717026,0.09128214418888092,0.025279579684138298,0.007706042844802141,0.02117595449090004,0.10299783945083618,0.19976192712783813,0.27888983488082886,0.16267268359661102,0.00031325375312007964,0.0,0.0,0.0,0.0,0.0010963882086798549,0.019139805808663368,0.1338220089673996,0.05948689207434654,0.01726028323173523,0.00344579154625535,0.01707233116030693,0.0998026505112648,0.19797638058662415,0.30003446340560913,0.1505497545003891,0.00031325375312007964,0.0,0.0,0.0,0.0,0.001942173345014453,0.06236882507801056,0.11740750819444656,0.020079566165804863,0.010869905352592468,0.014315697364509106,0.012373523786664009,0.04244588688015938,0.13216176629066467,0.32860320806503296,0.25668013095855713,0.0005951821804046631,0.00015662687656003982,0.0,0.0,0.0,142.53924560546875,142.95680236816406,149.7673797607422
Overripe_166.jpg,Overripe,Overripe,145.1724853515625,15.38196849822998,145.87661743164062,14.824329376220703,152.420654296875,12.419768333435059,0.0,0.0,0.0,0.0,0.0,0.0012669110437855124,0.02886747196316719,0.11546988785266876,0.26835888624191284,0.37980180978775024,0.20623500645160675,0.0,0.0,0.0,0.0,0.0,0.0,0.0,0.0,0.0,0.0,0.00040722140693105757,0.022759150713682175,0.10669200122356415,0.26673001050949097,0.39781004190444946,0.2056015580892563,0.0,0.0,0.0,0.0,0.0,0.0,0.0,0.0,0.0,0.0,0.0,0.004434188362210989,0.04361793398857117,0.17370255291461945,0.43206191062927246,0.3461834192276001,0.0,0.0,0.0,0.0,0.0,142.90924072265625,143.47923278808594,150.0554656982422
Overripe_167.jpg,Overripe,Overripe,144.09022521972656,11.538565635681152,145.16392517089844,11.203115463256836,156.29701232910156,11.37842845916748,0.0,0.0,0.0,0.0,0.0,0.0,0.009980845265090466,0.08266962319612503,0.32856133580207825,0.503276526927948,0.0755116418004036,0.0,0.0,0.0,0.0,0.0,0.0,0.0,0.0,0.0,0.0,0.0,0.01260207686573267,0.06522835046052933,0.3007359504699707,0.542292594909668,0.0791410431265831,0.0,0.0,0.0,0.0,0.0,0.0,0.0,0.0,0.0,0.0,0.0,0.0018146990332752466,0.025909870862960815,0.09839701652526855,0.37957456707954407,0.4943038523197174,0.0,0.0,0.0,0.0,0.0,150.21409606933594,151.56016540527344,164.1428985595703
Overripe_168.jpg,Overripe,Overripe,141.75897216796875,16.766321182250977,142.25869750976562,16.20269775390625,150.29782104492188,13.95146369934082,0.0,0.0,0.0,0.0,0.0,0.001568109611980617,0.04795113950967789,0.17632979154586792,0.26212188601493835,0.3587256968021393,0.1533033400774002,0.0,0.0,0.0,0.0,0.0,0.0,0.0,0.0,0.0,0.0,0.0016093757003545761,0.03779969364404678,0.16906698048114777,0.26439154148101807,0.3872818052768707,0.13985061645507812,0.0,0.0,0.0,0.0,0.0,0.0,0.0,0.0,0.0,0.0,0.0007015227456577122,0.013205133378505707,0.06581933796405792,0.1866050362586975,0.4229356646537781,0.31073328852653503,0.0,0.0,0.0,0.0,0.0,141.8045654296875,142.29000854492188,150.12612915039062
Overripe_169.jpg,Overripe,Overripe,142.92420959472656,16.411136627197266,143.90512084960938,15.80978012084961,150.9110565185547,12.980325698852539,0.0,0.0,0.0,0.0,0.0,0.0006647988921031356,0.03960302099585533,0.16330310702323914,0.2649223506450653,0.3390474319458008,0.19245928525924683,0.0,0.0,0.0,0.0,0.0,0.0,0.0,0.0,0.0,0.0,0.0,0.034189656376838684,0.14150719344615936,0.27024075388908386,0.36255282163619995,0.19150957465171814,0.0,0.0,0.0,0.0,0.0,0.0,0.0,0.0,0.0,0.0,0.0,0.004701077938079834,0.05722019076347351,0.2018139511346817,0.4226221442222595,0.31364262104034424,0.0,0.0,0.0,0.0,0.0,141.88999938964844,142.98431396484375,150.0070343017578
Overripe_17.jpg,Overripe,Overripe,22.538890838623047,33.35808563232422,22.861621856689453,31.462646484375,18.302682876586914,27.927175521850586,0.697467565536499,0.13581550121307373,0.03889056295156479,0.02095266804099083,0.015073861926794052,0.015375339426100254,0.021103406324982643,0.027585167437791824,0.015676816925406456,0.008290624246001244,0.003768465481698513,0.0,0.0,0.0,0.0,0.0,0.6829966902732849,0.14923124015331268,0.037835393100976944,0.024118179455399513,0.019143804907798767,0.019897498190402985,0.02909255400300026,0.015676816925406456,0.009798009879887104,0.008290624246001244,0.003919204231351614,0.0,0.0,0.0,0.0,0.0,0.7568585872650146,0.09843231737613678,0.02864033728837967,0.02698221243917942,0.03391619026660919,0.02050045132637024,0.009345794096589088,0.009195055812597275,0.009044317528605461,0.005275851581245661,0.0018088634824380279,0.0,0.0,0.0,0.0,0.0,9.52865219116211,10.615062713623047,7.781153202056885
Overripe_170.jpg,Overripe,Overripe,106.91797637939453,42.47629165649414,104.99852752685547,45.45056915283203,107.84087371826172,53.23999786376953,0.0006726646097376943,0.0197595227509737,0.083830825984478,0.12187841534614563,0.1260405331850052,0.06365088373422623,0.030269905924797058,0.0964432880282402,0.18843017518520355,0.21584124863147736,0.05255192145705223,0.0005044984281994402,0.00012612460704986006,0.0,0.0,0.0,0.0009669553255662322,0.03825780004262924,0.09770452976226807,0.13827461004257202,0.12250903993844986,0.030816446989774704,0.02013789676129818,0.07727234810590744,0.18624401092529297,0.22757084667682648,0.06007735803723335,8.408307621721178e-05,8.408307621721178e-05,0.0,0.0,0.0,0.0041200704872608185,0.07575885206460953,0.13713949918746948,0.12461111694574356,0.04485832154750824,0.02703270874917507,0.02888253517448902,0.029134785756468773,0.09034726023674011,0.2380812168121338,0.19936096668243408,0.000630623078905046,4.204153810860589e-05,0.0,0.0,0.0,139.4163818359375,140.72604370117188,150.85723876953125
Overripe_171.jpg,Overripe,Overripe,144.0347442626953,15.894604682922363,144.7129669189453,15.563089370727539,151.6848602294922,13.16484260559082,0.0,0.0,0.0,0.0,0.0,0.00014240281598176807,0.035553235560655594,0.1344757229089737,0.2777804136276245,0.3655480146408081,0.1865002065896988,0.0,0.0,0.0,0.0,0.0,0.0,0.0,0.0,0.0,0.0,0.0,0.030664071440696716,0.12868466973304749,0.2697109282016754,0.3763231635093689,0.1946171671152115,0.0,0.0,0.0,0.0,0.0,0.0,0.0,0.0,0.0,0.0,0.0,0.006408126559108496,0.05435040593147278,0.18564580380916595,0.3982532024383545,0.35534247756004333,0.0,0.0,0.0,0.0,0.0,141.53268432617188,142.20953369140625,149.57284545898438
Overripe_172.jpg,Overripe,Overripe,144.35523986816406,16.777671813964844,144.60226440429688,16.180110931396484,150.0680694580078,13.814720153808594,0.0,0.0,0.0,0.0,0.0,0.0009705870179459453,0.04156644269824028,0.14039751887321472,0.2504536509513855,0.3334599435329437,0.2331518828868866,0.0,0.0,0.0,0.0,0.0,0.0,0.0,0.0,0.0,4.2199433664791286e-05,0.0005063932039774954,0.03481453284621239,0.13575558364391327,0.2502426505088806,0.3597079813480377,0.2189306616783142,0.0,0.0,0.0,0.0,0.0,0.0,0.0,0.0,0.0,0.0,8.439886732958257e-05,0.010254462249577045,0.06418533623218536,0.21150356531143188,0.42178335785865784,0.2921888828277588,0.0,0.0,0.0,0.0,0.0,143.29977416992188,143.62222290039062,149.1957550048828
Overripe_173.jpg,Overripe,Overripe,121.60785675048828,42.38920593261719,120.27471923828125,44.38925552368164,123.4823226928711,48.67938995361328,0.00039424403803423047,0.022373348474502563,0.06383468210697174,0.10946843028068542,0.030521059408783913,0.014915565960109234,0.03794598951935768,0.1054602786898613,0.1906498521566391,0.26696890592575073,0.15717194974422455,0.0002956830139737576,0.0,0.0,0.0,0.0,0.0017083907732740045,0.02953544817864895,0.08630658686161041,0.09994086623191833,0.02253761701285839,0.010808857157826424,0.03055391274392605,0.09668835252523422,0.19271962344646454,0.2787962555885315,0.15004271268844604,0.0003285366983618587,3.285366983618587e-05,0.0,0.0,0.0,0.004599513951689005,0.04747355356812477,0.12766936421394348,0.038997307419776917,0.016623957082629204,0.017839543521404266,0.011005979031324387,0.04415533319115639,0.14271634817123413,0.3270582854747772,0.22071094810962677,0.0009199027554132044,0.00019712201901711524,3.285366983618587e-05,0.0,0.0,143.19479370117188,143.6343994140625,149.8155975341797
Overripe_174.jpg,Overripe,Overripe,142.5524139404297,16.789295196533203,143.55831909179688,16.337997436523438,149.53431701660156,13.882851600646973,0.0,0.0,0.0,0.0,0.0,0.0022946500685065985,0.048952534794807434,0.15454892814159393,0.263969749212265,0.3555857837200165,0.17464835941791534,0.0,0.0,0.0,0.0,0.0,0.0,0.0,0.0,0.0,0.0,0.0004674287047237158,0.0420260913670063,0.14158840477466583,0.2655844986438751,0.36459439992904663,0.1857391744852066,0.0,0.0,0.0,0.0,0.0,0.0,0.0,0.0,0.0,0.0,0.0,0.007988781668245792,0.07912293076515198,0.21047040820121765,0.41337695717811584,0.2890409231185913,0.0,0.0,0.0,0.0,0.0,142.51979064941406,143.46990966796875,149.17794799804688
Overripe_175.jpg,Overripe,Overripe,121.78533935546875,41.35710906982422,120.42201232910156,44.095680236816406,121.32726287841797,50.18954849243164,0.00155085907317698,0.04105215147137642,0.06845065951347351,0.05193857476115227,0.021620798856019974,0.019674623385071754,0.0561654232442379,0.1457807570695877,0.19419188797473907,0.27964118123054504,0.11962901055812836,0.00030409000464715064,0.0,0.0,0.0,0.0,0.002949673216789961,0.056712787598371506,0.08459784090518951,0.04220769181847572,0.017241904512047768,0.014900410547852516,0.050144441425800323,0.13148851692676544,0.18835335969924927,0.2802797555923462,0.13094115257263184,0.00018245400860905647,0.0,0.0,0.0,0.0,0.012923825532197952,0.1008058413863182,0.08772996813058853,0.018245400860905647,0.007845521904528141,0.002584765199571848,0.013775277882814407,0.0776037722826004,0.17387866973876953,0.3191728889942169,0.18528203666210175,0.00015204500232357532,0.0,0.0,0.0,0.0,143.30142211914062,144.29776000976562,149.2001190185547
Overripe_176.jpg,Overripe,Overripe,77.84931945800781,25.56675148010254,71.20256805419922,23.790870666503906,64.7179183959961,27.646678924560547,0.0,0.0051793591119349,0.07721082121133804,0.19671973586082458,0.33886438608169556,0.19748705625534058,0.09495492279529572,0.039516594260931015,0.022827547043561935,0.01457893755286932,0.00767312478274107,0.0026855936739593744,0.001534624956548214,0.0006713984184898436,9.591405978426337e-05,0.0,0.00019182811956852674,0.010646460577845573,0.1259351670742035,0.24381354451179504,0.336466521024704,0.17111068964004517,0.054766930639743805,0.024553999304771423,0.015250335447490215,0.010454632341861725,0.0034529061522334814,0.0013427968369796872,0.0011509687174111605,0.0008632265380583704,0.0,0.0,0.0014387109549716115,0.0420103594660759,0.25954344868659973,0.28217917680740356,0.18300402164459229,0.08469211310148239,0.07615576684474945,0.04565509408712387,0.008824093267321587,0.009015921503305435,0.003932476509362459,0.0012468828354030848,0.0008632265380583704,0.0014387109549716115,0.0,0.0,53.668270111083984,48.14879608154297,41.02056884765625
Overripe_177.jpg,Overripe,Overripe,143.44906616210938,16.678211212158203,143.8831024169922,16.172950744628906,150.6730499267578,13.987018585205078,0.0,0.0,0.0,0.0,0.0,0.001089376164600253,0.03945436328649521,0.15454933047294617,0.2669445276260376,0.3191872239112854,0.2187751680612564,0.0,0.0,0.0,0.0,0.0,0.0,0.0,0.0,0.0,0.0,0.0009472836391068995,0.034717947244644165,0.148391991853714,0.26997584104537964,0.3375171720981598,0.20844976603984833,0.0,0.0,0.0,0.0,0.0,0.0,0.0,0.0,0.0,0.0,0.0005210060044191778,0.010467484593391418,0.06271018087863922,0.20162932574748993,0.3979538679122925,0.32671812176704407,0.0,0.0,0.0,0.0,0.0,141.73529052734375,142.19287109375,149.6241912841797
Overripe_178.jpg,Overripe,Overripe,139.95513916015625,18.980667114257812,140.87908935546875,18.43390464782715,146.02581787109375,15.567957878112793,0.0,0.0,0.0,0.0,0.0,0.013071895577013493,0.0731864795088768,0.1979343146085739,0.21217623353004456,0.33869925141334534,0.16493181884288788,0.0,0.0,0.0,0.0,0.0,0.0,0.0,0.0,0.0,0.0,0.006576293148100376,0.06741709262132645,0.18788832426071167,0.21911562979221344,0.3464052379131317,0.17259743809700012,0.0,0.0,0.0,0.0,0.0,0.0,0.0,0.0,0.0,0.0,0.0005648349761031568,0.024408940225839615,0.11562979221343994,0.24525941908359528,0.392116516828537,0.2220204919576645,0.0,0.0,0.0,0.0,0.0,143.84593200683594,144.58786010742188,148.787109375
Overripe_179.jpg,Overripe,Overripe,145.5433349609375,14.378663063049316,147.05242919921875,13.934015274047852,154.10977172851562,12.127920150756836,0.0,0.0,0.0,0.0,0.0,0.00014664906484540552,0.02273060567677021,0.0984015241265297,0.26968762278556824,0.4351811110973358,0.17385247349739075,0.0,0.0,0.0,0.0,0.0,0.0,0.0,0.0,0.0,0.0,0.0,0.01759788766503334,0.0857163816690445,0.24996334314346313,0.44002053141593933,0.20670185983181,0.0,0.0,0.0,0.0,0.0,0.0,0.0,0.0,0.0,0.0,0.0,0.0006599207990802824,0.04084176570177078,0.14540255069732666,0.3998386859893799,0.41325706243515015,0.0,0.0,0.0,0.0,0.0,141.78099060058594,143.05780029296875,150.24456787109375
Overripe_18.jpg,Overripe,Overripe,17.216365814208984,28.549026489257812,18.507038116455078,28.616178512573242,16.198036193847656,26.978723526000977,0.7965630292892456,0.07463175058364868,0.029950900003314018,0.025531914085149765,0.019803600385785103,0.010801964439451694,0.013420621864497662,0.008346972055733204,0.008183306083083153,0.008837970905005932,0.003927987068891525,0.0,0.0,0.0,0.0,0.0,0.7767593860626221,0.08690670877695084,0.033387888222932816,0.03109656274318695,0.016693944111466408,0.013747953809797764,0.010310965590178967,0.00785597413778305,0.008837970905005932,0.00785597413778305,0.00654664495959878,0.0,0.0,0.0,0.0,0.0,0.8060556650161743,0.0703764334321022,0.037152208387851715,0.02454991824924946,0.016693944111466408,0.009328968822956085,0.008837970905005932,0.00654664495959878,0.009165302850306034,0.008183306083083153,0.003109656274318695,0.0,0.0,0.0,0.0,0.0,7.603906154632568,8.8771333694458,7.342245101928711
Overripe_180.jpg,Overripe,Overripe,144.66708374023438,12.852142333984375,146.00025939941406,12.42188549041748,155.54188537597656,10.866684913635254,0.0,0.0,0.0,0.0,0.0,0.0,0.010187758132815361,0.10053043812513351,0.31135809421539307,0.4572703540325165,0.12065336108207703,0.0,0.0,0.0,0.0,0.0,0.0,0.0,0.0,0.0,0.0,0.0,0.004462406504899263,0.09051106870174408,0.28449946641921997,0.48480257391929626,0.1357245147228241,0.0,0.0,0.0,0.0,0.0,0.0,0.0,0.0,0.0,0.0,0.0,0.0004209817270748317,0.017091859132051468,0.12250567972660065,0.4268754720687866,0.433106005191803,0.0,0.0,0.0,0.0,0.0,140.59324645996094,141.9110107421875,151.3010711669922
Overripe_181.jpg,Overripe,Overripe,141.54527282714844,18.35067367553711,142.21263122558594,17.786457061767578,147.24244689941406,15.002293586730957,0.0,0.0,0.0,0.0,0.0,0.00853202398866415,0.06116565316915512,0.17519868910312653,0.23449431359767914,0.33395668864250183,0.18665264546871185,0.0,0.0,0.0,0.0,0.0,0.0,0.0,0.0,0.0,0.0,0.005688016302883625,0.054425742477178574,0.16814710199832916,0.2346501499414444,0.353163480758667,0.18392550945281982,0.0,0.0,0.0,0.0,0.0,0.0,0.0,0.0,0.0,0.0,7.791803363943473e-05,0.020141810178756714,0.09802088141441345,0.24294841289520264,0.3957846462726593,0.24302633106708527,0.0,0.0,0.0,0.0,0.0,143.78477478027344,144.33718872070312,148.4695587158203
Overripe_182.jpg,Overripe,Overripe,70.54707336425781,27.091373443603516,63.360225677490234,23.74217414855957,54.92621994018555,21.905277252197266,0.0,0.007567327003926039,0.15958157181739807,0.3207211196422577,0.23492099344730377,0.11907411366701126,0.07289116084575653,0.035277098417282104,0.02414867654442787,0.01535722240805626,0.007344758603721857,0.001669263350777328,0.0012241264339536428,0.00022256844385992736,0.0,0.0,0.0003338526585139334,0.01669263280928135,0.24460271000862122,0.34464722871780396,0.20565323531627655,0.09381259977817535,0.04473625496029854,0.022813264280557632,0.01557979080826044,0.0070109060034155846,0.0026708212681114674,0.0006677053170278668,0.000556421116925776,0.00022256844385992736,0.0,0.0,0.00011128422192996368,0.04551524668931961,0.4100823402404785,0.31248608231544495,0.11718228459358215,0.052971288561820984,0.035277098417282104,0.010460716672241688,0.006677053403109312,0.006677053403109312,0.0017805475508794188,0.000556421116925776,0.00022256844385992736,0.0,0.0,0.0,51.566734313964844,47.424468994140625,42.48344421386719
Overripe_183.jpg,Overripe,Overripe,148.2272491455078,10.330727577209473,149.19003295898438,9.874670028686523,159.0038604736328,8.73477840423584,0.0,0.0,0.0,0.0,0.0,0.0,0.0,0.05156146362423897,0.21966777741909027,0.6018604636192322,0.12691029906272888,0.0,0.0,0.0,0.0,0.0,0.0,0.0,0.0,0.0,0.0,0.0,0.0,0.04411960020661354,0.18631228804588318,0.6530232429504395,0.11654485017061234,0.0,0.0,0.0,0.0,0.0,0.0,0.0,0.0,0.0,0.0,0.0,0.0,0.007308970205485821,0.05528239160776138,0.36318936944007874,0.574219286441803,0.0,0.0,0.0,0.0,0.0,151.73916625976562,153.25270080566406,164.2791748046875
Overripe_184.jpg,Overripe,Overripe,73.45196533203125,22.771718978881836,66.23283386230469,20.72075653076172,56.501861572265625,23.841899871826172,0.0,0.003725385759025812,0.06705694645643234,0.30894091725349426,0.2857903242111206,0.2025013267993927,0.06878659129142761,0.03193187713623047,0.018094731494784355,0.008249068632721901,0.0030601383186876774,0.0005321979988366365,0.00026609899941831827,0.0007982969400472939,0.00026609899941831827,0.0,0.0,0.0067855240777134895,0.1498137265443802,0.36255988478660583,0.2694252133369446,0.1412985622882843,0.03924960270524025,0.01463544461876154,0.00731772230938077,0.0057211280800402164,0.0017296434380114079,0.00013304949970915914,0.00039914847002364695,0.0005321979988366365,0.00039914847002364695,0.0,0.0017296434380114079,0.03392761945724487,0.37653008103370667,0.3610963225364685,0.11695050448179245,0.029004789888858795,0.023815859109163284,0.034725919365882874,0.012107503600418568,0.006386375520378351,0.0022618414368480444,0.00026609899941831827,0.0005321979988366365,0.00039914847002364695,0.00026609899941831827,0.0,54.34128189086914,49.56137466430664,42.17631149291992
Overripe_185.jpg,Overripe,Overripe,73.55477905273438,22.81807518005371,66.3719253540039,20.562767028808594,56.86967468261719,23.75943946838379,0.0,0.002381582511588931,0.07171209156513214,0.30391639471054077,0.2834083139896393,0.20494839549064636,0.06774278730154037,0.03281291201710701,0.020508071407675743,0.007806297857314348,0.003307753475382924,0.00039693040889687836,0.00013231013144832104,0.0007938608177937567,0.00013231013144832104,0.0,0.0,0.006747816689312458,0.14514422416687012,0.3680867850780487,0.26554644107818604,0.1419687718153,0.040222279727458954,0.016935696825385094,0.007409367710351944,0.004763165023177862,0.001852341927587986,0.0002646202628966421,0.0002646202628966421,0.0005292405257932842,0.0002646202628966421,0.0,0.001323101343587041,0.03241598233580589,0.37364381551742554,0.3580312132835388,0.11974067240953445,0.032019052654504776,0.025932786986231804,0.034268323332071304,0.013363323174417019,0.006350886542350054,0.0015877216355875134,0.0002646202628966421,0.00039693040889687836,0.0006615506717935205,0.0,0.0,54.207515716552734,49.82693862915039,42.40133285522461
Overripe_186.jpg,Overripe,Overripe,125.6553726196289,39.240821838378906,123.0428695678711,42.271881103515625,123.13166046142578,50.521583557128906,0.0039549642242491245,0.02347462810575962,0.06398111581802368,0.039453960955142975,0.02465473860502243,0.020093770697712898,0.05307307094335556,0.13660575449466705,0.2083692103624344,0.28169554471969604,0.1401141881942749,0.003986859228461981,0.0005422128597274423,0.0,0.0,0.0,0.00484802108258009,0.040187541395425797,0.07648390531539917,0.04190986603498459,0.023347048088908195,0.014990591444075108,0.042962394654750824,0.11730934679508209,0.21213281154632568,0.2919018864631653,0.13363952934741974,0.0001594743662280962,0.00012757949298247695,0.0,0.0,0.0,0.020285140722990036,0.09153828769922256,0.08251204341650009,0.020540298894047737,0.006410869769752026,0.0029981182888150215,0.009090038947761059,0.05753835290670395,0.16776703298091888,0.34050968289375305,0.20039549469947815,0.0002232641272712499,6.378974649123847e-05,0.00012757949298247695,0.0,0.0,142.72181701660156,143.5552520751953,149.53631591796875
Overripe_187.jpg,Overripe,Overripe,147.7224578857422,13.048733711242676,148.1383819580078,12.493313789367676,155.9327392578125,11.171998023986816,0.0,0.0,0.0,0.0,0.0,0.0,0.005057275295257568,0.08378016203641891,0.24677065014839172,0.4596027433872223,0.2047891765832901,0.0,0.0,0.0,0.0,0.0,0.0,0.0,0.0,0.0,0.0,0.0,0.0032293444965034723,0.07311723381280899,0.23958079516887665,0.4876919388771057,0.19638068974018097,0.0,0.0,0.0,0.0,0.0,0.0,0.0,0.0,0.0,0.0,0.0,0.00018279308278579265,0.02991713397204876,0.10291250050067902,0.39830613136291504,0.4686814546585083,0.0,0.0,0.0,0.0,0.0,142.08229064941406,142.395751953125,150.8001251220703
Overripe_188.jpg,Overripe,Overripe,142.76817321777344,16.328603744506836,143.262939453125,15.541265487670898,150.0861358642578,13.311471939086914,0.0,0.0,0.0,0.0,0.0,0.001941516762599349,0.044773753732442856,0.15021000802516937,0.26824629306793213,0.37736746668815613,0.15746097266674042,0.0,0.0,0.0,0.0,0.0,0.0,0.0,0.0,0.0,0.0,0.00035660513094626367,0.03661146014928818,0.14394959807395935,0.26590853929519653,0.41001665592193604,0.14315713942050934,0.0,0.0,0.0,0.0,0.0,0.0,0.0,0.0,0.0,0.0,0.0,0.009588715620338917,0.0637134462594986,0.1989460289478302,0.45328474044799805,0.2744670808315277,0.0,0.0,0.0,0.0,0.0,142.59384155273438,143.1528778076172,149.8460235595703
Overripe_189.jpg,Overripe,Overripe,140.59571838378906,18.09531593322754,141.26010131835938,17.247596740722656,147.59725952148438,14.516084671020508,0.0,0.0,0.0,0.0,0.0,0.009625856764614582,0.0625329315662384,0.1832425743341446,0.2458106428384781,0.3418232798576355,0.15696468949317932,0.0,0.0,0.0,0.0,0.0,0.0,0.0,0.0,0.0,0.0,0.005761461332440376,0.05378535017371178,0.16838222742080688,0.2574389576911926,0.365396112203598,0.14923590421676636,0.0,0.0,0.0,0.0,0.0,0.0,0.0,0.0,0.0,0.0,0.0004567012074403465,0.01809239387512207,0.08498155325651169,0.23948709666728973,0.41507112979888916,0.2419111132621765,0.0,0.0,0.0,0.0,0.0,142.85952758789062,143.4278564453125,148.92820739746094
Overripe_19.jpg,Overripe,Overripe,22.985139846801758,33.261234283447266,24.249624252319336,32.4765510559082,20.446985244750977,28.945676803588867,0.6814159154891968,0.12489563971757889,0.04291200637817383,0.02504591830074787,0.02254132553935051,0.03289363905787468,0.036233093589544296,0.012189012952148914,0.008682584390044212,0.009517448954284191,0.003339455695822835,0.0003339455579407513,0.0,0.0,0.0,0.0,0.6493571400642395,0.15328101813793182,0.044080816209316254,0.02654867246747017,0.02437802590429783,0.04057438671588898,0.02888629212975502,0.010018367320299149,0.009851394221186638,0.009016530588269234,0.003506428562104702,0.0005009183660149574,0.0,0.0,0.0,0.0,0.7024545073509216,0.12122224271297455,0.040908332914114,0.02671564556658268,0.044748704880476,0.025880781933665276,0.012856904417276382,0.009517448954284191,0.009016530588269234,0.004842210561037064,0.0018367005977779627,0.0,0.0,0.0,0.0,0.0,8.659716606140137,10.300042152404785,8.326939582824707
Overripe_190.jpg,Overripe,Overripe,139.95420837402344,18.285381317138672,140.81448364257812,17.511123657226562,147.34423828125,14.579527854919434,0.0,0.0,0.0,0.0,0.0,0.013864275999367237,0.061225198209285736,0.1861426681280136,0.24809756875038147,0.3421592116355896,0.14851106703281403,0.0,0.0,0.0,0.0,0.0,0.0,0.0,0.0,0.0,0.0,0.00962507352232933,0.05608256161212921,0.16890788078308105,0.25463011860847473,0.361756831407547,0.14899753034114838,0.0,0.0,0.0,0.0,0.0,0.0,0.0,0.0,0.0,0.0,3.474755794741213e-05,0.022620661184191704,0.0800236314535141,0.25424790382385254,0.4158935248851776,0.22717954218387604,0.0,0.0,0.0,0.0,0.0,142.63763427734375,143.46774291992188,149.2283935546875
Overripe_191.jpg,Overripe,Overripe,125.58131408691406,40.63395309448242,124.20130157470703,42.85090637207031,127.87623596191406,47.58430099487305,0.0018205110682174563,0.02292495407164097,0.05330051854252815,0.06941541284322739,0.0460859015583992,0.0181713979691267,0.03189265727996826,0.0911266952753067,0.21262894570827484,0.27779650688171387,0.17379137873649597,0.0010451081907376647,0.0,0.0,0.0,0.0,0.002966758795082569,0.03415143862366676,0.06523498147726059,0.07511293888092041,0.03233093023300171,0.008596858009696007,0.023329513147473335,0.08657541871070862,0.21171869337558746,0.29728272557258606,0.16168835759162903,0.0010113950120285153,0.0,0.0,0.0,0.0,0.006102083250880241,0.050064053386449814,0.09382374584674835,0.05218798294663429,0.014226957224309444,0.003034185152500868,0.004045580048114061,0.04045580327510834,0.11988402903079987,0.3699682950973511,0.24445419013500214,0.0017530847107991576,0.0,0.0,0.0,0.0,142.38951110839844,142.7439727783203,150.29666137695312
Overripe_192.jpg,Overripe,Overripe,121.85578155517578,42.11191177368164,120.05307006835938,44.781837463378906,123.03275299072266,51.04740905761719,0.0019108920823782682,0.017801469191908836,0.07053538411855698,0.08820275217294693,0.045693788677453995,0.022696034982800484,0.0327533595263958,0.09463944286108017,0.20399610698223114,0.27003923058509827,0.15139628946781158,0.0003352442290633917,0.0,0.0,0.0,0.0,0.0040229307487607,0.028864527121186256,0.09128700196743011,0.08317409455776215,0.039927586913108826,0.017667369917035103,0.023768816143274307,0.0786818191409111,0.19886687397956848,0.2850581705570221,0.14868082106113434,0.0,0.0,0.0,0.0,0.0,0.007677092682570219,0.05933822691440582,0.130678191781044,0.04234134405851364,0.01233698707073927,0.009655033238232136,0.014080257155001163,0.036038752645254135,0.10473029315471649,0.31378859281539917,0.2681618630886078,0.001139830332249403,3.352442217874341e-05,0.0,0.0,0.0,141.7935028076172,142.4130859375,150.42098999023438
Overripe_193.jpg,Overripe,Overripe,143.3582305908203,15.80458927154541,144.26531982421875,15.204744338989258,151.75228881835938,12.62588119506836,0.0,0.0,0.0,0.0,0.0,0.0006626905524171889,0.03796270117163658,0.13599355518817902,0.28879106044769287,0.3668465316295624,0.16974344849586487,0.0,0.0,0.0,0.0,0.0,0.0,0.0,0.0,0.0,0.0,4.73350373795256e-05,0.031099120154976845,0.12051500380039215,0.2834421992301941,0.4033418595790863,0.1615544855594635,0.0,0.0,0.0,0.0,0.0,0.0,0.0,0.0,0.0,0.0,0.0,0.00568020436912775,0.05509798228740692,0.16127046942710876,0.4635993540287018,0.31435197591781616,0.0,0.0,0.0,0.0,0.0,141.7468719482422,142.83119201660156,150.6223602294922
Overripe_194.jpg,Overripe,Overripe,143.28416442871094,16.52633285522461,143.59889221191406,15.788618087768555,149.6306610107422,13.42196273803711,0.0,0.0,0.0,0.0,0.0,0.003686192911118269,0.04579693824052811,0.13258273899555206,0.26720890402793884,0.3718647360801697,0.17886048555374146,0.0,0.0,0.0,0.0,0.0,0.0,0.0,0.0,0.0,0.0,0.0014424233231693506,0.038985494524240494,0.1286160796880722,0.2758634388446808,0.39322060346603394,0.16187193989753723,0.0,0.0,0.0,0.0,0.0,0.0,0.0,0.0,0.0,0.0,4.0067312511382625e-05,0.01001682784408331,0.06258514523506165,0.2162032276391983,0.4282795190811157,0.2828752398490906,0.0,0.0,0.0,0.0,0.0,142.70074462890625,142.97589111328125,148.87753295898438
Overripe_195.jpg,Overripe,Overripe,143.12391662597656,16.603002548217773,143.7285614013672,15.784379959106445,150.2724609375,13.334718704223633,0.0,0.0,0.0,0.0,0.0,0.0024792682379484177,0.043344445526599884,0.14012140035629272,0.2789604067802429,0.34555870294570923,0.18953578174114227,0.0,0.0,0.0,0.0,0.0,0.0,0.0,0.0,0.0,0.0,0.0011541420826688409,0.036505088210105896,0.1284944862127304,0.27780628204345703,0.3787723481655121,0.1772676706314087,0.0,0.0,0.0,0.0,0.0,0.0,0.0,0.0,0.0,0.0,0.0,0.008121741004288197,0.0638197809457779,0.19872616231441498,0.4435325264930725,0.2857997715473175,0.0,0.0,0.0,0.0,0.0,142.00054931640625,142.76834106445312,149.65170288085938
Overripe_196.jpg,Overripe,Overripe,146.26866149902344,11.457186698913574,147.16595458984375,10.88131046295166,158.02244567871094,9.862595558166504,0.0,0.0,0.0,0.0,0.0,0.0,0.004108628258109093,0.07796372473239899,0.2623509466648102,0.5639843940734863,0.09159234166145325,0.0,0.0,0.0,0.0,0.0,0.0,0.0,0.0,0.0,0.0,0.0,0.0009018940036185086,0.06914520263671875,0.24301032721996307,0.5925443172454834,0.09439823776483536,0.0,0.0,0.0,0.0,0.0,0.0,0.0,0.0,0.0,0.0,0.0,0.0,0.014330092817544937,0.07205130904912949,0.36266160011291504,0.5509570240974426,0.0,0.0,0.0,0.0,0.0,152.00494384765625,153.03280639648438,164.45382690429688
Overripe_197.jpg,Overripe,Overripe,115.87938690185547,54.02033615112305,83.45005798339844,40.60277557373047,43.163475036621094,32.989593505859375,0.0005826535634696484,0.02322290651500225,0.12010987102985382,0.1015481948852539,0.07641085237264633,0.07091726362705231,0.07599467039108276,0.08215415477752686,0.07341434806585312,0.08773098140954971,0.115615114569664,0.1069585457444191,0.0466955229640007,0.018311969935894012,0.0003329449100419879,0.0,0.004328283481299877,0.12318961322307587,0.144747793674469,0.09830198436975479,0.09072748571634293,0.09896787256002426,0.12984851002693176,0.15531879663467407,0.08989512175321579,0.05210587754845619,0.011653071269392967,0.0006658898200839758,0.0002497086825314909,0.0,0.0,0.0,0.11569835245609283,0.3460962176322937,0.2457965761423111,0.1064591333270073,0.05968037247657776,0.03745630010962486,0.02613617479801178,0.01981022208929062,0.02114200033247471,0.016980189830064774,0.004245047457516193,0.0004994173650629818,0.0,0.0,0.0,0.0,172.71585083007812,115.79905700683594,21.85714340209961
Overripe_198.jpg,Overripe,Overripe,111.1799087524414,47.97613525390625,97.71897888183594,48.92920684814453,77.3165283203125,54.3796501159668,0.015881797298789024,0.04989097639918327,0.07485273480415344,0.0869593545794487,0.06883197277784348,0.049695707857608795,0.06209522485733032,0.13580889999866486,0.1490871161222458,0.1552380621433258,0.0950629711151123,0.041819896548986435,0.014547466300427914,0.00022781267762184143,0.0,0.0,0.037686724215745926,0.08227291703224182,0.12002473324537277,0.08416050672531128,0.05802714079618454,0.04972825199365616,0.05825495347380638,0.13411657512187958,0.15878543257713318,0.14127640426158905,0.07553617656230927,0.00013017866876907647,0.0,0.0,0.0,0.0,0.11208383738994598,0.16067302227020264,0.1762944608926773,0.08442086726427078,0.034594982862472534,0.01636996865272522,0.02837895043194294,0.10160445421934128,0.1155010238289833,0.1143619641661644,0.05561883747577667,9.763400157680735e-05,0.0,0.0,0.0,0.0,142.92930603027344,144.87782287597656,142.1561279296875
Overripe_199.jpg,Overripe,Overripe,114.65235137939453,55.72513961791992,95.86376953125,52.3682746887207,72.08960723876953,57.55880355834961,0.04071388766169548,0.08745119720697403,0.06421267986297607,0.054062094539403915,0.04584495350718498,0.03811117261648178,0.04815021529793739,0.07733779400587082,0.16501209139823914,0.17352667450904846,0.11299498379230499,0.028629856184124947,0.043205056339502335,0.02048707939684391,0.00026027142303064466,0.0,0.08581520617008209,0.10448038578033447,0.07718906551599503,0.05495445430278778,0.06298568844795227,0.0662948489189148,0.051905557513237,0.08711656183004379,0.16319018602371216,0.17854620516300201,0.0672987550497055,0.00014872652536723763,3.718163134180941e-05,3.718163134180941e-05,0.0,0.0,0.17337794601917267,0.20316043496131897,0.1567949503660202,0.051199108362197876,0.015727831050753593,0.010187767446041107,0.010001858696341515,0.06700129806995392,0.13195762038230896,0.13530395925045013,0.04517568275332451,3.718163134180941e-05,3.718163134180941e-05,3.718163134180941e-05,0.0,0.0,146.30691528320312,142.32958984375,141.154541015625
Overripe_2.jpg,Overripe,Overripe,27.710176467895508,35.85820770263672,28.971240997314453,34.40433883666992,24.971939086914062,31.201030731201172,0.5846711993217468,0.16864442825317383,0.06742984801530838,0.03867094963788986,0.025547955185174942,0.030852993950247765,0.03336590901017189,0.022197403013706207,0.011587323620915413,0.009632835164666176,0.004467402119189501,0.0011168505297973752,0.0006980315665714443,0.0011168505297973752,0.0,0.0,0.5370654463768005,0.20131230354309082,0.077760711312294,0.043975986540317535,0.030294569209218025,0.03448275849223137,0.03350551426410675,0.014379450120031834,0.00991204846650362,0.009632835164666176,0.004607008304446936,0.0012564568314701319,0.0008376378682442009,0.0008376378682442009,0.0001396063162246719,0.0,0.5940248370170593,0.17520591616630554,0.07357252389192581,0.03978779911994934,0.03615803271532059,0.036297641694545746,0.013402205891907215,0.011028898879885674,0.009353622794151306,0.006840709131211042,0.0022337010595947504,0.0005584252648986876,0.0009772442281246185,0.0005584252648986876,0.0,0.0,10.263915061950684,12.264862060546875,10.212230682373047
Overripe_20.jpg,Overripe,Overripe,20.894338607788086,31.8066463470459,21.98975372314453,30.656089782714844,18.98975372314453,28.263959884643555,0.6937678456306458,0.15101629495620728,0.04686712473630905,0.016630269587039948,0.01545439288020134,0.008903074078261852,0.02368553727865219,0.02015790343284607,0.008735091425478458,0.008231144398450851,0.0065513188019394875,0.0,0.0,0.0,0.0,0.0,0.6655467748641968,0.1740299016237259,0.0482109859585762,0.02015790343284607,0.01595834083855152,0.017806148156523705,0.0248614139854908,0.009575003758072853,0.008063161745667458,0.008063161745667458,0.00772719644010067,0.0,0.0,0.0,0.0,0.0,0.7203090786933899,0.13908953964710236,0.03913993015885353,0.019150007516145706,0.024189483374357224,0.02015790343284607,0.009742986410856247,0.00772719644010067,0.008231144398450851,0.009407022036612034,0.0028557030018419027,0.0,0.0,0.0,0.0,0.0,9.119369506835938,10.69460678100586,8.903453826904297
Overripe_200.jpg,Overripe,Overripe,112.3250732421875,51.9980354309082,100.09640502929688,52.7468376159668,84.93556213378906,59.319427490234375,0.012713802047073841,0.08565809577703476,0.10148175060749054,0.06023049354553223,0.04747096076607704,0.04349217936396599,0.05323332920670509,0.06535260379314423,0.10669532418251038,0.20259763300418854,0.20383243262767792,0.016372449696063995,0.0008689289097674191,0.0,0.0,0.0,0.03356809541583061,0.13559864461421967,0.09073447436094284,0.05648038163781166,0.05346199497580528,0.056160248816013336,0.06805085390806198,0.07701454311609268,0.10843318700790405,0.2052958905696869,0.11369249224662781,0.001280526863411069,0.0002286655071657151,0.0,0.0,0.0,0.10559773445129395,0.20392389595508575,0.13125400245189667,0.04381231218576431,0.019756698980927467,0.018933504819869995,0.03146437555551529,0.046327631920576096,0.10372267663478851,0.21718649566173553,0.07710600644350052,0.0008689289097674191,4.573310070554726e-05,0.0,0.0,0.0,149.50392150878906,145.67059326171875,143.06112670898438
Overripe_201.jpg,Overripe,Overripe,96.8023681640625,48.9422492980957,70.19548034667969,39.10102462768555,37.722862243652344,33.4948844909668,0.006654651369899511,0.05718841031193733,0.15908776223659515,0.1104949414730072,0.08879800140857697,0.08269790560007095,0.07971717417240143,0.09607652574777603,0.11091085523366928,0.08796617388725281,0.06682378798723221,0.033273257315158844,0.020310550928115845,0.0,0.0,0.0,0.026965200901031494,0.16276167333126068,0.18854846060276031,0.11236655712127686,0.10654374212026596,0.12941910326480865,0.10488007962703705,0.0682101771235466,0.05393040180206299,0.0341050885617733,0.012200194410979748,6.931928510311991e-05,0.0,0.0,0.0,0.0,0.1742686778306961,0.4147372841835022,0.21301816403865814,0.07174546271562576,0.02585609257221222,0.01719118282198906,0.016082074493169785,0.01705254428088665,0.018716206774115562,0.026064051315188408,0.00526826549321413,0.0,0.0,0.0,0.0,0.0,41.19393539428711,25.845537185668945,17.764301300048828
Overripe_202.jpg,Overripe,Overripe,126.20218658447266,58.78575134277344,99.35062408447266,48.213375091552734,45.50938034057617,32.29475021362305,0.0008829047437757254,0.03382628783583641,0.06605231016874313,0.10622447729110718,0.08503476530313492,0.06058933958411217,0.06125151738524437,0.06539013236761093,0.08249641209840775,0.10611411184072495,0.09767133742570877,0.06903211772441864,0.07008056342601776,0.060147885233163834,0.03437810391187668,0.0008277231827378273,0.008166869170963764,0.06864584237337112,0.11146672815084457,0.12051650136709213,0.07846815884113312,0.08117205649614334,0.08972519636154175,0.11858514696359634,0.10180995613336563,0.09452599287033081,0.07692307978868484,0.040337711572647095,0.009656771086156368,0.0,0.0,0.0,0.11074936389923096,0.26001545786857605,0.2848471403121948,0.1538461595773697,0.0728396400809288,0.038240812718868256,0.02047235332429409,0.017823640257120132,0.01440238393843174,0.016388919204473495,0.01031894888728857,5.5181546485982835e-05,0.0,0.0,0.0,0.0,53.67744064331055,47.56083679199219,44.31812286376953
Overripe_203.jpg,Overripe,Overripe,108.52955627441406,55.95414733886719,85.42161560058594,46.64898681640625,47.84703063964844,35.28215789794922,0.0020578696858137846,0.0439012236893177,0.09940134733915329,0.12490645796060562,0.10975305736064911,0.09441257268190384,0.078635573387146,0.07907208800315857,0.0846220999956131,0.08998503535985947,0.05144674330949783,0.034360188990831375,0.04165627434849739,0.04427538067102432,0.019643303006887436,0.0018707907292991877,0.013344974257051945,0.09946370869874954,0.15109753608703613,0.14292840659618378,0.10027438402175903,0.09877774864435196,0.10532552003860474,0.07439511269330978,0.06628835201263428,0.06310800462961197,0.05213269963860512,0.025255674496293068,0.005550012458115816,0.0019955101888626814,6.23596934019588e-05,0.0,0.12858568131923676,0.27625343203544617,0.20790721476078033,0.1366300880908966,0.08574457466602325,0.05412821099162102,0.03803941234946251,0.02587927132844925,0.0208904966711998,0.01671239733695984,0.009229234419763088,0.0,0.0,0.0,0.0,0.0,53.55021286010742,46.553749084472656,41.70084762573242
Overripe_21.jpg,Overripe,Overripe,21.406911849975586,31.74201011657715,22.96867561340332,30.855735778808594,20.534265518188477,28.998937606811523,0.6838235259056091,0.1567647010087967,0.03588235378265381,0.02073529362678528,0.015147059224545956,0.025294117629528046,0.030588235706090927,0.009705882519483566,0.008529411628842354,0.0070588234812021255,0.006470588035881519,0.0,0.0,0.0,0.0,0.0,0.6245588064193726,0.20838235318660736,0.038823530077934265,0.024117646738886833,0.02088235318660736,0.03132352977991104,0.019558822736144066,0.010294117964804173,0.007941176183521748,0.006911764852702618,0.006764705758541822,0.00044117646757513285,0.0,0.0,0.0,0.0,0.675000011920929,0.1669117659330368,0.03897058963775635,0.027794117107987404,0.028529411181807518,0.023088235408067703,0.01147058792412281,0.008970588445663452,0.007941176183521748,0.006911764852702618,0.004264705814421177,0.00014705881767440587,0.0,0.0,0.0,0.0,9.232784271240234,11.190476417541504,9.686847686767578
Overripe_22.jpg,Overripe,Overripe,23.132949829101562,34.30643081665039,24.390899658203125,33.982566833496094,21.138193130493164,31.19934844970703,0.6757442355155945,0.12804464995861053,0.04617726802825928,0.02672530524432659,0.0248646829277277,0.031123138964176178,0.026387009769678116,0.012178619392216206,0.011840324848890305,0.01099458709359169,0.004566982388496399,0.0006765899597667158,0.0006765899597667158,0.0,0.0,0.0,0.649864673614502,0.15037211775779724,0.04566982388496399,0.029939107596874237,0.024526387453079224,0.0360284149646759,0.02266576513648033,0.011671177111566067,0.010825439356267452,0.011671177111566067,0.005243572406470776,0.0006765899597667158,0.0008457374642603099,0.0,0.0,0.0,0.6951962113380432,0.12652233242988586,0.038396481424570084,0.03315290808677673,0.03416779264807701,0.02672530524432659,0.013362652622163296,0.009472260251641273,0.009979702532291412,0.008795670233666897,0.0032138023525476456,0.0005074425134807825,0.0005074425134807825,0.0,0.0,0.0,8.426539421081543,9.861358642578125,8.137791633605957
Overripe_23.jpg,Overripe,Overripe,32.80612564086914,32.559505462646484,33.86836242675781,31.148103713989258,28.959495544433594,28.7078914642334,0.3302049934864044,0.37243762612342834,0.12422820180654526,0.046184241771698,0.022721659392118454,0.019757965579628944,0.024944430217146873,0.030871819704771042,0.01531242299824953,0.007903185673058033,0.005433440208435059,0.0,0.0,0.0,0.0,0.0,0.2558656334877014,0.4364040493965149,0.1311434954404831,0.04890096187591553,0.026426278054714203,0.024203507229685783,0.027661150321364403,0.022721659392118454,0.013583600521087646,0.0074092368595302105,0.0056804148480296135,0.0,0.0,0.0,0.0,0.0,0.3852803111076355,0.3771301507949829,0.09138058871030807,0.03729315847158432,0.022227710112929344,0.029142998158931732,0.025191405788064003,0.012348728254437447,0.011113855056464672,0.006421338766813278,0.002469745697453618,0.0,0.0,0.0,0.0,0.0,16.246360778808594,18.128820419311523,15.157205581665039
Overripe_24.jpg,Overripe,Overripe,23.684947967529297,32.30938720703125,23.882579803466797,31.25422477722168,18.973907470703125,28.780973434448242,0.618506908416748,0.1913505643606186,0.05701860412955284,0.02343561314046383,0.021261174231767654,0.020536361262202263,0.028026092797517776,0.016670692712068558,0.009422565810382366,0.009422565810382366,0.004348876420408487,0.0,0.0,0.0,0.0,0.0,0.6255134344100952,0.18289442360401154,0.05919304117560387,0.024402029812335968,0.02077796496450901,0.025610050186514854,0.028026092797517776,0.011355400085449219,0.008939357474446297,0.008697752840816975,0.004590480588376522,0.0,0.0,0.0,0.0,0.0,0.7204638719558716,0.12104372680187225,0.04783764109015465,0.019328340888023376,0.024885237216949463,0.028750905767083168,0.011113795451819897,0.010147378779947758,0.006523314863443375,0.007972939871251583,0.001932834042236209,0.0,0.0,0.0,0.0,0.0,10.399999618530273,11.041565895080566,7.615963935852051
Overripe_25.jpg,Overripe,Overripe,29.65848731994629,35.21448516845703,28.148561477661133,34.04063034057617,19.485166549682617,30.559032440185547,0.48605844378471375,0.2547401189804077,0.07651126384735107,0.03457506000995636,0.029667632654309273,0.032790541648864746,0.036582645028829575,0.020745037123560905,0.012268570251762867,0.00869953166693449,0.004461298231035471,0.0013383894693106413,0.0015614543808624148,0.0,0.0,0.0,0.514610767364502,0.24715591967105865,0.06535802036523819,0.03747490420937538,0.02788311429321766,0.035244256258010864,0.031452152878046036,0.014053089544177055,0.010484050959348679,0.00669194757938385,0.006468882318586111,0.0015614543808624148,0.0015614543808624148,0.0,0.0,0.0,0.7122462391853333,0.13540039956569672,0.03055989369750023,0.02275262027978897,0.03435199707746506,0.023644881322979927,0.011376310139894485,0.007807272020727396,0.008922596462070942,0.007361141964793205,0.0026767789386212826,0.0013383894693106413,0.0015614543808624148,0.0,0.0,0.0,12.49604606628418,11.992396354675293,7.204379558563232
Overripe_26.jpg,Overripe,Overripe,35.54929733276367,40.560081481933594,35.20110321044922,38.28926086425781,28.79545021057129,33.60563659667969,0.4856354892253876,0.2027120143175125,0.06619168072938919,0.034934498369693756,0.028269363567233086,0.033095840364694595,0.05286141112446785,0.06297402828931808,0.019535738974809647,0.008963456377387047,0.00482647679746151,0.0,0.0,0.0,0.0,0.0,0.4589749574661255,0.23167088627815247,0.06504251807928085,0.034934498369693756,0.03539416193962097,0.04435762017965317,0.061824869364500046,0.037002988159656525,0.017926912754774094,0.008273960091173649,0.004596644546836615,0.0,0.0,0.0,0.0,0.0,0.5486094951629639,0.17972879111766815,0.05010342597961426,0.048494599759578705,0.0512525849044323,0.06021604314446449,0.028958860784769058,0.015858422964811325,0.009423120878636837,0.005745805334299803,0.001608825521543622,0.0,0.0,0.0,0.0,0.0,11.946073532104492,13.068756103515625,10.0374116897583
Overripe_27.jpg,Overripe,Overripe,19.860065460205078,28.94739532470703,21.287864685058594,28.87505531311035,17.387346267700195,27.12871742248535,0.6895578503608704,0.16063028573989868,0.04444967210292816,0.02634054608643055,0.01599247381091118,0.011759172193706036,0.021872060373425484,0.0098777050152421,0.009407337754964828,0.006349952891469002,0.0037629350554198027,0.0,0.0,0.0,0.0,0.0,0.6648635864257812,0.1822671741247177,0.04586077108979225,0.025634994730353355,0.01693320833146572,0.013875823467969894,0.019049858674407005,0.012229539453983307,0.008231420069932938,0.007055503316223621,0.003998118452727795,0.0,0.0,0.0,0.0,0.0,0.7497648000717163,0.1187676414847374,0.037629351019859314,0.021872060373425484,0.016462840139865875,0.01716839149594307,0.012935088947415352,0.008936970494687557,0.008231420069932938,0.007290686946362257,0.0009407337638549507,0.0,0.0,0.0,0.0,0.0,9.608115196228027,11.075041770935059,7.944135665893555
Overripe_28.jpg,Overripe,Overripe,29.164133071899414,37.62733840942383,29.519912719726562,35.74357604980469,25.00458526611328,31.676177978515625,0.6070480346679688,0.153029203414917,0.052377503365278244,0.027757663279771805,0.013034033589065075,0.023171614855527878,0.06372193992137909,0.034033309668302536,0.011344436556100845,0.009413468651473522,0.0050687906332314014,0.0,0.0,0.0,0.0,0.0,0.5539464354515076,0.19430364668369293,0.06299782544374466,0.028964517638087273,0.01930967904627323,0.0354815348982811,0.06251508742570877,0.01713733933866024,0.011827178299427032,0.008689355105161667,0.004827419761568308,0.0,0.0,0.0,0.0,0.0,0.6239439845085144,0.15664976835250854,0.04682597145438194,0.027274921536445618,0.048998311161994934,0.052377503365278244,0.011585807427763939,0.014723630622029305,0.010137581266462803,0.0050687906332314014,0.002413709880784154,0.0,0.0,0.0,0.0,0.0,10.400259017944336,11.721179008483887,9.6674222946167
Overripe_29.jpg,Overripe,Overripe,36.68312072753906,45.074493408203125,36.52080535888672,45.03706741333008,30.662403106689453,44.48688888549805,0.41271841526031494,0.2999459505081177,0.08106647431850433,0.027922896668314934,0.016573591157794,0.045036930590867996,0.017474329099059105,0.009908124804496765,0.009727977216243744,0.02882363460958004,0.049360476434230804,0.0014411817537620664,0.0,0.0,0.0,0.0,0.41361916065216064,0.30499008297920227,0.07926499843597412,0.025220680981874466,0.023239055648446083,0.04197441786527634,0.013150783255696297,0.009007385931909084,0.009007385931909084,0.023419203236699104,0.055665645748376846,0.0012610340490937233,0.0001801477192202583,0.0,0.0,0.0,0.5658439993858337,0.20284633338451385,0.04413619264960289,0.019455954432487488,0.04233471304178238,0.021978022530674934,0.008827238343656063,0.008286795578897,0.011709601618349552,0.044676635414361954,0.029544226825237274,0.0003602954384405166,0.0,0.0,0.0,0.0,13.717413902282715,13.856670379638672,8.751273155212402
Overripe_3.jpg,Overripe,Overripe,19.428590774536133,30.542539596557617,21.470855712890625,30.231660842895508,18.825273513793945,28.113874435424805,0.713232159614563,0.1238122284412384,0.045241810381412506,0.028081122785806656,0.021699050441384315,0.023259112611413002,0.013331442140042782,0.009502198547124863,0.008509431034326553,0.007658488117158413,0.004538363311439753,0.0008509431499987841,0.00028364770696498454,0.0,0.0,0.0,0.6745142340660095,0.14863139390945435,0.05474400892853737,0.030492128804326057,0.025953765958547592,0.021699050441384315,0.012055027298629284,0.008367607370018959,0.009076726622879505,0.007942135445773602,0.005247482564300299,0.0009927669307217002,0.00028364770696498454,0.0,0.0,0.0,0.7122393846511841,0.13288895785808563,0.04694369435310364,0.031059423461556435,0.02552829310297966,0.014466033317148685,0.009502198547124863,0.0092185502871871,0.007374840322881937,0.007658488117158413,0.00269465334713459,0.00042547157499939203,0.0,0.0,0.0,0.0,7.737803936004639,9.903292655944824,8.290811538696289
Overripe_30.jpg,Overripe,Overripe,29.086822509765625,36.0125846862793,29.43168830871582,33.542850494384766,24.772808074951172,30.414440155029297,0.5158660411834717,0.25782284140586853,0.06390480697154999,0.024900836870074272,0.014764213003218174,0.01873071864247322,0.03988541290163994,0.03217276185750961,0.013882767409086227,0.010797708295285702,0.006390480324625969,0.0004407227970659733,0.0004407227970659733,0.0,0.0,0.0,0.4435874819755554,0.3261348605155945,0.06676950305700302,0.02622300572693348,0.0178492721170187,0.03305421024560928,0.04517408460378647,0.017188189551234245,0.0070515647530555725,0.010577347129583359,0.005288673564791679,0.00022036139853298664,0.0008814455941319466,0.0,0.0,0.0,0.5740414261817932,0.2289554923772812,0.04914059117436409,0.027545174583792686,0.03415601700544357,0.04164830222725868,0.015866020694375038,0.009695901535451412,0.005729396361857653,0.010136623866856098,0.0022036139853298664,0.00022036139853298664,0.0006610841955989599,0.0,0.0,0.0,12.606978416442871,14.191176414489746,11.42445182800293
Overripe_31.jpg,Overripe,Overripe,48.68354797363281,51.61925506591797,46.5905647277832,52.20326614379883,39.92885971069336,52.61671447753906,0.30311232805252075,0.25826406478881836,0.1161801666021347,0.08061086386442184,0.04117533192038536,0.03305625542998314,0.011018751189112663,0.010245505720376968,0.009858882986009121,0.04639474302530289,0.089696504175663,0.00038662285078316927,0.0,0.0,0.0,0.0,0.32167020440101624,0.27952831983566284,0.12700560688972473,0.05354726314544678,0.02648366428911686,0.027643533423542976,0.007539145648479462,0.010052193887531757,0.00966557115316391,0.03189638629555702,0.10477479547262192,0.00019331142539158463,0.0,0.0,0.0,0.0,0.4720664918422699,0.23274695873260498,0.06533925980329514,0.024550551548600197,0.033249564468860626,0.011791996657848358,0.006959211081266403,0.010632128454744816,0.010438816621899605,0.057800114154815674,0.0742315873503685,0.00019331142539158463,0.0,0.0,0.0,0.0,14.77658462524414,13.918947219848633,9.01385498046875
Overripe_32.jpg,Overripe,Overripe,41.002105712890625,39.525306701660156,39.808963775634766,39.73265838623047,30.69093132019043,39.75828552246094,0.1969282627105713,0.42709866166114807,0.13864926993846893,0.04355144128203392,0.03787081688642502,0.0660635381937027,0.009678098373115063,0.009257311001420021,0.011150851845741272,0.022512096911668777,0.03681885078549385,0.0004207868769299239,0.0,0.0,0.0,0.0,0.21228697896003723,0.44266778230667114,0.12097622454166412,0.03997475281357765,0.04460340738296509,0.05049442499876022,0.009046917781233788,0.009257311001420021,0.010309278033673763,0.01662108115851879,0.04313065484166145,0.0006311803008429706,0.0,0.0,0.0,0.0,0.5095729231834412,0.2549968361854553,0.04649695008993149,0.03597727790474892,0.057858195155858994,0.011361245065927505,0.008205343969166279,0.009257311001420021,0.013254786841571331,0.027351146563887596,0.02566799893975258,0.0,0.0,0.0,0.0,0.0,18.820068359375,18.196598052978516,10.992517471313477
Overripe_33.jpg,Overripe,Overripe,37.31191635131836,45.05804443359375,36.219512939453125,45.657737731933594,29.601030349731445,45.856056213378906,0.39440807700157166,0.31310728192329407,0.10926035791635513,0.01903628744184971,0.016458457335829735,0.02815784327685833,0.012294269166886806,0.007535197306424379,0.010311322286725044,0.03747769072651863,0.051160022616386414,0.0007931786822155118,0.0,0.0,0.0,0.0,0.42117786407470703,0.31350386142730713,0.08407694101333618,0.01883799396455288,0.019234582781791687,0.025976601988077164,0.00931984931230545,0.008130080997943878,0.010311322286725044,0.030735673382878304,0.058695219457149506,0.0,0.0,0.0,0.0,0.0,0.6200674176216125,0.1752924919128418,0.03390838950872421,0.019234582781791687,0.023795360699295998,0.014673804864287376,0.01011302787810564,0.006147134583443403,0.013682331889867783,0.04858219251036644,0.034503273665905,0.0,0.0,0.0,0.0,0.0,15.095693588256836,14.022234916687012,7.784126281738281
Overripe_34.jpg,Overripe,Overripe,30.583532333374023,35.655330657958984,31.508798599243164,34.17271423339844,26.33782386779785,31.824674606323242,0.4132087826728821,0.383880078792572,0.0649576336145401,0.016076471656560898,0.014555724337697029,0.011079730466008186,0.016510970890522003,0.027373451739549637,0.03323919326066971,0.010427981615066528,0.007169237360358238,0.00021724961698055267,0.00043449923396110535,0.0008689984679222107,0.0,0.0,0.34629589319229126,0.4292852580547333,0.08494459837675095,0.02042146399617195,0.01216597855091095,0.01303497701883316,0.021724961698055267,0.03475993871688843,0.019117966294288635,0.010427981615066528,0.0063002388924360275,0.00021724961698055267,0.00043449923396110535,0.0008689984679222107,0.0,0.0,0.5070605874061584,0.32174667716026306,0.04410167410969734,0.016510970890522003,0.013469476252794266,0.019986964762210846,0.036932434886693954,0.017379969358444214,0.009341733530163765,0.008472735062241554,0.0034759938716888428,0.00021724961698055267,0.00043449923396110535,0.0008689984679222107,0.0,0.0,15.515493392944336,17.078027725219727,13.262535095214844
Overripe_35.jpg,Overripe,Overripe,34.220462799072266,32.337039947509766,35.42866516113281,29.97537612915039,29.332590103149414,28.114370346069336,0.23985733091831207,0.4583147466182709,0.131074458360672,0.04525189474225044,0.01917075365781784,0.01716451160609722,0.025635309517383575,0.03633526712656021,0.012706196866929531,0.007133303675800562,0.006241640541702509,0.0004458314797375351,0.0006687472341582179,0.0,0.0,0.0,0.1540347784757614,0.5044583082199097,0.16651806235313416,0.0546143539249897,0.017387427389621735,0.026304056867957115,0.031654033809900284,0.024074899032711983,0.00824788212776184,0.005349977873265743,0.006241640541702509,0.0004458314797375351,0.0006687472341582179,0.0,0.0,0.0,0.33281320333480835,0.42131075263023376,0.11012037098407745,0.031208204105496407,0.022068658843636513,0.0294248778373003,0.025635309517383575,0.010699955746531487,0.006464556325227022,0.006241640541702509,0.0028979044873267412,0.0004458314797375351,0.0006687472341582179,0.0,0.0,0.0,17.77165412902832,20.123245239257812,15.821636199951172
Overripe_36.jpg,Overripe,Overripe,28.099443435668945,32.020755767822266,29.75571060180664,31.214933395385742,24.12395477294922,29.04305648803711,0.4559888541698456,0.35208913683891296,0.05710306391119957,0.021448468789458275,0.016713092103600502,0.013927577063441277,0.033426184207201004,0.0242339838296175,0.011699164286255836,0.008356546051800251,0.005013927351683378,0.0,0.0,0.0,0.0,0.0,0.3724234104156494,0.3997214436531067,0.08830083906650543,0.02729805000126362,0.016713092103600502,0.01977715827524662,0.0337047353386879,0.016713092103600502,0.010027854703366756,0.008913649246096611,0.006406685337424278,0.0,0.0,0.0,0.0,0.0,0.546518087387085,0.2832868993282318,0.047632310539484024,0.023398328572511673,0.021169915795326233,0.02980501390993595,0.0186629518866539,0.010863509960472584,0.007520891260355711,0.008356546051800251,0.002785515272989869,0.0,0.0,0.0,0.0,0.0,14.562748908996582,16.499818801879883,12.069439888000488
Overripe_37.jpg,Overripe,Overripe,27.668792724609375,30.623878479003906,29.49335479736328,29.513744354248047,24.58798599243164,27.4593563079834,0.42105263471603394,0.409888356924057,0.05289739370346069,0.01329080294817686,0.01302498672157526,0.01302498672157526,0.028176501393318176,0.023391813039779663,0.011695906519889832,0.009569377638399601,0.003987240605056286,0.0,0.0,0.0,0.0,0.0,0.2804359495639801,0.5204678177833557,0.07894736528396606,0.017012227326631546,0.013556619174778461,0.016480594873428345,0.031632110476493835,0.01860712468624115,0.008771929889917374,0.009569377638399601,0.004518873058259487,0.0,0.0,0.0,0.0,0.0,0.49920254945755005,0.3426368832588196,0.04784689098596573,0.017543859779834747,0.02232854813337326,0.023125996813178062,0.019138755276799202,0.009569377638399601,0.010632642544806004,0.005582137033343315,0.0023923444095999002,0.0,0.0,0.0,0.0,0.0,15.780471801757812,17.955163955688477,14.001992225646973
Overripe_38.jpg,Overripe,Overripe,47.654296875,46.589195251464844,46.77088928222656,47.27021789550781,40.20109939575195,47.58467102050781,0.10821163654327393,0.49174049496650696,0.13885563611984253,0.04117788001894951,0.026334689930081367,0.04620540887117386,0.01675843819975853,0.00790040660649538,0.011252094991505146,0.044529568403959274,0.06703375279903412,0.0,0.0,0.0,0.0,0.0,0.13047641515731812,0.4797701835632324,0.13550394773483276,0.04285372421145439,0.029207564890384674,0.04189609736204147,0.009576250799000263,0.008618625812232494,0.010533875785768032,0.030883409082889557,0.08044050633907318,0.00023940627579577267,0.0,0.0,0.0,0.0,0.3885563910007477,0.308594673871994,0.0787646621465683,0.029207564890384674,0.04189609736204147,0.018434282392263412,0.0076610008254647255,0.008618625812232494,0.01244912575930357,0.04213550314307213,0.06368207186460495,0.0,0.0,0.0,0.0,0.0,20.128267288208008,19.37917137145996,13.584640502929688
Overripe_39.jpg,Overripe,Overripe,24.682472229003906,32.11069869995117,26.28476333618164,31.50795555114746,22.33724021911621,28.96807098388672,0.5913692116737366,0.2450719177722931,0.04235482215881348,0.01864677667617798,0.017048481851816177,0.0130527438595891,0.026371870189905167,0.02024507150053978,0.00932338833808899,0.01012253575026989,0.005860415752977133,0.0005327650578692555,0.0,0.0,0.0,0.0,0.5021310448646545,0.31859350204467773,0.05487480014562607,0.021576983854174614,0.018114011734724045,0.017048481851816177,0.0245071928948164,0.017314864322543144,0.006925945635885,0.011454449035227299,0.0061267982237041,0.001065530115738511,0.00026638252893462777,0.0,0.0,0.0,0.6238678693771362,0.2248268574476242,0.03862546756863594,0.025039957836270332,0.017048481851816177,0.024240810424089432,0.016249334439635277,0.00932338833808899,0.008257858455181122,0.007991475984454155,0.003729355288669467,0.0007991475868038833,0.0,0.0,0.0,0.0,12.384465217590332,14.254793167114258,11.536236763000488
Overripe_4.jpg,Overripe,Overripe,21.141639709472656,32.026065826416016,22.964630126953125,31.516254425048828,19.673931121826172,28.720815658569336,0.7074056267738342,0.12569083273410797,0.03884414955973625,0.024790778756141663,0.01894836500287056,0.028264645487070084,0.02352755330502987,0.010579504072666168,0.008526764810085297,0.006631928030401468,0.004579188302159309,0.0014211274683475494,0.0004737091367132962,0.00031580610084347427,0.0,0.0,0.6575083136558533,0.1691141575574875,0.04200221225619316,0.026054002344608307,0.022264329716563225,0.027475129812955856,0.023053845390677452,0.01105321291834116,0.007579346187412739,0.006631928030401468,0.004894994664937258,0.0009474182734265924,0.0009474182734265924,0.0004737091367132962,0.0,0.0,0.7113532423973083,0.13311226665973663,0.036949314177036285,0.029527869075536728,0.027790935710072517,0.02668561413884163,0.008842570707201958,0.0078951520845294,0.007579346187412739,0.006158218719065189,0.00236854562535882,0.0006316122016869485,0.0007895152666606009,0.00031580610084347427,0.0,0.0,8.672852516174316,10.720489501953125,8.899942398071289
Overripe_40.jpg,Overripe,Overripe,37.93275833129883,33.04551696777344,39.13127899169922,30.993188858032227,32.67487716674805,28.472803115844727,0.13842365145683289,0.520443320274353,0.13546797633171082,0.060098521411418915,0.032758619636297226,0.023891625925898552,0.017241379246115685,0.030788177624344826,0.023152709007263184,0.010837438516318798,0.005911330226808786,0.0007389162783510983,0.00024630542611703277,0.0,0.0,0.0,0.04630541801452637,0.5721675157546997,0.17241379618644714,0.06773398816585541,0.032758619636297226,0.02266009896993637,0.02536945790052414,0.029556650668382645,0.013546798378229141,0.010591132566332817,0.006157635245472193,0.0004926108522340655,0.00024630542611703277,0.0,0.0,0.0,0.1591133028268814,0.5724138021469116,0.10960590839385986,0.04408866912126541,0.02463054098188877,0.025123152881860733,0.0317733995616436,0.01206896547228098,0.00911330059170723,0.009359605610370636,0.002216748660430312,0.0004926108522340655,0.0,0.0,0.0,0.0,20.05084800720215,22.488296508789062,18.372074127197266
Overripe_41.jpg,Overripe,Overripe,48.13825988769531,42.2883415222168,48.60715866088867,42.5120849609375,42.62910079956055,42.35887145996094,0.02705581672489643,0.5176821351051331,0.20835109055042267,0.05645504966378212,0.02556455135345459,0.03195568919181824,0.016616957262158394,0.01001278217881918,0.011717085726559162,0.04516403749585152,0.049211759120225906,0.00021303791436366737,0.0,0.0,0.0,0.0,0.0240732841193676,0.5029825568199158,0.22326374053955078,0.06050277128815651,0.02684277854859829,0.03323391452431679,0.013421389274299145,0.008308478631079197,0.012995312921702862,0.03131657466292381,0.06263314932584763,0.00042607582872733474,0.0,0.0,0.0,0.0,0.12015338987112045,0.5330208539962769,0.1291009783744812,0.043672773987054825,0.0353642962872982,0.01725607179105282,0.009160630404949188,0.008308478631079197,0.016616957262158394,0.05368555709719658,0.03365999087691307,0.0,0.0,0.0,0.0,0.0,23.56149673461914,24.084327697753906,18.67173957824707
Overripe_42.jpg,Overripe,Overripe,46.59506607055664,46.054443359375,46.646766662597656,46.694576263427734,40.012454986572266,47.19538116455078,0.13278496265411377,0.47567567229270935,0.1459459513425827,0.0430082269012928,0.035252645611763,0.021856639534235,0.013631022535264492,0.008225616998970509,0.011045828461647034,0.05311398208141327,0.0592244416475296,0.00023501762188971043,0.0,0.0,0.0,0.0,0.12361927330493927,0.48554641008377075,0.14782609045505524,0.04465334862470627,0.030317272990942,0.022326674312353134,0.014571093022823334,0.007520563900470734,0.011750881560146809,0.0338425375521183,0.07779083400964737,0.00023501762188971043,0.0,0.0,0.0,0.0,0.36145710945129395,0.3349001109600067,0.09283196181058884,0.026556991040706635,0.0317273810505867,0.014101057313382626,0.012220916338264942,0.006345476023852825,0.013160986825823784,0.054759107530117035,0.05170387774705887,0.00023501762188971043,0.0,0.0,0.0,0.0,20.326635360717773,20.219463348388672,13.756501197814941
Overripe_43.jpg,Overripe,Overripe,34.24959182739258,31.164630889892578,37.56703186035156,29.71295928955078,32.23896408081055,27.682220458984375,0.20081743597984314,0.48555856943130493,0.13814714550971985,0.06675749272108078,0.019891008734703064,0.01144414208829403,0.018801089376211166,0.02779291570186615,0.013079019263386726,0.008991825394332409,0.007356948219239712,0.0005449591553770006,0.0005449591553770006,0.0002724795776885003,0.0,0.0,0.05967302620410919,0.5604904890060425,0.18882833421230316,0.08065395057201385,0.020980926230549812,0.014986376278102398,0.02152588590979576,0.02288828417658806,0.012806539423763752,0.007629427593201399,0.007901906967163086,0.0008174387039616704,0.0005449591553770006,0.0002724795776885003,0.0,0.0,0.15095368027687073,0.5836512446403503,0.13106267154216766,0.03732969984412193,0.017983650788664818,0.020708447322249413,0.024523161351680756,0.012261580675840378,0.007084468845278025,0.01089918240904808,0.0024523159954696894,0.0005449591553770006,0.0005449591553770006,0.0,0.0,0.0,17.982332229614258,22.21333885192871,19.11837387084961
Overripe_44.jpg,Overripe,Overripe,33.91720199584961,31.61041831970215,36.98904800415039,29.85017204284668,32.12371063232422,27.628124237060547,0.25998711585998535,0.4236468970775604,0.1430412381887436,0.051224227994680405,0.023840205743908882,0.021262886002659798,0.014497422613203526,0.029961340129375458,0.018685566261410713,0.009342783130705357,0.0045103090815246105,0.0,0.0,0.0,0.0,0.0,0.0760309249162674,0.5512242317199707,0.1829896867275238,0.0670103058218956,0.026417525485157967,0.023840205743908882,0.018363401293754578,0.024484535679221153,0.014497422613203526,0.009664948098361492,0.005476803984493017,0.0,0.0,0.0,0.0,0.0,0.1829896867275238,0.531894326210022,0.13240979611873627,0.04639175161719322,0.027384020388126373,0.022229380905628204,0.02029639109969139,0.015786081552505493,0.009342783130705357,0.009664948098361492,0.001610824721865356,0.0,0.0,0.0,0.0,0.0,17.191654205322266,21.107160568237305,18.108707427978516
Overripe_45.jpg,Overripe,Overripe,44.16626739501953,30.7839412689209,44.4174690246582,28.74871826171875,33.62680435180664,27.053592681884766,0.05221366882324219,0.3854667842388153,0.26588064432144165,0.11886429041624069,0.059672761708498,0.0322425402700901,0.03248315677046776,0.023099133744835854,0.012993263080716133,0.008662175387144089,0.006256015505641699,0.0007218479295261204,0.0007218479295261204,0.0007218479295261204,0.0,0.0,0.017324350774288177,0.3828200101852417,0.31159770488739014,0.12512031197547913,0.06376323103904724,0.03296438977122307,0.020933590829372406,0.015399422496557236,0.012271414510905743,0.008662175387144089,0.006977863144129515,0.0007218479295261204,0.0002406159765087068,0.001203079940751195,0.0,0.0,0.13787294924259186,0.5064966082572937,0.19874879717826843,0.06352261453866959,0.025024062022566795,0.017564965412020683,0.017083734273910522,0.012512031011283398,0.00890279095619917,0.00745909521356225,0.003368623787537217,0.0002406159765087068,0.001203079940751195,0.0,0.0,0.0,21.366304397583008,23.82833480834961,17.90044593811035
Overripe_46.jpg,Overripe,Overripe,42.80903244018555,37.44097137451172,43.29080581665039,33.39634323120117,32.77176284790039,29.228229522705078,0.1613166481256485,0.42219802737236023,0.14445048570632935,0.06474428623914719,0.03835691139101982,0.030195865780115128,0.03237214311957359,0.051686614751815796,0.03917301446199417,0.011969531886279583,0.0035364527720957994,0.0,0.0,0.0,0.0,0.0,0.04706202447414398,0.49428728222846985,0.19232861697673798,0.07344940304756165,0.03890097886323929,0.04434167593717575,0.03618063032627106,0.03754080459475517,0.020402612164616585,0.01033732295036316,0.00516866147518158,0.0,0.0,0.0,0.0,0.0,0.19912949204444885,0.5217627882957458,0.11425462365150452,0.03917301446199417,0.028835691511631012,0.028835691511631012,0.031011968851089478,0.01741022802889347,0.01033732295036316,0.007072905544191599,0.002176278503611684,0.0,0.0,0.0,0.0,0.0,18.211824417114258,21.81902313232422,17.680206298828125
Overripe_47.jpg,Overripe,Overripe,39.244911193847656,33.767398834228516,41.30239486694336,31.068004608154297,35.70389175415039,28.50049591064453,0.13952095806598663,0.46676647663116455,0.17574849724769592,0.0625748485326767,0.031736526638269424,0.02005987986922264,0.023952096700668335,0.03562874346971512,0.027544910088181496,0.009580838494002819,0.0062874252907931805,0.0002994012029375881,0.0002994012029375881,0.0,0.0,0.0,0.03233532980084419,0.5005987882614136,0.24670659005641937,0.06646706908941269,0.031736526638269424,0.026946106925606728,0.030239520594477654,0.0359281450510025,0.013772455044090748,0.009580838494002819,0.005089820362627506,0.0002994012029375881,0.0002994012029375881,0.0,0.0,0.0,0.08443113416433334,0.5895209312438965,0.1476047933101654,0.046706587076187134,0.031736526638269424,0.02934131771326065,0.034730538725852966,0.016167664900422096,0.008083832450211048,0.008682634681463242,0.0023952096235007048,0.0002994012029375881,0.0002994012029375881,0.0,0.0,0.0,18.817045211791992,22.655113220214844,19.560794830322266
Overripe_48.jpg,Overripe,Overripe,34.13653564453125,33.545196533203125,34.02839660644531,30.918479919433594,27.54498863220215,27.752607345581055,0.3660227954387665,0.3090638816356659,0.11045071482658386,0.07066204398870468,0.03863298520445824,0.01832590438425541,0.02014198526740074,0.03368004038929939,0.018491001799702644,0.010731385089457035,0.0037972594145685434,0.0,0.0,0.0,0.0,0.0,0.27274227142333984,0.3894667327404022,0.1533762514591217,0.05943536385893822,0.028892191126942635,0.01865610107779503,0.026911012828350067,0.027571404352784157,0.008915304206311703,0.009905894286930561,0.0037972594145685434,0.0003301964607089758,0.0,0.0,0.0,0.0,0.41010400652885437,0.35958394408226013,0.10087502002716064,0.03500082716345787,0.018491001799702644,0.02492983266711235,0.023774145171046257,0.01007099263370037,0.006934125907719135,0.007594518829137087,0.0024764735717326403,0.0001650982303544879,0.0,0.0,0.0,0.0,15.350504875183105,17.36733055114746,14.761066436767578
Overripe_49.jpg,Overripe,Overripe,22.692068099975586,33.54252243041992,24.10281753540039,32.13612747192383,21.022117614746094,29.559741973876953,0.6860203742980957,0.16295143961906433,0.03196820616722107,0.016070503741502762,0.01365128718316555,0.013478485867381096,0.017452912405133247,0.026956971734762192,0.017798513174057007,0.008640055544674397,0.003628823207691312,0.0003456022241152823,0.001036806614138186,0.0,0.0,0.0,0.6248487830162048,0.2165197879076004,0.03663383424282074,0.017798513174057007,0.014860895462334156,0.017452912405133247,0.026265768334269524,0.021945741027593613,0.00933125987648964,0.008121651597321033,0.004838430788367987,0.0003456022241152823,0.0003456022241152823,0.0006912044482305646,0.0,0.0,0.6922412514686584,0.16295143961906433,0.031449802219867706,0.017798513174057007,0.019699325785040855,0.026956971734762192,0.02021772973239422,0.009676861576735973,0.008467254228889942,0.006912044249475002,0.0022464143112301826,0.0003456022241152823,0.0008640055311843753,0.00017280111205764115,0.0,0.0,10.194530487060547,12.14497184753418,10.222496032714844
Overripe_5.jpg,Overripe,Overripe,17.077476501464844,27.18221092224121,19.487220764160156,27.34576988220215,17.540735244750977,26.151750564575195,0.7503194808959961,0.12731629610061646,0.039776358753442764,0.01709265261888504,0.013578275218605995,0.011980830691754818,0.014696485362946987,0.00638977624475956,0.007827475666999817,0.007987220771610737,0.003035143716260791,0.0,0.0,0.0,0.0,0.0,0.7019169330596924,0.16533546149730682,0.044408947229385376,0.021246006712317467,0.012939296662807465,0.011661341413855553,0.016293929889798164,0.006709265056997538,0.00686900969594717,0.0076677314937114716,0.004952076822519302,0.0,0.0,0.0,0.0,0.0,0.7410542964935303,0.13610222935676575,0.040095847100019455,0.018370607867836952,0.015175718814134598,0.015335462987422943,0.010223641991615295,0.006230032071471214,0.007188498508185148,0.007827475666999817,0.002396166091784835,0.0,0.0,0.0,0.0,0.0,8.346117973327637,10.666051864624023,9.166513442993164
Overripe_50.jpg,Overripe,Overripe,22.710615158081055,29.275835037231445,24.147565841674805,29.302902221679688,21.41666603088379,28.254873275756836,0.5943204760551453,0.21855983138084412,0.07268424332141876,0.028904665261507034,0.0250169038772583,0.01166328601539135,0.017241379246115685,0.010649086907505989,0.007606490980833769,0.008451656438410282,0.004225828219205141,0.0,0.0003380662528797984,0.0001690331264398992,0.0001690331264398992,0.0,0.5589925646781921,0.24408383667469025,0.07893846929073334,0.031271129846572876,0.02484787069261074,0.01217038556933403,0.016903312876820564,0.010141988284885883,0.007606490980833769,0.009634888730943203,0.004732927773147821,0.0,0.0003380662528797984,0.0001690331264398992,0.0001690331264398992,0.0,0.6299864649772644,0.1981068253517151,0.06288032233715057,0.030764030292630196,0.021129140630364418,0.014874915592372417,0.013860716484487057,0.008958755992352962,0.007775524165481329,0.007437457796186209,0.0035496957134455442,0.0,0.0003380662528797984,0.0001690331264398992,0.0001690331264398992,0.0,11.236987113952637,12.663352012634277,10.521370887756348
Overripe_51.jpg,Overripe,Overripe,30.024084091186523,37.50289535522461,29.617948532104492,35.71337890625,23.30072593688965,32.1956787109375,0.543220043182373,0.19745957851409912,0.07901682704687119,0.02507423236966133,0.022104915231466293,0.019465522840619087,0.040580667555332184,0.045694489032030106,0.01154734380543232,0.009732761420309544,0.004289013333618641,0.000494886189699173,0.0003299241070635617,0.0008248102967627347,0.00016496205353178084,0.0,0.5211151242256165,0.24298910796642303,0.062025733292102814,0.02490927092730999,0.01847575046122074,0.02820851281285286,0.05014846473932266,0.025899043306708336,0.012537116184830666,0.006598482374101877,0.005278785713016987,0.000494886189699173,0.0003299241070635617,0.0008248102967627347,0.00016496205353178084,0.0,0.645661473274231,0.16958099603652954,0.03497195616364479,0.019135598093271255,0.026888815686106682,0.05014846473932266,0.02325965091586113,0.014681623317301273,0.005938634276390076,0.005443748086690903,0.0026393928565084934,0.0003299241070635617,0.0006598482141271234,0.0006598482141271234,0.0,0.0,11.366365432739258,12.346726417541504,9.213543891906738
Overripe_52.jpg,Overripe,Overripe,16.857065200805664,26.250568389892578,18.54235076904297,26.378738403320312,16.267799377441406,25.19596290588379,0.7851405739784241,0.10587805509567261,0.02719970792531967,0.0200803205370903,0.01898503117263317,0.00784957967698574,0.011135450564324856,0.00620664469897747,0.005658999551087618,0.006936838384717703,0.00438116118311882,0.0005476451478898525,0.0,0.0,0.0,0.0,0.7433369755744934,0.14311791956424713,0.028294997289776802,0.0200803205370903,0.0200803205370903,0.009675064124166965,0.01058780588209629,0.005841548088937998,0.006936838384717703,0.005658999551087618,0.005841548088937998,0.0005476451478898525,0.0,0.0,0.0,0.0,0.7964585423469543,0.09821102768182755,0.028477545827627182,0.02117561176419258,0.01569915935397148,0.009309967048466206,0.007667031604796648,0.0073019349947571754,0.005111354403197765,0.0073019349947571754,0.0027382257394492626,0.0005476451478898525,0.0,0.0,0.0,0.0,8.987435340881348,10.611534118652344,8.823480606079102
Overripe_53.jpg,Overripe,Overripe,29.699378967285156,30.3494815826416,30.251983642578125,29.110931396484375,25.307003021240234,27.337364196777344,0.3720248341560364,0.37892377376556396,0.10607106238603592,0.04260089620947838,0.019834425300359726,0.013107968494296074,0.021559158340096474,0.021731631830334663,0.009486029855906963,0.00879613682627678,0.005001724697649479,0.0008623663452453911,0.0,0.0,0.0,0.0,0.26767849922180176,0.48413246870040894,0.11124525964260101,0.037771645933389664,0.018282165750861168,0.017937220633029938,0.02328389137983322,0.018282165750861168,0.007243877276778221,0.00862366333603859,0.0044843051582574844,0.0006898930878378451,0.00034494654391892254,0.0,0.0,0.0,0.45705416798591614,0.36029666662216187,0.0691617801785469,0.0236288383603096,0.020696792751550674,0.02552604302763939,0.019661951810121536,0.006381510756909847,0.007071403786540031,0.007071403786540031,0.0025870990939438343,0.0008623663452453911,0.0,0.0,0.0,0.0,15.867942810058594,17.4342098236084,14.379426002502441
Overripe_54.jpg,Overripe,Overripe,22.013883590698242,31.006242752075195,23.37178611755371,29.781572341918945,20.474117279052734,27.306529998779297,0.6708947420120239,0.167809396982193,0.041823793202638626,0.018169352784752846,0.014912581071257591,0.022454576566815376,0.03256770595908165,0.013541309162974358,0.007713404018431902,0.00599931413307786,0.0029139528051018715,0.0001714089885354042,0.0010284539312124252,0.0,0.0,0.0,0.6155296564102173,0.20911896228790283,0.04713746905326843,0.027596846222877502,0.020569078624248505,0.023311622440814972,0.03016798011958599,0.00857044942677021,0.007541995029896498,0.00599931413307786,0.0029139528051018715,0.0005142269656062126,0.0006856359541416168,0.0003428179770708084,0.0,0.0,0.6729516386985779,0.1631813496351242,0.046280425041913986,0.0317106619477272,0.028968118131160736,0.02571134641766548,0.00857044942677021,0.008227631449699402,0.006856359075754881,0.00531367864459753,0.0006856359541416168,0.0005142269656062126,0.0008570448844693601,0.0001714089885354042,0.0,0.0,10.014561653137207,11.821718215942383,10.071978569030762
Overripe_55.jpg,Overripe,Overripe,30.247234344482422,37.15712356567383,31.420495986938477,35.57072067260742,27.098058700561523,32.74677658081055,0.5369869470596313,0.18726959824562073,0.07864340394735336,0.03858441859483719,0.02359301969408989,0.029491275548934937,0.044482674449682236,0.03440648689866066,0.00958466436713934,0.007618579547852278,0.007618579547852278,0.0017203243914991617,0.0,0.0,0.0,0.0,0.4979110360145569,0.2027525156736374,0.0931432768702507,0.04521995410323143,0.03293192386627197,0.0371098555624485,0.042270828038454056,0.02383878082036972,0.007372818887233734,0.008110100403428078,0.007618579547852278,0.001474563730880618,0.00024576063151471317,0.0,0.0,0.0,0.5699188709259033,0.16637994349002838,0.07594003528356552,0.048414845019578934,0.0410420261323452,0.042270828038454056,0.023101499304175377,0.01277955248951912,0.006144015584141016,0.00983042549341917,0.00319488812237978,0.0009830425260588527,0.0,0.0,0.0,0.0,10.567805290222168,12.427263259887695,9.955265998840332
Overripe_56.jpg,Overripe,Overripe,31.58576774597168,34.39995193481445,33.28929138183594,33.226253509521484,28.879230499267578,30.897472381591797,0.40982845425605774,0.3328697383403778,0.0887807160615921,0.03268428519368172,0.02364395000040531,0.020630504935979843,0.025034770369529724,0.033147890120744705,0.017153453081846237,0.009735744446516037,0.005099675618112087,0.0006954103009775281,0.0002318034239578992,0.0004636068479157984,0.0,0.0,0.330319881439209,0.3741307258605957,0.12100139260292053,0.04172461852431297,0.023180343210697174,0.022021325305104256,0.03036624938249588,0.02781641110777855,0.01274918857961893,0.00904033426195383,0.006258692592382431,0.0006954103009775281,0.0002318034239578992,0.0004636068479157984,0.0,0.0,0.42790913581848145,0.3305516839027405,0.0890125185251236,0.03477051481604576,0.022021325305104256,0.032452479004859924,0.025266574695706367,0.016458043828606606,0.00834492314606905,0.008576726540923119,0.00324524799361825,0.0006954103009775281,0.0002318034239578992,0.0004636068479157984,0.0,0.0,14.69064998626709,16.92108726501465,14.161803245544434
Overripe_57.jpg,Overripe,Overripe,23.9301700592041,29.600996017456055,25.559965133666992,29.5436954498291,21.57570457458496,28.063020706176758,0.5546442270278931,0.2611394226551056,0.07603635638952255,0.02128131315112114,0.01662602461874485,0.013079140335321426,0.021724672988057137,0.013522500172257423,0.008645533584058285,0.007537131663411856,0.005542008206248283,0.00022168034047354013,0.0,0.0,0.0,0.0,0.5116382241249084,0.27133673429489136,0.10684992372989655,0.022389713674783707,0.015517623163759708,0.015517623163759708,0.02128131315112114,0.012192418798804283,0.009753935039043427,0.007093770895153284,0.005985368974506855,0.00044336068094708025,0.0,0.0,0.0,0.0,0.6027488112449646,0.24340501427650452,0.05453336238861084,0.018399467691779137,0.013744181022047997,0.02327643521130085,0.01529594324529171,0.01064065657556057,0.00731545127928257,0.007537131663411856,0.0028818442951887846,0.00022168034047354013,0.0,0.0,0.0,0.0,11.99914264678955,13.616924285888672,10.68067455291748
Overripe_58.jpg,Overripe,Overripe,28.807722091674805,32.146270751953125,27.099973678588867,32.58937072753906,20.473155975341797,30.738048553466797,0.4422110617160797,0.2975403368473053,0.11108172684907913,0.034117959439754486,0.02036498300731182,0.017455698922276497,0.037556201219558716,0.01375297550112009,0.010579211637377739,0.009785771369934082,0.005554086063057184,0.0,0.0,0.0,0.0,0.0,0.5167945027351379,0.261042058467865,0.07405447959899902,0.0359693206846714,0.0179846603423357,0.01904258131980896,0.03464691713452339,0.01243057381361723,0.011637132614850998,0.008727849461138248,0.0076699284836649895,0.0,0.0,0.0,0.0,0.0,0.708278238773346,0.12192541360855103,0.04258132725954056,0.026976989582180977,0.02248082496225834,0.03200211748480797,0.014017455279827118,0.008727849461138248,0.010843692347407341,0.00952129065990448,0.0026448029093444347,0.0,0.0,0.0,0.0,0.0,13.869894981384277,12.370437622070312,7.446692943572998
Overripe_59.jpg,Overripe,Overripe,29.72382164001465,32.28206253051758,29.499752044677734,32.16008758544922,24.383127212524414,30.865192413330078,0.45831266045570374,0.23598015308380127,0.11191067099571228,0.0600496269762516,0.046898264437913895,0.02704714611172676,0.021836228668689728,0.01364764291793108,0.00918114185333252,0.009677419438958168,0.004962779115885496,0.000248138967435807,0.000248138967435807,0.0,0.0,0.0,0.4615384638309479,0.25707197189331055,0.09478908032178879,0.05707196146249771,0.04168734326958656,0.02754342369735241,0.02084367163479328,0.013895781710743904,0.008684863336384296,0.009925558231770992,0.006451612804085016,0.000248138967435807,0.000248138967435807,0.0,0.0,0.0,0.588833749294281,0.1811414361000061,0.07121588289737701,0.049875929951667786,0.03895781561732292,0.020099256187677383,0.01786600425839424,0.009677419438958168,0.009429280646145344,0.009925558231770992,0.002481389557942748,0.000248138967435807,0.000248138967435807,0.0,0.0,0.0,12.51786994934082,12.959518432617188,9.571480751037598
Overripe_6.jpg,Overripe,Overripe,27.328157424926758,39.71883010864258,28.03268051147461,36.9240837097168,24.50330924987793,33.16743850708008,0.6771100759506226,0.09588116407394409,0.035921674221754074,0.014719784259796143,0.01444969605654478,0.03808237612247467,0.052937205880880356,0.0415935181081295,0.014584739692509174,0.010263335891067982,0.003781228791922331,0.0006752194603905082,0.0,0.0,0.0,0.0,0.6534773707389832,0.11195138096809387,0.03605671972036362,0.02079675905406475,0.020256582647562027,0.060904793441295624,0.05239702761173248,0.020931802690029144,0.009318028576672077,0.00945307221263647,0.003781228791922331,0.00054017553338781,0.0001350438833469525,0.0,0.0,0.0,0.6862930655479431,0.08966914564371109,0.034031059592962265,0.022012153640389442,0.057528696954250336,0.061715058982372284,0.021066846325993538,0.010263335891067982,0.007967589423060417,0.007562457583844662,0.0013504389207810163,0.00054017553338781,0.0,0.0,0.0,0.0,7.616525650024414,9.646716117858887,8.19774055480957
Overripe_60.jpg,Overripe,Overripe,31.659439086914062,37.15121841430664,31.42860221862793,35.206790924072266,25.374725341796875,32.737308502197266,0.48970651626586914,0.2328077107667923,0.08431887626647949,0.03832676261663437,0.023872097954154015,0.01949189603328705,0.03810775279998779,0.033727552741765976,0.02518615871667862,0.010293473489582539,0.00394218135625124,0.00021901007858105004,0.0,0.0,0.0,0.0,0.4647393822669983,0.2533946633338928,0.08804205060005188,0.03920280188322067,0.02781428024172783,0.024310117587447166,0.04599211737513542,0.029566360637545586,0.013578624464571476,0.009636443108320236,0.003285151207819581,0.0004380201571621001,0.0,0.0,0.0,0.0,0.591984212398529,0.17805519700050354,0.0661410391330719,0.03153745085000992,0.027376258745789528,0.04029785469174385,0.03153745085000992,0.011607534252107143,0.012702584266662598,0.006570302415639162,0.00197109067812562,0.00021901007858105004,0.0,0.0,0.0,0.0,12.441903114318848,13.220952033996582,9.212299346923828
Overripe_61.jpg,Overripe,Overripe,26.867887496948242,35.81944274902344,27.583654403686523,34.0794677734375,23.508678436279297,31.562313079833984,0.5814850330352783,0.19816778600215912,0.05737704783678055,0.03254580497741699,0.02386692352592945,0.01976856403052807,0.019045323133468628,0.03109932504594326,0.020732883363962173,0.01084860134869814,0.004580520559102297,0.00048216007417067885,0.0,0.0,0.0,0.0,0.5455641150474548,0.22733847796916962,0.0636451318860054,0.032063644379377365,0.022902604192495346,0.024831244722008705,0.03254580497741699,0.02651880495250225,0.010366441681981087,0.008919961750507355,0.005062680691480637,0.00024108003708533943,0.0,0.0,0.0,0.0,0.6280134916305542,0.1697203516960144,0.05496624857187271,0.028206365182995796,0.02772420458495617,0.03399228677153587,0.027242043986916542,0.01084860134869814,0.00964320171624422,0.007955641485750675,0.0016875602304935455,0.0,0.0,0.0,0.0,0.0,10.539527893066406,12.0274019241333,9.285038948059082
Overripe_62.jpg,Overripe,Overripe,26.804384231567383,31.530200958251953,28.84258270263672,30.2073974609375,25.97088050842285,27.719024658203125,0.5022267699241638,0.32374101877212524,0.0507022961974144,0.02312435768544674,0.01113395020365715,0.009592326357960701,0.021411443129181862,0.03631380572915077,0.010277491994202137,0.007365535944700241,0.0039397054351866245,0.00017129154002759606,0.0,0.0,0.0,0.0,0.3648509681224823,0.4222336411476135,0.08341898024082184,0.026207605376839638,0.014217197895050049,0.014559781178832054,0.02911956235766411,0.02380952425301075,0.010106200352311134,0.006509078666567802,0.0047961631789803505,0.00017129154002759606,0.0,0.0,0.0,0.0,0.44655704498291016,0.371702641248703,0.06046591326594353,0.023638231679797173,0.01712915301322937,0.035457346588373184,0.019184652715921402,0.00890715979039669,0.007708119228482246,0.007365535944700241,0.00171291537117213,0.00017129154002759606,0.0,0.0,0.0,0.0,14.112104415893555,16.4499454498291,14.748745918273926
Overripe_63.jpg,Overripe,Overripe,25.894609451293945,33.674644470214844,26.731447219848633,32.79442596435547,22.81169891357422,31.136648178100586,0.5721537470817566,0.17476432025432587,0.08532752841711044,0.05414551496505737,0.026831036433577538,0.02344694174826145,0.021996615454554558,0.014986705034971237,0.009910563006997108,0.007009910419583321,0.006768189370632172,0.001692047342658043,0.000966884195804596,0.0,0.0,0.0,0.5404883027076721,0.20763838291168213,0.08315204083919525,0.05559584125876427,0.028039641678333282,0.025138989090919495,0.022721778601408005,0.010394005104899406,0.008943678811192513,0.007735073566436768,0.00725163146853447,0.001692047342658043,0.001208605244755745,0.0,0.0,0.0,0.6308919787406921,0.14817500114440918,0.08291032165288925,0.03795020654797554,0.03142373636364937,0.02344694174826145,0.014019820839166641,0.008943678811192513,0.007976794615387917,0.007976794615387917,0.003384094685316086,0.001692047342658043,0.001208605244755745,0.0,0.0,0.0,9.743149757385254,11.190491676330566,8.662264823913574
Overripe_64.jpg,Overripe,Overripe,144.76560974121094,17.023164749145508,143.869384765625,16.869104385375977,139.79409790039062,16.041109085083008,0.0,0.0,0.0,0.0,0.0,0.003422440029680729,0.03533438220620155,0.12894274294376373,0.26843029260635376,0.31467950344085693,0.24919064342975616,0.0,0.0,0.0,0.0,0.0,0.0,0.0,0.0,0.0,0.0,0.004902414046227932,0.03607437014579773,0.13689760863780975,0.27398020029067993,0.3251318037509918,0.22301359474658966,0.0,0.0,0.0,0.0,0.0,0.0,0.0,0.0,0.0,0.0,0.007214873563498259,0.043196745216846466,0.18453426659107208,0.30820462107658386,0.3556562662124634,0.10119322687387466,0.0,0.0,0.0,0.0,0.0,146.14111328125,145.27236938476562,141.03280639648438
Overripe_65.jpg,Overripe,Overripe,119.46015930175781,41.00046157836914,113.41100311279297,46.3173828125,103.25336456298828,52.578330993652344,0.0006827336619608104,0.0068956101313233376,0.04826927185058594,0.09380760788917542,0.09128148853778839,0.052638765424489975,0.06554242968559265,0.08520516008138657,0.16617737710475922,0.22222980856895447,0.164811909198761,0.0020482009276747704,0.00020482009858824313,6.827336619608104e-05,0.00013654673239216208,0.0,0.0021847477182745934,0.014815320260822773,0.11824946850538254,0.11551853269338608,0.06636171042919159,0.03195193409919739,0.030518194660544395,0.07093602418899536,0.1725267916917801,0.22762340307235718,0.14726565778255463,0.001775107579305768,6.827336619608104e-05,6.827336619608104e-05,0.00013654673239216208,0.0,0.008261077105998993,0.12890011072158813,0.1827678084373474,0.02444186434149742,0.006417696364223957,0.006076329853385687,0.03297603502869606,0.09769918769598007,0.1975831240415573,0.2544548511505127,0.05967092141509056,0.0005461869295686483,6.827336619608104e-05,0.00013654673239216208,0.0,0.0,147.0768280029297,146.17247009277344,141.44139099121094
Overripe_66.jpg,Overripe,Overripe,149.9911346435547,14.849692344665527,149.2659149169922,14.7960786819458,144.56475830078125,13.460344314575195,0.0,0.0,0.0,0.0,0.0,0.0,0.01847359538078308,0.07426758855581284,0.20479567348957062,0.37917521595954895,0.3232879340648651,0.0,0.0,0.0,0.0,0.0,0.0,0.0,0.0,0.0,0.0,0.0,0.019686508923768997,0.07688001543283463,0.21281956136226654,0.38738569617271423,0.3032281994819641,0.0,0.0,0.0,0.0,0.0,0.0,0.0,0.0,0.0,0.0,0.0,0.02211233414709568,0.10039186477661133,0.27402499318122864,0.4941220283508301,0.10934875905513763,0.0,0.0,0.0,0.0,0.0,147.8639678955078,147.0245819091797,142.5648193359375
Overripe_67.jpg,Overripe,Overripe,123.21466064453125,41.48771286010742,116.49072265625,45.80771255493164,105.6220703125,53.209678649902344,0.0010278604459017515,0.017581822350621223,0.06096835434436798,0.058209359645843506,0.05885853245854378,0.05079794302582741,0.061401136219501495,0.10181228071451187,0.1612117886543274,0.2076278030872345,0.21860969066619873,0.001893427106551826,0.0,0.0,0.0,0.0,0.0032458750065416098,0.046794697642326355,0.090127132833004,0.06686502695083618,0.0406816340982914,0.05112253129482269,0.053827427327632904,0.09326481074094772,0.1553151160478592,0.21779821813106537,0.18074114620685577,0.00021639166516251862,0.0,0.0,0.0,0.0,0.029158776625990868,0.15450365841388702,0.087259940803051,0.03370300307869911,0.008926155976951122,0.018393291160464287,0.043332431465387344,0.10673519223928452,0.1785772293806076,0.26443061232566833,0.07497971504926682,0.0,0.0,0.0,0.0,0.0,146.87449645996094,145.57049560546875,141.32142639160156
Overripe_68.jpg,Overripe,Overripe,117.92438507080078,36.22756576538086,111.65275573730469,40.34576416015625,102.05917358398438,51.3959846496582,0.0004684937885031104,0.004731787368655205,0.03162332996726036,0.08746778964996338,0.07528695464134216,0.0570625439286232,0.10681658238172531,0.14420239627361298,0.1919887512922287,0.20665261149406433,0.09126259386539459,0.0024361677933484316,0.0,0.0,0.0,0.0,0.0008432888425886631,0.008479737676680088,0.06779105216264725,0.12237057834863663,0.07542750239372253,0.05425158143043518,0.07631763815879822,0.14780978858470917,0.16027171909809113,0.1961115002632141,0.09023190289735794,9.369875624543056e-05,0.0,0.0,0.0,0.0,0.004684938117861748,0.06315296143293381,0.2292340099811554,0.07692667841911316,0.018364956602454185,0.006886858958750963,0.014195362105965614,0.1291637420654297,0.13309907913208008,0.2224877029657364,0.1013820543885231,0.00042164442129433155,0.0,0.0,0.0,0.0,143.1474609375,144.31808471679688,146.8153839111328
Overripe_69.jpg,Overripe,Overripe,99.02333068847656,48.92594909667969,79.66497802734375,39.85742950439453,45.341514587402344,23.293577194213867,0.003752916119992733,0.022517496719956398,0.10700882226228714,0.16015823185443878,0.13946647942066193,0.12810629606246948,0.09037427604198456,0.07029110193252563,0.06390100717544556,0.05893092602491379,0.051627952605485916,0.05193224549293518,0.03874632343649864,0.013084491714835167,0.00010143016697838902,0.0,0.008418703451752663,0.03752915933728218,0.20286032557487488,0.1932244598865509,0.16107110679149628,0.09179429709911346,0.07444974035024643,0.06562531739473343,0.06237955018877983,0.059945229440927505,0.03519626706838608,0.006592960562556982,0.0007100111688487232,0.00020286033395677805,0.0,0.0,0.035601988434791565,0.2322750836610794,0.3738715946674347,0.19434019923210144,0.09818439930677414,0.032863374799489975,0.009331575594842434,0.006998681463301182,0.008317273110151291,0.006288670469075441,0.0007100111688487232,0.0009128715028055012,0.0003042905009351671,0.0,0.0,0.0,54.33931350708008,46.37194061279297,36.0946159362793
Overripe_7.jpg,Overripe,Overripe,27.785015106201172,35.96864700317383,29.934131622314453,35.61463165283203,27.219074249267578,33.61070251464844,0.5815685987472534,0.1821235567331314,0.054038263857364655,0.0379728339612484,0.031108515337109566,0.030816415324807167,0.03446764871478081,0.015043084509670734,0.011976048350334167,0.011683949269354343,0.006864320021122694,0.0013144442345947027,0.0008762961952015758,0.0,0.0,0.0001460493658669293,0.5197896957397461,0.222871333360672,0.06528406590223312,0.04030962288379669,0.038703080266714096,0.03344530612230301,0.03315320611000061,0.011976048350334167,0.01139185018837452,0.012268146499991417,0.007886665873229504,0.001460493658669293,0.0011683949269354343,0.0001460493658669293,0.0,0.0001460493658669293,0.5662333965301514,0.19556009769439697,0.06002628803253174,0.046297647058963776,0.03928728029131889,0.03446764871478081,0.016795676201581955,0.01109975203871727,0.012560245580971241,0.010077405720949173,0.004965678323060274,0.0017525923904031515,0.0005841974634677172,0.0001460493658669293,0.0,0.0001460493658669293,10.40019702911377,12.660158157348633,11.241617202758789
Overripe_70.jpg,Overripe,Overripe,91.97159576416016,38.68601989746094,71.97418975830078,31.652624130249023,44.3470458984375,21.476234436035156,0.0007889990811236203,0.01149684377014637,0.0958070307970047,0.16490080952644348,0.1736925095319748,0.1481063961982727,0.10922002047300339,0.09445445984601974,0.08442290127277374,0.05568079277873039,0.032010819762945175,0.021190261468291283,0.006650135386735201,0.0015779981622472405,0.0,0.0,0.002592425560578704,0.043169520795345306,0.1921776384115219,0.25078898668289185,0.16986022889614105,0.11429215222597122,0.09682145714759827,0.06210549920797348,0.03651938587427139,0.023557258769869804,0.007439134176820517,0.0006762849516235292,0.0,0.0,0.0,0.0,0.021302975714206696,0.2558611333370209,0.37883228063583374,0.20976105332374573,0.07833633571863174,0.024458972737193108,0.012173129245638847,0.006762849632650614,0.0075518484227359295,0.004395852331072092,0.0005635707639157772,0.0,0.0,0.0,0.0,0.0,73.92840576171875,56.73210144042969,40.58506393432617
Overripe_71.jpg,Overripe,Overripe,119.19586181640625,38.933013916015625,111.20665740966797,43.83827209472656,97.22208404541016,51.97096252441406,0.0003559985780157149,0.0055179777555167675,0.028064554557204247,0.08923697471618652,0.08905898034572601,0.07968434691429138,0.08775364607572556,0.11065622419118881,0.16399668157100677,0.1777026206254959,0.1603773534297943,0.004331315867602825,0.0017799928318709135,0.001305328099988401,0.00017799928900785744,0.0,0.0007119971560314298,0.01008662674576044,0.08484632521867752,0.1387801170349121,0.07944701611995697,0.05262845754623413,0.06562240421772003,0.0931529626250267,0.15723270177841187,0.17040465772151947,0.1447727531194687,0.0017799928318709135,0.0003559985780157149,5.933309512329288e-05,0.00011866619024658576,0.0,0.005992642603814602,0.13557612895965576,0.19152723252773285,0.05440844967961311,0.014061943627893925,0.017028598114848137,0.048178475350141525,0.10318025201559067,0.16524267196655273,0.20404651761054993,0.05968909338116646,0.0007713302620686591,0.00017799928900785744,5.933309512329288e-05,5.933309512329288e-05,0.0,146.1239471435547,145.63441467285156,140.83934020996094
Overripe_72.jpg,Overripe,Overripe,149.69281005859375,15.4666748046875,149.00540161132812,15.239225387573242,144.62709045410156,13.944663047790527,0.0,0.0,0.0,0.0,0.0,0.0,0.021633315831422806,0.08342347294092178,0.18929150700569153,0.36573824286460876,0.3399134576320648,0.0,0.0,0.0,0.0,0.0,0.0,0.0,0.0,0.0,0.0,0.0,0.021633315831422806,0.0855868011713028,0.20186586678028107,0.37763655185699463,0.3132774531841278,0.0,0.0,0.0,0.0,0.0,0.0,0.0,0.0,0.0,0.0,0.0,0.020416440442204475,0.11046511679887772,0.29637640714645386,0.4371281862258911,0.1356138437986374,0.0,0.0,0.0,0.0,0.0,147.3951416015625,146.68629455566406,142.20716857910156
Overripe_73.jpg,Overripe,Overripe,148.2413330078125,17.888206481933594,147.48170471191406,17.698387145996094,143.19183349609375,16.24391746520996,0.0,0.0,0.0,0.0,0.0,0.0030787447467446327,0.04866785183548927,0.09780935198068619,0.17631734907627106,0.3336885869503021,0.3402012884616852,0.00023682652681600302,0.0,0.0,0.0,0.0,0.0,0.0,0.0,0.0,0.0,0.0030787447467446327,0.04937833175063133,0.10088809579610825,0.18436944484710693,0.3468324542045593,0.3154529333114624,0.0,0.0,0.0,0.0,0.0,0.0,0.0,0.0,0.0,0.0,0.00331557122990489,0.05411485955119133,0.11983422189950943,0.24558910727500916,0.4357607960700989,0.14138543605804443,0.0,0.0,0.0,0.0,0.0,147.9052276611328,147.0746307373047,142.5143585205078
Overripe_74.jpg,Overripe,Overripe,145.19512939453125,18.770828247070312,144.59820556640625,18.432693481445312,140.56019592285156,16.926013946533203,0.0,0.0,0.0,0.0,0.0,0.011646374128758907,0.05664372816681862,0.10937003791332245,0.21514028310775757,0.3301217555999756,0.27686607837677,0.00021175225265324116,0.0,0.0,0.0,0.0,0.0,0.0,0.0,0.0,0.0,0.01058761216700077,0.05685547739267349,0.11392270773649216,0.22053997218608856,0.3482265770435333,0.24965590238571167,0.00021175225265324116,0.0,0.0,0.0,0.0,0.0,0.0,0.0,0.0,0.0,0.01005823165178299,0.06109052523970604,0.15214398503303528,0.2671254575252533,0.39174166321754456,0.11784012615680695,0.0,0.0,0.0,0.0,0.0,146.9908905029297,146.33120727539062,141.86459350585938
Overripe_75.jpg,Overripe,Overripe,144.73849487304688,20.1387939453125,144.08334350585938,20.079795837402344,139.19879150390625,18.545202255249023,0.0,0.0,0.0,0.0,0.0017505137948319316,0.02526828460395336,0.05769084393978119,0.10693355649709702,0.20039576292037964,0.31379860639572144,0.29416242241859436,0.0,0.0,0.0,0.0,0.0,0.0,0.0,0.0,0.0,0.0017505137948319316,0.025344394147396088,0.058984700590372086,0.11637111008167267,0.20549508929252625,0.3203440010547638,0.27171018719673157,0.0,0.0,0.0,0.0,0.0,0.0,0.0,0.0,0.0,0.0017505137948319316,0.028464876115322113,0.06834614276885986,0.15252302587032318,0.2392876148223877,0.4254509508609772,0.08417687565088272,0.0,0.0,0.0,0.0,0.0,148.02879333496094,147.23179626464844,142.1225128173828
Overripe_76.jpg,Overripe,Overripe,125.3914794921875,37.7900390625,120.31122589111328,42.13825607299805,110.50210571289062,48.61505126953125,0.0006513026310130954,0.004008016083389521,0.020691383630037308,0.0704408809542656,0.082314632833004,0.06928857415914536,0.061022043228149414,0.10335671156644821,0.145691379904747,0.2384769469499588,0.20300601422786713,0.00090180360712111,0.00015030060603749007,0.0,0.0,0.0,0.0012525049969553947,0.006863727234303951,0.07169338315725327,0.10511022061109543,0.054959919303655624,0.031963929533958435,0.04904809594154358,0.10040079802274704,0.156863734126091,0.27179357409477234,0.14929859340190887,0.0006513026310130954,0.00010020039917435497,0.0,0.0,0.0,0.0074148294515907764,0.10460922122001648,0.1300601214170456,0.01327655278146267,0.004959919955581427,0.02219438925385475,0.056012023240327835,0.12074148654937744,0.1923847645521164,0.306563138961792,0.041683368384838104,0.00010020039917435497,0.0,0.0,0.0,0.0,148.50387573242188,146.61476135253906,141.2609405517578
Overripe_77.jpg,Overripe,Overripe,136.824951171875,33.07893753051758,130.96530151367188,35.94770812988281,118.51339721679688,44.08369827270508,4.3434825784061104e-05,0.0012596099404618144,0.008252616971731186,0.03457412123680115,0.046171221882104874,0.04439039155840874,0.05564001202583313,0.09994353353977203,0.1766928732395172,0.28445467352867126,0.21443773806095123,0.009990010410547256,0.014246623031795025,0.009077878668904305,0.0008252616971731186,0.0,0.00021717413619626313,0.003952569328248501,0.03227207437157631,0.06163401901721954,0.03830951824784279,0.030143769457936287,0.05094905197620392,0.10333145409822464,0.18099291622638702,0.2900143265724182,0.20223255455493927,0.005863701459020376,8.686965156812221e-05,0.0,0.0,0.0,0.007253616116940975,0.05390261858701706,0.08317769318819046,0.04421665146946907,0.03201146796345711,0.017243625596165657,0.044694434851408005,0.11814272403717041,0.19793249666690826,0.30395692586898804,0.09742431342601776,4.3434825784061104e-05,0.0,0.0,0.0,0.0,147.69906616210938,146.76495361328125,142.2141876220703
Overripe_78.jpg,Overripe,Overripe,142.69764709472656,20.450654983520508,142.0694580078125,20.105411529541016,137.71226501464844,18.807619094848633,0.0,0.0,0.0,0.0,0.0008923055720515549,0.030750222504138947,0.05964719504117966,0.13233578205108643,0.21641841530799866,0.30860045552253723,0.2513556182384491,0.0,0.0,0.0,0.0,0.0,0.0,0.0,0.0,0.0,0.0013727778568863869,0.027043722569942474,0.06335369497537613,0.14098428189754486,0.22341959178447723,0.31258150935173035,0.23124442994594574,0.0,0.0,0.0,0.0,0.0,0.0,0.0,0.0,0.0,0.0,0.03569222241640091,0.06891344487667084,0.1755782812833786,0.24703136086463928,0.39446771144866943,0.07831697165966034,0.0,0.0,0.0,0.0,0.0,147.46754455566406,146.59912109375,141.97640991210938
Overripe_79.jpg,Overripe,Overripe,125.46908569335938,39.779624938964844,120.66835021972656,44.06217956542969,112.02692413330078,49.54543685913086,0.0008602368179708719,0.007691529113799334,0.050247952342033386,0.0664406418800354,0.054397329688072205,0.049438316375017166,0.06168403849005699,0.1033802255988121,0.16359680891036987,0.22386397421360016,0.21571703255176544,0.0013156563509255648,0.0006072259857319295,0.0007084303069859743,5.060216426500119e-05,0.0,0.0014168606139719486,0.018267381936311722,0.08951523154973984,0.083189956843853,0.03941908851265907,0.03243598714470863,0.048021454364061356,0.09776338189840317,0.1638498157262802,0.23069527745246887,0.19370509684085846,0.0008096346282400191,0.0006578281754627824,0.0002530108322389424,0.0,0.0,0.00936140026897192,0.10955368727445602,0.11289343237876892,0.023125190287828445,0.008096346631646156,0.017407145351171494,0.04711061716079712,0.12038255482912064,0.17619673907756805,0.28828054666519165,0.08668150752782822,0.00040481731412000954,0.00030361299286596477,0.00020240865706000477,0.0,0.0,147.57777404785156,146.58290100097656,142.16111755371094
Overripe_8.jpg,Overripe,Overripe,26.783239364624023,32.68293380737305,29.108983993530273,32.054840087890625,25.397663116455078,29.006959915161133,0.5795729160308838,0.16921837627887726,0.07171636074781418,0.03726833313703537,0.039887186139822006,0.046132151037454605,0.0253827553242445,0.010273972526192665,0.009468170814216137,0.007252215873450041,0.0030217566527426243,0.00020145044254604727,0.000604351342190057,0.0,0.0,0.0,0.517123281955719,0.20265914499759674,0.08380338549613953,0.04955681040883064,0.04492344707250595,0.04915390908718109,0.023569701239466667,0.008662369102239609,0.00785656739026308,0.008259467780590057,0.0036261079367250204,0.00020145044254604727,0.000604351342190057,0.0,0.0,0.0,0.5608380436897278,0.18009670078754425,0.0836019366979599,0.06023368239402771,0.05600322410464287,0.026591459289193153,0.009468170814216137,0.006647864822298288,0.00785656739026308,0.007050765678286552,0.0008058017701841891,0.00020145044254604727,0.000604351342190057,0.0,0.0,0.0,10.17340087890625,12.561166763305664,10.68799114227295
Overripe_80.jpg,Overripe,Overripe,143.78196716308594,19.630615234375,142.24380493164062,18.935726165771484,137.67550659179688,17.902009963989258,0.0,0.0,0.0,0.0,0.0,0.022391660138964653,0.05848856270313263,0.1164945438504219,0.2267155647277832,0.3188881278038025,0.2570215165615082,0.0,0.0,0.0,0.0,0.0,0.0,0.0,0.0,0.0,0.0,0.022970756515860558,0.06099797412753105,0.1216098815202713,0.23897306621074677,0.3636714518070221,0.19177685678005219,0.0,0.0,0.0,0.0,0.0,0.0,0.0,0.0,0.0,0.0,0.029340798035264015,0.07393109053373337,0.14680050313472748,0.28790658712387085,0.4176237881183624,0.0443972572684288,0.0,0.0,0.0,0.0,0.0,147.1159210205078,145.65673828125,140.88270568847656
Overripe_81.jpg,Overripe,Overripe,75.63200378417969,31.822528839111328,61.338871002197266,27.060400009155273,41.43669509887695,22.359302520751953,0.0005139626446180046,0.020215865224599838,0.22905601561069489,0.1632688045501709,0.1543601155281067,0.17114956676959991,0.1314031183719635,0.0681857094168663,0.028610587120056152,0.018331333994865417,0.01199246197938919,0.0017132088541984558,0.0005139626446180046,0.0006852835649624467,0.0,0.0,0.0008566044270992279,0.06304608285427094,0.31231796741485596,0.21723487973213196,0.19496317207813263,0.11529895663261414,0.04505739361047745,0.019873222336173058,0.0159328430891037,0.009765290655195713,0.003769059432670474,0.0008566044270992279,0.0010279252892360091,0.0,0.0,0.0,0.02484152838587761,0.32225456833839417,0.40688711404800415,0.15453143417835236,0.04008908569812775,0.015247558243572712,0.009422648698091507,0.009422648698091507,0.008052081800997257,0.006852835416793823,0.0011992461513727903,0.00034264178248122334,0.0008566044270992279,0.0,0.0,0.0,45.3597297668457,37.427127838134766,26.299074172973633
Overripe_82.jpg,Overripe,Overripe,154.65924072265625,9.008831024169922,155.4753875732422,9.225812911987305,151.4885711669922,8.796688079833984,0.0,0.0,0.0,0.0,0.0,0.0,0.0,0.005749544128775597,0.09676062315702438,0.5598092675209045,0.33768054842948914,0.0,0.0,0.0,0.0,0.0,0.0,0.0,0.0,0.0,0.0,0.0,0.0,0.005469078663736582,0.09030991792678833,0.5269948244094849,0.37722620368003845,0.0,0.0,0.0,0.0,0.0,0.0,0.0,0.0,0.0,0.0,0.0,0.0,0.011499088257551193,0.16224932670593262,0.6276819705963135,0.1985696256160736,0.0,0.0,0.0,0.0,0.0,149.79595947265625,150.5281219482422,146.7835693359375
Overripe_83.jpg,Overripe,Overripe,147.97406005859375,17.552997589111328,147.7692413330078,17.73470115661621,140.50607299804688,16.663591384887695,0.0,0.0,0.0,0.0,0.0005380393704399467,0.014096631668508053,0.02851608768105507,0.07769288867712021,0.22328634560108185,0.3362746238708496,0.3195953965187073,0.0,0.0,0.0,0.0,0.0,0.0,0.0,0.0,0.0,0.0002690196852199733,0.014634671621024609,0.031529106199741364,0.07930700480937958,0.22113418579101562,0.33460670709609985,0.31851932406425476,0.0,0.0,0.0,0.0,0.0,0.0,0.0,0.0,0.0,0.0027978047728538513,0.019907457754015923,0.040299151092767715,0.13720004260540009,0.27440008521080017,0.46917033195495605,0.056225117295980453,0.0,0.0,0.0,0.0,0.0,148.24246215820312,148.07435607910156,140.89784240722656
Overripe_84.jpg,Overripe,Overripe,133.3649139404297,34.59236145019531,126.95111846923828,37.85078048706055,113.61581420898438,46.86412048339844,9.537889127386734e-05,0.002336782868951559,0.016071343794465065,0.04392198100686073,0.04673565924167633,0.047880202531814575,0.06147169694304466,0.09943249821662903,0.19514521956443787,0.26238733530044556,0.1966712772846222,0.011159330606460571,0.011207019910216331,0.00524583924561739,0.00023844723182264715,0.0,0.0002861366665456444,0.007296485360711813,0.04606800526380539,0.06552530080080032,0.04010682553052902,0.04268205538392067,0.054795172065496445,0.09857408702373505,0.1929038166999817,0.26996996998786926,0.18031379580497742,0.0014783728402107954,0.0,0.0,0.0,0.0,0.00891792681068182,0.07797224819660187,0.09909866750240326,0.04921550676226616,0.022366350516676903,0.01754971593618393,0.04201440140604973,0.11092565208673477,0.2173684984445572,0.27359434962272644,0.08088129758834839,9.537889127386734e-05,0.0,0.0,0.0,0.0,146.86236572265625,145.9499969482422,141.37901306152344
Overripe_85.jpg,Overripe,Overripe,80.94615936279297,27.81441879272461,64.53890991210938,22.917598724365234,43.818275451660156,19.073657989501953,0.0007821666076779366,0.008864554576575756,0.09242601692676544,0.22135314345359802,0.17833398282527924,0.17781254649162292,0.17416243255138397,0.0949028804898262,0.034154608845710754,0.010819971561431885,0.006257332861423492,0.0001303611061302945,0.0,0.0,0.0,0.0,0.0024768610019236803,0.02802763693034649,0.21874593198299408,0.27584409713745117,0.24442707002162933,0.15108852088451385,0.049015775322914124,0.011993221007287502,0.008212748914957047,0.007169860415160656,0.0029983052518218756,0.0,0.0,0.0,0.0,0.0,0.017598748207092285,0.18667709827423096,0.480380654335022,0.24390561878681183,0.032850995659828186,0.009125277400016785,0.008734193630516529,0.008473471738398075,0.007430582772940397,0.004692999646067619,0.0001303611061302945,0.0,0.0,0.0,0.0,0.0,107.11924743652344,81.45808410644531,48.64285659790039
Overripe_86.jpg,Overripe,Overripe,149.49732971191406,14.446945190429688,148.84091186523438,14.076218605041504,144.43646240234375,12.92271614074707,0.0,0.0,0.0,0.0,0.0,0.0,0.015538033097982407,0.07258812338113785,0.20802411437034607,0.4019016623497009,0.30194804072380066,0.0,0.0,0.0,0.0,0.0,0.0,0.0,0.0,0.0,0.0,0.0,0.01240723580121994,0.07595083117485046,0.23144713044166565,0.3941326439380646,0.2860621511936188,0.0,0.0,0.0,0.0,0.0,0.0,0.0,0.0,0.0,0.0,0.0,0.015190167352557182,0.09172078222036362,0.32676252722740173,0.4435296952724457,0.12279684841632843,0.0,0.0,0.0,0.0,0.0,146.98544311523438,146.14805603027344,141.92803955078125
Overripe_87.jpg,Overripe,Overripe,148.07177734375,15.635049819946289,149.3739471435547,15.521002769470215,143.26004028320312,13.994033813476562,0.0,0.0,0.0,0.0,0.0,0.006966947577893734,0.02932598814368248,0.07939079403877258,0.1804925501346588,0.4424821734428406,0.26134154200553894,0.0,0.0,0.0,0.0,0.0,0.0,0.0,0.0,0.0,0.0,0.0014581982977688313,0.02770576812326908,0.08101101964712143,0.16882696747779846,0.4138042628765106,0.307193785905838,0.0,0.0,0.0,0.0,0.0,0.0,0.0,0.0,0.0,0.0,0.0022683085408061743,0.03499675914645195,0.09721322357654572,0.29455605149269104,0.4975696802139282,0.0733959823846817,0.0,0.0,0.0,0.0,0.0,147.41104125976562,148.48574829101562,142.47906494140625
Overripe_88.jpg,Overripe,Overripe,144.9085235595703,17.398839950561523,146.16355895996094,17.201967239379883,139.7637176513672,15.985152244567871,0.0,0.0,0.0,0.0,0.0,0.014728682115674019,0.04728682339191437,0.09255813807249069,0.22883720695972443,0.38976743817329407,0.22682170569896698,0.0,0.0,0.0,0.0,0.0,0.0,0.0,0.0,0.0,0.0,0.0072868214920163155,0.047596897929906845,0.09255813807249069,0.21147286891937256,0.3815504014492035,0.25953489542007446,0.0,0.0,0.0,0.0,0.0,0.0,0.0,0.0,0.0,0.0,0.015968991443514824,0.05844961106777191,0.1119379848241806,0.35751938819885254,0.3967441916465759,0.05937984585762024,0.0,0.0,0.0,0.0,0.0,146.29910278320312,147.35926818847656,140.885009765625
Overripe_89.jpg,Overripe,Overripe,72.34576416015625,29.778675079345703,58.74732971191406,24.503753662109375,36.75322723388672,19.81964874267578,0.012912482023239136,0.0669536143541336,0.13773314654827118,0.18093416094779968,0.21138212084770203,0.19560019671916962,0.09915510565042496,0.05149051547050476,0.024230830371379852,0.01115893479436636,0.007492427714169025,0.0004782400792464614,0.0,0.00031882672919891775,0.00015941336459945887,0.0,0.012753068469464779,0.10250279307365417,0.23210585117340088,0.2647855877876282,0.23178702592849731,0.09485094994306564,0.02981029823422432,0.012274828739464283,0.008289494551718235,0.007492427714169025,0.002710027154535055,0.00015941336459945887,0.00031882672919891775,0.00015941336459945887,0.0,0.0,0.050055794417858124,0.37541845440864563,0.4267495572566986,0.09373505413532257,0.018810776993632317,0.009245974943041801,0.007970668375492096,0.006695360876619816,0.005738880950957537,0.004463573917746544,0.0006376534583978355,0.00031882672919891775,0.00015941336459945887,0.0,0.0,0.0,48.66386413574219,39.393089294433594,24.83566665649414
Overripe_9.jpg,Overripe,Overripe,21.71095085144043,31.651992797851562,23.212860107421875,30.5115909576416,20.52363395690918,27.792171478271484,0.7024368643760681,0.1365237832069397,0.030827950686216354,0.017909571528434753,0.022166764363646507,0.025836758315563202,0.029653552919626236,0.015120375901460648,0.008661186322569847,0.006165590137243271,0.0046975924633443356,0.0,0.0,0.0,0.0,0.0,0.6528185606002808,0.17557251453399658,0.04007633402943611,0.0193775687366724,0.02568995952606201,0.03170875087380409,0.022900763899087906,0.012918379157781601,0.007633587811142206,0.006605989299714565,0.0046975924633443356,0.0,0.0,0.0,0.0,0.0,0.6974456906318665,0.1438637673854828,0.03508514538407326,0.03126835078001022,0.03214914724230766,0.024221960455179214,0.012184380553662777,0.008220787160098553,0.007927187718451023,0.005431591533124447,0.002201996510848403,0.0,0.0,0.0,0.0,0.0,9.263214111328125,11.233061790466309,9.833983421325684
Overripe_90.jpg,Overripe,Overripe,111.8127670288086,56.276519775390625,89.08731079101562,45.47512435913086,41.982295989990234,22.253833770751953,0.002011802513152361,0.018776824697852135,0.061292920261621475,0.1378755420446396,0.16671137511730194,0.10930793732404709,0.09240879863500595,0.06276824325323105,0.045869097113609314,0.05753755196928978,0.06008583679795265,0.04613734036684036,0.061829399317502975,0.057403434067964554,0.01917918398976326,0.0008047210285440087,0.004157725255936384,0.04613734036684036,0.11292918771505356,0.21244634687900543,0.17556330561637878,0.08932403475046158,0.057403434067964554,0.06665772199630737,0.05995171517133713,0.06276824325323105,0.06169527769088745,0.045869097113609314,0.004962446168065071,0.00013412017142400146,0.0,0.0,0.07859442383050919,0.23444205522537231,0.372854083776474,0.18709763884544373,0.07993562519550323,0.021459227427840233,0.008047210052609444,0.00643776822835207,0.007108368910849094,0.003218884114176035,0.0008047210285440087,0.0,0.0,0.0,0.0,0.0,70.20559692382812,58.27692413330078,40.69929885864258
Overripe_91.jpg,Overripe,Overripe,97.3873519897461,48.57551574707031,77.15178680419922,38.651031494140625,36.23709487915039,22.696317672729492,0.0035227446351200342,0.04717414453625679,0.08776228874921799,0.16204625368118286,0.13861234486103058,0.12207075953483582,0.0909787118434906,0.0684637799859047,0.07596875727176666,0.0672384724020958,0.05529177561402321,0.03920967876911163,0.025425026193261147,0.012559350579977036,0.0036759073846042156,0.0,0.004594884347170591,0.0745902881026268,0.1762903928756714,0.19283197820186615,0.15132485330104828,0.109817735850811,0.08408638089895248,0.07428396493196487,0.056823402643203735,0.04273242503404617,0.02389339916408062,0.00811762921512127,0.0006126512307673693,0.0,0.0,0.0,0.10813294351100922,0.36161738634109497,0.33833664655685425,0.10951141268014908,0.041047632694244385,0.013631490059196949,0.0070454892702400684,0.006739163771271706,0.007964465767145157,0.004901209846138954,0.0007658140384592116,0.00015316280769184232,0.00015316280769184232,0.0,0.0,0.0,50.537208557128906,40.45465087890625,23.41162872314453
Overripe_92.jpg,Overripe,Overripe,94.12220001220703,43.91101837158203,74.98187255859375,34.3336181640625,36.31951141357422,20.261146545410156,0.011533708311617374,0.027735823765397072,0.14829054474830627,0.10352876782417297,0.0995468869805336,0.15227241814136505,0.11918165534734726,0.1009199470281601,0.08293285965919495,0.06618151813745499,0.043526019901037216,0.029795413836836815,0.013867911882698536,0.0006865302566438913,0.0,0.0,0.01400521770119667,0.05437319725751877,0.18371550738811493,0.152958944439888,0.19744610786437988,0.13236303627490997,0.10215570777654648,0.07538102567195892,0.04599753022193909,0.032953452318906784,0.007826444692909718,0.0004119181539863348,0.00027461210265755653,0.00013730605132877827,0.0,0.0,0.07867637276649475,0.3769051134586334,0.3524646461009979,0.12481120228767395,0.03377728909254074,0.01139640249311924,0.007551833055913448,0.005904160439968109,0.004668405745178461,0.0031580391805619,0.00013730605132877827,0.00027461210265755653,0.00027461210265755653,0.0,0.0,0.0,45.15964889526367,38.24779510498047,24.818805694580078
Overripe_93.jpg,Overripe,Overripe,98.89029693603516,51.23237991333008,78.60404968261719,43.01441955566406,40.15778350830078,24.603839874267578,0.0008931229822337627,0.03230128064751625,0.13039594888687134,0.1327776163816452,0.13694551587104797,0.12578147649765015,0.0924382284283638,0.07517118006944656,0.06906817853450775,0.05075915530323982,0.045698124915361404,0.03736231103539467,0.03587377071380615,0.023965466767549515,0.00997320655733347,0.0005954153020866215,0.002083953469991684,0.08157189935445786,0.21003274619579315,0.17758260667324066,0.13039594888687134,0.09481988847255707,0.07919023185968399,0.06266745924949646,0.04986603185534477,0.04807978495955467,0.036022625863552094,0.022179219871759415,0.0053587378934025764,0.00014885382552165538,0.0,0.0,0.08454897254705429,0.37272998690605164,0.25320035219192505,0.13902947306632996,0.07680857181549072,0.04272104799747467,0.012057160027325153,0.006400714628398418,0.007293837610632181,0.005061029922217131,0.00014885382552165538,0.0,0.0,0.0,0.0,0.0,49.088844299316406,38.161155700683594,24.544422149658203
Overripe_94.jpg,Overripe,Overripe,92.91544342041016,39.274356842041016,73.0457992553711,31.953590393066406,36.267616271972656,21.87910270690918,0.0014679976738989353,0.015413975343108177,0.07442747801542282,0.1682325303554535,0.16764533519744873,0.15281856060028076,0.13578978180885315,0.09424544870853424,0.0760422796010971,0.04624192416667938,0.0330299474298954,0.01379917748272419,0.012037580832839012,0.007927187718451023,0.0008807986159808934,0.0,0.003816793905571103,0.03185554966330528,0.18012331426143646,0.2429536134004593,0.20170287787914276,0.13270698487758636,0.08573105931282043,0.04624192416667938,0.03214914724230766,0.022166764363646507,0.015413975343108177,0.0046975924633443356,0.00014679976447951049,0.00029359952895902097,0.0,0.0,0.08029947429895401,0.4155901372432709,0.3235466778278351,0.10070464015007019,0.03860833868384361,0.01379917748272419,0.007046388927847147,0.007927187718451023,0.006605989299714565,0.004403993021696806,0.0011743981158360839,0.0,0.00029359952895902097,0.0,0.0,0.0,75.76229858398438,54.92315673828125,20.967212677001953
Overripe_95.jpg,Overripe,Overripe,147.6835479736328,15.830300331115723,148.88259887695312,16.339370727539062,141.9832763671875,14.296533584594727,0.0,0.0,0.0,0.0,0.0,0.002459419658407569,0.035907525569200516,0.08575176447629929,0.18707984685897827,0.43039843440055847,0.2584030032157898,0.0,0.0,0.0,0.0,0.0,0.0,0.0,0.0,0.0,0.0,0.002459419658407569,0.0352516807615757,0.08427610993385315,0.17150352895259857,0.39465487003326416,0.31185439229011536,0.0,0.0,0.0,0.0,0.0,0.0,0.0,0.0,0.0,0.0,0.004918839316815138,0.04066240414977074,0.1136251837015152,0.3018527626991272,0.4931955933570862,0.045745205134153366,0.0,0.0,0.0,0.0,0.0,147.49224853515625,148.6525115966797,141.84686279296875
Overripe_96.jpg,Overripe,Overripe,145.3130340576172,17.08232879638672,146.0733642578125,17.504043579101562,139.2560272216797,15.692026138305664,0.0,0.0,0.0,0.0,0.0,0.012343966402113438,0.0460471585392952,0.08529819548130035,0.23439666628837585,0.39015257358551025,0.23176144063472748,0.0,0.0,0.0,0.0,0.0,0.0,0.0,0.0,0.0,0.0,0.009570041671395302,0.04909847304224968,0.08793342858552933,0.22122052311897278,0.37059637904167175,0.2615811228752136,0.0,0.0,0.0,0.0,0.0,0.0,0.0,0.0,0.0,0.0,0.013730929233133793,0.062274619936943054,0.10915395617485046,0.36088764667510986,0.4149791896343231,0.038973648101091385,0.0,0.0,0.0,0.0,0.0,146.5580291748047,147.1822509765625,140.35472106933594
Overripe_97.jpg,Overripe,Overripe,87.4640884399414,31.643840789794922,67.62886047363281,26.234132766723633,38.738380432128906,21.033367156982422,0.005362365860491991,0.012512187473475933,0.03802404925227165,0.19532011449337006,0.20035749673843384,0.18150795996189117,0.16298343241214752,0.09457263350486755,0.049723755568265915,0.0300617478787899,0.02014949545264244,0.008449789136648178,0.000974975642748177,0.0,0.0,0.0,0.0061748456209897995,0.021936951205134392,0.19564510881900787,0.2882677912712097,0.2209944725036621,0.14007149636745453,0.05703607574105263,0.031361717730760574,0.021286968141794205,0.013649658299982548,0.0029249268118292093,0.0004874878213740885,0.0001624959404580295,0.0,0.0,0.0,0.04029899090528488,0.34757882356643677,0.4237894117832184,0.111309714615345,0.03379915654659271,0.014624634757637978,0.00796230137348175,0.006662333384156227,0.006337341386824846,0.006337341386824846,0.0008124797022901475,0.000324991880916059,0.0001624959404580295,0.0,0.0,0.0,108.61092376708984,80.94880676269531,41.69852066040039
Overripe_98.jpg,Overripe,Overripe,147.581298828125,15.34689998626709,148.6930694580078,15.650144577026367,142.7080841064453,13.794035911560059,0.0,0.0,0.0,0.0,0.0,0.0,0.03804994001984596,0.07966706156730652,0.1736028492450714,0.4708680212497711,0.2378121316432953,0.0,0.0,0.0,0.0,0.0,0.0,0.0,0.0,0.0,0.0,0.0,0.03344232961535454,0.08159928768873215,0.16706302762031555,0.44039833545684814,0.2774970233440399,0.0,0.0,0.0,0.0,0.0,0.0,0.0,0.0,0.0,0.0,0.003121284069493413,0.03388822823762894,0.10894767940044403,0.30425089597702026,0.48082640767097473,0.06896551698446274,0.0,0.0,0.0,0.0,0.0,147.64732360839844,148.6302947998047,142.49278259277344
Overripe_99.jpg,Overripe,Overripe,115.02075958251953,67.47882080078125,94.18988800048828,57.094181060791016,44.87757873535156,24.477312088012695,0.0025282767601311207,0.057618096470832825,0.09381237626075745,0.12774451076984406,0.14238190650939941,0.09634064882993698,0.05615435913205147,0.039387889206409454,0.04457751289010048,0.046573519706726074,0.042581502348184586,0.04005322605371475,0.042049236595630646,0.07478376477956772,0.08755821734666824,0.005854956805706024,0.004524284973740578,0.08330006897449493,0.16673320531845093,0.17418496310710907,0.10884896665811539,0.05602129176259041,0.05908183753490448,0.05163007229566574,0.04817032441496849,0.0455089807510376,0.04830339178442955,0.07704591006040573,0.07145708799362183,0.005189620889723301,0.0,0.0,0.05149700492620468,0.29953426122665405,0.27544909715652466,0.1516966074705124,0.13918828964233398,0.054025281220674515,0.010379241779446602,0.00731869600713253,0.006786426994949579,0.003992015961557627,0.00013306719483807683,0.0,0.0,0.0,0.0,0.0,49.752174377441406,39.69565200805664,23.952173233032227
