filename,original_class,label,CIELAB_L_mean,CIELAB_L_std,CIELAB_a_mean,CIELAB_a_std,CIELAB_b_mean,CIELAB_b_std,CIELAB_L_hist_0,CIELAB_L_hist_1,CIELAB_L_hist_2,CIELAB_L_hist_3,CIELAB_L_hist_4,CIELAB_L_hist_5,CIELAB_L_hist_6,CIELAB_L_hist_7,CIELAB_L_hist_8,CIELAB_L_hist_9,CIELAB_L_hist_10,CIELAB_L_hist_11,CIELAB_L_hist_12,CIELAB_L_hist_13,CIELAB_L_hist_14,CIELAB_L_hist_15,CIELAB_a_hist_0,CIELAB_a_hist_1,CIELAB_a_hist_2,CIELAB_a_hist_3,CIELAB_a_hist_4,CIELAB_a_hist_5,CIELAB_a_hist_6,CIELAB_a_hist_7,CIELAB_a_hist_8,CIELAB_a_hist_9,CIELAB_a_hist_10,CIELAB_a_hist_11,CIELAB_a_hist_12,CIELAB_a_hist_13,CIELAB_a_hist_14,CIELAB_a_hist_15,CIELAB_b_hist_0,CIELAB_b_hist_1,CIELAB_b_hist_2,CIELAB_b_hist_3,CIELAB_b_hist_4,CIELAB_b_hist_5,CIELAB_b_hist_6,CIELAB_b_hist_7,CIELAB_b_hist_8,CIELAB_b_hist_9,CIELAB_b_hist_10,CIELAB_b_hist_11,CIELAB_b_hist_12,CIELAB_b_hist_13,CIELAB_b_hist_14,CIELAB_b_hist_15,CIELAB_L_dominant,CIELAB_a_dominant,CIELAB_b_dominant
Green_1.jpg,Green,Green,34.659942626953125,8.44321346282959,-15.544088363647461,7.650851249694824,22.866193771362305,9.423084259033203,0.0,0.0005598581628873944,0.021181300282478333,0.074554443359375,0.23346085846424103,0.3737986385822296,0.17598208785057068,0.06708966940641403,0.03069888986647129,0.01269011851400137,0.009797518141567707,0.00018661939247976989,0.0,0.0,0.0,0.0,0.0,0.0,0.0,0.0,0.0,0.0,0.4491928815841675,0.5419427156448364,0.008864421397447586,0.0,0.0,0.0,0.0,0.0,0.0,0.0,0.0,0.0,0.0,0.0,0.0,0.0,0.0,0.004198936279863119,0.21871791779994965,0.539609968662262,0.23747317492961884,0.0,0.0,0.0,0.0,0.0,31.0408878326416,-14.451886177062988,21.788681030273438
Green_10.jpg,Green,Green,42.889923095703125,9.749591827392578,-19.81963348388672,6.639724254608154,30.98225975036621,9.887840270996094,0.0,0.0003548196400515735,0.007687758654356003,0.0276759322732687,0.07557658106088638,0.21088112890720367,0.16286221146583557,0.3226493299007416,0.11224127560853958,0.048255469650030136,0.02921348251402378,0.0021289177238941193,0.0002365464169997722,0.0002365464169997722,0.0,0.0,0.0,0.0,0.0,0.0,0.0,0.0,0.7454760670661926,0.2423418164253235,0.012182140722870827,0.0,0.0,0.0,0.0,0.0,0.0,0.0,0.0,0.0,0.0,0.0,0.0,0.0,0.0,0.0,0.1066824346780777,0.30112358927726746,0.5921939611434937,0.0,0.0,0.0,0.0,0.0,45.355098724365234,-24.73826789855957,38.926292419433594
Green_100.jpg,Green,Green,47.14052963256836,8.123238563537598,-17.344467163085938,6.22790002822876,31.050100326538086,11.460058212280273,0.0,0.0003670398145914078,0.003028078470379114,0.005505597218871117,0.033767662942409515,0.09368691593408585,0.15323913097381592,0.2827124297618866,0.3378601670265198,0.07854652404785156,0.011286474764347076,0.0,0.0,0.0,0.0,0.0,0.0,0.0,0.0,0.0,0.0,0.0,0.6457148194313049,0.3381354510784149,0.016149751842021942,0.0,0.0,0.0,0.0,0.0,0.0,0.0,0.0,0.0,0.0,0.0,0.0,0.0,0.0,9.175995364785194e-05,0.13121673464775085,0.32125160098075867,0.5212883353233337,0.026151588186621666,0.0,0.0,0.0,0.0,53.968719482421875,-20.824892044067383,42.14240264892578
Green_101.jpg,Green,Green,37.85972213745117,8.552962303161621,-18.857393264770508,7.519840240478516,27.1364688873291,8.675975799560547,0.0,0.0004384522617328912,0.007892141118645668,0.027403267100453377,0.15696591138839722,0.35240599513053894,0.27447110414505005,0.07979831099510193,0.05699879303574562,0.030582046136260033,0.013043954968452454,0.0,0.0,0.0,0.0,0.0,0.0,0.0,0.0,0.0,0.0,0.0,0.6504439115524292,0.3360736668109894,0.013482406735420227,0.0,0.0,0.0,0.0,0.0,0.0,0.0,0.0,0.0,0.0,0.0,0.0,0.0,0.0,0.0,0.11980707943439484,0.4874493181705475,0.39274361729621887,0.0,0.0,0.0,0.0,0.0,31.435096740722656,-16.444210052490234,23.267017364501953
Green_102.jpg,Green,Green,41.26685333251953,8.158166885375977,-19.844158172607422,6.8965044021606445,27.165428161621094,9.554011344909668,0.0,0.0,9.39937963266857e-05,0.014475044794380665,0.08647429198026657,0.21853557229042053,0.29739636182785034,0.26374658942222595,0.08703825622797012,0.011937212198972702,0.017482846975326538,0.002349844900891185,0.0003759751853067428,9.39937963266857e-05,0.0,0.0,0.0,0.0,0.0,0.0,0.0,9.39937963266857e-05,0.7061753869056702,0.2932606339454651,0.00046996897435747087,0.0,0.0,0.0,0.0,0.0,0.0,0.0,0.0,0.0,0.0,0.0,0.0,0.0,0.0,9.39937963266857e-05,0.15123601257801056,0.4007895588874817,0.44788044691085815,0.0,0.0,0.0,0.0,0.0,44.217899322509766,-26.189851760864258,36.099246978759766
Green_103.jpg,Green,Green,42.90219497680664,8.56256103515625,-19.881839752197266,6.9690470695495605,29.484163284301758,9.391047477722168,0.0,0.0,0.0,0.006156290415674448,0.07824446260929108,0.1899513453245163,0.28160062432289124,0.24039320647716522,0.14159467816352844,0.045774996280670166,0.01330553088337183,0.0006950650131329894,0.001092245103791356,0.0011915400391444564,0.0,0.0,0.0,0.0,0.0,0.0,0.0,0.0,0.708867073059082,0.2899414300918579,0.0011915400391444564,0.0,0.0,0.0,0.0,0.0,0.0,0.0,0.0,0.0,0.0,0.0,0.0,0.0,0.0,0.0,0.10386257618665695,0.3886406421661377,0.5074967741966248,0.0,0.0,0.0,0.0,0.0,43.63841247558594,-25.767406463623047,37.51538848876953
Green_104.jpg,Green,Green,40.89079284667969,9.77616024017334,-18.39743995666504,7.441997528076172,25.958492279052734,8.5437650680542,0.0,0.001729505369439721,0.008878127671778202,0.03043929487466812,0.1119566485285759,0.253084272146225,0.1714516282081604,0.21987777948379517,0.16038279235363007,0.025135478004813194,0.016833852976560593,0.0002306007081642747,0.0,0.0,0.0,0.0,0.0,0.0,0.0,0.0,0.0,0.0,0.648679792881012,0.33437103033065796,0.016949152573943138,0.0,0.0,0.0,0.0,0.0,0.0,0.0,0.0,0.0,0.0,0.0,0.0,0.0,0.0,0.0,0.16003689169883728,0.47768938541412354,0.3622737228870392,0.0,0.0,0.0,0.0,0.0,31.770217895507812,-15.579261779785156,22.329532623291016
Green_105.jpg,Green,Green,38.244598388671875,10.727871894836426,-14.15145206451416,6.275111675262451,33.136863708496094,13.77249526977539,0.0005557871190831065,0.010421008802950382,0.03918299451470375,0.0900375172495842,0.09545644372701645,0.17604558169841766,0.2674725651741028,0.199110746383667,0.09767958521842957,0.013338890857994556,0.010143115185201168,0.00027789355954155326,0.00027789355954155326,0.0,0.0,0.0,0.0,0.0,0.0,0.0,0.0,0.0,0.44518548250198364,0.5027094483375549,0.05210504308342934,0.0,0.0,0.0,0.0,0.0,0.0,0.0,0.0,0.0,0.0,0.0,0.0,0.0,0.0,0.00027789355954155326,0.13283312320709229,0.29970821738243103,0.3875225782394409,0.1796581894159317,0.0,0.0,0.0,0.0,43.263336181640625,-17.710742950439453,44.0279426574707
Green_106.jpg,Green,Green,46.003334045410156,12.301956176757812,-14.256319046020508,5.536050319671631,37.936988830566406,15.522730827331543,0.00011866619024658576,0.001305328099988401,0.008187967352569103,0.0411771684885025,0.07701435685157776,0.10976622998714447,0.20054586231708527,0.19128990173339844,0.12163284420967102,0.14156876504421234,0.10478224605321884,0.0016613267362117767,0.0003559985780157149,0.0005933309439569712,0.0,0.0,0.0,0.0,0.0,0.0,0.0,0.0,0.3532692492008209,0.610656201839447,0.036074522882699966,0.0,0.0,0.0,0.0,0.0,0.0,0.0,0.0,0.0,0.0,0.0,0.0,0.0,0.0,0.0,0.10857956856489182,0.23484039306640625,0.2916814982891083,0.36489853262901306,0.0,0.0,0.0,0.0,43.72586441040039,-17.027122497558594,42.043575286865234
Green_107.jpg,Green,Green,45.607112884521484,12.021586418151855,-14.683951377868652,5.325190544128418,38.30177688598633,15.012951850891113,0.0,0.0009241194929927588,0.008522436022758484,0.03480850160121918,0.07649656385183334,0.12578293681144714,0.21614128351211548,0.18698018789291382,0.12034089863300323,0.12804189324378967,0.09959954768419266,0.002361638704314828,0.0,0.0,0.0,0.0,0.0,0.0,0.0,0.0,0.0,0.0,0.39870622754096985,0.573570191860199,0.027723586186766624,0.0,0.0,0.0,0.0,0.0,0.0,0.0,0.0,0.0,0.0,0.0,0.0,0.0,0.0,0.0,0.10124243050813675,0.22497175633907318,0.31799978017807007,0.3556833267211914,0.00010267994366586208,0.0,0.0,0.0,43.58457565307617,-17.5656681060791,42.88865280151367
Green_108.jpg,Green,Green,43.43826675415039,11.96762466430664,-15.336045265197754,6.757045269012451,36.79581069946289,15.033817291259766,0.00011145786993438378,0.006576014216989279,0.018056174740195274,0.04157378524541855,0.09696834534406662,0.15871600806713104,0.17331698536872864,0.1699732542037964,0.16518056392669678,0.15180562436580658,0.01504681259393692,0.0008916629594750702,0.001003120793029666,0.0007802050677128136,0.0,0.0,0.0,0.0,0.0,0.0,0.0,0.0,0.5653142929077148,0.37761926651000977,0.057066429406404495,0.0,0.0,0.0,0.0,0.0,0.0,0.0,0.0,0.0,0.0,0.0,0.0,0.0,0.0,0.00011145786993438378,0.11012037098407745,0.2469906359910965,0.34317877888679504,0.299598753452301,0.0,0.0,0.0,0.0,56.18194580078125,-18.401756286621094,53.9648551940918
Green_109.jpg,Green,Green,42.3847541809082,11.82939338684082,-15.603901863098145,6.658779621124268,36.818660736083984,14.992826461791992,0.0006396417738869786,0.00799552258104086,0.021987687796354294,0.05644838884472847,0.10801950842142105,0.1131366416811943,0.21092188358306885,0.19876869022846222,0.1576717048883438,0.10825937241315842,0.015031582675874233,0.0006396417738869786,0.00015991044347174466,0.0003198208869434893,0.0,0.0,0.0,0.0,0.0,0.0,0.0,0.0,0.5538498163223267,0.3948988616466522,0.05125129967927933,0.0,0.0,0.0,0.0,0.0,0.0,0.0,0.0,0.0,0.0,0.0,0.0,0.0,0.0,0.0,0.0981050580739975,0.2840809226036072,0.32669705152511597,0.29111698269844055,0.0,0.0,0.0,0.0,43.633060455322266,-19.359554290771484,43.29737091064453
Green_11.jpg,Green,Green,40.73649978637695,10.603370666503906,-19.141996383666992,6.900720119476318,28.753543853759766,10.09837818145752,7.919537165435031e-05,0.0011087352177128196,0.013067237101495266,0.05044745281338692,0.14999604225158691,0.16528074443340302,0.18650510907173157,0.26292863488197327,0.10073651373386383,0.04949710890650749,0.01837332732975483,0.0015839075203984976,0.0003959768800996244,0.0,0.0,0.0,0.0,0.0,0.0,0.0,0.0,0.0,0.6999287009239197,0.28945910930633545,0.010612180456519127,0.0,0.0,0.0,0.0,0.0,0.0,0.0,0.0,0.0,0.0,0.0,0.0,0.0,0.0,0.0,0.12853409349918365,0.4338322579860687,0.4376336336135864,0.0,0.0,0.0,0.0,0.0,44.38897705078125,-25.193696975708008,38.62364959716797
Green_110.jpg,Green,Green,46.82723617553711,13.169687271118164,-14.709305763244629,5.3816680908203125,38.711387634277344,16.00473403930664,0.0001734454999677837,0.0013008412206545472,0.008672274649143219,0.04552944377064705,0.07735668867826462,0.10528141260147095,0.17275170981884003,0.19599340856075287,0.10970427840948105,0.13858294486999512,0.11655537039041519,0.026363715529441833,0.0016477322205901146,8.672274998389184e-05,0.0,0.0,0.0,0.0,0.0,0.0,0.0,0.0,0.4136675000190735,0.5591015815734863,0.027230942621827126,0.0,0.0,0.0,0.0,0.0,0.0,0.0,0.0,0.0,0.0,0.0,0.0,0.0,0.0,0.0,0.10927066206932068,0.2240048497915268,0.2819356620311737,0.38409504294395447,0.0006937819998711348,0.0,0.0,0.0,43.89237594604492,-17.78346824645996,42.07844543457031
Green_111.jpg,Green,Green,45.406375885009766,11.48154067993164,-15.247639656066895,5.551255702972412,38.26586151123047,15.128344535827637,0.0,0.002085620304569602,0.019648738205432892,0.03710208460688591,0.07025247067213058,0.11207464337348938,0.14171239733695984,0.22327113151550293,0.23336991667747498,0.11492864787578583,0.04401756450533867,0.0007683864096179605,0.0007683864096179605,0.0,0.0,0.0,0.0,0.0,0.0,0.0,0.0,0.0,0.4892425835132599,0.4874862730503082,0.02327113039791584,0.0,0.0,0.0,0.0,0.0,0.0,0.0,0.0,0.0,0.0,0.0,0.0,0.0,0.0,0.00010976948397001252,0.11075741052627563,0.21218441426753998,0.3071350157260895,0.36981338262557983,0.0,0.0,0.0,0.0,55.01961898803711,-16.985214233398438,51.95960998535156
Green_112.jpg,Green,Green,45.05722427368164,11.758922576904297,-15.407702445983887,5.025859355926514,37.903133392333984,13.455387115478516,0.0,0.0005221932078711689,0.013577023521065712,0.048041775822639465,0.05796344578266144,0.12741515040397644,0.1823759824037552,0.2454308122396469,0.14895561337471008,0.09464751929044724,0.07428198307752609,0.006396866869181395,0.0001305483019677922,0.0002610966039355844,0.0,0.0,0.0,0.0,0.0,0.0,0.0,0.0,0.4400783181190491,0.5439947843551636,0.015926893800497055,0.0,0.0,0.0,0.0,0.0,0.0,0.0,0.0,0.0,0.0,0.0,0.0,0.0,0.0,0.0,0.071540467441082,0.23903393745422363,0.40770235657691956,0.2810705006122589,0.0006527415243908763,0.0,0.0,0.0,44.352657318115234,-17.2552547454834,43.04738235473633
Green_113.jpg,Green,Green,47.4013786315918,12.306166648864746,-13.215630531311035,4.372799873352051,39.86986541748047,14.606271743774414,0.0007104795658960938,0.0014209591317921877,0.008170515298843384,0.02640615776181221,0.08265245705842972,0.14612196385860443,0.1004144474864006,0.11497927457094193,0.2509177029132843,0.16802841424942017,0.09780935198068619,0.0007104795658960938,0.001657785614952445,0.0,0.0,0.0,0.0,0.0,0.0,0.0,0.0,0.0,0.17608052492141724,0.8152753114700317,0.008644168265163898,0.0,0.0,0.0,0.0,0.0,0.0,0.0,0.0,0.0,0.0,0.0,0.0,0.0,0.0,0.0,0.08288928121328354,0.20627591013908386,0.30148017406463623,0.40935465693473816,0.0,0.0,0.0,0.0,55.857662200927734,-13.322162628173828,52.09800720214844
Green_114.jpg,Green,Green,47.4483528137207,12.044049263000488,-15.428253173828125,5.842711448669434,38.17523193359375,15.492231369018555,0.0,0.0015908367931842804,0.015033407136797905,0.03666878864169121,0.0599745474755764,0.0855870172381401,0.12289214134216309,0.22001272439956665,0.2492045760154724,0.1022908017039299,0.09338212013244629,0.010897232219576836,0.002068087924271822,0.00031816735281609,7.95418382040225e-05,0.0,0.0,0.0,0.0,0.0,0.0,0.0,0.5115335583686829,0.4646834135055542,0.023783009499311447,0.0,0.0,0.0,0.0,0.0,0.0,0.0,0.0,0.0,0.0,0.0,0.0,0.0,0.0,0.0002386255218880251,0.11104040592908859,0.21714922785758972,0.3098154664039612,0.3604836165904999,0.00127266941126436,0.0,0.0,0.0,54.68457794189453,-17.567785263061523,51.051544189453125
Green_115.jpg,Green,Green,42.82166290283203,12.425041198730469,-13.274984359741211,5.684237003326416,37.9892463684082,15.849715232849121,0.0005246130749583244,0.006645099259912968,0.016263006255030632,0.07178455591201782,0.07755530625581741,0.14295707643032074,0.20897088944911957,0.21185626089572906,0.10675876587629318,0.07720556110143661,0.07834222167730331,0.0003497420693747699,0.0007869196706451476,0.0,0.0,0.0,0.0,0.0,0.0,0.0,0.0,0.0,0.2862638831138611,0.6967736482620239,0.01696249097585678,0.0,0.0,0.0,0.0,0.0,0.0,0.0,0.0,0.0,0.0,0.0,0.0,0.0,0.0,0.0008743551443330944,0.11349129676818848,0.20346245169639587,0.3723004162311554,0.3010404706001282,0.00883098691701889,0.0,0.0,0.0,43.73235321044922,-15.182963371276855,43.71371078491211
Green_116.jpg,Green,Green,46.68635940551758,12.805106163024902,-13.4337739944458,5.576904296875,41.472442626953125,16.28273582458496,0.00015017269470263273,0.00030034538940526545,0.006757771596312523,0.03453972190618515,0.09956450015306473,0.11015167087316513,0.14063672721385956,0.19912900030612946,0.17660309374332428,0.09783751517534256,0.09948941320180893,0.033338338136672974,0.001276467926800251,0.0002252590493299067,0.0,0.0,0.0,0.0,0.0,0.0,0.0,0.0,0.27361464500427246,0.6917705535888672,0.03461480885744095,0.0,0.0,0.0,0.0,0.0,0.0,0.0,0.0,0.0,0.0,0.0,0.0,0.0,0.0,0.0,0.09701156616210938,0.17465084791183472,0.2655053436756134,0.4423336982727051,0.020498573780059814,0.0,0.0,0.0,44.75008010864258,-15.641899108886719,44.173282623291016
Green_117.jpg,Green,Green,46.826717376708984,12.075695037841797,-13.253604888916016,5.851066589355469,41.332271575927734,15.768717765808105,9.945300553226843e-05,0.0006961710751056671,0.008552959188818932,0.024763798341155052,0.08344107121229172,0.11934360861778259,0.14629536867141724,0.17613127827644348,0.2137245088815689,0.1259075105190277,0.09338637441396713,0.0019890600815415382,0.003281949320808053,0.002287419280037284,9.945300553226843e-05,0.0,0.0,0.0,0.0,0.0,0.0,0.0,0.28702136874198914,0.6730979681015015,0.0398806557059288,0.0,0.0,0.0,0.0,0.0,0.0,0.0,0.0,0.0,0.0,0.0,0.0,0.0,0.0,0.0016907011158764362,0.08572849631309509,0.1777225285768509,0.2749875783920288,0.4466434717178345,0.013227250427007675,0.0,0.0,0.0,55.23166275024414,-15.433354377746582,54.12181091308594
Green_118.jpg,Green,Green,40.65172576904297,13.457915306091309,-12.909869194030762,5.132915496826172,35.85400390625,16.677385330200195,0.005836870986968279,0.018420254811644554,0.02493935637176037,0.09892359375953674,0.094375379383564,0.14448150992393494,0.17245300114154816,0.1857186108827591,0.11211340129375458,0.1068071573972702,0.03449060022830963,0.0008338387124240398,0.0006064281333237886,0.0,0.0,0.0,0.0,0.0,0.0,0.0,0.0,0.0,0.24340508878231049,0.7305185198783875,0.026076409965753555,0.0,0.0,0.0,0.0,0.0,0.0,0.0,0.0,0.0,0.0,0.0,0.0,0.0,0.0,0.0,0.1612340807914734,0.22142207622528076,0.31299272179603577,0.3043511211872101,0.0,0.0,0.0,0.0,44.052528381347656,-14.88256549835205,44.65824508666992
Green_119.jpg,Green,Green,44.72698974609375,11.636677742004395,-11.419463157653809,4.304009437561035,40.256996154785156,14.89690113067627,0.00032738581649027765,0.001227696891874075,0.006875102408230305,0.0568014420568943,0.08634801208972931,0.10599116235971451,0.1767064929008484,0.22352267801761627,0.16336552798748016,0.12236045300960541,0.055737435817718506,0.0004092322778888047,0.00032738581649027765,0.0,0.0,0.0,0.0,0.0,0.0,0.0,0.0,0.0,0.10574562102556229,0.880013108253479,0.014241283759474754,0.0,0.0,0.0,0.0,0.0,0.0,0.0,0.0,0.0,0.0,0.0,0.0,0.0,0.0,8.184645412256941e-05,0.07930921763181686,0.20649860799312592,0.32804059982299805,0.38606974482536316,0.0,0.0,0.0,0.0,44.649539947509766,-12.587353706359863,43.856781005859375
Green_12.jpg,Green,Green,39.189353942871094,11.657417297363281,-19.583385467529297,6.839169025421143,30.998565673828125,10.773655891418457,0.0,8.961376443039626e-05,0.006631418596953154,0.0799354761838913,0.23604266345500946,0.18926426768302917,0.10054664313793182,0.1630074381828308,0.1463392823934555,0.058697015047073364,0.01908773183822632,0.00017922752886079252,0.00017922752886079252,0.0,0.0,0.0,0.0,0.0,0.0,0.0,0.0,0.0,0.6766735315322876,0.3189353942871094,0.004391074646264315,0.0,0.0,0.0,0.0,0.0,0.0,0.0,0.0,0.0,0.0,0.0,0.0,0.0,0.0,8.961376443039626e-05,0.09221256524324417,0.4020073413848877,0.481584370136261,0.0241061020642519,0.0,0.0,0.0,0.0,29.85048484802246,-15.845695495605469,22.903783798217773
Green_120.jpg,Green,Green,46.86412811279297,12.129595756530762,-11.78499698638916,4.7274556159973145,40.108768463134766,14.713315963745117,9.755145583767444e-05,0.0009755145874805748,0.0039020583499222994,0.020095599815249443,0.07979709655046463,0.13032874464988708,0.180275097489357,0.18261632323265076,0.1609598994255066,0.11335479468107224,0.1156960278749466,0.004975124262273312,0.004780021496117115,0.00204858067445457,9.755145583767444e-05,0.0,0.0,0.0,0.0,0.0,0.0,0.0,0.1404740959405899,0.8400155901908875,0.019510291516780853,0.0,0.0,0.0,0.0,0.0,0.0,0.0,0.0,0.0,0.0,0.0,0.0,0.0,0.0,0.0008779631461948156,0.08447956293821335,0.1919812709093094,0.31138426065444946,0.4112769365310669,0.0,0.0,0.0,0.0,44.18777847290039,-13.79951286315918,44.14201354980469
Green_121.jpg,Green,Green,47.712459564208984,11.155994415283203,-12.090598106384277,5.038002014160156,41.35441589355469,15.008821487426758,0.0003798670368269086,0.0003798670368269086,0.0031339030247181654,0.015384615398943424,0.06020892783999443,0.12412155419588089,0.1339031308889389,0.2223171889781952,0.21842354536056519,0.11130104213953018,0.10693257302045822,0.0028490028344094753,0.0001899335184134543,0.00047483379603363574,0.0,0.0,0.0,0.0,0.0,0.0,0.0,0.0,0.17872744798660278,0.7977207899093628,0.023551756516098976,0.0,0.0,0.0,0.0,0.0,0.0,0.0,0.0,0.0,0.0,0.0,0.0,0.0,0.0,0.0,0.07169990241527557,0.2093067467212677,0.25451090931892395,0.4632478654384613,0.0012345679569989443,0.0,0.0,0.0,55.154151916503906,-12.80095100402832,53.123294830322266
Green_122.jpg,Green,Green,45.97312927246094,11.959861755371094,-11.97312068939209,4.4675397872924805,41.30239486694336,14.704251289367676,0.00039528816705569625,0.0007905763341113925,0.006482725962996483,0.04213771969079971,0.08704245090484619,0.10048225522041321,0.15360897779464722,0.21614356338977814,0.18799905478954315,0.11645189672708511,0.0862518772482872,0.0022136138286441565,0.0,0.0,0.0,0.0,0.0,0.0,0.0,0.0,0.0,0.0,0.1305241584777832,0.8490789532661438,0.020396869629621506,0.0,0.0,0.0,0.0,0.0,0.0,0.0,0.0,0.0,0.0,0.0,0.0,0.0,0.0,0.0,0.0671989917755127,0.19993674755096436,0.3067436218261719,0.4220096468925476,0.004110997077077627,0.0,0.0,0.0,44.83649826049805,-13.467063903808594,44.016536712646484
Green_123.jpg,Green,Green,46.20995330810547,12.849995613098145,-13.616214752197266,5.242290496826172,39.65159225463867,17.203054428100586,0.0015951956156641245,0.008820493705570698,0.014825936406850815,0.04494698345661163,0.07910293340682983,0.08248099684715271,0.1335272639989853,0.21187952160835266,0.1964905709028244,0.13268274068832397,0.09111382067203522,0.0009383503929711878,0.0008445153362117708,0.0006568452809005976,9.383503493154421e-05,0.0,0.0,0.0,0.0,0.0,0.0,0.0,0.3022426664829254,0.6728910803794861,0.024866284802556038,0.0,0.0,0.0,0.0,0.0,0.0,0.0,0.0,0.0,0.0,0.0,0.0,0.0,0.0,0.0,0.12386225163936615,0.19639673829078674,0.28356948494911194,0.3596697151660919,0.03650182858109474,0.0,0.0,0.0,55.710811614990234,-15.585424423217773,54.2860107421875
Green_124.jpg,Green,Green,40.76669692993164,11.172691345214844,-14.94611930847168,6.535714626312256,35.818359375,14.681652069091797,0.0005180810112506151,0.008082063868641853,0.02963423542678356,0.0569889135658741,0.10921148210763931,0.13397575914859772,0.2344834804534912,0.2204952836036682,0.13936379551887512,0.0564708337187767,0.009739923290908337,0.0008289296529255807,0.00020723241323139518,0.0,0.0,0.0,0.0,0.0,0.0,0.0,0.0,0.0,0.5170448422431946,0.4342555105686188,0.04869961738586426,0.0,0.0,0.0,0.0,0.0,0.0,0.0,0.0,0.0,0.0,0.0,0.0,0.0,0.0,0.0,0.11149103939533234,0.28297585248947144,0.35270956158638,0.25282353162765503,0.0,0.0,0.0,0.0,43.596641540527344,-18.38902473449707,44.31097412109375
Green_125.jpg,Green,Green,47.34859085083008,12.69737720489502,-14.422218322753906,5.439618110656738,37.998817443847656,15.35177230834961,9.839614358497784e-05,0.00039358457433991134,0.004526222590357065,0.032372329384088516,0.08098002523183823,0.10184000432491302,0.1900029480457306,0.19049493968486786,0.10725179314613342,0.13578668236732483,0.13873855769634247,0.016628948971629143,0.0007871691486798227,9.839614358497784e-05,0.0,0.0,0.0,0.0,0.0,0.0,0.0,0.0,0.3671160042285919,0.5969694256782532,0.0359145924448967,0.0,0.0,0.0,0.0,0.0,0.0,0.0,0.0,0.0,0.0,0.0,0.0,0.0,0.0,0.0,0.10764537751674652,0.22680310904979706,0.29981306195259094,0.3657384514808655,0.0,0.0,0.0,0.0,43.88656234741211,-17.31977653503418,41.14626693725586
Green_126.jpg,Green,Green,47.838130950927734,11.763644218444824,-14.552799224853516,5.68091344833374,38.54707336425781,14.81169605255127,0.0,0.00010602205293253064,0.0031806614715605974,0.01569126360118389,0.06594571471214294,0.12362170964479446,0.17917726933956146,0.17716285586357117,0.14800678193569183,0.14917302131652832,0.13528414070606232,0.0009541984763927758,0.0009541984763927758,0.0007421543705277145,0.0,0.0,0.0,0.0,0.0,0.0,0.0,0.0,0.3918575048446655,0.5627650618553162,0.04537743702530861,0.0,0.0,0.0,0.0,0.0,0.0,0.0,0.0,0.0,0.0,0.0,0.0,0.0,0.0,0.00021204410586506128,0.08651399612426758,0.2422603964805603,0.3058736324310303,0.3651399612426758,0.0,0.0,0.0,0.0,56.60196304321289,-16.61758804321289,52.23836135864258
Green_127.jpg,Green,Green,40.87541961669922,11.03112506866455,-15.09493637084961,6.60612678527832,34.55500411987305,15.103447914123535,0.0011507479939609766,0.009205983951687813,0.022324511781334877,0.07399309426546097,0.09666283428668976,0.10886076092720032,0.2081703096628189,0.3036823868751526,0.1266973465681076,0.03291139379143715,0.012888377532362938,0.0019562714733183384,0.001380897592753172,0.00011507479939609766,0.0,0.0,0.0,0.0,0.0,0.0,0.0,0.0,0.5199079513549805,0.4380897581577301,0.042002301663160324,0.0,0.0,0.0,0.0,0.0,0.0,0.0,0.0,0.0,0.0,0.0,0.0,0.0,0.0,0.0,0.14867663383483887,0.2576524615287781,0.3447640836238861,0.24890679121017456,0.0,0.0,0.0,0.0,44.52093505859375,-18.97378158569336,44.84719467163086
Green_128.jpg,Green,Green,39.46023178100586,11.185976028442383,-15.001836776733398,6.5734782218933105,34.36951446533203,15.023130416870117,0.0023197371046990156,0.01324183214455843,0.026000386103987694,0.07867775112390518,0.11386042833328247,0.12681229412555695,0.2660931646823883,0.2016238123178482,0.12246278673410416,0.04011211916804314,0.008215735666453838,0.00028996713808737695,0.00028996713808737695,0.0,0.0,0.0,0.0,0.0,0.0,0.0,0.0,0.0,0.5133385062217712,0.4385269582271576,0.048134543001651764,0.0,0.0,0.0,0.0,0.0,0.0,0.0,0.0,0.0,0.0,0.0,0.0,0.0,0.0,0.0,0.1512661874294281,0.25256139039993286,0.36748501658439636,0.22868742048740387,0.0,0.0,0.0,0.0,43.3755989074707,-19.103179931640625,44.199119567871094
Green_129.jpg,Green,Green,44.01481246948242,10.87586784362793,-13.798237800598145,5.781822204589844,37.220638275146484,14.323875427246094,0.0,0.0013632550835609436,0.005977348890155554,0.024014262482523918,0.08273909240961075,0.19567953050136566,0.20218120515346527,0.16621224582195282,0.14848993718624115,0.15174077451229095,0.020239094272255898,0.00020973154460079968,0.0009437919361516833,0.00010486577230039984,0.00010486577230039984,0.0,0.0,0.0,0.0,0.0,0.0,0.0,0.31690436601638794,0.6327600479125977,0.05033557116985321,0.0,0.0,0.0,0.0,0.0,0.0,0.0,0.0,0.0,0.0,0.0,0.0,0.0,0.0,0.0,0.09133809059858322,0.2655201256275177,0.32319632172584534,0.31994548439979553,0.0,0.0,0.0,0.0,56.345298767089844,-15.585318565368652,53.53299331665039
Green_13.jpg,Green,Green,39.09905242919922,9.02835464477539,-18.18755531311035,7.044671058654785,25.45582389831543,8.863176345825195,0.0,0.0,0.0032156924717128277,0.035774581134319305,0.19728274643421173,0.17509445548057556,0.273253470659256,0.21151217818260193,0.07548838108778,0.01824905537068844,0.00852158572524786,0.0009647077531553805,0.0006431385409086943,0.0,0.0,0.0,0.0,0.0,0.0,0.0,0.0,0.0,0.6621111035346985,0.32301631569862366,0.014872577972710133,0.0,0.0,0.0,0.0,0.0,0.0,0.0,0.0,0.0,0.0,0.0,0.0,0.0,0.0,0.0,0.16174933314323425,0.5569579601287842,0.28129270672798157,0.0,0.0,0.0,0.0,0.0,30.903812408447266,-16.801536560058594,22.99928092956543
Green_130.jpg,Green,Green,35.19167709350586,11.665729522705078,-13.142228126525879,5.184269428253174,33.996395111083984,11.79141616821289,0.004003603011369705,0.008707837201654911,0.04544089734554291,0.13311980664730072,0.23371033370494843,0.15143629908561707,0.17005304992198944,0.13672305643558502,0.08767890930175781,0.01891702599823475,0.00810729619115591,0.0008007206488400698,0.00030027024331502616,0.0004003603244200349,0.0005004503764212132,0.00010009008110500872,0.0,0.0,0.0,0.0,0.0,0.0,0.2430187165737152,0.7294564843177795,0.02752477303147316,0.0,0.0,0.0,0.0,0.0,0.0,0.0,0.0,0.0,0.0,0.0,0.0,0.0,0.0,0.0,0.10039035230875015,0.25292763113975525,0.5253728628158569,0.12130917608737946,0.0,0.0,0.0,0.0,30.298246383666992,-15.100029945373535,37.14046859741211
Green_131.jpg,Green,Green,35.54984664916992,10.079861640930176,-11.401154518127441,8.292651176452637,34.800262451171875,10.327482223510742,0.004311919678002596,0.01746693067252636,0.03193743899464607,0.0486004538834095,0.1632682830095291,0.3611050248146057,0.23854418098926544,0.06511729955673218,0.022363517433404922,0.029379522427916527,0.015859095379710197,0.0009500840678811073,0.0002923335414379835,0.0004385003412608057,0.0002923335414379835,7.308338535949588e-05,0.0,0.0,0.0,0.0,0.0,0.0,0.3536505103111267,0.5262734889984131,0.12000292539596558,7.308338535949588e-05,0.0,0.0,0.0,0.0,0.0,0.0,0.0,0.0,0.0,0.0,0.0,0.0,0.0,0.0,0.06234012916684151,0.24490243196487427,0.6610392332077026,0.031718190759420395,0.0,0.0,0.0,0.0,33.03684997558594,-13.510843276977539,38.53976058959961
Green_132.jpg,Green,Green,38.5794563293457,10.76565933227539,-14.878132820129395,8.683759689331055,36.90835189819336,11.219985008239746,0.0037094000726938248,0.013390029780566692,0.017008956521749496,0.03048945963382721,0.14077626168727875,0.23061612248420715,0.33511263132095337,0.14358092844486237,0.026146747171878815,0.016647065058350563,0.01863747462630272,0.02261829376220703,0.0012666244292631745,0.0,0.0,0.0,0.0,0.0,0.0,0.0,0.0,0.0,0.5768569707870483,0.30733737349510193,0.11580566316843033,0.0,0.0,0.0,0.0,0.0,0.0,0.0,0.0,0.0,0.0,0.0,0.0,0.0,0.0,0.0002714195288717747,0.06957387179136276,0.17877499759197235,0.6077083349227905,0.1436714082956314,0.0,0.0,0.0,0.0,42.27885818481445,-19.807283401489258,45.68012619018555
Green_133.jpg,Green,Green,40.033267974853516,10.511198043823242,-13.942790031433105,7.9747114181518555,36.621612548828125,14.97055721282959,0.018233522772789,0.009284041821956635,0.01664436236023903,0.04658748582005501,0.07159585505723953,0.1167614609003067,0.3206758201122284,0.2885580360889435,0.09033121168613434,0.014637002721428871,0.006523921154439449,8.36400140542537e-05,8.36400140542537e-05,0.0,0.0,0.0,0.0,0.0,0.0,0.0,0.0,0.0,0.494981586933136,0.3981264531612396,0.1068919375538826,0.0,0.0,0.0,0.0,0.0,0.0,0.0,0.0,0.0,0.0,0.0,0.0,0.0,0.0,0.0002509200421627611,0.1339913010597229,0.20809635519981384,0.33021077513694763,0.3274506628513336,0.0,0.0,0.0,0.0,43.665584564208984,-19.392803192138672,46.728057861328125
Green_134.jpg,Green,Green,37.063995361328125,10.135699272155762,-11.979132652282715,8.707427978515625,35.847320556640625,10.569191932678223,0.003903317730873823,0.014937696978449821,0.02754841558635235,0.03670620173215866,0.11109443008899689,0.33125656843185425,0.3166942000389099,0.08279537409543991,0.026497522369027138,0.02537156641483307,0.01576339825987816,0.0043537006713449955,0.0008257018635049462,0.001501276041381061,0.0006755742360837758,7.506380643462762e-05,0.0,0.0,0.0,0.0,0.0,0.0,0.39025673270225525,0.4693739712238312,0.14029425382614136,7.506380643462762e-05,0.0,0.0,0.0,0.0,0.0,0.0,0.0,0.0,0.0,0.0,0.0,0.0,0.0,0.0,0.058399640023708344,0.24388229846954346,0.6288845539093018,0.06883350759744644,0.0,0.0,0.0,0.0,41.173683166503906,-19.096668243408203,45.055301666259766
Green_135.jpg,Green,Green,35.852317810058594,9.968534469604492,-13.671063423156738,7.7293524742126465,35.65717697143555,12.150059700012207,0.01973971538245678,0.009171106852591038,0.015983927994966507,0.034675516188144684,0.1978338658809662,0.28587648272514343,0.2927766740322113,0.0812297984957695,0.034675516188144684,0.013276268728077412,0.014237050898373127,0.0005240632453933358,0.0,0.0,0.0,0.0,0.0,0.0,0.0,0.0,0.0,0.0,0.45113110542297363,0.43890297412872314,0.10996593534946442,0.0,0.0,0.0,0.0,0.0,0.0,0.0,0.0,0.0,0.0,0.0,0.0,0.0,0.0,0.00017468773876316845,0.0951174795627594,0.1606253832578659,0.6481788754463196,0.09590357542037964,0.0,0.0,0.0,0.0,32.31177520751953,-15.379765510559082,38.56095504760742
Green_136.jpg,Green,Green,32.01165771484375,11.72270679473877,-10.55935287475586,7.994328022003174,29.698078155517578,12.39071273803711,0.03195146471261978,0.016076846048235893,0.07259858399629593,0.07563195377588272,0.17502528429031372,0.4756319522857666,0.049747221171855927,0.029524773359298706,0.0260869562625885,0.025480283424258232,0.018402427434921265,0.0016177957877516747,0.0014155713142827153,0.0008088978938758373,0.0,0.0,0.0,0.0,0.0,0.0,0.0,0.0,0.2462082952260971,0.5835186839103699,0.16865520179271698,0.0016177957877516747,0.0,0.0,0.0,0.0,0.0,0.0,0.0,0.0,0.0,0.0,0.0,0.0,0.0,0.004448938183486462,0.18301314115524292,0.23144590854644775,0.5810920000076294,0.0,0.0,0.0,0.0,0.0,32.73667907714844,-16.143014907836914,39.036537170410156
Green_137.jpg,Green,Green,34.34730911254883,11.56578254699707,-12.899858474731445,5.169518947601318,33.31233596801758,11.67126750946045,0.004037956707179546,0.011609125882387161,0.04744599387049675,0.15172623097896576,0.23783566057682037,0.14920251071453094,0.1676761507987976,0.1366848349571228,0.06955380737781525,0.012921461835503578,0.009892994537949562,0.0003028467472176999,0.0004037956823594868,0.0005047445883974433,0.0002018978411797434,0.0,0.0,0.0,0.0,0.0,0.0,0.0,0.2325863093137741,0.7413688898086548,0.026044821366667747,0.0,0.0,0.0,0.0,0.0,0.0,0.0,0.0,0.0,0.0,0.0,0.0,0.0,0.0,0.0,0.10256410390138626,0.2772057354450226,0.5129214525222778,0.10730870068073273,0.0,0.0,0.0,0.0,30.13640785217285,-14.883307456970215,36.97534942626953
Green_138.jpg,Green,Green,39.02164077758789,10.413302421569824,-13.598990440368652,7.82306432723999,35.76319122314453,14.67868423461914,0.01828312687575817,0.010708688758313656,0.017760751768946648,0.0534563809633255,0.07356782257556915,0.14670033752918243,0.3522549271583557,0.24473272264003754,0.0623367577791214,0.010969876311719418,0.009054501540958881,8.706250810064375e-05,8.706250810064375e-05,0.0,0.0,0.0,0.0,0.0,0.0,0.0,0.0,0.0,0.47875675559043884,0.41285043954849243,0.10839282721281052,0.0,0.0,0.0,0.0,0.0,0.0,0.0,0.0,0.0,0.0,0.0,0.0,0.0,0.0,0.002437750343233347,0.1333797723054886,0.21896220743656158,0.3698415458202362,0.2753787338733673,0.0,0.0,0.0,0.0,43.196102142333984,-19.190425872802734,46.41157531738281
Green_139.jpg,Green,Green,33.89057540893555,9.8281888961792,-13.259222030639648,7.751307487487793,34.09208679199219,11.180522918701172,0.020584752783179283,0.010838874615728855,0.018398761749267578,0.0451771579682827,0.277438759803772,0.3204299211502075,0.2016577124595642,0.04490390792489052,0.03479369729757309,0.015119774267077446,0.010292376391589642,0.0003643319068942219,0.0,0.0,0.0,0.0,0.0,0.0,0.0,0.0,0.0,0.0,0.4294562339782715,0.45277348160743713,0.11777029186487198,0.0,0.0,0.0,0.0,0.0,0.0,0.0,0.0,0.0,0.0,0.0,0.0,0.0,0.0,0.0010929957497864962,0.09372438490390778,0.17952454090118408,0.7131797075271606,0.012478367425501347,0.0,0.0,0.0,0.0,31.812910079956055,-15.997064590454102,38.415401458740234
Green_14.jpg,Green,Green,38.65751647949219,8.037980079650879,-19.61762046813965,7.111440658569336,29.529417037963867,9.469708442687988,0.0,0.0,0.00029466653359122574,0.02170710079371929,0.14360082149505615,0.3293389678001404,0.25577056407928467,0.18279147148132324,0.03359198570251465,0.021903546527028084,0.010215106420218945,0.0005893330671824515,0.00019644435087684542,0.0,0.0,0.0,0.0,0.0,0.0,0.0,0.0,0.0,0.7119143605232239,0.2808172106742859,0.007268441375344992,0.0,0.0,0.0,0.0,0.0,0.0,0.0,0.0,0.0,0.0,0.0,0.0,0.0,0.0,0.0,0.10499951243400574,0.4365975856781006,0.4584029018878937,0.0,0.0,0.0,0.0,0.0,31.82594108581543,-17.028789520263672,24.450183868408203
Green_140.jpg,Green,Green,36.25236892700195,10.024019241333008,-13.540289878845215,8.161908149719238,35.683204650878906,12.145669937133789,0.021106617525219917,0.010947825387120247,0.015583391301333904,0.02998323366045952,0.14133544266223907,0.34460991621017456,0.278922975063324,0.08403195440769196,0.0359996072947979,0.02998323366045952,0.00749580841511488,0.0,0.0,0.0,0.0,0.0,0.0,0.0,0.0,0.0,0.0,0.0,0.48357826471328735,0.3871190547943115,0.12930269539356232,0.0,0.0,0.0,0.0,0.0,0.0,0.0,0.0,0.0,0.0,0.0,0.0,0.0,0.0,0.0002958871773444116,0.10030575096607208,0.1558339148759842,0.6599270105361938,0.08363743871450424,0.0,0.0,0.0,0.0,32.922420501708984,-15.508196830749512,39.155391693115234
Green_141.jpg,Green,Green,31.92101287841797,11.6280517578125,-9.424291610717773,5.483460903167725,23.82497787475586,12.64875602722168,0.015131644904613495,0.02965802513062954,0.07656612247228622,0.1419348269701004,0.22546151280403137,0.20215877890586853,0.1496015340089798,0.10884696990251541,0.03137294575572014,0.008473721332848072,0.007969332858920097,0.0010087763657793403,0.0011096539674326777,0.000706143444404006,0.0,0.0,0.0,0.0,0.0,0.0,0.0,0.0,0.023403611034154892,0.935539186000824,0.041057199239730835,0.0,0.0,0.0,0.0,0.0,0.0,0.0,0.0,0.0,0.0,0.0,0.0,0.0,0.0,0.0003026328922715038,0.3531726002693176,0.2489660084247589,0.396348237991333,0.0012105315690860152,0.0,0.0,0.0,0.0,30.676179885864258,-14.710124969482422,36.79819869995117
Green_142.jpg,Green,Green,35.38963317871094,13.212268829345703,-7.3684821128845215,8.690821647644043,27.094785690307617,13.434468269348145,0.015913480892777443,0.02139822393655777,0.059173427522182465,0.10173812508583069,0.1963692605495453,0.17697952687740326,0.197759747505188,0.07184240967035294,0.09594438225030899,0.04712244123220444,0.009424488060176373,0.0024719969369471073,0.0019312475342303514,0.0012359984684735537,0.0006179992342367768,7.72499042795971e-05,0.0,0.0,0.0,0.0,0.0,0.0,0.20007725059986115,0.47539591789245605,0.324526846408844,0.0,0.0,0.0,0.0,0.0,0.0,0.0,0.0,0.0,0.0,0.0,0.0,0.0,0.0,0.0013132484164088964,0.2270374596118927,0.34252607822418213,0.4001545011997223,0.02896871417760849,0.0,0.0,0.0,0.0,32.125816345214844,-13.88969612121582,38.578697204589844
Green_143.jpg,Green,Green,31.512367248535156,10.187979698181152,-10.734313011169434,6.309545516967773,26.439414978027344,13.229421615600586,0.0018932564416900277,0.016768842935562134,0.06770645827054977,0.1953660249710083,0.19212044775485992,0.2834475338459015,0.1242336854338646,0.08618824183940887,0.01379372552037239,0.007933645509183407,0.009917057119309902,0.0003606202662922442,9.015506657306105e-05,0.0001803101331461221,0.0,0.0,0.0,0.0,0.0,0.0,0.0,0.0,0.2188965082168579,0.7508113980293274,0.030292103067040443,0.0,0.0,0.0,0.0,0.0,0.0,0.0,0.0,0.0,0.0,0.0,0.0,0.0,0.0,0.0001803101331461221,0.29850342869758606,0.2582041025161743,0.4423007667064667,0.0008113955846056342,0.0,0.0,0.0,0.0,32.1317138671875,-16.138811111450195,38.339881896972656
Green_144.jpg,Green,Green,31.330669403076172,11.055747985839844,-10.197970390319824,5.90463399887085,24.139677047729492,12.821045875549316,0.009777446277439594,0.019461775198578835,0.05382251739501953,0.21529006958007812,0.25933513045310974,0.1828848123550415,0.10438588261604309,0.09069745987653732,0.048049166798591614,0.009218735620379448,0.006518297828733921,9.311854228144512e-05,0.00027935561956837773,9.311854228144512e-05,9.311854228144512e-05,0.0,0.0,0.0,0.0,0.0,0.0,0.0,0.1654716432094574,0.805382251739502,0.0291461031883955,0.0,0.0,0.0,0.0,0.0,0.0,0.0,0.0,0.0,0.0,0.0,0.0,0.0,0.0,0.0,0.3439798951148987,0.2733960449695587,0.382624089717865,0.0,0.0,0.0,0.0,0.0,30.726253509521484,-16.17995834350586,37.4432258605957
Green_145.jpg,Green,Green,27.983980178833008,12.483375549316406,-9.866743087768555,5.70819616317749,23.937637329101562,12.527946472167969,0.019086990505456924,0.03606297820806503,0.213035449385643,0.24100624024868011,0.09745799750089645,0.134048730134964,0.14293253421783447,0.0785469263792038,0.018471281975507736,0.010730935260653496,0.006420969497412443,0.0011434602783992887,0.00096754333935678,8.795848407316953e-05,0.0,0.0,0.0,0.0,0.0,0.0,0.0,0.0,0.13853460550308228,0.8168704509735107,0.04459495097398758,0.0,0.0,0.0,0.0,0.0,0.0,0.0,0.0,0.0,0.0,0.0,0.0,0.0,0.0,0.0,0.2911425828933716,0.4530741572380066,0.2448764145374298,0.010906851850450039,0.0,0.0,0.0,0.0,18.85353660583496,-10.513816833496094,23.71565818786621
Green_146.jpg,Green,Green,33.334957122802734,12.3541841506958,-13.110984802246094,6.6798095703125,29.06032371520996,14.344110488891602,0.00657627684995532,0.01997239515185356,0.14427214860916138,0.11585613340139389,0.12113339453935623,0.1410246044397354,0.27190062403678894,0.11415117233991623,0.03750913217663765,0.017049606889486313,0.00917431153357029,0.0009742632391862571,0.00024356580979656428,0.00016237719682976604,0.0,0.0,0.0,0.0,0.0,0.0,0.0,0.0,0.3952261209487915,0.5826094150543213,0.022164488211274147,0.0,0.0,0.0,0.0,0.0,0.0,0.0,0.0,0.0,0.0,0.0,0.0,0.0,0.0,0.0004059429920744151,0.23698952794075012,0.25395795702934265,0.46301859617233276,0.04562799260020256,0.0,0.0,0.0,0.0,41.83537673950195,-19.412052154541016,43.764102935791016
Green_147.jpg,Green,Green,30.842742919921875,9.684653282165527,-10.136425971984863,5.7371931076049805,26.417037963867188,13.091326713562012,0.005334195215255022,0.018265578895807266,0.045583125203847885,0.21910612285137177,0.2572537064552307,0.20932675898075104,0.16172310709953308,0.05972682312130928,0.008082114160060883,0.007112260442227125,0.008082114160060883,0.0004041057254653424,0.0,0.0,0.0,0.0,0.0,0.0,0.0,0.0,0.0,0.0,0.11145235598087311,0.8676149845123291,0.020932676270604134,0.0,0.0,0.0,0.0,0.0,0.0,0.0,0.0,0.0,0.0,0.0,0.0,0.0,0.0,0.0,0.29014790058135986,0.2564454972743988,0.4475066661834717,0.00589994341135025,0.0,0.0,0.0,0.0,30.944168090820312,-14.635001182556152,36.779273986816406
Green_148.jpg,Green,Green,31.006389617919922,11.44090461730957,-9.354541778564453,5.279487609863281,23.288272857666016,12.30111026763916,0.016640564426779747,0.02965935878455639,0.08741190284490585,0.1549530178308487,0.23698121309280396,0.19577133655548096,0.1416405588388443,0.10082224011421204,0.018304619938135147,0.007928739301860332,0.007439310662448406,0.000587314018048346,0.0014682849869132042,0.000293657009024173,9.788566967472434e-05,0.0,0.0,0.0,0.0,0.0,0.0,0.0,0.034945182502269745,0.9426389932632446,0.02241581864655018,0.0,0.0,0.0,0.0,0.0,0.0,0.0,0.0,0.0,0.0,0.0,0.0,0.0,0.0,0.0018598276656121016,0.3563038408756256,0.2700665593147278,0.37147611379623413,0.000293657009024173,0.0,0.0,0.0,0.0,30.454673767089844,-14.69792366027832,36.29930877685547
Green_149.jpg,Green,Green,32.149940490722656,9.913809776306152,-10.377527236938477,5.953664779663086,26.78011703491211,13.626824378967285,0.005597326438874006,0.015204678289592266,0.04068504646420479,0.1827067732810974,0.24285714328289032,0.22088554501533508,0.17159566283226013,0.08755221217870712,0.018964076414704323,0.006432748399674892,0.007268170360475779,0.0002506265591364354,0.0,0.0,0.0,0.0,0.0,0.0,0.0,0.0,0.0,0.0,0.12999165058135986,0.8487886190414429,0.021219715476036072,0.0,0.0,0.0,0.0,0.0,0.0,0.0,0.0,0.0,0.0,0.0,0.0,0.0,0.0,0.0,0.30459481477737427,0.2096908986568451,0.46633249521255493,0.01938178762793541,0.0,0.0,0.0,0.0,31.104551315307617,-14.75366497039795,36.926963806152344
Green_15.jpg,Green,Green,42.07109451293945,9.36744499206543,-20.222116470336914,7.099490165710449,30.06920051574707,9.755358695983887,0.0,0.0,0.0,0.009114895947277546,0.1406812220811844,0.19788917899131775,0.1789397895336151,0.2757256031036377,0.14236028492450714,0.035020388662815094,0.019429119303822517,0.0005996641702950001,0.0002398656797595322,0.0,0.0,0.0,0.0,0.0,0.0,0.0,0.0,0.0,0.7408251166343689,0.24658191204071045,0.012592948041856289,0.0,0.0,0.0,0.0,0.0,0.0,0.0,0.0,0.0,0.0,0.0,0.0,0.0,0.0,0.0,0.10913888365030289,0.3428879976272583,0.5479731559753418,0.0,0.0,0.0,0.0,0.0,44.782169342041016,-25.45916748046875,38.32443618774414
Green_150.jpg,Green,Green,29.187070846557617,10.778645515441895,-9.852386474609375,5.712363243103027,22.95983123779297,11.95753288269043,0.012964054010808468,0.022687094286084175,0.08986447006464005,0.25535258650779724,0.24445098638534546,0.1711844503879547,0.08780200034379959,0.08642702549695969,0.012472991831600666,0.008839127607643604,0.006973089650273323,0.0005892752087675035,0.00029463760438375175,9.821253479458392e-05,0.0,0.0,0.0,0.0,0.0,0.0,0.0,0.0,0.12973874807357788,0.8414849638938904,0.028776271268725395,0.0,0.0,0.0,0.0,0.0,0.0,0.0,0.0,0.0,0.0,0.0,0.0,0.0,0.0,0.0,0.3534668982028961,0.31761932373046875,0.32891377806663513,0.0,0.0,0.0,0.0,0.0,20.13788414001465,-9.192846298217773,20.848522186279297
Green_151.jpg,Green,Green,32.288047790527344,9.806634902954102,-10.447208404541016,5.937008857727051,27.381811141967773,13.592490196228027,0.004822335205972195,0.015736039727926254,0.034263961017131805,0.17969542741775513,0.2503384053707123,0.21641285717487335,0.17910321056842804,0.09187817573547363,0.011759729124605656,0.00854483898729086,0.007106598932296038,0.00033840947435237467,0.0,0.0,0.0,0.0,0.0,0.0,0.0,0.0,0.0,0.0,0.1309644728899002,0.8359559774398804,0.03307952731847763,0.0,0.0,0.0,0.0,0.0,0.0,0.0,0.0,0.0,0.0,0.0,0.0,0.0,0.0,8.460236858809367e-05,0.2854484021663666,0.21556682884693146,0.46996617317199707,0.02893400937318802,0.0,0.0,0.0,0.0,31.003616333007812,-14.647290229797363,36.8756217956543
Green_152.jpg,Green,Green,32.745479583740234,10.234204292297363,-10.92505168914795,6.569061756134033,27.326162338256836,13.650655746459961,0.00346981268376112,0.012317834421992302,0.050659265369176865,0.17756766080856323,0.18476752936840057,0.26474669575691223,0.1662907749414444,0.09663428366184235,0.027324775233864784,0.008761276490986347,0.005898681469261646,0.0009541984763927758,0.0005204718909226358,8.674531272845343e-05,0.0,0.0,0.0,0.0,0.0,0.0,0.0,0.0,0.24956627190113068,0.6963046789169312,0.05412907525897026,0.0,0.0,0.0,0.0,0.0,0.0,0.0,0.0,0.0,0.0,0.0,0.0,0.0,0.0,0.0,0.2924184501171112,0.23247744143009186,0.4725017249584198,0.00260235951282084,0.0,0.0,0.0,0.0,32.15658187866211,-15.994423866271973,38.32076644897461
Green_153.jpg,Green,Green,32.2884521484375,13.327689170837402,-10.815326690673828,6.3454694747924805,27.153005599975586,14.03675651550293,0.013209693133831024,0.019945761188864708,0.08844370394945145,0.26069459319114685,0.15816639363765717,0.08940599858760834,0.12789782881736755,0.1346338838338852,0.07357186824083328,0.024407314136624336,0.007085994351655245,0.0006123698549345136,0.0004374070558696985,0.0011372583685442805,0.00034992562723346055,0.0,0.0,0.0,0.0,0.0,0.0,0.0,0.18257370591163635,0.7677368521690369,0.04968944191932678,0.0,0.0,0.0,0.0,0.0,0.0,0.0,0.0,0.0,0.0,0.0,0.0,0.0,0.0,0.0018371095648035407,0.2654185891151428,0.347301185131073,0.28956347703933716,0.09587962925434113,0.0,0.0,0.0,0.0,20.158781051635742,-11.187959671020508,25.79734230041504
Green_154.jpg,Green,Green,42.29666519165039,16.49213409423828,-11.13127326965332,7.765339374542236,26.628328323364258,17.444812774658203,0.0011576986871659756,0.010570292361080647,0.06045200675725937,0.16102078557014465,0.1149141788482666,0.05114008113741875,0.052700456231832504,0.11269944906234741,0.1871948391199112,0.17672522366046906,0.055418532341718674,0.0107212970033288,0.0029194140806794167,0.0005536819808185101,0.0013590375892817974,0.00045301252976059914,0.0,0.0,0.0,0.0,0.0,0.0,0.32214224338531494,0.6316001415252686,0.046257611364126205,0.0,0.0,0.0,0.0,0.0,0.0,0.0,0.0,0.0,0.0,0.0,0.0,0.0,0.0,0.0,0.33246085047721863,0.2939547896385193,0.16716162860393524,0.20642271637916565,0.0,0.0,0.0,0.0,55.6358642578125,-21.04681396484375,49.4709587097168
Green_155.jpg,Green,Green,31.91004180908203,11.672758102416992,-9.366598129272461,5.393813610076904,23.777875900268555,12.665278434753418,0.015608233399689198,0.029362989589571953,0.07745585590600967,0.14164471626281738,0.22534386813640594,0.20076090097427368,0.15110720694065094,0.10545312613248825,0.033265046775341034,0.009950248524546623,0.007511462084949017,0.0007804116467013955,0.0007804116467013955,0.0009755145874805748,0.0,0.0,0.0,0.0,0.0,0.0,0.0,0.0,0.030338503420352936,0.9254707098007202,0.04419080913066864,0.0,0.0,0.0,0.0,0.0,0.0,0.0,0.0,0.0,0.0,0.0,0.0,0.0,0.0,0.00019510291167534888,0.3551848530769348,0.2574383020401001,0.386986643075943,0.00019510291167534888,0.0,0.0,0.0,0.0,30.581764221191406,-14.621926307678223,36.73770523071289
Green_156.jpg,Green,Green,38.10519027709961,10.262887954711914,-13.139890670776367,7.0176310539245605,29.98051643371582,14.145842552185059,0.006409160792827606,0.008972825482487679,0.018458383157849312,0.06554435193538666,0.12596137821674347,0.20893864333629608,0.28037941455841064,0.20193129777908325,0.05050418898463249,0.01820201613008976,0.011792856268584728,0.0016236540395766497,0.00025636644568294287,0.0009400102426297963,8.545547461835667e-05,0.0,0.0,0.0,0.0,0.0,0.0,0.0,0.458383172750473,0.5118783116340637,0.02973850630223751,0.0,0.0,0.0,0.0,0.0,0.0,0.0,0.0,0.0,0.0,0.0,0.0,0.0,0.0,0.0,0.24611178040504456,0.14168518781661987,0.568449854850769,0.04375320300459862,0.0,0.0,0.0,0.0,42.88987731933594,-18.521696090698242,41.23151397705078
Green_157.jpg,Green,Green,37.0249137878418,13.301582336425781,-7.856486797332764,8.970937728881836,28.38323974609375,13.898393630981445,0.014262691140174866,0.01764705963432789,0.05398871749639511,0.07832393050193787,0.1696212738752365,0.17074939608573914,0.21780821681022644,0.10064464062452316,0.08074133843183517,0.08074133843183517,0.011120064184069633,0.001208702684380114,0.0016116035403683782,0.001208702684380114,0.00032232070225290954,0.0,0.0,0.0,0.0,0.0,0.0,0.0,0.2158742994070053,0.47147461771965027,0.3126510977745056,0.0,0.0,0.0,0.0,0.0,0.0,0.0,0.0,0.0,0.0,0.0,0.0,0.0,0.0,0.0008058017701841891,0.2097502052783966,0.34335213899612427,0.3721192479133606,0.07397260516881943,0.0,0.0,0.0,0.0,41.58218002319336,-18.35995864868164,46.3958854675293
Green_158.jpg,Green,Green,35.3217887878418,12.721869468688965,-13.570287704467773,6.99095344543457,30.257524490356445,15.016016960144043,0.005428275093436241,0.015326893888413906,0.11151912063360214,0.12788377702236176,0.11319550126791,0.10992256551980972,0.23972220718860626,0.18025065958499908,0.06011016294360161,0.023229824379086494,0.010936377570033073,0.002075516851618886,0.0003991378762293607,0.0,0.0,0.0,0.0,0.0,0.0,0.0,0.0,0.0,0.42635905742645264,0.545781135559082,0.027859821915626526,0.0,0.0,0.0,0.0,0.0,0.0,0.0,0.0,0.0,0.0,0.0,0.0,0.0,0.0,0.0009579308680258691,0.2310210019350052,0.24203720688819885,0.41494372487068176,0.1110401526093483,0.0,0.0,0.0,0.0,43.159706115722656,-19.960664749145508,45.26949691772461
Green_159.jpg,Green,Green,35.250144958496094,12.15534496307373,-13.024665832519531,7.2266926765441895,29.589311599731445,15.808344841003418,0.005884249694645405,0.01362244039773941,0.0650491714477539,0.16798323392868042,0.1065613403916359,0.16846686601638794,0.2345639169216156,0.13598258793354034,0.06440432369709015,0.024020634591579437,0.011526680551469326,0.0017733355052769184,0.00016121231601573527,0.0,0.0,0.0,0.0,0.0,0.0,0.0,0.0,0.0,0.4465581178665161,0.5242624282836914,0.02917942963540554,0.0,0.0,0.0,0.0,0.0,0.0,0.0,0.0,0.0,0.0,0.0,0.0,0.0,0.0,0.0002418184740236029,0.3029179573059082,0.15484443306922913,0.44841206073760986,0.09358374774456024,0.0,0.0,0.0,0.0,42.44232940673828,-20.06641387939453,45.562095642089844
Green_16.jpg,Green,Green,41.69511032104492,10.309532165527344,-17.85603904724121,7.03973913192749,26.167123794555664,8.336116790771484,0.0,0.001046983408741653,0.0048422981053590775,0.013218165375292301,0.15050385892391205,0.2176416665315628,0.18322208523750305,0.2070409655570984,0.14095014333724976,0.05130218714475632,0.025127600878477097,0.0030100771691650152,0.002093966817483306,0.0,0.0,0.0,0.0,0.0,0.0,0.0,0.0,0.0,0.6521397829055786,0.32247087359428406,0.025389347225427628,0.0,0.0,0.0,0.0,0.0,0.0,0.0,0.0,0.0,0.0,0.0,0.0,0.0,0.0,0.0,0.14356759190559387,0.5709985494613647,0.2854338586330414,0.0,0.0,0.0,0.0,0.0,31.416688919067383,-18.10329246520996,25.051441192626953
Green_160.jpg,Green,Green,30.772815704345703,9.667923927307129,-10.204533576965332,5.660229206085205,26.416397094726562,12.994758605957031,0.004942900966852903,0.018578490242362022,0.04789500683546066,0.22226010262966156,0.2555820643901825,0.2075166255235672,0.16234873235225677,0.05513891205191612,0.01065280381590128,0.007670018821954727,0.0072439066134393215,0.000170444865943864,0.0,0.0,0.0,0.0,0.0,0.0,0.0,0.0,0.0,0.0,0.11147093772888184,0.8645815849304199,0.02394750341773033,0.0,0.0,0.0,0.0,0.0,0.0,0.0,0.0,0.0,0.0,0.0,0.0,0.0,0.0,0.0,0.2906084954738617,0.2618032991886139,0.442304402589798,0.00528379064053297,0.0,0.0,0.0,0.0,30.999095916748047,-14.549945831298828,36.812904357910156
Green_161.jpg,Green,Green,39.44573974609375,15.90048599243164,-10.50244426727295,7.590601921081543,25.257938385009766,16.900062561035156,0.001333399210125208,0.019507136195898056,0.09156008064746857,0.17269988358020782,0.08904143422842026,0.04469356685876846,0.08202873915433884,0.16193392872810364,0.19833077490329742,0.10375820845365524,0.02671736851334572,0.0046915896236896515,0.0011852437164634466,0.0009877030970528722,0.0011852437164634466,0.00034569608396850526,0.0,0.0,0.0,0.0,0.0,0.0,0.30757075548171997,0.6259074807167053,0.06652180105447769,0.0,0.0,0.0,0.0,0.0,0.0,0.0,0.0,0.0,0.0,0.0,0.0,0.0,0.0,0.0008395476033911109,0.37587040662765503,0.2558645009994507,0.19546644389629364,0.17195910215377808,0.0,0.0,0.0,0.0,19.880598068237305,-6.954097270965576,16.415781021118164
Green_162.jpg,Green,Green,35.14881134033203,11.419438362121582,-13.551148414611816,6.583712577819824,31.464813232421875,14.11142635345459,0.015307074412703514,0.01325368694961071,0.031080828979611397,0.09557588398456573,0.18639163672924042,0.24892663955688477,0.19535186886787415,0.14952398836612701,0.03257420286536217,0.016333768144249916,0.008586895652115345,0.0030800821259617805,0.0017733806744217873,0.0007466865936294198,0.0006533507839776576,0.000840022403281182,0.0,0.0,0.0,0.0,0.0,0.0,0.409557580947876,0.5548814535140991,0.03556094691157341,0.0,0.0,0.0,0.0,0.0,0.0,0.0,0.0,0.0,0.0,0.0,0.0,0.0,0.0,0.0011200298322364688,0.19693858921527863,0.20739220082759857,0.5147470831871033,0.07980212569236755,0.0,0.0,0.0,0.0,43.0811767578125,-19.919828414916992,44.95941925048828
Green_163.jpg,Green,Green,30.627233505249023,12.986693382263184,-10.525266647338867,6.2611470222473145,25.992694854736328,13.496301651000977,0.014437951147556305,0.02380543202161789,0.12942591309547424,0.274922639131546,0.12315228581428528,0.09883121401071548,0.14291852712631226,0.11026126146316528,0.05990030989050865,0.014180130325257778,0.006789274513721466,0.0001718803687253967,0.0006875214749015868,0.0005156411207281053,0.0,0.0,0.0,0.0,0.0,0.0,0.0,0.0,0.1803884506225586,0.7524922490119934,0.0671192854642868,0.0,0.0,0.0,0.0,0.0,0.0,0.0,0.0,0.0,0.0,0.0,0.0,0.0,0.0,0.0,0.27406325936317444,0.3975592851638794,0.26512548327445984,0.06325197964906693,0.0,0.0,0.0,0.0,19.747047424316406,-11.133193969726562,25.30381202697754
Green_164.jpg,Green,Green,32.7929801940918,11.27003288269043,-10.545239448547363,6.132380962371826,24.962520599365234,13.375296592712402,0.009748249314725399,0.017319705337285995,0.040885861963033676,0.18105243146419525,0.25231876969337463,0.19155782461166382,0.1272950917482376,0.08338065445423126,0.07713420689105988,0.011925042606890202,0.007003596518188715,0.000283929577562958,0.0,9.464319737162441e-05,0.0,0.0,0.0,0.0,0.0,0.0,0.0,0.0,0.1994132101535797,0.7703956365585327,0.030191179364919662,0.0,0.0,0.0,0.0,0.0,0.0,0.0,0.0,0.0,0.0,0.0,0.0,0.0,0.0,0.0,0.33702442049980164,0.24380086362361908,0.41709256172180176,0.0020821501966565847,0.0,0.0,0.0,0.0,31.00126075744629,-16.216224670410156,37.477081298828125
Green_165.jpg,Green,Green,43.03563690185547,12.256424903869629,-20.464513778686523,10.742152214050293,40.832881927490234,17.313081741333008,0.0016356137348338962,0.002133409259840846,0.03292561694979668,0.06855355203151703,0.08313184231519699,0.10930166393518448,0.15467216074466705,0.22642582654953003,0.20907409489154816,0.08874981850385666,0.017422841861844063,0.0028445455245673656,0.0012800454860553145,0.000497795466799289,0.0007111363811418414,0.0006400227430276573,0.0,0.0,0.0,0.0,0.0,0.005902431905269623,0.7370217442512512,0.14556962251663208,0.11150618642568588,0.0,0.0,0.0,0.0,0.0,0.0,0.0,0.0,0.0,0.0,0.0,0.0,0.0,0.0,0.010311477817595005,0.1362537294626236,0.0741715282201767,0.2939126789569855,0.48087042570114136,0.004480159375816584,0.0,0.0,0.0,44.59858703613281,-25.62611961364746,48.02043533325195
Green_166.jpg,Green,Green,39.17163848876953,16.102336883544922,-17.67800521850586,12.192771911621094,36.17878341674805,21.86121940612793,0.0005202913889661431,0.02178720012307167,0.14281998574733734,0.13091830909252167,0.07251560688018799,0.0416233092546463,0.052094172686338425,0.14808793365955353,0.3042403757572174,0.07004422694444656,0.011186264455318451,0.002016128972172737,0.0007154006161727011,0.0010405827779322863,0.0003902185126207769,0.0,0.0,0.0,0.0,0.0,0.0,0.017754942178726196,0.5569719076156616,0.2418704479932785,0.18340270221233368,0.0,0.0,0.0,0.0,0.0,0.0,0.0,0.0,0.0,0.0,0.0,0.0,0.0,0.0,0.06451612710952759,0.1646071821451187,0.17046046257019043,0.11030177026987076,0.48959416151046753,0.0005202913889661431,0.0,0.0,0.0,53.76718521118164,-28.50227165222168,56.28728103637695
Green_167.jpg,Green,Green,35.59409713745117,17.66901969909668,-15.908674240112305,11.661327362060547,30.724740982055664,22.173362731933594,0.007269395049661398,0.094685398042202,0.16120952367782593,0.09993891417980194,0.07067807018756866,0.060048870742321014,0.08918754011392593,0.15296272933483124,0.13145998120307922,0.08992058783769608,0.03750763460993767,0.004642638843506575,0.0004276114923413843,6.108735396992415e-05,0.0,0.0,0.0,0.0,0.0,0.0,0.0,0.001221747137606144,0.5263897180557251,0.3007941246032715,0.17159438133239746,0.0,0.0,0.0,0.0,0.0,0.0,0.0,0.0,0.0,0.0,0.0,0.0,0.0,0.0,0.06908980011940002,0.28955405950546265,0.09853390604257584,0.18601100146770477,0.35668906569480896,0.0001221747079398483,0.0,0.0,0.0,44.87583923339844,-25.713632583618164,48.113739013671875
Green_168.jpg,Green,Green,44.03896713256836,16.567523956298828,-19.640899658203125,12.077528953552246,40.64643478393555,21.82257843017578,0.009951232001185417,0.029985502362251282,0.10504810512065887,0.0666271224617958,0.03505996987223625,0.03618030995130539,0.047054171562194824,0.1451825499534607,0.27197837829589844,0.21609331667423248,0.0333465151488781,0.0020429682917892933,0.0009885330218821764,0.0004613154160324484,0.0,0.0,0.0,0.0,0.0,0.0,0.0,0.07743508368730545,0.5982601642608643,0.19217081367969513,0.13213391602039337,0.0,0.0,0.0,0.0,0.0,0.0,0.0,0.0,0.0,0.0,0.0,0.0,0.0,0.0,0.004481349606066942,0.22729669511318207,0.05443521961569786,0.13556082546710968,0.5479767918586731,0.030249109491705894,0.0,0.0,0.0,55.08578109741211,-27.608675003051758,55.09870910644531
Green_169.jpg,Green,Green,41.524818420410156,14.421180725097656,-15.93548583984375,10.196919441223145,35.879119873046875,20.58612823486328,0.003848185297101736,0.005206368397921324,0.025428205728530884,0.12502829730510712,0.16192559897899628,0.11740738153457642,0.06851278990507126,0.08858371526002884,0.20350109040737152,0.17988379299640656,0.019920017570257187,0.0006036369013600051,0.00015090922534000129,0.0,0.0,0.0,0.0,0.0,0.0,0.0,0.0,0.0009809100301936269,0.5864332318305969,0.2525465786457062,0.16003923118114471,0.0,0.0,0.0,0.0,0.0,0.0,0.0,0.0,0.0,0.0,0.0,0.0,0.0,0.0,0.04708367958664894,0.17399834096431732,0.11303101480007172,0.28235116600990295,0.3793857991695404,0.004150003660470247,0.0,0.0,0.0,55.86679458618164,-24.774999618530273,54.57541275024414
Green_17.jpg,Green,Green,38.95299530029297,9.732294082641602,-18.56608772277832,7.188347339630127,26.175535202026367,9.249773979187012,0.0,8.418925426667556e-05,0.004293652251362801,0.06499410420656204,0.20609530806541443,0.14581578969955444,0.2066846340894699,0.27605658769607544,0.07383397966623306,0.009681764990091324,0.010271089151501656,0.0012628388358280063,0.0009260818478651345,0.0,0.0,0.0,0.0,0.0,0.0,0.0,0.0,0.0,0.6735140681266785,0.3144468665122986,0.0120390634983778,0.0,0.0,0.0,0.0,0.0,0.0,0.0,0.0,0.0,0.0,0.0,0.0,0.0,0.0,0.0,0.15793904662132263,0.5258461236953735,0.3162148594856262,0.0,0.0,0.0,0.0,0.0,29.991870880126953,-15.8136625289917,22.15079116821289
Green_170.jpg,Green,Green,40.18997573852539,9.864354133605957,-14.456245422363281,7.947660446166992,39.53718566894531,10.20751667022705,0.0007073564920574427,0.007376717869192362,0.018290217965841293,0.026576394215226173,0.0664915144443512,0.1975545734167099,0.4428051710128784,0.15481002628803253,0.015662893652915955,0.015157639048993587,0.03940986096858978,0.014955537393689156,0.0002021018590312451,0.0,0.0,0.0,0.0,0.0,0.0,0.0,0.0,0.0,0.4835287034511566,0.43340742588043213,0.08296281099319458,0.00010105092951562256,0.0,0.0,0.0,0.0,0.0,0.0,0.0,0.0,0.0,0.0,0.0,0.0,0.0,0.0002021018590312451,0.03425626456737518,0.166228786110878,0.6023645997047424,0.19694826006889343,0.0,0.0,0.0,0.0,41.8707389831543,-18.26654624938965,46.0328254699707
Green_171.jpg,Green,Green,36.333377838134766,15.336135864257812,-13.626898765563965,9.627765655517578,31.437088012695312,18.348812103271484,0.016736119985580444,0.032800108194351196,0.12770533561706543,0.1094905212521553,0.08126091957092285,0.10337410867214203,0.15674149990081787,0.16178250312805176,0.11117085814476013,0.08253797888755798,0.0162656269967556,0.00013442666386254132,0.0,0.0,0.0,0.0,0.0,0.0,0.0,0.0,0.0,0.0,0.4752655029296875,0.3528027832508087,0.17193171381950378,0.0,0.0,0.0,0.0,0.0,0.0,0.0,0.0,0.0,0.0,0.0,0.0,0.0,0.0,0.016131199896335602,0.24183358252048492,0.13980373740196228,0.3761930465698242,0.22603844106197357,0.0,0.0,0.0,0.0,43.77741622924805,-21.49898910522461,46.78544235229492
Green_172.jpg,Green,Green,41.584964752197266,13.11608600616455,-18.45016098022461,12.384160995483398,36.70468521118164,20.440876007080078,6.878998101456091e-05,0.002614019438624382,0.04161794111132622,0.10930728167295456,0.1231340691447258,0.08137854933738708,0.10579899698495865,0.21056614816188812,0.2155878096818924,0.09382953494787216,0.015133796259760857,0.0009630597778595984,0.0,0.0,0.0,0.0,0.0,0.0,0.0,0.0,0.0,0.00632867868989706,0.6362385749816895,0.18628327548503876,0.17114947736263275,0.0,0.0,0.0,0.0,0.0,0.0,0.0,0.0,0.0,0.0,0.0,0.0,0.0,0.0,0.002476439345628023,0.2420719563961029,0.0882575511932373,0.1965329796075821,0.47066107392311096,0.0,0.0,0.0,0.0,44.98130416870117,-26.21990394592285,48.800045013427734
Green_173.jpg,Green,Green,42.71926498413086,15.266396522521973,-8.011056900024414,9.139360427856445,32.558650970458984,15.060718536376953,6.660893996013328e-05,0.013521614484488964,0.03670152649283409,0.055685073137283325,0.08978884667158127,0.19416505098342896,0.22573769092559814,0.15759675204753876,0.009125424548983574,0.008126290515065193,0.18856990337371826,0.01918337494134903,0.0011323519283905625,0.0005994804669171572,0.0,0.0,0.0,0.0,0.0,0.0,0.0,0.0,0.22080862522125244,0.6084726452827454,0.170718714594841,0.0,0.0,0.0,0.0,0.0,0.0,0.0,0.0,0.0,0.0,0.0,0.0,0.0,0.0,0.025178179144859314,0.12868846952915192,0.2684340178966522,0.4237660765647888,0.15393325686454773,0.0,0.0,0.0,0.0,42.9053840637207,-15.583788871765137,46.69140625
Green_174.jpg,Green,Green,39.78462600708008,9.889866828918457,-14.386714935302734,7.813074588775635,39.12344741821289,10.156299591064453,0.0017187341582030058,0.007178242783993483,0.017591750249266624,0.02952178753912449,0.06854716688394547,0.21615609526634216,0.4455565810203552,0.13042159378528595,0.012738853693008423,0.01668183133006096,0.03963198885321617,0.014053179882466793,0.00020220402802806348,0.0,0.0,0.0,0.0,0.0,0.0,0.0,0.0,0.0,0.48640176653862,0.4274592995643616,0.08613891154527664,0.0,0.0,0.0,0.0,0.0,0.0,0.0,0.0,0.0,0.0,0.0,0.0,0.0,0.0,0.0006066120695322752,0.03558790683746338,0.16995248198509216,0.6269335746765137,0.16691942512989044,0.0,0.0,0.0,0.0,41.58637237548828,-18.119237899780273,45.72737503051758
Green_175.jpg,Green,Green,34.796085357666016,10.03398609161377,-13.045628547668457,8.157464981079102,32.7175178527832,12.289322853088379,0.012728874571621418,0.01468716375529766,0.030647214502096176,0.07392539083957672,0.19416430592536926,0.26671889424324036,0.26094192266464233,0.09458532929420471,0.03270341828465462,0.011749730445444584,0.006756095215678215,0.0002937432727776468,9.79144242592156e-05,0.0,0.0,0.0,0.0,0.0,0.0,0.0,0.0,0.0,0.4437481760978699,0.41212180256843567,0.14413003623485565,0.0,0.0,0.0,0.0,0.0,0.0,0.0,0.0,0.0,0.0,0.0,0.0,0.0,0.0,0.0017624596366658807,0.1424654871225357,0.20356407761573792,0.6033486723899841,0.04885929822921753,0.0,0.0,0.0,0.0,32.04410171508789,-16.51032257080078,37.688987731933594
Green_176.jpg,Green,Green,66.47148132324219,18.08720588684082,-3.109614133834839,7.79144811630249,-11.860283851623535,21.690933227539062,0.013101710937917233,0.008725632913410664,0.013181275688111782,0.011377801187336445,0.026521680876612663,0.03930513188242912,0.03842991590499878,0.030314281582832336,0.018193872645497322,0.022994298487901688,0.05007293447852135,0.2208990901708603,0.5063254237174988,0.0005569552886299789,0.0,0.0,0.0,0.0,0.0,0.0,0.0,0.0003182601649314165,0.11406975239515305,0.2918711006641388,0.5937408804893494,0.0,0.0,0.0,0.0,0.0,0.0,0.0,0.0,0.0,0.0,0.0,0.0,0.0,0.7709057331085205,0.0494629368185997,0.03426601365208626,0.034637317061424255,0.08998806774616241,0.019466914236545563,0.001273040659725666,0.0,0.0,0.0,76.53665924072266,0.6184428334236145,-23.02035140991211
Green_177.jpg,Green,Green,65.79417419433594,19.382781982421875,-3.1897802352905273,7.226008415222168,-13.65056037902832,18.73568344116211,0.017047429457306862,0.010250173509120941,0.022628560662269592,0.026103196665644646,0.03396455943584442,0.02905663661658764,0.018372133374214172,0.006428075022995472,0.01318189688026905,0.03125,0.06130559369921684,0.3195795714855194,0.41000694036483765,0.0008252258412539959,0.0,0.0,0.0,0.0,0.0,0.0,0.0,0.0,0.10975503921508789,0.4413003921508789,0.4489445686340332,0.0,0.0,0.0,0.0,0.0,0.0,0.0,0.0,0.0,0.0,0.0,0.0,0.0,0.7921082377433777,0.04890548810362816,0.03222724050283432,0.052466992288827896,0.07298905402421951,0.0013029881520196795,0.0,0.0,0.0,0.0,77.80889892578125,-1.38657808303833,-21.410734176635742
Green_178.jpg,Green,Green,67.09265899658203,16.551103591918945,-5.236629009246826,8.208497047424316,-10.403671264648438,22.88335609436035,0.008153428323566914,0.008896979503333569,0.014819752424955368,0.01884518750011921,0.014691554009914398,0.014742833562195301,0.03161376342177391,0.03148556500673294,0.032100919634103775,0.03433157131075859,0.0481257364153862,0.3816983699798584,0.360391765832901,0.00010255884262733161,0.0,0.0,0.0,0.0,0.0,0.0,0.0,0.009512332268059254,0.10568688809871674,0.8457258343696594,0.03907492011785507,0.0,0.0,0.0,0.0,0.0,0.0,0.0,0.0,0.0,0.0,0.0,0.0,0.0,0.7892415523529053,0.036690425127744675,0.03192143887281418,0.03161376342177391,0.048997487872838974,0.06125326827168465,0.0002820368099492043,0.0,0.0,0.0,72.94415283203125,-2.097598075866699,-20.393869400024414
Green_179.jpg,Green,Green,65.86322021484375,19.0654296875,-4.938796520233154,7.1864013671875,-10.627323150634766,20.787769317626953,0.012328202836215496,0.01075822301208973,0.015699800103902817,0.025402789935469627,0.037061821669340134,0.036083802580833435,0.02612343616783619,0.019277295097708702,0.017938951030373573,0.02272610366344452,0.04565810412168503,0.2502702474594116,0.480671226978302,0.0,0.0,0.0,0.0,0.0,0.0,0.0,0.0,0.002805373864248395,0.11419674009084702,0.8372883200645447,0.045709580183029175,0.0,0.0,0.0,0.0,0.0,0.0,0.0,0.0,0.0,0.0,0.0,0.0,2.5737375835888088e-05,0.7538734674453735,0.05991661176085472,0.038631800562143326,0.0471508726477623,0.07929685711860657,0.021001698449254036,0.00010294950334355235,0.0,0.0,0.0,76.95243072509766,-2.1520514488220215,-20.941110610961914
Green_18.jpg,Green,Green,37.84052658081055,9.176179885864258,-20.06414031982422,7.205617904663086,29.018951416015625,9.351128578186035,0.0,0.0,0.0027410134207457304,0.08442321419715881,0.19985903799533844,0.1734669953584671,0.23862479627132416,0.23893804848194122,0.04456104710698128,0.008379669860005379,0.008379669860005379,0.00023494400375057012,0.00039157335413619876,0.0,0.0,0.0,0.0,0.0,0.0,0.0,0.0,0.0,0.7220612168312073,0.27284830808639526,0.005090453661978245,0.0,0.0,0.0,0.0,0.0,0.0,0.0,0.0,0.0,0.0,0.0,0.0,0.0,0.0,0.0,0.1093272790312767,0.4409899115562439,0.4496828317642212,0.0,0.0,0.0,0.0,0.0,43.07298278808594,-26.384035110473633,38.31825256347656
Green_180.jpg,Green,Green,69.08755493164062,16.870330810546875,-3.437915325164795,6.73887300491333,-16.129507064819336,18.435832977294922,0.00421546446159482,0.006918121594935656,0.019887473434209824,0.015807991847395897,0.02757049910724163,0.024340908974409103,0.022148186340928078,0.011252570897340775,0.008617905899882317,0.012799374759197235,0.03644337132573128,0.3024935722351074,0.5053118467330933,0.0021927214693278074,0.0,0.0,0.0,0.0,0.0,0.0,0.0,0.0011218575527891517,0.09005456417798996,0.6468528509140015,0.26197072863578796,0.0,0.0,0.0,0.0,0.0,0.0,0.0,0.0,0.0,0.0,0.0,0.0,0.0,0.842786967754364,0.02995019592344761,0.01789872720837593,0.03979194536805153,0.06363991647958755,0.005932246800512075,0.0,0.0,0.0,0.0,78.11991882324219,-1.8458174467086792,-22.70349884033203
Green_181.jpg,Green,Green,69.17979431152344,16.74834442138672,-3.3239965438842773,8.13314151763916,-13.07365608215332,21.988147735595703,0.004366730805486441,0.011887211352586746,0.011439342051744461,0.01795211434364319,0.022356169298291206,0.01716834306716919,0.026946833357214928,0.022094910964369774,0.01756022870540619,0.021311139687895775,0.03597887605428696,0.15401123464107513,0.636161744594574,0.0007651109481230378,0.0,0.0,0.0,0.0,0.0,0.0,0.0,0.005075857974588871,0.11043722927570343,0.35333195328712463,0.5311549305915833,0.0,0.0,0.0,0.0,0.0,0.0,0.0,0.0,0.0,0.0,0.0,0.0,0.0,0.8233526945114136,0.022636087611317635,0.023531826213002205,0.03079104982316494,0.05882023647427559,0.03732248395681381,0.0035456360783427954,0.0,0.0,0.0,76.72127532958984,0.6346489787101746,-23.07364273071289
Green_182.jpg,Green,Green,68.28500366210938,17.294002532958984,-1.945675253868103,6.089500427246094,-17.34662437438965,16.28059959411621,0.014486594125628471,0.006134629249572754,0.012306214310228825,0.02601674012839794,0.023762449622154236,0.02226574718952179,0.010403000749647617,0.004009682219475508,0.010513867251574993,0.02030710130929947,0.06472773104906082,0.3433544635772705,0.4407324492931366,0.0009608455584384501,1.8477798221283592e-05,0.0,0.0,0.0,0.0,0.0,0.0,0.0,0.06966130435466766,0.34765979647636414,0.5826789140701294,0.0,0.0,0.0,0.0,0.0,0.0,0.0,0.0,0.0,0.0,0.0,0.0,1.8477798221283592e-05,0.8637077808380127,0.02342984825372696,0.02873297780752182,0.03499695286154747,0.048966165632009506,0.00014782238577026874,0.0,0.0,0.0,0.0,72.04630279541016,0.7399241924285889,-24.070026397705078
Green_183.jpg,Green,Green,69.078369140625,16.7607479095459,-2.993159294128418,6.580056190490723,-18.874792098999023,17.843809127807617,0.008840909227728844,0.006810096092522144,0.010886992327868938,0.016383931040763855,0.031195126473903656,0.028309233486652374,0.012276495806872845,0.005909208673983812,0.009054679423570633,0.020934173837304115,0.07486525177955627,0.25585195422172546,0.5141775012016296,0.004489166662096977,1.526927371742204e-05,0.0,0.0,0.0,0.0,0.0,0.0,6.107709486968815e-05,0.08098822832107544,0.6665343046188354,0.25241637229919434,0.0,0.0,0.0,0.0,0.0,0.0,0.0,0.0,0.0,0.0,0.0,0.0,9.161564230453223e-05,0.8636453747749329,0.02073567360639572,0.02320929616689682,0.031103510409593582,0.05958070605993271,0.0016338123241439462,0.0,0.0,0.0,0.0,77.93234252929688,-1.455794334411621,-24.676738739013672
Green_184.jpg,Green,Green,69.08262634277344,17.100797653198242,-1.756683349609375,5.742069721221924,-20.5517578125,15.897880554199219,0.0115203857421875,0.0135040283203125,0.0110015869140625,0.0226898193359375,0.028961181640625,0.0076446533203125,0.005767822265625,0.0047454833984375,0.0076141357421875,0.019622802734375,0.0597381591796875,0.3093109130859375,0.4940185546875,0.0038604736328125,0.0,0.0,0.0,0.0,0.0,0.0,0.0,0.0,0.06427001953125,0.349273681640625,0.586456298828125,0.0,0.0,0.0,0.0,0.0,0.0,0.0,0.0,0.0,0.0,0.0,0.0,1.52587890625e-05,0.877593994140625,0.0203399658203125,0.0296173095703125,0.0338592529296875,0.037139892578125,0.001434326171875,0.0,0.0,0.0,0.0,71.8236312866211,0.8807892799377441,-27.21796417236328
Green_185.jpg,Green,Green,68.2528076171875,17.721193313598633,-2.7917072772979736,7.79432487487793,-15.329236030578613,20.83378791809082,0.005583709571510553,0.013747351244091988,0.019883902743458748,0.02004975639283657,0.02216898463666439,0.023127246648073196,0.017230259254574776,0.017617247998714447,0.016806412488222122,0.02242697961628437,0.04560950770974159,0.19976043701171875,0.5749194025993347,0.0010688288602977991,0.0,0.0,0.0,0.0,0.0,0.0,0.0,0.0029116373043507338,0.09903252869844437,0.23433151841163635,0.6637243032455444,0.0,0.0,0.0,0.0,0.0,0.0,0.0,0.0,0.0,0.0,0.0,0.0,0.0,0.8329309821128845,0.02152400277554989,0.025854602456092834,0.03941767290234566,0.05283331871032715,0.024380356073379517,0.0030590619426220655,0.0,0.0,0.0,76.83435821533203,0.3190832734107971,-24.23126792907715
Green_186.jpg,Green,Green,69.31193542480469,17.375732421875,-4.412354469299316,7.312535285949707,-13.184568405151367,20.492544174194336,0.006297205574810505,0.011676068417727947,0.01579923927783966,0.01776711642742157,0.017167381942272186,0.018010757863521576,0.02209644392132759,0.031523510813713074,0.02160916104912758,0.02003485895693302,0.043574415147304535,0.11807260662317276,0.6556028127670288,0.0007684089941903949,0.0,0.0,0.0,0.0,0.0,0.0,0.0,0.007815281860530376,0.09500159323215485,0.8097156882286072,0.08746743947267532,0.0,0.0,0.0,0.0,0.0,0.0,0.0,0.0,0.0,0.0,0.0,0.0,0.0,0.8156755566596985,0.0323481447994709,0.030511461198329926,0.040013495832681656,0.047135334461927414,0.031710926443338394,0.002605093875899911,0.0,0.0,0.0,78.13009643554688,-2.031831741333008,-21.71116065979004
Green_187.jpg,Green,Green,44.84149169921875,17.46913719177246,-8.913037300109863,7.36447811126709,31.496858596801758,19.511938095092773,0.0007853776914998889,0.03834071010351181,0.051049549132585526,0.06554333865642548,0.08524917811155319,0.12494645267724991,0.08332143723964691,0.09510210156440735,0.14965015649795532,0.1325860321521759,0.11109524220228195,0.04383835569024086,0.016778523102402687,0.0017135513480752707,0.0,0.0,0.0,0.0,0.0,0.0,0.0,0.0,0.17178352177143097,0.6538626551628113,0.17435385286808014,0.0,0.0,0.0,0.0,0.0,0.0,0.0,0.0,0.0,0.0,0.0,0.0,0.0,0.0,0.04091103747487068,0.23068684339523315,0.18542052805423737,0.22340425848960876,0.31957733631134033,0.0,0.0,0.0,0.0,56.121707916259766,-15.378010749816895,49.298641204833984
Green_188.jpg,Green,Green,45.04795837402344,18.4365177154541,-14.146169662475586,8.156248092651367,32.07041931152344,18.77924156188965,0.0006771053886041045,0.061193399131298065,0.03267033398151398,0.043757934123277664,0.08997038006782532,0.1642826944589615,0.1018197238445282,0.07431231439113617,0.08353787660598755,0.11840879917144775,0.14320778846740723,0.061531949788331985,0.0217520110309124,0.002877697814255953,0.0,0.0,0.0,0.0,0.0,0.0,0.0,0.0,0.5002115964889526,0.45289885997772217,0.046889547258615494,0.0,0.0,0.0,0.0,0.0,0.0,0.0,0.0,0.0,0.0,0.0,0.0,0.0,0.0,0.0478205680847168,0.18654252588748932,0.19898433983325958,0.2608548402786255,0.3057977259159088,0.0,0.0,0.0,0.0,67.4007568359375,-21.847000122070312,52.45899963378906
Green_189.jpg,Green,Green,47.58422088623047,16.693038940429688,-11.338839530944824,8.07052993774414,31.53233528137207,18.516250610351562,0.0005185569170862436,0.006667160429060459,0.025038892403244972,0.06911622732877731,0.09341432899236679,0.1510482281446457,0.07659826427698135,0.09067337960004807,0.10445218533277512,0.14134380221366882,0.15771538019180298,0.060152605175971985,0.02081635594367981,0.002444625599309802,0.0,0.0,0.0,0.0,0.0,0.0,0.0,0.0,0.35335952043533325,0.4905548691749573,0.15593747794628143,0.00014815911708865315,0.0,0.0,0.0,0.0,0.0,0.0,0.0,0.0,0.0,0.0,0.0,0.0,0.0,0.03126157447695732,0.21157123148441315,0.20268167555332184,0.26150086522102356,0.29298466444015503,0.0,0.0,0.0,0.0,57.05922317504883,-17.733917236328125,48.736961364746094
Green_19.jpg,Green,Green,41.920196533203125,9.46804428100586,-20.990795135498047,7.107219696044922,30.300039291381836,9.404718399047852,0.0,0.0,0.0012730121379718184,0.012925969436764717,0.16137877106666565,0.18292205035686493,0.1563846468925476,0.28574225306510925,0.14855071902275085,0.03505679592490196,0.013611437752842903,0.0017626321641728282,0.00039169605588540435,0.0,0.0,0.0,0.0,0.0,0.0,0.0,0.0,0.0,0.7830983400344849,0.2112220972776413,0.005679592490196228,0.0,0.0,0.0,0.0,0.0,0.0,0.0,0.0,0.0,0.0,0.0,0.0,0.0,0.0,0.00039169605588540435,0.10076380521059036,0.3399921655654907,0.5588523149490356,0.0,0.0,0.0,0.0,0.0,45.597137451171875,-26.202743530273438,37.44633102416992
Green_190.jpg,Green,Green,53.49686813354492,15.007969856262207,-9.071073532104492,7.798483371734619,27.164487838745117,21.983383178710938,0.00024216006568167359,0.0026032207533717155,0.0266376081854105,0.032146748155355453,0.036687251180410385,0.06253783404827118,0.09522944688796997,0.09728780388832092,0.12277515232563019,0.16454777121543884,0.2825402617454529,0.06175081804394722,0.014650683850049973,0.000363240105798468,0.0,0.0,0.0,0.0,0.0,0.0,0.0,0.0,0.25741615891456604,0.5088388323783875,0.2337450087070465,0.0,0.0,0.0,0.0,0.0,0.0,0.0,0.0,0.0,0.0,0.0,0.0,0.0,0.0,0.21382734179496765,0.16030997037887573,0.1270734965801239,0.1858578473329544,0.3129313588142395,0.0,0.0,0.0,0.0,56.893218994140625,-16.75800132751465,49.375431060791016
Green_191.jpg,Green,Green,48.41352081298828,14.064643859863281,-10.48282527923584,7.544524192810059,37.30792999267578,16.9508056640625,0.0010734220268204808,0.006368970964103937,0.02898239530622959,0.03062831051647663,0.050379276275634766,0.0792185515165329,0.14033204317092896,0.20072992146015167,0.15693430602550507,0.13517962396144867,0.10626878589391708,0.057821668684482574,0.006082725245505571,0.0,0.0,0.0,0.0,0.0,0.0,0.0,0.0,0.0,0.2788034975528717,0.5685558915138245,0.15264061093330383,0.0,0.0,0.0,0.0,0.0,0.0,0.0,0.0,0.0,0.0,0.0,0.0,0.0,0.0,0.03349076956510544,0.12093888968229294,0.11779018491506577,0.34628596901893616,0.3814941942691803,0.0,0.0,0.0,0.0,44.69535827636719,-13.34717845916748,41.87748336791992
Green_192.jpg,Green,Green,46.3494873046875,13.896288871765137,-10.178125381469727,7.631820201873779,37.05731201171875,17.526535034179688,0.001312499982304871,0.017812499776482582,0.03125,0.033250000327825546,0.051874998956918716,0.09187500178813934,0.1652500033378601,0.1912499964237213,0.15406249463558197,0.12662500143051147,0.11893749982118607,0.016374999657273293,0.0001250000059371814,0.0,0.0,0.0,0.0,0.0,0.0,0.0,0.0,0.0,0.29106250405311584,0.5552499890327454,0.1536875069141388,0.0,0.0,0.0,0.0,0.0,0.0,0.0,0.0,0.0,0.0,0.0,0.0,0.0,0.0,0.009437499567866325,0.16868749260902405,0.12468750029802322,0.3161250054836273,0.38106250762939453,0.0,0.0,0.0,0.0,44.20330810546875,-12.544321060180664,42.579288482666016
Green_193.jpg,Green,Green,50.40441131591797,15.684671401977539,-8.052485466003418,7.256232738494873,26.894123077392578,21.7934627532959,0.00022647492005489767,0.03142339363694191,0.03487713634967804,0.02864907681941986,0.03080058842897415,0.05299513041973114,0.09738421440124512,0.14794473350048065,0.16725172102451324,0.10774543881416321,0.26656097173690796,0.033801380544900894,0.0002830936573445797,5.6618730013724416e-05,0.0,0.0,0.0,0.0,0.0,0.0,0.0,0.0,0.16555316746234894,0.5078133940696716,0.3266334533691406,0.0,0.0,0.0,0.0,0.0,0.0,0.0,0.0,0.0,0.0,0.0,0.0,0.0,0.0,0.06890499591827393,0.3149699866771698,0.09670478850603104,0.28224435448646545,0.237175852060318,0.0,0.0,0.0,0.0,55.26904296875,-15.105366706848145,49.1359977722168
Green_194.jpg,Green,Green,57.524471282958984,12.069859504699707,-5.801997184753418,7.253526210784912,20.767385482788086,24.394920349121094,0.0016982047818601131,0.005943716503679752,0.009744460694491863,0.008329289965331554,0.013545204885303974,0.024340935051441193,0.06238880753517151,0.1118389144539833,0.10957463830709457,0.18041403591632843,0.40623483061790466,0.061216238886117935,0.004568979609757662,0.0001617337838979438,0.0,0.0,0.0,0.0,0.0,0.0,0.0,0.0,0.092188261449337,0.43676209449768066,0.4710496664047241,0.0,0.0,0.0,0.0,0.0,0.0,0.0,0.0,0.0,0.0,0.0,0.0,0.0,0.0,0.3033317029476166,0.24510754644870758,0.052886947989463806,0.1415979266166687,0.25707584619522095,0.0,0.0,0.0,0.0,65.57610321044922,0.36548542976379395,-2.0490667819976807
Green_195.jpg,Green,Green,52.1226806640625,16.658985137939453,-6.299890041351318,7.96809196472168,21.01791000366211,24.805259704589844,0.002730787033215165,0.011242331005632877,0.021775366738438606,0.04911870136857033,0.0616377629339695,0.07358939200639725,0.08483172208070755,0.08022130280733109,0.07380218058824539,0.17746569216251373,0.288009375333786,0.03723800554871559,0.036493245512247086,0.0018441678257659078,0.0,0.0,0.0,0.0,0.0,0.0,0.0,0.0,0.16445012390613556,0.3784799873828888,0.45706990361213684,0.0,0.0,0.0,0.0,0.0,0.0,0.0,0.0,0.0,0.0,0.0,0.0,0.0,0.0,0.35017910599708557,0.1835656315088272,0.11143029481172562,0.14114977419376373,0.14806540310382843,0.06560982018709183,0.0,0.0,0.0,65.48837280273438,0.4331132769584656,-1.8099374771118164
Green_196.jpg,Green,Green,56.61049270629883,13.072062492370605,-3.9102132320404053,6.861335754394531,16.086021423339844,20.364458084106445,0.00027172858244739473,0.005162843037396669,0.007026124745607376,0.018710453063249588,0.027289314195513725,0.04522339999675751,0.08951515704393387,0.05663600191473961,0.07010597735643387,0.23993633687496185,0.38864952325820923,0.03808081895112991,0.011218508705496788,0.002096191979944706,7.763673784211278e-05,0.0,0.0,0.0,0.0,0.0,0.0,0.0,0.041458018124103546,0.34598812460899353,0.6125538349151611,0.0,0.0,0.0,0.0,0.0,0.0,0.0,0.0,0.0,0.0,0.0,0.0,0.0,0.0,0.007647218648344278,0.6285082101821899,0.07709328085184097,0.14894607663154602,0.13780520856380463,0.0,0.0,0.0,0.0,65.6120376586914,0.9972858428955078,1.084464192390442
Green_197.jpg,Green,Green,45.94280242919922,16.2974796295166,-9.747769355773926,5.580361843109131,36.61766052246094,16.86398696899414,0.00035981577821075916,0.018278641626238823,0.022812319919466972,0.0428900420665741,0.06455095112323761,0.23524755239486694,0.11550085991621017,0.10240356624126434,0.09592688828706741,0.10470639169216156,0.09866148233413696,0.06850892305374146,0.028065631166100502,0.0020149683114141226,7.196315709734336e-05,0.0,0.0,0.0,0.0,0.0,0.0,0.0,0.04519286006689072,0.8734887838363647,0.08131836354732513,0.0,0.0,0.0,0.0,0.0,0.0,0.0,0.0,0.0,0.0,0.0,0.0,0.0,0.0,0.0020149683114141226,0.143782377243042,0.2070380002260208,0.3043321967124939,0.34283247590065,0.0,0.0,0.0,0.0,56.53833770751953,-13.691729545593262,53.40734100341797
Green_198.jpg,Green,Green,52.227806091308594,16.34515953063965,-4.118260860443115,5.58701753616333,24.02947998046875,23.418956756591797,0.0034411561209708452,0.024088094010949135,0.0207616426050663,0.04054829105734825,0.05890112370252609,0.04702913388609886,0.06601284444332123,0.08723331242799759,0.11395962536334991,0.1658637374639511,0.3254186809062958,0.04662766680121422,0.0001147052098531276,0.0,0.0,0.0,0.0,0.0,0.0,0.0,0.0,0.0,0.0012044046306982636,0.5329777598381042,0.4658178389072418,0.0,0.0,0.0,0.0,0.0,0.0,0.0,0.0,0.0,0.0,0.0,0.0,0.0,0.0,0.013764624483883381,0.48503097891807556,0.09078916907310486,0.13735948503017426,0.2730557322502136,0.0,0.0,0.0,0.0,66.05538177490234,0.5258584022521973,1.162356972694397
Green_199.jpg,Green,Green,56.3316764831543,12.172537803649902,-3.250622510910034,7.007336139678955,14.394343376159668,20.401966094970703,0.0005632633692584932,0.006551642436534166,0.007352069020271301,0.010879877023398876,0.02413138933479786,0.03515949100255966,0.08866951614618301,0.07378750294446945,0.08448950201272964,0.2580042779445648,0.40252578258514404,0.007796750869601965,8.893632184481248e-05,0.0,0.0,0.0,0.0,0.0,0.0,0.0,0.0,0.0,0.07924225926399231,0.25717419385910034,0.663583517074585,0.0,0.0,0.0,0.0,0.0,0.0,0.0,0.0,0.0,0.0,0.0,0.0,0.0,0.0,0.01704612746834755,0.659551739692688,0.06486422568559647,0.12987667322158813,0.1267046183347702,0.0019565990660339594,0.0,0.0,0.0,65.72672271728516,1.2521531581878662,0.6692982316017151
Green_2.jpg,Green,Green,41.47629165649414,7.684994220733643,-20.723926544189453,7.113776206970215,28.36841583251953,11.046782493591309,0.0,0.0011335890740156174,0.005231949966400862,0.012905475683510303,0.07220090925693512,0.16131845116615295,0.38297873735427856,0.24494244158267975,0.09574468433856964,0.015695849433541298,0.0074119288474321365,0.0001743983302731067,0.0002615974808577448,0.0,0.0,0.0,0.0,0.0,0.0,0.0,0.0,0.0,0.7685734033584595,0.22410184144973755,0.007324729580432177,0.0,0.0,0.0,0.0,0.0,0.0,0.0,0.0,0.0,0.0,0.0,0.0,0.0,0.0,0.012382281012833118,0.14736658334732056,0.3058074712753296,0.5344436764717102,0.0,0.0,0.0,0.0,0.0,42.91917419433594,-26.084070205688477,36.989105224609375
Green_20.jpg,Green,Green,38.93318557739258,8.797666549682617,-18.729351043701172,7.780241012573242,27.390817642211914,10.00856876373291,0.0,0.0,0.004663258790969849,0.033629272133111954,0.16617344319820404,0.2267061322927475,0.292529821395874,0.18419872224330902,0.056586854159832,0.020536275580525398,0.013810420408844948,0.0005380683578550816,0.0005380683578550816,8.967805479187518e-05,0.0,0.0,0.0,0.0,0.0,0.0,0.0,0.0,0.6545601487159729,0.3426598608493805,0.002780019771307707,0.0,0.0,0.0,0.0,0.0,0.0,0.0,0.0,0.0,0.0,0.0,0.0,0.0,0.0,0.0,0.16267599165439606,0.4133261442184448,0.4239978492259979,0.0,0.0,0.0,0.0,0.0,42.595359802246094,-25.817310333251953,37.1057243347168
Green_200.jpg,Green,Green,57.17765426635742,13.490935325622559,-3.09275484085083,6.29224967956543,16.28737449645996,21.684019088745117,0.0005343022057786584,0.004007266368716955,0.014773455448448658,0.019902756437659264,0.03339388594031334,0.041274845600128174,0.03705385699868202,0.05508655682206154,0.10704744607210159,0.24473711848258972,0.38101089000701904,0.029733916744589806,0.02190639078617096,0.00809467863291502,0.0014426159905269742,0.0,0.0,0.0,0.0,0.0,0.0,0.0,0.04394635558128357,0.3078916370868683,0.6481620073318481,0.0,0.0,0.0,0.0,0.0,0.0,0.0,0.0,0.0,0.0,0.0,0.0,0.0,0.0,0.0029920923989266157,0.6716445684432983,0.06539858877658844,0.10317375510931015,0.13127805292606354,0.025512930005788803,0.0,0.0,0.0,65.6384506225586,1.0149047374725342,1.9399969577789307
Green_201.jpg,Green,Green,51.701595306396484,15.146886825561523,-4.7901740074157715,6.8226847648620605,22.413976669311523,24.266416549682617,0.003445322858169675,0.0173859354108572,0.025272339582443237,0.023479975759983063,0.04162268713116646,0.07539880275726318,0.07575727254152298,0.09607073664665222,0.1473124474287033,0.2536793351173401,0.18132755160331726,0.04305657744407654,0.01619102619588375,0.0,0.0,0.0,0.0,0.0,0.0,0.0,0.0,0.0,0.05295441299676895,0.43996575474739075,0.5070798397064209,0.0,0.0,0.0,0.0,0.0,0.0,0.0,0.0,0.0,0.0,0.0,0.0,0.0,0.0,0.02073168382048607,0.5268356800079346,0.10023301094770432,0.112899050116539,0.18021228909492493,0.05908828228712082,0.0,0.0,0.0,57.864627838134766,1.2094255685806274,1.7581292390823364
Green_202.jpg,Green,Green,51.43291473388672,16.491891860961914,-3.7824432849884033,6.079680442810059,19.334951400756836,22.173484802246094,0.003829583525657654,0.01828170195221901,0.03378239646553993,0.04793817922472954,0.05322665348649025,0.06357564777135849,0.05753493309020996,0.0761585608124733,0.10608857870101929,0.1975426822900772,0.31005948781967163,0.028585106134414673,0.0033964759204536676,0.0,0.0,0.0,0.0,0.0,0.0,0.0,0.0,0.0,0.014999202452600002,0.458888977766037,0.5261118412017822,0.0,0.0,0.0,0.0,0.0,0.0,0.0,0.0,0.0,0.0,0.0,0.0,0.0,0.0,0.011671111918985844,0.5791333317756653,0.10214502364397049,0.12054070085287094,0.16435295343399048,0.02215687558054924,0.0,0.0,0.0,65.59718322753906,1.1042836904525757,1.8672752380371094
Green_203.jpg,Green,Green,55.10727310180664,14.533673286437988,-4.058557033538818,7.601761341094971,16.806055068969727,21.79684829711914,0.008003766648471355,0.017096281051635742,0.015919256955385208,0.017155131325125694,0.02736581861972809,0.04731638357043266,0.04575682803988457,0.07029778510332108,0.12750117480754852,0.18973635137081146,0.42496469616889954,0.008562853559851646,0.0003236817428842187,0.0,0.0,0.0,0.0,0.0,0.0,0.0,0.0,0.0,0.12199858576059341,0.25253060460090637,0.6254708170890808,0.0,0.0,0.0,0.0,0.0,0.0,0.0,0.0,0.0,0.0,0.0,0.0,0.0,0.0,0.012888418510556221,0.6478931307792664,0.05708568915724754,0.0817737728357315,0.1956508904695511,0.004708097781985998,0.0,0.0,0.0,65.7217788696289,1.0656676292419434,1.5962655544281006
Green_204.jpg,Green,Green,51.873260498046875,14.252245903015137,-3.8583192825317383,6.769901275634766,15.313643455505371,17.674978256225586,0.0006194883608259261,0.006559288594871759,0.020625319331884384,0.022155819460749626,0.046643830835819244,0.08235551416873932,0.11865024268627167,0.08108009397983551,0.11314772814512253,0.1986735612154007,0.3081408143043518,0.001275417278520763,7.288098277058452e-05,0.0,0.0,0.0,0.0,0.0,0.0,0.0,0.0,0.0,0.07805553823709488,0.3114568889141083,0.6104875802993774,0.0,0.0,0.0,0.0,0.0,0.0,0.0,0.0,0.0,0.0,0.0,0.0,0.0,0.0,0.0026965965516865253,0.6399314999580383,0.09565629065036774,0.20024050772190094,0.061475109308958054,0.0,0.0,0.0,0.0,65.89167785644531,0.673652708530426,2.4805986881256104
Green_205.jpg,Green,Green,54.07299041748047,14.37116527557373,-2.3097071647644043,5.09765100479126,18.36605453491211,21.15645980834961,0.001235195784829557,0.010789798572659492,0.020090097561478615,0.0303712859749794,0.03701954334974289,0.04486666992306709,0.05827217921614647,0.08642737567424774,0.11807018518447876,0.24700284004211426,0.31243187189102173,0.028409503400325775,0.004613819532096386,0.00039962216396816075,0.0,0.0,0.0,0.0,0.0,0.0,0.0,0.0,0.0,0.3695051968097687,0.6304948329925537,0.0,0.0,0.0,0.0,0.0,0.0,0.0,0.0,0.0,0.0,0.0,0.0,0.0,0.0,0.004105209838598967,0.6126207709312439,0.07247693091630936,0.1446995586156845,0.1660975068807602,0.0,0.0,0.0,0.0,65.76762390136719,0.9629827737808228,2.219697952270508
Green_206.jpg,Green,Green,53.9399299621582,12.37692642211914,-3.5544934272766113,7.41607666015625,16.128210067749023,19.840211868286133,0.0005866924184374511,0.005142186768352985,0.009732192382216454,0.014494754374027252,0.021707620471715927,0.0690571516752243,0.09487161785364151,0.09352567791938782,0.15057288110256195,0.2208034247159958,0.3169519603252411,0.002415792318060994,0.00013804527407046407,0.0,0.0,0.0,0.0,0.0,0.0,0.0,0.0,0.0,0.09656267613172531,0.26273468136787415,0.6407026648521423,0.0,0.0,0.0,0.0,0.0,0.0,0.0,0.0,0.0,0.0,0.0,0.0,0.0,0.0,0.003830756526440382,0.6414964199066162,0.0672280490398407,0.1665516346693039,0.12089315056800842,0.0,0.0,0.0,0.0,65.63105773925781,1.0714120864868164,1.8747984170913696
Green_207.jpg,Green,Green,60.20762252807617,6.7839741706848145,1.3225821256637573,0.645878791809082,2.122363567352295,2.030432939529419,0.0,0.00014250427193474025,0.00247007398866117,0.0024225725792348385,0.001045031356625259,0.0020425613038241863,0.015865476801991463,0.041753754019737244,0.16273988783359528,0.30852174758911133,0.46299639344215393,0.0,0.0,0.0,0.0,0.0,0.0,0.0,0.0,0.0,0.0,0.0,0.0,0.0035151054617017508,0.9964848756790161,0.0,0.0,0.0,0.0,0.0,0.0,0.0,0.0,0.0,0.0,0.0,0.0,0.0,0.0,0.013870416209101677,0.9846095442771912,0.001520045567303896,0.0,0.0,0.0,0.0,0.0,0.0,57.52028274536133,1.3163719177246094,2.0593650341033936
Green_208.jpg,Green,Green,54.460506439208984,14.631255149841309,-1.4876912832260132,4.5879011154174805,15.062320709228516,20.08415412902832,0.005716551560908556,0.018934011459350586,0.015497472137212753,0.021544460207223892,0.02650100737810135,0.05947856977581978,0.05465419963002205,0.05650464445352554,0.11079536378383636,0.23933516442775726,0.38594985008239746,0.00436176173388958,0.0005947857280261815,0.00013217460946179926,0.0,0.0,0.0,0.0,0.0,0.0,0.0,0.0,0.00016521825455129147,0.2946832776069641,0.7051514983177185,0.0,0.0,0.0,0.0,0.0,0.0,0.0,0.0,0.0,0.0,0.0,0.0,0.0,0.0,0.002246968215331435,0.6870766282081604,0.06113075464963913,0.11291015148162842,0.13663549721240997,0.0,0.0,0.0,0.0,65.65186309814453,0.9939990639686584,2.0150022506713867
Green_209.jpg,Green,Green,52.78685760498047,16.9027042388916,-2.9046902656555176,5.2583770751953125,21.586181640625,22.045135498046875,0.0019827703945338726,0.02861342765390873,0.028784357011318207,0.037809379398822784,0.043210718780756,0.056645698845386505,0.05787638574838638,0.07944756001234055,0.10498427599668503,0.17144127190113068,0.31245726346969604,0.05121017247438431,0.024989744648337364,0.0005469711613841355,0.0,0.0,0.0,0.0,0.0,0.0,0.0,0.0,0.0,0.4828045964241028,0.5171954035758972,0.0,0.0,0.0,0.0,0.0,0.0,0.0,0.0,0.0,0.0,0.0,0.0,0.0,0.0,0.00355531251989305,0.5468001961708069,0.08919048309326172,0.12566661834716797,0.23478735983371735,0.0,0.0,0.0,0.0,65.42040252685547,1.1851423978805542,1.981909155845642
Green_21.jpg,Green,Green,40.65043640136719,10.587464332580566,-18.221643447875977,7.808700084686279,26.870071411132812,9.546669960021973,0.0,0.0,0.0037660610396414995,0.02470093034207821,0.17589721083641052,0.24623394012451172,0.18797075748443604,0.14211343228816986,0.13181214034557343,0.060146212577819824,0.025254763662815094,0.0017722640186548233,0.00011076650116592646,0.0002215330023318529,0.0,0.0,0.0,0.0,0.0,0.0,0.0,0.0,0.6251661777496338,0.36353567242622375,0.011298183351755142,0.0,0.0,0.0,0.0,0.0,0.0,0.0,0.0,0.0,0.0,0.0,0.0,0.0,0.0,0.0,0.1624944657087326,0.4145990312099457,0.4229065179824829,0.0,0.0,0.0,0.0,0.0,30.974035263061523,-14.872416496276855,22.219173431396484
Green_210.jpg,Green,Green,53.0767936706543,15.552029609680176,-2.061234951019287,5.548486709594727,14.833086013793945,20.05263900756836,0.0030295217875391245,0.014793090522289276,0.023011473938822746,0.04321902617812157,0.054918140172958374,0.049439217895269394,0.05079283192753792,0.050116024911403656,0.10877272486686707,0.2480662614107132,0.3399187922477722,0.013310558162629604,0.0006123501225374639,0.0,0.0,0.0,0.0,0.0,0.0,0.0,0.0,0.0,0.03944823890924454,0.2763954997062683,0.6841562390327454,0.0,0.0,0.0,0.0,0.0,0.0,0.0,0.0,0.0,0.0,0.0,0.0,0.0,0.0,0.0014180740108713508,0.6900541186332703,0.08920974284410477,0.0963645726442337,0.10993296653032303,0.013020497746765614,0.0,0.0,0.0,65.71200561523438,0.9698077440261841,2.033221960067749
Green_211.jpg,Green,Green,52.12555694580078,15.602168083190918,-1.5817946195602417,5.2018141746521,17.032976150512695,21.250469207763672,0.0013987970305606723,0.014897188171744347,0.02549307607114315,0.04483144357800484,0.04381731525063515,0.057770319283008575,0.07039446383714676,0.08116519451141357,0.12879423797130585,0.2313610315322876,0.25353196263313293,0.027031753212213516,0.017869632691144943,0.0015386767918244004,0.00010490977729205042,0.0,0.0,0.0,0.0,0.0,0.0,0.0,0.010665827430784702,0.3503986597061157,0.6384459137916565,0.0004895789898000658,0.0,0.0,0.0,0.0,0.0,0.0,0.0,0.0,0.0,0.0,0.0,0.0,0.0,0.00790320336818695,0.6282696723937988,0.10606378316879272,0.10872150212526321,0.11207861453294754,0.03696321323513985,0.0,0.0,0.0,57.91019821166992,1.463323950767517,1.927930235862732
Green_212.jpg,Green,Green,52.431488037109375,16.602174758911133,-2.1663413047790527,5.108123779296875,14.59389877319336,19.337177276611328,0.005018169060349464,0.020665958523750305,0.033124860376119614,0.034212544560432434,0.06002027168869972,0.062047313898801804,0.04269151762127876,0.0476108081638813,0.10595011711120605,0.23592811822891235,0.3197537958621979,0.0202951580286026,0.01038241945207119,0.002298964187502861,0.0,0.0,0.0,0.0,0.0,0.0,0.0,0.0,0.017229871824383736,0.3399994969367981,0.6427706480026245,0.0,0.0,0.0,0.0,0.0,0.0,0.0,0.0,0.0,0.0,0.0,0.0,0.0,0.0,0.006377771962434053,0.6857587695121765,0.08906632661819458,0.1018713042140007,0.11450324952602386,0.0024225644301623106,0.0,0.0,0.0,65.42566680908203,0.746126651763916,2.2201077938079834
Green_22.jpg,Green,Green,41.95905303955078,8.543120384216309,-20.6308536529541,6.613531112670898,30.943025588989258,9.381178855895996,0.0,0.0,0.0010017530294135213,0.007012271322309971,0.10217881202697754,0.1740545928478241,0.3328324556350708,0.22614575922489166,0.09191084653139114,0.04783370718359947,0.01515151560306549,0.0005008765147067606,0.0008765339152887464,0.0005008765147067606,0.0,0.0,0.0,0.0,0.0,0.0,0.0,0.0,0.7876283526420593,0.20636112987995148,0.006010518409311771,0.0,0.0,0.0,0.0,0.0,0.0,0.0,0.0,0.0,0.0,0.0,0.0,0.0,0.0,0.0003756574005819857,0.08702729642391205,0.3471074402332306,0.5654895901679993,0.0,0.0,0.0,0.0,0.0,42.726234436035156,-25.05169105529785,38.464656829833984
Green_23.jpg,Green,Green,37.5390510559082,8.690587043762207,-18.95832633972168,8.16417121887207,27.15149688720703,10.215751647949219,0.0,0.0,0.0037605524994432926,0.07935533672571182,0.15487337112426758,0.23338449001312256,0.28150421380996704,0.19562548398971558,0.030928626656532288,0.008595548570156097,0.010514197871088982,0.0013814275152981281,7.674597145523876e-05,0.0,0.0,0.0,0.0,0.0,0.0,0.0,0.0,0.0,0.6579431891441345,0.331696093082428,0.01036070566624403,0.0,0.0,0.0,0.0,0.0,0.0,0.0,0.0,0.0,0.0,0.0,0.0,0.0,0.0,0.0,0.17536453902721405,0.3886415958404541,0.43599385023117065,0.0,0.0,0.0,0.0,0.0,42.19590759277344,-26.577457427978516,36.94963073730469
Green_24.jpg,Green,Green,42.126914978027344,11.330836296081543,-21.01663589477539,7.321543216705322,29.655967712402344,9.82650089263916,0.0,0.0,0.0018744142726063728,0.03959700092673302,0.22453920543193817,0.09723524004220963,0.12917837500572205,0.17650733888149261,0.24570447206497192,0.0738050639629364,0.011402687057852745,0.0001562011893838644,0.0,0.0,0.0,0.0,0.0,0.0,0.0,0.0,0.0,0.0,0.7878788113594055,0.19689159095287323,0.01522961538285017,0.0,0.0,0.0,0.0,0.0,0.0,0.0,0.0,0.0,0.0,0.0,0.0,0.0,0.0,7.81005946919322e-05,0.11879100650548935,0.3972977101802826,0.4838331639766693,0.0,0.0,0.0,0.0,0.0,29.573015213012695,-19.1402645111084,24.362903594970703
Green_25.jpg,Green,Green,40.82436752319336,8.53891658782959,-20.292810440063477,7.423288345336914,28.296525955200195,9.570021629333496,0.0,0.0,7.738140993751585e-05,0.005184554494917393,0.13534009456634521,0.23067399859428406,0.2800433337688446,0.20985838770866394,0.09502437710762024,0.030256131663918495,0.012148882262408733,0.0006190512795001268,0.00038690707879140973,0.00038690707879140973,0.0,0.0,0.0,0.0,0.0,0.0,0.0,0.0,0.725373387336731,0.27191829681396484,0.0027083493769168854,0.0,0.0,0.0,0.0,0.0,0.0,0.0,0.0,0.0,0.0,0.0,0.0,0.0,0.0,0.00038690707879140973,0.1266733705997467,0.39843690395355225,0.474502831697464,0.0,0.0,0.0,0.0,0.0,43.818878173828125,-26.627296447753906,36.73269271850586
Green_26.jpg,Green,Green,35.793235778808594,8.645121574401855,-18.745695114135742,7.470921039581299,25.041988372802734,8.798771858215332,0.0,0.0005089490441605449,0.0025447451043874025,0.05123420059680939,0.30689626932144165,0.2738145589828491,0.20722708106040955,0.0935617983341217,0.034438882023096085,0.01688014343380928,0.011366528458893299,0.0006785987061448395,0.0007634235080331564,8.482483826810494e-05,0.0,0.0,0.0,0.0,0.0,0.0,0.0,0.0,0.6552718877792358,0.3342946767807007,0.010433454997837543,0.0,0.0,0.0,0.0,0.0,0.0,0.0,0.0,0.0,0.0,0.0,0.0,0.0,0.0,0.0005089490441605449,0.18339130282402039,0.5518704056739807,0.26422935724258423,0.0,0.0,0.0,0.0,0.0,30.67104148864746,-18.03491973876953,24.801076889038086
Green_27.jpg,Green,Green,37.370811462402344,9.472663879394531,-18.37002182006836,7.147504806518555,24.488880157470703,8.71882438659668,0.0,0.00010344471229473129,0.0028964518569409847,0.04044688120484352,0.3003000020980835,0.21237199008464813,0.22375090420246124,0.10065170377492905,0.08265232294797897,0.018102824687957764,0.017999378964304924,0.00041377884917892516,0.000310334115056321,0.0,0.0,0.0,0.0,0.0,0.0,0.0,0.0,0.0,0.6158063411712646,0.37498706579208374,0.009206579066812992,0.0,0.0,0.0,0.0,0.0,0.0,0.0,0.0,0.0,0.0,0.0,0.0,0.0,0.0,0.00020688942458946258,0.18102824687957764,0.5802213549613953,0.23854349553585052,0.0,0.0,0.0,0.0,0.0,30.818891525268555,-18.01458740234375,24.144617080688477
Green_28.jpg,Green,Green,40.54322814941406,9.054527282714844,-19.326824188232422,6.647429943084717,27.124292373657227,9.019981384277344,0.0,0.0,0.0006027727504260838,0.010608800686895847,0.14719711244106293,0.27281495928764343,0.20144665241241455,0.20952381193637848,0.11440626531839371,0.023869801312685013,0.017842072993516922,0.00048221819452010095,0.0008438818622380495,0.0003616636386141181,0.0,0.0,0.0,0.0,0.0,0.0,0.0,0.0,0.6925858855247498,0.2959614098072052,0.011452682316303253,0.0,0.0,0.0,0.0,0.0,0.0,0.0,0.0,0.0,0.0,0.0,0.0,0.0,0.0,0.00012055454863002524,0.13417720794677734,0.4257986843585968,0.4399035573005676,0.0,0.0,0.0,0.0,0.0,31.443584442138672,-16.954904556274414,23.835376739501953
Green_29.jpg,Green,Green,40.824005126953125,11.60044002532959,-18.73567008972168,8.574840545654297,25.545705795288086,11.006114959716797,0.0,0.0,0.002456453861668706,0.04957570508122444,0.19874943792819977,0.15669196844100952,0.17753461003303528,0.271773099899292,0.059550393372774124,0.011761202476918697,0.05523299053311348,0.016450796276330948,0.00022331398213282228,0.0,0.0,0.0,0.0,0.0,0.0,0.0,0.0,0.0,0.6694952845573425,0.3220187723636627,0.008485930971801281,0.0,0.0,0.0,0.0,0.0,0.0,0.0,0.0,0.0,0.0,0.0,0.0,0.0,0.0,0.0,0.20247134566307068,0.4271996319293976,0.37032902240753174,0.0,0.0,0.0,0.0,0.0,45.51015090942383,-26.517105102539062,37.01328659057617
Green_3.jpg,Green,Green,37.80669021606445,10.637569427490234,-15.880498886108398,7.747354984283447,22.71751594543457,9.31525707244873,0.0,0.0008184980833902955,0.029261305928230286,0.07601800560951233,0.20667076110839844,0.1693267822265625,0.22263146936893463,0.16083486378192902,0.10446081310510635,0.014835277572274208,0.01370984222739935,0.0007161857793107629,0.0005115612875670195,0.00020462452084757388,0.0,0.0,0.0,0.0,0.0,0.0,0.0,0.0,0.47667279839515686,0.5072641968727112,0.0160630252212286,0.0,0.0,0.0,0.0,0.0,0.0,0.0,0.0,0.0,0.0,0.0,0.0,0.0,0.0,0.006547984667122364,0.2174135446548462,0.5731532573699951,0.2028852105140686,0.0,0.0,0.0,0.0,0.0,30.705934524536133,-15.127717018127441,21.691123962402344
Green_30.jpg,Green,Green,37.597251892089844,11.185264587402344,-18.34022331237793,7.993037700653076,23.82550621032715,9.443249702453613,0.0,0.000803447503130883,0.01197867188602686,0.0940033569931984,0.2382587045431137,0.1364399939775467,0.25724929571151733,0.15280111134052277,0.05434226989746094,0.008472719229757786,0.042363595217466354,0.0032868308480829,0.0,0.0,0.0,0.0,0.0,0.0,0.0,0.0,0.0,0.0,0.6369878053665161,0.3522021770477295,0.010810021311044693,0.0,0.0,0.0,0.0,0.0,0.0,0.0,0.0,0.0,0.0,0.0,0.0,0.0,0.0,7.304068276425824e-05,0.20648601651191711,0.5558395981788635,0.23760133981704712,0.0,0.0,0.0,0.0,0.0,29.71625518798828,-17.248781204223633,22.265396118164062
Green_31.jpg,Green,Green,36.97813034057617,7.514969825744629,-18.788219451904297,6.356246471405029,26.127742767333984,7.883306980133057,0.0,9.379102993989363e-05,0.0007503282395191491,0.01585068553686142,0.17567060887813568,0.40695929527282715,0.25586193799972534,0.08309885859489441,0.035171639174222946,0.013693490996956825,0.012286625802516937,0.000562746194191277,0.0,0.0,0.0,0.0,0.0,0.0,0.0,0.0,0.0,0.0,0.6726692914962769,0.3251735270023346,0.0021571938414126635,0.0,0.0,0.0,0.0,0.0,0.0,0.0,0.0,0.0,0.0,0.0,0.0,0.0,0.0,0.0,0.11752016842365265,0.6285874843597412,0.25389233231544495,0.0,0.0,0.0,0.0,0.0,32.124454498291016,-17.89128303527832,24.557750701904297
Green_32.jpg,Green,Green,36.691532135009766,11.150984764099121,-17.845630645751953,8.096490859985352,22.833566665649414,9.331615447998047,0.0,0.0017234304687008262,0.010094378143548965,0.08510463684797287,0.23791547119617462,0.2450553923845291,0.2512105107307434,0.08091916143894196,0.01797291822731495,0.011489536613225937,0.04341403394937515,0.014033648185431957,0.001066885539330542,0.0,0.0,0.0,0.0,0.0,0.0,0.0,0.0,0.0,0.6308575868606567,0.3445219397544861,0.024620434269309044,0.0,0.0,0.0,0.0,0.0,0.0,0.0,0.0,0.0,0.0,0.0,0.0,0.0,0.0,0.00032827246468514204,0.239310622215271,0.5634796619415283,0.19688141345977783,0.0,0.0,0.0,0.0,0.0,30.738218307495117,-18.645244598388672,23.833892822265625
Green_33.jpg,Green,Green,37.740562438964844,10.749759674072266,-17.820783615112305,7.17179536819458,24.109661102294922,8.201631546020508,0.00023943492851685733,0.0023943493142724037,0.013288638554513454,0.06548545509576797,0.1667664349079132,0.3444271385669708,0.16377349197864532,0.1022387146949768,0.07637974619865417,0.037112414836883545,0.01927451230585575,0.0023943493142724037,0.0047886986285448074,0.0014366096584126353,0.0,0.0,0.0,0.0,0.0,0.0,0.0,0.0,0.6781994700431824,0.2867233455181122,0.03507721796631813,0.0,0.0,0.0,0.0,0.0,0.0,0.0,0.0,0.0,0.0,0.0,0.0,0.0,0.0,0.00023943492851685733,0.1714354157447815,0.5994253754615784,0.2288997918367386,0.0,0.0,0.0,0.0,0.0,31.56429100036621,-18.226423263549805,25.312158584594727
Green_34.jpg,Green,Green,39.51811218261719,11.16422176361084,-17.597610473632812,5.9376091957092285,24.550256729125977,7.318307876586914,0.0,0.0005480653489939868,0.003069165861234069,0.03376082330942154,0.2887208163738251,0.16946180164813995,0.15367752313613892,0.14041434228420258,0.10764002799987793,0.08725199848413467,0.013811246491968632,0.0012057437561452389,0.0004384522617328912,0.0,0.0,0.0,0.0,0.0,0.0,0.0,0.0,0.0,0.6006795763969421,0.3971281349658966,0.0021922613959759474,0.0,0.0,0.0,0.0,0.0,0.0,0.0,0.0,0.0,0.0,0.0,0.0,0.0,0.0,0.0,0.14216814935207367,0.6967006325721741,0.16113120317459106,0.0,0.0,0.0,0.0,0.0,30.4486083984375,-18.471254348754883,25.273632049560547
Green_35.jpg,Green,Green,37.06936264038086,9.650946617126465,-18.40704917907715,6.271415710449219,24.80982208251953,7.990551948547363,0.0,0.00047524753608740866,0.002930693095549941,0.08364356309175491,0.23445545136928558,0.24982178211212158,0.1831287145614624,0.12300989776849747,0.09243564307689667,0.018455445766448975,0.010376237332820892,0.0009504950721748173,0.0003168316907249391,0.0,0.0,0.0,0.0,0.0,0.0,0.0,0.0,0.00015841584536246955,0.6420593857765198,0.35500991344451904,0.002772277221083641,0.0,0.0,0.0,0.0,0.0,0.0,0.0,0.0,0.0,0.0,0.0,0.0,0.0,0.0,7.920792268123478e-05,0.16142573952674866,0.6269307136535645,0.21156436204910278,0.0,0.0,0.0,0.0,0.0,30.64121437072754,-16.624557495117188,23.89575958251953
Green_36.jpg,Green,Green,38.54510498046875,12.640893936157227,-18.03188705444336,8.350137710571289,22.687971115112305,9.854127883911133,0.0,6.842753646196797e-05,0.003900369396433234,0.1426714062690735,0.20781442523002625,0.12905433773994446,0.1482824683189392,0.25612425804138184,0.02593403495848179,0.010948405601084232,0.06740111857652664,0.006705898325890303,0.000957985466811806,0.00013685507292393595,0.0,0.0,0.0,0.0,0.0,0.0,0.0,6.842753646196797e-05,0.6531408429145813,0.3233885169029236,0.023402217775583267,0.0,0.0,0.0,0.0,0.0,0.0,0.0,0.0,0.0,0.0,0.0,0.0,0.0,0.0,0.0,0.2550294101238251,0.5323662161827087,0.212604358792305,0.0,0.0,0.0,0.0,0.0,29.696033477783203,-17.617860794067383,21.478940963745117
Green_37.jpg,Green,Green,39.12897491455078,8.504793167114258,-19.016921997070312,6.3712286949157715,26.828975677490234,7.674386501312256,0.0,0.0,0.0009048954816535115,0.01493077538907528,0.1398063451051712,0.3272102177143097,0.2361777275800705,0.17826440930366516,0.06714324653148651,0.020812595263123512,0.013301963917911053,0.0012668536510318518,0.00018097909924108535,0.0,0.0,0.0,0.0,0.0,0.0,0.0,0.0,0.0,0.6933309435844421,0.30295899510383606,0.0037100715562701225,0.0,0.0,0.0,0.0,0.0,0.0,0.0,0.0,0.0,0.0,0.0,0.0,0.0,0.0,0.00027146865613758564,0.10858745872974396,0.5731608271598816,0.31798025965690613,0.0,0.0,0.0,0.0,0.0,32.027767181396484,-17.829395294189453,25.44670295715332
Green_38.jpg,Green,Green,39.7150993347168,8.81422233581543,-18.029258728027344,7.309946060180664,26.27240562438965,8.36241626739502,0.0,0.0001681520079728216,0.0012611401034519076,0.02076677232980728,0.18143601715564728,0.19144105911254883,0.2955271601676941,0.19118884205818176,0.0735665038228035,0.035059694200754166,0.008659828454256058,0.0005885320133529603,0.0003363040159456432,0.0,0.0,0.0,0.0,0.0,0.0,0.0,0.0,0.0,0.6310744881629944,0.3536236882209778,0.015301832929253578,0.0,0.0,0.0,0.0,0.0,0.0,0.0,0.0,0.0,0.0,0.0,0.0,0.0,0.0,0.0,0.13712796568870544,0.5047082304954529,0.3581637740135193,0.0,0.0,0.0,0.0,0.0,42.709716796875,-15.50460147857666,22.341411590576172
Green_39.jpg,Green,Green,40.06086730957031,9.453679084777832,-17.129558563232422,7.540613651275635,26.344804763793945,7.856817722320557,0.00011394712782930583,0.0005697356536984444,0.0031905195210129023,0.018915222957730293,0.12272106111049652,0.28122150897979736,0.28988149762153625,0.1533728390932083,0.06654512137174606,0.035095714032649994,0.01937101222574711,0.004671832080930471,0.0031905195210129023,0.0011394713073968887,0.0,0.0,0.0,0.0,0.0,0.0,0.0,0.0,0.6067684888839722,0.36770737171173096,0.025524156168103218,0.0,0.0,0.0,0.0,0.0,0.0,0.0,0.0,0.0,0.0,0.0,0.0,0.0,0.0,0.0005697356536984444,0.12180948257446289,0.5470601916313171,0.3305606245994568,0.0,0.0,0.0,0.0,0.0,31.975465774536133,-14.978070259094238,24.1878662109375
Green_4.jpg,Green,Green,39.09428405761719,8.643309593200684,-19.89525604248047,6.610270023345947,27.83423614501953,10.29708480834961,0.0009551098337396979,0.003077576169744134,0.007428632117807865,0.019526690244674683,0.105804942548275,0.31826382875442505,0.2542714774608612,0.21118539571762085,0.04404117539525032,0.01995118334889412,0.0118858115747571,0.002016342943534255,0.0013796030543744564,0.00021224662486929446,0.0,0.0,0.0,0.0,0.0,0.0,0.0,0.0,0.757826566696167,0.22837737202644348,0.013796030543744564,0.0,0.0,0.0,0.0,0.0,0.0,0.0,0.0,0.0,0.0,0.0,0.0,0.0,0.0,0.01995118334889412,0.12501326203346252,0.33248433470726013,0.5225511789321899,0.0,0.0,0.0,0.0,0.0,42.75418472290039,-24.99938201904297,35.52997589111328
Green_40.jpg,Green,Green,41.26725387573242,9.902351379394531,-18.912378311157227,5.520148277282715,27.008495330810547,7.177676677703857,0.0,0.0,0.00012135922588640824,0.005218446720391512,0.17390777170658112,0.2444174736738205,0.183616504073143,0.17014563083648682,0.14114077389240265,0.0625,0.017839806154370308,0.001092232996597886,0.0,0.0,0.0,0.0,0.0,0.0,0.0,0.0,0.0,0.00048543690354563296,0.7047330141067505,0.29441747069358826,0.0003640776558313519,0.0,0.0,0.0,0.0,0.0,0.0,0.0,0.0,0.0,0.0,0.0,0.0,0.0,0.0,0.0,0.09939320385456085,0.5832524299621582,0.31735438108444214,0.0,0.0,0.0,0.0,0.0,31.48052215576172,-17.843042373657227,25.333580017089844
Green_41.jpg,Green,Green,37.59878158569336,9.046797752380371,-19.40228271484375,6.439276695251465,27.422393798828125,7.49036979675293,0.0,0.00031058312742970884,0.002329373499378562,0.039444055408239365,0.2667132616043091,0.2177964150905609,0.20413075387477875,0.17726531624794006,0.06693065911531448,0.013976240530610085,0.009628077037632465,0.0010870408732444048,0.00031058312742970884,7.764578185742721e-05,0.0,0.0,0.0,0.0,0.0,0.0,0.0,0.00015529156371485442,0.7244351506233215,0.273779034614563,0.001630561426281929,0.0,0.0,0.0,0.0,0.0,0.0,0.0,0.0,0.0,0.0,0.0,0.0,0.0,0.0,0.0,0.09100085496902466,0.5451509952545166,0.36384811997413635,0.0,0.0,0.0,0.0,0.0,30.487144470214844,-17.3111572265625,24.816526412963867
Green_42.jpg,Green,Green,39.16923522949219,11.17632007598877,-17.8321475982666,7.78785514831543,25.868562698364258,8.873800277709961,0.0,0.0,0.0032038758508861065,0.08759865909814835,0.22434945404529572,0.13612565398216248,0.1630069613456726,0.20707978308200836,0.13604751229286194,0.01086192112416029,0.013440649956464767,0.017894819378852844,0.000390716566471383,0.0,0.0,0.0,0.0,0.0,0.0,0.0,0.0,0.0,0.6349144577980042,0.3491443395614624,0.015941236168146133,0.0,0.0,0.0,0.0,0.0,0.0,0.0,0.0,0.0,0.0,0.0,0.0,0.0,0.0,0.0,0.1512073129415512,0.5120731592178345,0.3367195427417755,0.0,0.0,0.0,0.0,0.0,29.425800323486328,-17.629297256469727,23.831552505493164
Green_43.jpg,Green,Green,41.5716667175293,8.508912086486816,-22.520063400268555,6.331380844116211,31.680875778198242,8.5895357131958,0.0,0.0,0.0,0.005002605728805065,0.10380406677722931,0.24658676981925964,0.2418968230485916,0.24481500685214996,0.12193851172924042,0.017196455970406532,0.015528921037912369,0.0019801980815827847,0.0009379885159432888,0.00031266285805031657,0.0,0.0,0.0,0.0,0.0,0.0,0.0,0.0,0.8255341053009033,0.1740489900112152,0.0004168837913312018,0.0,0.0,0.0,0.0,0.0,0.0,0.0,0.0,0.0,0.0,0.0,0.0,0.0,0.0,0.000521104724612087,0.06618030369281769,0.3266284465789795,0.6066701412200928,0.0,0.0,0.0,0.0,0.0,43.9036865234375,-27.240375518798828,38.13267517089844
Green_44.jpg,Green,Green,39.868980407714844,8.471510887145996,-21.182388305664062,7.274208068847656,29.177616119384766,8.792752265930176,0.0,0.0,0.00037432153476402164,0.016938049346208572,0.13250982761383057,0.2686692774295807,0.2889762222766876,0.17405951023101807,0.07664233446121216,0.028261275961995125,0.013007673434913158,0.00037432153476402164,0.00018716076738201082,0.0,0.0,0.0,0.0,0.0,0.0,0.0,0.0,0.0,0.7565973997116089,0.24265393614768982,0.0007486430695280433,0.0,0.0,0.0,0.0,0.0,0.0,0.0,0.0,0.0,0.0,0.0,0.0,0.0,0.0,0.0,0.09432902932167053,0.39715516567230225,0.5085158348083496,0.0,0.0,0.0,0.0,0.0,42.79066848754883,-27.541767120361328,37.169471740722656
Green_45.jpg,Green,Green,42.86928176879883,9.347159385681152,-20.75591278076172,6.770634174346924,29.315505981445312,8.416410446166992,0.0,0.0,0.0006856359541416168,0.009941721335053444,0.0727916806936264,0.2453433871269226,0.2646554708480835,0.1514112651348114,0.15655353665351868,0.0774768590927124,0.020454805344343185,0.0002285453083459288,0.0002285453083459288,0.0002285453083459288,0.0,0.0,0.0,0.0,0.0,0.0,0.0,0.0,0.7505428194999695,0.2436293065547943,0.005827905610203743,0.0,0.0,0.0,0.0,0.0,0.0,0.0,0.0,0.0,0.0,0.0,0.0,0.0,0.0,0.0,0.08673294633626938,0.4213232696056366,0.4919437766075134,0.0,0.0,0.0,0.0,0.0,42.22093963623047,-26.903629302978516,36.774192810058594
Green_46.jpg,Green,Green,41.31813430786133,10.822980880737305,-20.032136917114258,6.141528129577637,27.9348201751709,7.596674919128418,0.0,0.0002263211499666795,0.0011316057061776519,0.015616158954799175,0.16826976835727692,0.24793481826782227,0.20504696667194366,0.12685300409793854,0.11712119728326797,0.07977820187807083,0.03541925922036171,0.002036890247836709,0.0002263211499666795,0.00033948171767406166,0.0,0.0,0.0,0.0,0.0,0.0,0.0,0.0,0.7225302457809448,0.2769039273262024,0.0005658028530888259,0.0,0.0,0.0,0.0,0.0,0.0,0.0,0.0,0.0,0.0,0.0,0.0,0.0,0.0,0.0,0.09414959698915482,0.48421409726142883,0.42163631319999695,0.0,0.0,0.0,0.0,0.0,30.3350830078125,-18.15730857849121,25.527061462402344
Green_47.jpg,Green,Green,40.70249557495117,9.07544231414795,-20.151920318603516,6.36935567855835,27.305147171020508,7.700760841369629,0.0,0.0,0.0,0.010959179140627384,0.16066759824752808,0.24653126299381256,0.16911321878433228,0.24502313137054443,0.13693946599960327,0.020309671759605408,0.01005429308861494,0.00020108585886191577,0.00020108585886191577,0.0,0.0,0.0,0.0,0.0,0.0,0.0,0.0,0.0,0.7406997680664062,0.2573899030685425,0.001910315710119903,0.0,0.0,0.0,0.0,0.0,0.0,0.0,0.0,0.0,0.0,0.0,0.0,0.0,0.0,0.0,0.10064347833395004,0.5463503003120422,0.3530062437057495,0.0,0.0,0.0,0.0,0.0,31.331602096557617,-16.55817985534668,23.042312622070312
Green_48.jpg,Green,Green,40.67927169799805,10.204383850097656,-20.908424377441406,7.497797966003418,28.798128128051758,9.137506484985352,0.0,0.0,0.0020187189802527428,0.01798495091497898,0.206551656126976,0.24747660756111145,0.08882363885641098,0.21205726265907288,0.18819966912269592,0.02147183008491993,0.013672233559191227,0.0008258395828306675,0.0006423196755349636,0.00027527986094355583,0.0,0.0,0.0,0.0,0.0,0.0,0.0,9.175995364785194e-05,0.7506881952285767,0.24417324364185333,0.005046797450631857,0.0,0.0,0.0,0.0,0.0,0.0,0.0,0.0,0.0,0.0,0.0,0.0,0.0,0.0,0.0,0.11029546707868576,0.4166819453239441,0.47302258014678955,0.0,0.0,0.0,0.0,0.0,30.59959602355957,-16.28343963623047,23.264968872070312
Green_49.jpg,Green,Green,43.48488998413086,7.9751057624816895,-18.72024917602539,6.651412010192871,28.9976749420166,9.466727256774902,0.0,0.0,0.00021137180738151073,0.0067638978362083435,0.05094060301780701,0.15747199952602386,0.3065947890281677,0.2779539227485657,0.15039104223251343,0.025998732075095177,0.019974635913968086,0.0034876347053796053,0.00021137180738151073,0.0,0.0,0.0,0.0,0.0,0.0,0.0,0.0,0.0,0.6580004096031189,0.3387233018875122,0.0032762628979980946,0.0,0.0,0.0,0.0,0.0,0.0,0.0,0.0,0.0,0.0,0.0,0.0,0.0,0.0,0.0,0.10145846754312515,0.44673430919647217,0.4518072307109833,0.0,0.0,0.0,0.0,0.0,44.05684280395508,-24.153915405273438,37.45388412475586
Green_5.jpg,Green,Green,41.18217849731445,9.700499534606934,-19.98309898376465,7.666810989379883,27.16689109802246,12.047143936157227,0.0,0.0012021780712530017,0.010466020554304123,0.02998373471200466,0.09299200773239136,0.2523159682750702,0.17127501964569092,0.33045753836631775,0.06265468895435333,0.00806166511029005,0.03818683326244354,0.0021214906591922045,0.000282865425106138,0.0,0.0,0.0,0.0,0.0,0.0,0.0,0.0,0.0,0.7570893168449402,0.23633407056331635,0.006576620973646641,0.0,0.0,0.0,0.0,0.0,0.0,0.0,0.0,0.0,0.0,0.0,0.0,0.0,0.0,0.04582419991493225,0.13966479897499084,0.28067320585250854,0.5338377952575684,0.0,0.0,0.0,0.0,0.0,45.09083938598633,-25.09789276123047,35.86451721191406
Green_50.jpg,Green,Green,42.48849105834961,9.479789733886719,-19.101581573486328,9.013773918151855,28.38533592224121,10.649812698364258,0.0001817190641304478,0.0012720334343612194,0.007177902851253748,0.031073959544301033,0.08749772608280182,0.12293294817209244,0.29474830627441406,0.2784844636917114,0.10312556475400925,0.049245864152908325,0.023805197328329086,9.08595320652239e-05,0.0001817190641304478,0.0001817190641304478,0.0,0.0,0.0,0.0,0.0,0.0,0.0,0.0,0.6332909464836121,0.3479011356830597,0.018807923421263695,0.0,0.0,0.0,0.0,0.0,0.0,0.0,0.0,0.0,0.0,0.0,0.0,0.0,0.0,9.08595320652239e-05,0.15518808364868164,0.3625295162200928,0.4821915328502655,0.0,0.0,0.0,0.0,0.0,43.653160095214844,-27.37847137451172,38.03052520751953
Green_51.jpg,Green,Green,41.810367584228516,10.087334632873535,-18.538551330566406,8.638651847839355,28.97481346130371,10.071287155151367,0.0,0.0029555384535342455,0.011822153814136982,0.03135440871119499,0.0636083260178566,0.2349010556936264,0.2604728937149048,0.21254175901412964,0.09393472224473953,0.05255718156695366,0.03212541714310646,0.0015420200070366263,0.0007710100035183132,0.0012850166531279683,0.00012850167695432901,0.0,0.0,0.0,0.0,0.0,0.0,0.0,0.6434078812599182,0.3333333432674408,0.02325880154967308,0.0,0.0,0.0,0.0,0.0,0.0,0.0,0.0,0.0,0.0,0.0,0.0,0.0,0.0,0.0,0.13916730880737305,0.3215111792087555,0.5393214821815491,0.0,0.0,0.0,0.0,0.0,43.2977409362793,-26.23017120361328,37.61823654174805
Green_52.jpg,Green,Green,44.838401794433594,9.974271774291992,-18.224130630493164,5.959137439727783,27.821210861206055,9.137353897094727,0.0,0.0,0.0,0.004004650749266148,0.04663480073213577,0.24040821194648743,0.20294535160064697,0.16354475915431976,0.1804676353931427,0.13912931084632874,0.0184730663895607,0.0010334581602364779,0.002842009998857975,0.0005167290801182389,0.0,0.0,0.0,0.0,0.0,0.0,0.0,0.0,0.6500452160835266,0.34762951731681824,0.002325281035155058,0.0,0.0,0.0,0.0,0.0,0.0,0.0,0.0,0.0,0.0,0.0,0.0,0.0,0.0,0.0009042759193107486,0.12091460824012756,0.49864357709884644,0.37953752279281616,0.0,0.0,0.0,0.0,0.0,33.06233596801758,-17.484392166137695,25.53121566772461
Green_53.jpg,Green,Green,43.22158432006836,9.853106498718262,-19.15602684020996,9.007600784301758,28.186248779296875,10.538674354553223,0.0,0.0025035764556378126,0.006706008687615395,0.03040057234466076,0.07090486586093903,0.17981044948101044,0.19206008315086365,0.25992488861083984,0.19027180969715118,0.041487839072942734,0.024499284103512764,0.0011623748578131199,8.941345004132017e-05,0.00017882690008264035,0.0,0.0,0.0,0.0,0.0,0.0,0.0,0.0,0.6498569250106812,0.3285944163799286,0.0213698148727417,0.00017882690008264035,0.0,0.0,0.0,0.0,0.0,0.0,0.0,0.0,0.0,0.0,0.0,0.0,0.0,0.0003576538001652807,0.15459585189819336,0.3647174537181854,0.4803290367126465,0.0,0.0,0.0,0.0,0.0,44.340667724609375,-27.630802154541016,38.335121154785156
Green_54.jpg,Green,Green,42.201416015625,8.956866264343262,-19.042409896850586,7.175983428955078,29.384492874145508,9.806112289428711,0.0,0.0,0.0012292562751099467,0.01835104078054428,0.09096496552228928,0.23180261254310608,0.20625165104866028,0.23812450468540192,0.17148125171661377,0.028711915016174316,0.0127315828576684,0.0003512160910759121,0.0,0.0,0.0,0.0,0.0,0.0,0.0,0.0,0.0,0.0,0.668539822101593,0.3260163366794586,0.0054438491351902485,0.0,0.0,0.0,0.0,0.0,0.0,0.0,0.0,0.0,0.0,0.0,0.0,0.0,0.0,0.0,0.09711124747991562,0.4339274764060974,0.46896126866340637,0.0,0.0,0.0,0.0,0.0,44.40324020385742,-25.347217559814453,38.50808334350586
Green_55.jpg,Green,Green,42.040245056152344,8.281133651733398,-20.67256736755371,7.1141180992126465,30.919755935668945,9.317484855651855,0.0,0.0,0.0,0.00810721330344677,0.09017207473516464,0.18514229357242584,0.3194076716899872,0.23304103314876556,0.11664460599422455,0.03474520146846771,0.011168100871145725,0.0005790867144241929,0.0006618133629672229,0.00033090668148361146,0.0,0.0,0.0,0.0,0.0,0.0,0.0,0.0,0.7450364232063293,0.24652548134326935,0.00843812059611082,0.0,0.0,0.0,0.0,0.0,0.0,0.0,0.0,0.0,0.0,0.0,0.0,0.0,0.0,0.0,0.08330576121807098,0.35241562128067017,0.5642786026000977,0.0,0.0,0.0,0.0,0.0,43.405540466308594,-26.248960494995117,38.261905670166016
Green_56.jpg,Green,Green,43.6377067565918,8.206058502197266,-20.453113555908203,7.262670516967773,28.949199676513672,9.465176582336426,0.0,0.0,0.0,0.005105514079332352,0.05233151838183403,0.1934138834476471,0.2510211169719696,0.2547651529312134,0.2012423425912857,0.023570455610752106,0.016252553090453148,0.00170183798763901,0.0005956433014944196,0.0,0.0,0.0,0.0,0.0,0.0,0.0,0.0,0.0003403676091693342,0.7414907813072205,0.2557862401008606,0.0023825732059776783,0.0,0.0,0.0,0.0,0.0,0.0,0.0,0.0,0.0,0.0,0.0,0.0,0.0,0.0,8.509190229233354e-05,0.11019401252269745,0.4256296753883362,0.4640912115573883,0.0,0.0,0.0,0.0,0.0,44.53010559082031,-26.427444458007812,36.76359558105469
Green_57.jpg,Green,Green,41.31937789916992,9.607726097106934,-19.84718132019043,5.984507083892822,28.89478302001953,8.509629249572754,0.0,0.0,0.0002472799096722156,0.017185954377055168,0.10002472996711731,0.33728981018066406,0.18088525533676147,0.1604846715927124,0.11819980293512344,0.058605343103408813,0.026582591235637665,0.0004945598193444312,0.0,0.0,0.0,0.0,0.0,0.0,0.0,0.0,0.0,0.0,0.742705225944519,0.25729474425315857,0.0,0.0,0.0,0.0,0.0,0.0,0.0,0.0,0.0,0.0,0.0,0.0,0.0,0.0,0.0,0.0,0.09334816783666611,0.42680513858795166,0.47984668612480164,0.0,0.0,0.0,0.0,0.0,43.38922882080078,-25.058673858642578,36.23014831542969
Green_58.jpg,Green,Green,43.331825256347656,10.506754875183105,-20.029315948486328,6.415345668792725,29.562070846557617,8.640981674194336,0.0,0.0,0.0006032090750522912,0.010857763700187206,0.10845699161291122,0.21546627581119537,0.1950778067111969,0.2043672353029251,0.12329593300819397,0.10447581112384796,0.03402099013328552,0.0007238509133458138,0.0008444926934316754,0.0018096271669492126,0.0,0.0,0.0,0.0,0.0,0.0,0.0,0.0,0.7324164509773254,0.2627578675746918,0.004825672600418329,0.0,0.0,0.0,0.0,0.0,0.0,0.0,0.0,0.0,0.0,0.0,0.0,0.0,0.0,0.0002412836329312995,0.09060200303792953,0.3925684690475464,0.5165882706642151,0.0,0.0,0.0,0.0,0.0,43.87617492675781,-25.42665672302246,36.34625244140625
Green_59.jpg,Green,Green,41.43889617919922,11.073539733886719,-19.57108497619629,7.010117530822754,28.437103271484375,9.355905532836914,0.0,8.027614967431873e-05,0.0019266275921836495,0.029862727969884872,0.20036926865577698,0.16841936111450195,0.1634422391653061,0.17733001708984375,0.1448984444141388,0.10098739713430405,0.01139921322464943,0.0011238660663366318,0.00016055229934863746,0.0,0.0,0.0,0.0,0.0,0.0,0.0,0.0,0.0,0.7004094123840332,0.29204463958740234,0.007545958273112774,0.0,0.0,0.0,0.0,0.0,0.0,0.0,0.0,0.0,0.0,0.0,0.0,0.0,0.0,0.00016055229934863746,0.12025367468595505,0.3772176206111908,0.502368152141571,0.0,0.0,0.0,0.0,0.0,29.410938262939453,-15.884306907653809,21.46099090576172
Green_6.jpg,Green,Green,35.68586349487305,9.412845611572266,-15.371681213378906,7.967011451721191,21.95132827758789,9.413132667541504,0.0,0.0005205622292123735,0.014749262481927872,0.08424431830644608,0.27086585760116577,0.24969634413719177,0.14862051606178284,0.16484469175338745,0.045635953545570374,0.010584765113890171,0.010150963440537453,8.676036668475717e-05,0.0,0.0,0.0,0.0,0.0,0.0,0.0,0.0,0.0,0.0,0.454537570476532,0.5237723588943481,0.021690091118216515,0.0,0.0,0.0,0.0,0.0,0.0,0.0,0.0,0.0,0.0,0.0,0.0,0.0,0.0,0.004598299507051706,0.24579212069511414,0.5589103102684021,0.19069929420948029,0.0,0.0,0.0,0.0,0.0,30.169189453125,-15.271193504333496,21.441608428955078
Green_60.jpg,Green,Green,38.90879440307617,8.353400230407715,-20.5236759185791,7.426095962524414,27.717538833618164,9.255843162536621,0.0,0.00015653127047698945,0.0034436879213899374,0.05165531858801842,0.13234718143939972,0.21773499250411987,0.2783125936985016,0.2741645276546478,0.019409876316785812,0.012209438718855381,0.010096266865730286,0.0004695937968790531,0.0,0.0,0.0,0.0,0.0,0.0,0.0,0.0,0.0,0.0003913281543646008,0.7290443778038025,0.267042338848114,0.0035219534765928984,0.0,0.0,0.0,0.0,0.0,0.0,0.0,0.0,0.0,0.0,0.0,0.0,0.0,0.0,0.00109571882057935,0.12843389809131622,0.46920245885849,0.4012679159641266,0.0,0.0,0.0,0.0,0.0,43.570743560791016,-26.920042037963867,37.097869873046875
Green_61.jpg,Green,Green,43.66303634643555,9.842671394348145,-19.12871742248535,7.149765491485596,30.78130531311035,9.401639938354492,0.0,0.0003175611200276762,0.004340002313256264,0.019053667783737183,0.09071663022041321,0.172541543841362,0.15412300825119019,0.3071874678134918,0.15581665933132172,0.07176881283521652,0.02286440134048462,0.0007409759564325213,0.00021170741820242256,0.0003175611200276762,0.0,0.0,0.0,0.0,0.0,0.0,0.0,0.0,0.7103842496871948,0.27352598309516907,0.01608976349234581,0.0,0.0,0.0,0.0,0.0,0.0,0.0,0.0,0.0,0.0,0.0,0.0,0.0,0.0,0.0,0.08097808808088303,0.3583148121833801,0.5541441440582275,0.006562930066138506,0.0,0.0,0.0,0.0,45.19345474243164,-24.072738647460938,38.03970718383789
Green_62.jpg,Green,Green,42.963844299316406,7.9602155685424805,-18.344079971313477,7.5772318840026855,31.357879638671875,10.315710067749023,0.0,0.00021070374350529164,0.0026337967719882727,0.008849557489156723,0.04814580827951431,0.19247788190841675,0.29245680570602417,0.257585346698761,0.1552886664867401,0.03244837746024132,0.009270965121686459,0.00021070374350529164,0.0004214074870105833,0.0,0.0,0.0,0.0,0.0,0.0,0.0,0.0,0.0,0.6505478024482727,0.3290139138698578,0.020438263192772865,0.0,0.0,0.0,0.0,0.0,0.0,0.0,0.0,0.0,0.0,0.0,0.0,0.0,0.0,0.0,0.10956595093011856,0.31521281599998474,0.5732195377349854,0.002001685556024313,0.0,0.0,0.0,0.0,43.54153823852539,-22.82990837097168,39.406761169433594
Green_63.jpg,Green,Green,44.02046203613281,9.898415565490723,-18.10517120361328,6.934037685394287,29.55438804626465,9.421740531921387,0.0,0.0,0.0002060156548395753,0.007313556037843227,0.07200247049331665,0.26442110538482666,0.1419447809457779,0.20416150987148285,0.17356818914413452,0.11979810148477554,0.01596621423959732,0.0006180469645187259,0.0,0.0,0.0,0.0,0.0,0.0,0.0,0.0,0.0,0.0,0.629892885684967,0.35403791069984436,0.01606922037899494,0.0,0.0,0.0,0.0,0.0,0.0,0.0,0.0,0.0,0.0,0.0,0.0,0.0,0.0,0.0,0.10929130762815475,0.3947260081768036,0.49598270654678345,0.0,0.0,0.0,0.0,0.0,32.57851791381836,-15.711469650268555,23.949222564697266
Green_64.jpg,Green,Green,43.13779067993164,9.084362983703613,-17.954940795898438,7.717946529388428,31.01609230041504,10.193195343017578,9.466111077927053e-05,0.0008519500261172652,0.005301022436469793,0.013536538928747177,0.06853464245796204,0.18070806562900543,0.2528398334980011,0.21667928993701935,0.19632714986801147,0.05518743023276329,0.009560772217810154,0.0003786444431170821,0.0,0.0,0.0,0.0,0.0,0.0,0.0,0.0,0.0,0.0,0.6356493830680847,0.34267324209213257,0.021677395328879356,0.0,0.0,0.0,0.0,0.0,0.0,0.0,0.0,0.0,0.0,0.0,0.0,0.0,0.0,0.0,0.10583112388849258,0.3309352397918701,0.5630443096160889,0.00018932222155854106,0.0,0.0,0.0,0.0,43.07847595214844,-23.22785186767578,39.807098388671875
Green_65.jpg,Green,Green,41.38417434692383,10.748268127441406,-19.08233070373535,7.33673095703125,30.10074806213379,9.25812816619873,0.0,0.0017660415032878518,0.004793541505932808,0.04793541505932808,0.17340846359729767,0.1733243614435196,0.11815658956766129,0.18122950196266174,0.26305609941482544,0.024219999089837074,0.010512151755392551,0.0010091665899381042,0.00025229164748452604,0.00033638885361142457,0.0,0.0,0.0,0.0,0.0,0.0,0.0,0.0,0.7138171792030334,0.26726093888282776,0.018921874463558197,0.0,0.0,0.0,0.0,0.0,0.0,0.0,0.0,0.0,0.0,0.0,0.0,0.0,0.0,8.409721340285614e-05,0.09477756172418594,0.38508114218711853,0.520057201385498,0.0,0.0,0.0,0.0,0.0,30.47872543334961,-16.017332077026367,23.5519962310791
Green_66.jpg,Green,Green,42.7410774230957,8.719911575317383,-19.318145751953125,7.773035526275635,31.24533462524414,9.996548652648926,0.0,0.0001752387615852058,0.0005257162847556174,0.006834311876446009,0.07763077318668365,0.1935512125492096,0.29194778203964233,0.21563129127025604,0.14965389668941498,0.04573731869459152,0.017699114978313446,0.0006133356946520507,0.0,0.0,0.0,0.0,0.0,0.0,0.0,0.0,0.0,0.0012266713893041015,0.689652144908905,0.28730395436286926,0.02172960713505745,8.76193807926029e-05,0.0,0.0,0.0,0.0,0.0,0.0,0.0,0.0,0.0,0.0,0.0,0.0,0.0,0.0,0.09287654608488083,0.33041268587112427,0.568474531173706,0.008236221969127655,0.0,0.0,0.0,0.0,43.18543243408203,-25.50123405456543,38.86581039428711
Green_67.jpg,Green,Green,44.11965560913086,7.612769603729248,-21.010862350463867,7.82675313949585,28.181671142578125,8.857551574707031,0.0,0.0,0.00016091398720163852,0.0031378227286040783,0.030010459944605827,0.1627645045518875,0.29978275299072266,0.27331241965293884,0.17748813331127167,0.042883578687906265,0.010137581266462803,8.045699360081926e-05,0.0002413709880784154,0.0,0.0,0.0,0.0,0.0,0.0,0.0,0.0,0.00040228498983196914,0.7363424301147461,0.2614852488040924,0.001770053873769939,0.0,0.0,0.0,0.0,0.0,0.0,0.0,0.0,0.0,0.0,0.0,0.0,0.0,0.0,0.0,0.11907635629177094,0.4251347780227661,0.45578888058662415,0.0,0.0,0.0,0.0,0.0,43.95160675048828,-28.322463989257812,36.320308685302734
Green_68.jpg,Green,Green,41.05662536621094,8.535849571228027,-20.405363082885742,7.501686096191406,27.952709197998047,8.123249053955078,0.0,0.0,0.0010946907568722963,0.00875752605497837,0.08866994827985764,0.27608099579811096,0.29939791560173035,0.18467432260513306,0.07345374673604965,0.051450464874506,0.01587301678955555,0.0005473453784361482,0.0,0.0,0.0,0.0,0.0,0.0,0.0,0.0,0.0,0.0,0.7252326011657715,0.26053640246391296,0.014230979606509209,0.0,0.0,0.0,0.0,0.0,0.0,0.0,0.0,0.0,0.0,0.0,0.0,0.0,0.0,0.0,0.10530924797058105,0.47476738691329956,0.4199233651161194,0.0,0.0,0.0,0.0,0.0,42.317562103271484,-26.844228744506836,35.263729095458984
Green_69.jpg,Green,Green,44.32341003417969,10.735272407531738,-18.263660430908203,6.829955577850342,30.283767700195312,8.85007095336914,0.0,0.00011359763448126614,0.0011359764030203223,0.010791775770485401,0.07213450223207474,0.2595705986022949,0.18527774512767792,0.13461320102214813,0.15358400344848633,0.14597296714782715,0.03532886505126953,0.0003407929034437984,0.0006815858068875968,0.00045439053792506456,0.0,0.0,0.0,0.0,0.0,0.0,0.0,0.0,0.6472793221473694,0.3354538083076477,0.01726684160530567,0.0,0.0,0.0,0.0,0.0,0.0,0.0,0.0,0.0,0.0,0.0,0.0,0.0,0.0,0.0,0.08247188478708267,0.3671475648880005,0.550380527973175,0.0,0.0,0.0,0.0,0.0,43.62985610961914,-23.937227249145508,37.71670150756836
Green_7.jpg,Green,Green,42.23796463012695,9.565189361572266,-18.928363800048828,6.86032247543335,28.390993118286133,9.735844612121582,0.0,0.0,0.0005175983533263206,0.02008281648159027,0.16035196185112,0.13985507190227509,0.17546583712100983,0.31190475821495056,0.12784679234027863,0.04296066239476204,0.018530020490288734,0.0018633540021255612,0.0006211180007085204,0.0,0.0,0.0,0.0,0.0,0.0,0.0,0.0,0.0,0.7082815766334534,0.2811594307422638,0.010559006594121456,0.0,0.0,0.0,0.0,0.0,0.0,0.0,0.0,0.0,0.0,0.0,0.0,0.0,0.0,0.00010351966921007261,0.14503104984760284,0.3646997809410095,0.4901656210422516,0.0,0.0,0.0,0.0,0.0,44.88470458984375,-24.723926544189453,36.70960998535156
Green_70.jpg,Green,Green,45.16394805908203,8.598047256469727,-19.12448501586914,7.617428779602051,30.453086853027344,9.956976890563965,0.0,0.0,8.399831858696416e-05,0.005459890700876713,0.05535489320755005,0.147753044962883,0.2152877002954483,0.2232675403356552,0.28122636675834656,0.06165476515889168,0.009155817329883575,0.0005039899260737002,0.0002519949630368501,0.0,0.0,0.0,0.0,0.0,0.0,0.0,0.0,0.0,0.7082738280296326,0.2691306173801422,0.022595549002289772,0.0,0.0,0.0,0.0,0.0,0.0,0.0,0.0,0.0,0.0,0.0,0.0,0.0,0.0,0.0,0.09676606208086014,0.37740445137023926,0.5257455110549927,8.399831858696416e-05,0.0,0.0,0.0,0.0,44.101585388183594,-24.572603225708008,39.188865661621094
Green_71.jpg,Green,Green,39.95622253417969,8.493901252746582,-20.682039260864258,7.731564998626709,27.337581634521484,8.388701438903809,0.0,0.000540749344509095,0.003244495950639248,0.016917729750275612,0.15249131619930267,0.21058323979377747,0.2865198850631714,0.21629972755908966,0.08791039139032364,0.014677481725811958,0.00865198951214552,0.0008497489616274834,0.0011587485205382109,0.0001544998085591942,0.0,0.0,0.0,0.0,0.0,0.0,0.0,0.0,0.7313248515129089,0.26118192076683044,0.007493240758776665,0.0,0.0,0.0,0.0,0.0,0.0,0.0,0.0,0.0,0.0,0.0,0.0,0.0,0.0,0.0,0.11950559914112091,0.47786790132522583,0.40262648463249207,0.0,0.0,0.0,0.0,0.0,43.175010681152344,-27.989734649658203,35.223480224609375
Green_72.jpg,Green,Green,43.85487747192383,10.077312469482422,-17.555316925048828,6.923767566680908,28.861103057861328,9.280767440795898,0.0,8.943743887357414e-05,0.0008049369207583368,0.012878990732133389,0.08272963017225266,0.2151864767074585,0.18173687160015106,0.23182183504104614,0.14390483498573303,0.09838118404150009,0.03228691592812538,0.00017887487774714828,0.0,0.0,0.0,0.0,0.0,0.0,0.0,0.0,0.0,0.0004471871943678707,0.6299079060554504,0.3535462021827698,0.016098739579319954,0.0,0.0,0.0,0.0,0.0,0.0,0.0,0.0,0.0,0.0,0.0,0.0,0.0,0.0,0.0008943743887357414,0.11099185794591904,0.4098023474216461,0.4783114194869995,0.0,0.0,0.0,0.0,0.0,44.39021301269531,-22.684389114379883,36.66737747192383
Green_73.jpg,Green,Green,42.4271354675293,8.99511432647705,-17.926782608032227,6.710042476654053,27.979625701904297,9.123095512390137,0.0,0.0005712653510272503,0.002951537724584341,0.011806150898337364,0.079025037586689,0.22155573964118958,0.2451680451631546,0.22993430495262146,0.14567266404628754,0.050366561859846115,0.012186993844807148,0.0001904217788251117,0.00047605446889065206,9.521088941255584e-05,0.0,0.0,0.0,0.0,0.0,0.0,0.0,0.0,0.6218223571777344,0.3710368573665619,0.007140817120671272,0.0,0.0,0.0,0.0,0.0,0.0,0.0,0.0,0.0,0.0,0.0,0.0,0.0,0.0,0.0,0.12339331954717636,0.44596782326698303,0.4306388795375824,0.0,0.0,0.0,0.0,0.0,43.34097671508789,-23.592605590820312,36.78438186645508
Green_74.jpg,Green,Green,42.51827621459961,9.13856315612793,-17.750511169433594,6.9153008460998535,28.234298706054688,9.1154146194458,0.0,0.000538619002327323,0.0034471615217626095,0.01077238004654646,0.07734568417072296,0.22158785164356232,0.2500269412994385,0.2233114242553711,0.14176452159881592,0.05246149003505707,0.01734353043138981,0.0012926855124533176,0.00010772379755508155,0.0,0.0,0.0,0.0,0.0,0.0,0.0,0.0,0.0,0.6188732385635376,0.3711084723472595,0.01001831330358982,0.0,0.0,0.0,0.0,0.0,0.0,0.0,0.0,0.0,0.0,0.0,0.0,0.0,0.0,0.0,0.11547990888357162,0.4537326395511627,0.43078747391700745,0.0,0.0,0.0,0.0,0.0,43.30401611328125,-23.595352172851562,37.140625
Green_75.jpg,Green,Green,45.45317840576172,9.594188690185547,-17.416828155517578,6.074918746948242,27.14280128479004,9.08582592010498,0.0,0.00012865045573562384,0.0003859513672068715,0.004116814583539963,0.045799560844898224,0.18204039335250854,0.2144603133201599,0.2145889550447464,0.20481152832508087,0.09764569997787476,0.027145246043801308,0.0057892706245183945,0.0024443587753921747,0.0006432522786781192,0.0,0.0,0.0,0.0,0.0,0.0,0.0,0.0,0.593721866607666,0.39881640672683716,0.007461726665496826,0.0,0.0,0.0,0.0,0.0,0.0,0.0,0.0,0.0,0.0,0.0,0.0,0.0,0.0,0.0010292036458849907,0.13225266337394714,0.48308247327804565,0.38363566994667053,0.0,0.0,0.0,0.0,0.0,44.549217224121094,-22.756959915161133,36.24477767944336
Green_76.jpg,Green,Green,43.428810119628906,8.974800109863281,-17.4862060546875,6.404513359069824,29.86612319946289,8.913116455078125,0.0,0.0,0.0009045680635608733,0.005653550382703543,0.06094527244567871,0.19968339800834656,0.29952511191368103,0.17333786189556122,0.1811397522687912,0.060040704905986786,0.014699230901896954,0.0011307101231068373,0.0009045680635608733,0.0020352781284600496,0.0,0.0,0.0,0.0,0.0,0.0,0.0,0.0,0.6371551156044006,0.35097241401672363,0.011872455477714539,0.0,0.0,0.0,0.0,0.0,0.0,0.0,0.0,0.0,0.0,0.0,0.0,0.0,0.0,0.0,0.08604703843593597,0.39755767583847046,0.5163952708244324,0.0,0.0,0.0,0.0,0.0,42.844242095947266,-21.239778518676758,36.713443756103516
Green_77.jpg,Green,Green,40.72251510620117,9.800867080688477,-17.80256462097168,6.948862075805664,27.79629898071289,9.195845603942871,9.788566967472434e-05,0.002545027295127511,0.007635082118213177,0.035336725413799286,0.13860610127449036,0.2000783085823059,0.19626076519489288,0.23218481242656708,0.15103758871555328,0.022709475830197334,0.012725137174129486,0.0007830853573977947,0.0,0.0,0.0,0.0,0.0,0.0,0.0,0.0,0.0,0.00019577133934944868,0.6307752728462219,0.3604150414466858,0.008613938465714455,0.0,0.0,0.0,0.0,0.0,0.0,0.0,0.0,0.0,0.0,0.0,0.0,0.0,0.0,0.0,0.11951839923858643,0.4899177849292755,0.39056381583213806,0.0,0.0,0.0,0.0,0.0,43.7977180480957,-23.931392669677734,37.510169982910156
Green_78.jpg,Green,Green,42.88736343383789,10.921235084533691,-17.819400787353516,7.192442893981934,28.712289810180664,9.574617385864258,0.0,0.0,0.0039457459934055805,0.030826140195131302,0.15265104174613953,0.18076448142528534,0.1311960518360138,0.15741881728172302,0.2437320202589035,0.08614879101514816,0.012166050262749195,0.0006576243322342634,0.00041101520764641464,8.220304152928293e-05,0.0,0.0,0.0,0.0,0.0,0.0,0.0,0.0007398273446597159,0.6346074938774109,0.3509247899055481,0.01372790802270174,0.0,0.0,0.0,0.0,0.0,0.0,0.0,0.0,0.0,0.0,0.0,0.0,0.0,0.0,0.0,0.12297575175762177,0.40024662017822266,0.4757089912891388,0.0010686395689845085,0.0,0.0,0.0,0.0,54.53063201904297,-21.0900936126709,38.72389221191406
Green_79.jpg,Green,Green,44.195133209228516,7.4505934715271,-22.052841186523438,7.259244918823242,32.69385528564453,9.481815338134766,0.0,0.000177320689545013,0.0025711499620229006,0.0052309599705040455,0.03546413779258728,0.11250997334718704,0.315276175737381,0.32919585704803467,0.1435410976409912,0.045660074800252914,0.009309335611760616,0.0004433017165865749,0.0002659810124896467,0.000354641379090026,0.0,0.0,0.0,0.0,0.0,0.0,0.0,0.0005319620249792933,0.7988296747207642,0.19691461324691772,0.0037237342912703753,0.0,0.0,0.0,0.0,0.0,0.0,0.0,0.0,0.0,0.0,0.0,0.0,0.0,0.0,0.0,0.07456334680318832,0.26048409938812256,0.6649525761604309,0.0,0.0,0.0,0.0,0.0,43.71773910522461,-26.691417694091797,39.212745666503906
Green_8.jpg,Green,Green,41.71748733520508,8.883698463439941,-19.509075164794922,6.386902332305908,30.184120178222656,9.175313949584961,0.0,9.705910633783787e-05,0.0004852955462411046,0.015238280408084393,0.06842666864395142,0.26225370168685913,0.2946714460849762,0.19140055775642395,0.0976414605975151,0.045617781579494476,0.0188294667750597,0.004950014408677816,0.0003882364253513515,0.0,0.0,0.0,0.0,0.0,0.0,0.0,0.0,0.0,0.6953314542770386,0.3046685457229614,0.0,0.0,0.0,0.0,0.0,0.0,0.0,0.0,0.0,0.0,0.0,0.0,0.0,0.0,0.0,0.0,0.0957973375916481,0.31612151861190796,0.5880811214447021,0.0,0.0,0.0,0.0,0.0,42.87445831298828,-24.12005615234375,37.602542877197266
Green_80.jpg,Green,Green,46.15211868286133,10.965968132019043,-17.02065086364746,8.073429107666016,31.185224533081055,11.605666160583496,0.0,8.0044825153891e-05,0.0022412550169974566,0.014328023418784142,0.06171455979347229,0.16817417740821838,0.1806611716747284,0.20939725637435913,0.13415512442588806,0.1592891961336136,0.06715761125087738,0.0017609861679375172,0.0010405827779322863,0.0,0.0,0.0,0.0,0.0,0.0,0.0,0.0,0.0011206275084987283,0.5919314622879028,0.3770911693572998,0.029856719076633453,0.0,0.0,0.0,0.0,0.0,0.0,0.0,0.0,0.0,0.0,0.0,0.0,0.0,0.0,0.0008004482369869947,0.11774593591690063,0.3489954471588135,0.45649564266204834,0.07596253603696823,0.0,0.0,0.0,0.0,56.743247985839844,-23.219104766845703,43.96590805053711
Green_81.jpg,Green,Green,46.786495208740234,10.161223411560059,-16.802936553955078,7.713706970214844,31.85407829284668,11.637534141540527,0.0,0.00031246745493263006,0.0030205186922103167,0.012186230160295963,0.05218206346035004,0.1271742582321167,0.183105930685997,0.21351942420005798,0.21091553568840027,0.15290074050426483,0.04353713244199753,0.0005207791109569371,0.00031246745493263006,0.00031246745493263006,0.0,0.0,0.0,0.0,0.0,0.0,0.0,0.0014581814175471663,0.5768148899078369,0.38933444023132324,0.032392460852861404,0.0,0.0,0.0,0.0,0.0,0.0,0.0,0.0,0.0,0.0,0.0,0.0,0.0,0.0,0.0,0.0945734828710556,0.3848557472229004,0.42464327812194824,0.09592750668525696,0.0,0.0,0.0,0.0,44.511314392089844,-22.472164154052734,39.4311408996582
Green_82.jpg,Green,Green,44.83646011352539,8.994939804077148,-20.961509704589844,6.744839191436768,32.706153869628906,9.303423881530762,0.0,0.0008719481993466616,0.002989536616951227,0.005356253124773502,0.0305181872099638,0.12929746508598328,0.3513951301574707,0.2201046347618103,0.12431489676237106,0.10151968151330948,0.03114100731909275,0.0017438963986933231,0.0004982561222277582,0.0002491280611138791,0.0,0.0,0.0,0.0,0.0,0.0,0.0,0.0,0.7784005999565125,0.20714998245239258,0.014449426904320717,0.0,0.0,0.0,0.0,0.0,0.0,0.0,0.0,0.0,0.0,0.0,0.0,0.0,0.0,0.0,0.07262082397937775,0.2840059697628021,0.6433731913566589,0.0,0.0,0.0,0.0,0.0,42.96175765991211,-25.219026565551758,39.373016357421875
Green_83.jpg,Green,Green,43.73409652709961,12.189172744750977,-17.532228469848633,7.9424214363098145,31.48914337158203,10.959771156311035,0.0006866363692097366,0.0035190111957490444,0.006265556439757347,0.027207965031266212,0.09715904295444489,0.23654621839523315,0.1815294772386551,0.09887563437223434,0.1349240392446518,0.15535147488117218,0.056132521480321884,0.0009441249421797693,0.0007724658935330808,8.582954615121707e-05,0.0,0.0,0.0,0.0,0.0,0.0,0.0,0.0003433181846048683,0.626899003982544,0.34597888588905334,0.026778817176818848,0.0,0.0,0.0,0.0,0.0,0.0,0.0,0.0,0.0,0.0,0.0,0.0,0.0,0.0,0.0,0.10488370060920715,0.33018624782562256,0.5130031704902649,0.0519268736243248,0.0,0.0,0.0,0.0,56.84922409057617,-22.977359771728516,42.91013717651367
Green_84.jpg,Green,Green,42.116214752197266,9.888089179992676,-20.773122787475586,7.056375026702881,31.080820083618164,8.998560905456543,0.0,0.0011747200042009354,0.005090453661978245,0.030464405193924904,0.1100321114063263,0.208865225315094,0.18772025406360626,0.1853708177804947,0.22578118741512299,0.03563317283987999,0.00790978129953146,0.0009397760150022805,0.0010180906392633915,0.0,0.0,0.0,0.0,0.0,0.0,0.0,0.0,0.0003132586716674268,0.7811888456344604,0.20972667634487152,0.008771242573857307,0.0,0.0,0.0,0.0,0.0,0.0,0.0,0.0,0.0,0.0,0.0,0.0,0.0,0.0,0.0,0.08849557489156723,0.3029211461544037,0.6085832715034485,0.0,0.0,0.0,0.0,0.0,43.76422119140625,-26.823530197143555,38.69778060913086
Green_85.jpg,Green,Green,46.22105407714844,8.298588752746582,-21.021827697753906,6.5612688064575195,31.703012466430664,9.750547409057617,0.0,0.0,0.0,0.0006148801185190678,0.022648083046078682,0.11190817505121231,0.2953473925590515,0.230067640542984,0.2054724395275116,0.10729657858610153,0.02592744491994381,0.00010248001490253955,0.0002049600298050791,0.0004099200596101582,0.0,0.0,0.0,0.0,0.0,0.0,0.0,0.0004099200596101582,0.7742365002632141,0.22432875633239746,0.001024800119921565,0.0,0.0,0.0,0.0,0.0,0.0,0.0,0.0,0.0,0.0,0.0,0.0,0.0,0.0,0.0003074400592595339,0.07993441075086594,0.3570403754711151,0.5478581786155701,0.01485960278660059,0.0,0.0,0.0,0.0,43.35209655761719,-26.35527229309082,37.2657470703125
Green_86.jpg,Green,Green,42.714263916015625,7.962015151977539,-19.975854873657227,7.326279163360596,28.23029899597168,9.91969108581543,0.0,8.716875890968367e-05,0.0027894002851098776,0.008368200622498989,0.05997210741043091,0.1814853549003601,0.29741981625556946,0.2567991614341736,0.1639644354581833,0.016126221045851707,0.012203626334667206,0.0002615062694530934,0.0002615062694530934,0.0002615062694530934,0.0,0.0,0.0,0.0,0.0,0.0,0.0,0.0012203626101836562,0.7202754616737366,0.27318689227104187,0.005317294504493475,0.0,0.0,0.0,0.0,0.0,0.0,0.0,0.0,0.0,0.0,0.0,0.0,0.0,0.0,8.716875890968367e-05,0.1328451931476593,0.4324442148208618,0.4346234202384949,0.0,0.0,0.0,0.0,0.0,42.8509635925293,-16.415470123291016,22.108530044555664
Green_87.jpg,Green,Green,44.295448303222656,9.548558235168457,-20.11266326904297,6.918715953826904,29.549083709716797,9.19655990600586,0.0,0.0,0.0025036237202584743,0.010805112309753895,0.060350507497787476,0.21135854721069336,0.21399393677711487,0.187376469373703,0.1843457669019699,0.11147713661193848,0.017788905650377274,0.0,0.0,0.0,0.0,0.0,0.0,0.0,0.0,0.0,0.0,0.0,0.7242060899734497,0.267492413520813,0.008301489055156708,0.0,0.0,0.0,0.0,0.0,0.0,0.0,0.0,0.0,0.0,0.0,0.0,0.0,0.0,0.0,0.0936882346868515,0.4237712621688843,0.4825405180454254,0.0,0.0,0.0,0.0,0.0,44.07891082763672,-26.25234031677246,37.43716049194336
Green_88.jpg,Green,Green,42.85765075683594,9.977652549743652,-19.380516052246094,6.301086902618408,29.976116180419922,9.517300605773926,0.0,0.0,0.0,0.006411062087863684,0.09214330464601517,0.3076052665710449,0.12256442755460739,0.18856064975261688,0.18918919563293457,0.06964173167943954,0.021495914086699486,0.0017598994309082627,0.0006285355193540454,0.0,0.0,0.0,0.0,0.0,0.0,0.0,0.0,0.0,0.7304839491844177,0.2670018970966339,0.0025141420774161816,0.0,0.0,0.0,0.0,0.0,0.0,0.0,0.0,0.0,0.0,0.0,0.0,0.0,0.0,0.0,0.1132621020078659,0.3240728974342346,0.5626649856567383,0.0,0.0,0.0,0.0,0.0,33.75162887573242,-22.65863609313965,34.51116180419922
Green_89.jpg,Green,Green,40.191402435302734,9.004605293273926,-19.51263427734375,7.687049388885498,27.480390548706055,9.995038032531738,0.0,0.0,0.000996286515146494,0.02436373569071293,0.1748935729265213,0.19472873210906982,0.20740875601768494,0.30984511971473694,0.04890861362218857,0.018838873133063316,0.01802372932434082,0.0011774295708164573,0.0008151435758918524,0.0,0.0,0.0,0.0,0.0,0.0,0.0,0.0,0.0008151435758918524,0.6902454495429993,0.29961055517196655,0.009328865446150303,0.0,0.0,0.0,0.0,0.0,0.0,0.0,0.0,0.0,0.0,0.0,0.0,0.0,0.0,0.0,0.14699755609035492,0.46753010153770447,0.3854723274707794,0.0,0.0,0.0,0.0,0.0,44.948360443115234,-26.56208038330078,38.195716857910156
Green_9.jpg,Green,Green,42.77881622314453,9.87411117553711,-19.285730361938477,5.754984378814697,29.820545196533203,9.07137393951416,0.0,0.0,0.0003223726525902748,0.00526542030274868,0.08940468728542328,0.28992047905921936,0.1763378530740738,0.18160326778888702,0.14624972641468048,0.08607350289821625,0.02428540773689747,0.0003223726525902748,0.0002149151114281267,0.0,0.0,0.0,0.0,0.0,0.0,0.0,0.0,0.0,0.719750702381134,0.2797120213508606,0.000537287793122232,0.0,0.0,0.0,0.0,0.0,0.0,0.0,0.0,0.0,0.0,0.0,0.0,0.0,0.0,0.0,0.09499248117208481,0.3436492681503296,0.5613582730293274,0.0,0.0,0.0,0.0,0.0,44.21799850463867,-23.202133178710938,38.361148834228516
Green_90.jpg,Green,Green,40.628379821777344,9.54234504699707,-19.217060089111328,6.969089508056641,28.193241119384766,9.975748062133789,8.9879562438e-05,8.9879562438e-05,0.004943375941365957,0.049254000186920166,0.164479598402977,0.11594463139772415,0.21310444176197052,0.3435196876525879,0.0772964209318161,0.014470609836280346,0.014380729757249355,0.0020672299433499575,0.000359518249752,0.0,0.0,0.0,0.0,0.0,0.0,0.0,0.0,0.0,0.7090598344802856,0.28914254903793335,0.0017975912196561694,0.0,0.0,0.0,0.0,0.0,0.0,0.0,0.0,0.0,0.0,0.0,0.0,0.0,0.0,0.0008089160546660423,0.14057163894176483,0.4452633559703827,0.41335609555244446,0.0,0.0,0.0,0.0,0.0,44.483062744140625,-24.83875846862793,37.73835754394531
Green_91.jpg,Green,Green,37.17890930175781,7.530371189117432,-20.734296798706055,7.700612545013428,27.878164291381836,9.316716194152832,0.0,0.0008025096612982452,0.00671189883723855,0.05252790451049805,0.11796892434358597,0.33851316571235657,0.31348946690559387,0.13839644193649292,0.014445173554122448,0.009119427762925625,0.00671189883723855,0.0005836433847434819,0.00065659882966429,7.295542309293523e-05,0.0,0.0,0.0,0.0,0.0,0.0,0.0,0.0,0.7376523017883301,0.24491135776042938,0.017436346039175987,0.0,0.0,0.0,0.0,0.0,0.0,0.0,0.0,0.0,0.0,0.0,0.0,0.0,0.0,0.0,0.125994011759758,0.45677390694618225,0.41723206639289856,0.0,0.0,0.0,0.0,0.0,32.45551300048828,-17.51040267944336,23.076889038085938
Green_92.jpg,Green,Green,39.477943420410156,7.357337951660156,-20.373231887817383,6.071315765380859,28.367549896240234,7.943112850189209,0.0,0.0,0.0,0.006976280827075243,0.08471197634935379,0.3326689302921295,0.3168227970600128,0.1910504251718521,0.03767191618680954,0.015547139570116997,0.012955949641764164,0.0013952561421319842,0.00019932229770347476,0.0,0.0,0.0,0.0,0.0,0.0,0.0,0.0,0.0,0.7525413632392883,0.24307355284690857,0.00438509089872241,0.0,0.0,0.0,0.0,0.0,0.0,0.0,0.0,0.0,0.0,0.0,0.0,0.0,0.0,0.0,0.08540960401296616,0.474785715341568,0.43980467319488525,0.0,0.0,0.0,0.0,0.0,43.69211196899414,-25.824098587036133,35.131649017333984
Green_93.jpg,Green,Green,42.187286376953125,8.515741348266602,-21.05712890625,6.371631145477295,29.799802780151367,7.938065052032471,0.0,0.0,9.866798063740134e-05,0.003946719225496054,0.09264923632144928,0.22516033053398132,0.2286137193441391,0.26857423782348633,0.12599901854991913,0.04114454984664917,0.012037494219839573,0.0008880118257366121,0.0005920078838244081,0.00019733596127480268,9.866798063740134e-05,0.0,0.0,0.0,0.0,0.0,0.0,0.0,0.7619141340255737,0.23650714755058289,0.0015786876901984215,0.0,0.0,0.0,0.0,0.0,0.0,0.0,0.0,0.0,0.0,0.0,0.0,0.0,0.0,0.0,0.06995560228824615,0.4263443648815155,0.5037000775337219,0.0,0.0,0.0,0.0,0.0,43.74283218383789,-26.461320877075195,36.63762664794922
Green_94.jpg,Green,Green,39.54317092895508,8.999363899230957,-19.318368911743164,7.734593868255615,26.256057739257812,9.579255104064941,0.0,0.0,0.005949805490672588,0.04056685417890549,0.10633924603462219,0.30008652806282043,0.23777584731578827,0.16681089997291565,0.11401990801095963,0.015469493344426155,0.010493293404579163,0.0006490696687251329,0.0016226741718128324,0.00021635655139107257,0.0,0.0,0.0,0.0,0.0,0.0,0.0,0.0,0.6842275857925415,0.2942449152469635,0.021527476608753204,0.0,0.0,0.0,0.0,0.0,0.0,0.0,0.0,0.0,0.0,0.0,0.0,0.0,0.0,0.00010817827569553629,0.16681089997291565,0.442449152469635,0.390631765127182,0.0,0.0,0.0,0.0,0.0,32.50445556640625,-16.80281639099121,22.727205276489258
Green_95.jpg,Green,Green,37.08594512939453,9.633399963378906,-19.785734176635742,7.73977518081665,26.649545669555664,9.252324104309082,8.995232201414183e-05,0.002248808043077588,0.009085184894502163,0.0894126147031784,0.21615543961524963,0.2061707228422165,0.2132769674062729,0.16911037266254425,0.0747503787279129,0.00989475566893816,0.00872537586838007,0.0008095709490589797,0.0002698569733183831,0.0,0.0,0.0,0.0,0.0,0.0,0.0,0.0,0.0,0.7015382051467896,0.2775029242038727,0.02095889113843441,0.0,0.0,0.0,0.0,0.0,0.0,0.0,0.0,0.0,0.0,0.0,0.0,0.0,0.0,0.0,0.1644328534603119,0.4340199828147888,0.4015471935272217,0.0,0.0,0.0,0.0,0.0,30.112749099731445,-15.911648750305176,22.027814865112305
Green_96.jpg,Green,Green,40.18180847167969,8.371787071228027,-21.3208065032959,6.7927327156066895,29.112323760986328,8.391952514648438,0.0,0.0,8.464533311780542e-05,0.007618080358952284,0.15684780478477478,0.2657017111778259,0.15075334906578064,0.34450653195381165,0.05188759043812752,0.012527509592473507,0.00981885939836502,0.00016929066623561084,8.464533311780542e-05,0.0,0.0,0.0,0.0,0.0,0.0,0.0,0.0,0.0,0.7761130928993225,0.21855425834655762,0.00533265620470047,0.0,0.0,0.0,0.0,0.0,0.0,0.0,0.0,0.0,0.0,0.0,0.0,0.0,0.0,0.0,0.08532249927520752,0.41984087228775024,0.49483662843704224,0.0,0.0,0.0,0.0,0.0,45.2478141784668,-27.295860290527344,36.43711471557617
Green_97.jpg,Green,Green,44.69636917114258,10.80111312866211,-17.545146942138672,6.381462097167969,31.574298858642578,10.914154052734375,0.0,0.0008734578150324523,0.00458565354347229,0.014848782680928707,0.061032865196466446,0.2349601536989212,0.17862212657928467,0.18866688013076782,0.1159515231847763,0.16497434675693512,0.03220875561237335,0.003275466850027442,0.0,0.0,0.0,0.0,0.0,0.0,0.0,0.0,0.0,0.0,0.6436291933059692,0.3406485319137573,0.01572224125266075,0.0,0.0,0.0,0.0,0.0,0.0,0.0,0.0,0.0,0.0,0.0,0.0,0.0,0.0,0.0,0.11005568504333496,0.3153182566165924,0.5560650825500488,0.018560977652668953,0.0,0.0,0.0,0.0,56.978363037109375,-20.69841194152832,42.94966125488281
Green_98.jpg,Green,Green,39.654396057128906,7.351846218109131,-19.27008628845215,6.5920891761779785,28.858482360839844,9.623726844787598,0.0,0.0007668058387935162,0.0021300162188708782,0.006390048656612635,0.08400783687829971,0.33569055795669556,0.2895970046520233,0.18965664505958557,0.07616937905550003,0.009201670065522194,0.006134446710348129,0.0002556019462645054,0.0,0.0,0.0,0.0,0.0,0.0,0.0,0.0,0.0,0.0,0.7180710434913635,0.27724289894104004,0.004686035681515932,0.0,0.0,0.0,0.0,0.0,0.0,0.0,0.0,0.0,0.0,0.0,0.0,0.0,0.0,0.00017040129750967026,0.12669336795806885,0.373519629240036,0.4996165931224823,0.0,0.0,0.0,0.0,0.0,43.1683235168457,-23.61760711669922,37.361209869384766
Green_99.jpg,Green,Green,40.27033996582031,8.18340015411377,-19.792694091796875,6.607276439666748,29.14411735534668,8.684565544128418,0.0,0.0010487677063792944,0.004107673652470112,0.016692886129021645,0.10225485265254974,0.27442753314971924,0.23737108707427979,0.25563713908195496,0.08940744400024414,0.009438909590244293,0.009176717139780521,0.0002621919265948236,0.0001747946225805208,0.0,0.0,0.0,0.0,0.0,0.0,0.0,0.0,8.73973112902604e-05,0.6887781620025635,0.3087746798992157,0.0023597273975610733,0.0,0.0,0.0,0.0,0.0,0.0,0.0,0.0,0.0,0.0,0.0,0.0,0.0,0.0,0.0,0.09814717620611191,0.40543609857559204,0.49641671776771545,0.0,0.0,0.0,0.0,0.0,43.088565826416016,-26.147153854370117,36.6493034362793
Semi_ripe_1.jpeg,Semi-ripe,Semi-ripe,51.75799560546875,12.530162811279297,-2.6256065368652344,3.3559489250183105,16.788747787475586,15.813011169433594,0.0,0.0,0.0006445253384299576,0.008227176032960415,0.04098422825336456,0.08337124437093735,0.15578556060791016,0.22452229261398315,0.09838489443063736,0.056111615151166916,0.30736276507377625,0.022785866633057594,0.001251137349754572,0.0005686988006345928,0.0,0.0,0.0,0.0,0.0,0.0,0.0,0.0,0.0,0.5622535347938538,0.43774643540382385,0.0,0.0,0.0,0.0,0.0,0.0,0.0,0.0,0.0,0.0,0.0,0.0,0.0,0.0,0.012397633865475655,0.5186154246330261,0.17443887889385223,0.29454806447029114,0.0,0.0,0.0,0.0,0.0,66.57479858398438,0.6818238496780396,1.1068456172943115
Semi_ripe_10.jpeg,Semi-ripe,Semi-ripe,53.07859802246094,12.10586929321289,-1.9453884363174438,3.066267967224121,14.46366024017334,14.41254711151123,5.118231274536811e-05,0.00015354693459812552,0.0015354693168774247,0.004094584845006466,0.03244958445429802,0.05481625720858574,0.1657795011997223,0.23277714848518372,0.042327772825956345,0.10533319413661957,0.35735490918159485,0.0030709386337548494,5.118231274536811e-05,0.00010236462549073622,0.00010236462549073622,0.0,0.0,0.0,0.0,0.0,0.0,0.0,0.0,0.5060907006263733,0.4939092993736267,0.0,0.0,0.0,0.0,0.0,0.0,0.0,0.0,0.0,0.0,0.0,0.0,0.0,0.0,0.0010236462112516165,0.5802538394927979,0.19572116434574127,0.22300133109092712,0.0,0.0,0.0,0.0,0.0,66.17357635498047,0.8611832857131958,1.3041846752166748
Semi_ripe_100.jpg,Semi-ripe,Semi-ripe,49.04648208618164,13.625872611999512,-6.0656585693359375,3.2535276412963867,43.24110412597656,16.207130432128906,0.0025800711009651423,0.0064056939445436,0.014946619048714638,0.049199286848306656,0.06467971205711365,0.04946619272232056,0.08425267040729523,0.20151245594024658,0.1925266832113266,0.1653914600610733,0.15088967978954315,0.016992881894111633,0.0011565836612135172,0.0,0.0,0.0,0.0,0.0,0.0,0.0,0.0,0.0,0.0032028469722718,0.9680604934692383,0.028736654669046402,0.0,0.0,0.0,0.0,0.0,0.0,0.0,0.0,0.0,0.0,0.0,0.0,0.0,0.0,0.0003558718890417367,0.08398576825857162,0.15115658938884735,0.24635231494903564,0.514768660068512,0.003380782902240753,0.0,0.0,0.0,55.98893737792969,-6.130692481994629,53.806251525878906
Semi_ripe_101.jpg,Semi-ripe,Semi-ripe,54.913063049316406,13.538878440856934,-5.440088748931885,4.039519786834717,47.04484176635742,14.545963287353516,0.0,0.00046227811253629625,0.004437869880348444,0.019877959042787552,0.046690087765455246,0.06083579733967781,0.06434911489486694,0.10928254574537277,0.19545118510723114,0.1538461595773697,0.18112055957317352,0.14922337234020233,0.014330620877444744,9.245562250725925e-05,0.0,0.0,0.0,0.0,0.0,0.0,0.0,0.0,0.04132766276597977,0.9147559404373169,0.04391641914844513,0.0,0.0,0.0,0.0,0.0,0.0,0.0,0.0,0.0,0.0,0.0,0.0,0.0,0.0,0.00027736686752177775,0.049371302127838135,0.11113165318965912,0.2404770702123642,0.5688794255256653,0.02986316569149494,0.0,0.0,0.0,56.116424560546875,-4.435695648193359,51.715660095214844
Semi_ripe_102.jpg,Semi-ripe,Semi-ripe,53.359283447265625,13.045520782470703,-5.420733451843262,4.554417610168457,45.77642822265625,14.406974792480469,0.0,0.001399645465426147,0.0060651302337646484,0.018195390701293945,0.04152281582355499,0.0631706640124321,0.08649808913469315,0.17308948934078217,0.1564803570508957,0.15050853788852692,0.18997853994369507,0.11159839481115341,0.001492955139838159,0.0,0.0,0.0,0.0,0.0,0.0,0.0,0.0,0.0,0.05467947944998741,0.8987590074539185,0.04656153917312622,0.0,0.0,0.0,0.0,0.0,0.0,0.0,0.0,0.0,0.0,0.0,0.0,0.0,0.0,0.0009330969769507647,0.057198841124773026,0.11290472745895386,0.2526826560497284,0.5760940313339233,0.00018661939247976989,0.0,0.0,0.0,67.79312896728516,-4.72261381149292,57.08295822143555
Semi_ripe_103.jpg,Semi-ripe,Semi-ripe,55.191795349121094,15.088303565979004,-4.4847307205200195,3.4599602222442627,26.25368309020996,23.8209171295166,0.002477899892255664,0.006697026547044516,0.023908384144306183,0.03254754841327667,0.029600856825709343,0.03870881348848343,0.07587730884552002,0.09516474604606628,0.11251004785299301,0.0924859344959259,0.4214438796043396,0.06817573308944702,0.00040182159864343703,0.0,0.0,0.0,0.0,0.0,0.0,0.0,0.0,0.0,0.0030806323047727346,0.9787034392356873,0.018215911462903023,0.0,0.0,0.0,0.0,0.0,0.0,0.0,0.0,0.0,0.0,0.0,0.0,0.0,0.0,0.0012724350672215223,0.43477097153663635,0.10105813294649124,0.14572729170322418,0.317171186208725,0.0,0.0,0.0,0.0,67.50687408447266,-1.5004504919052124,0.37970805168151855
Semi_ripe_104.jpg,Semi-ripe,Semi-ripe,49.500396728515625,14.385025024414062,-6.644810676574707,3.7652909755706787,43.67206573486328,16.980966567993164,0.0006912215030752122,0.008689641952514648,0.025673940777778625,0.04947170987725258,0.0469043143093586,0.06033376231789589,0.11316283047199249,0.15512984991073608,0.13893552124500275,0.21664856374263763,0.14229288697242737,0.04088081419467926,0.0011849511647596955,0.0,0.0,0.0,0.0,0.0,0.0,0.0,0.0,0.0,0.027846351265907288,0.9315690994262695,0.04058457538485527,0.0,0.0,0.0,0.0,0.0,0.0,0.0,0.0,0.0,0.0,0.0,0.0,0.0,0.0,0.00019749185594264418,0.09499358385801315,0.14653895795345306,0.23244790732860565,0.5210822820663452,0.004739804659038782,0.0,0.0,0.0,57.43474197387695,-6.789600372314453,56.39405059814453
Semi_ripe_105.jpg,Semi-ripe,Semi-ripe,50.418548583984375,15.262495994567871,-6.3722052574157715,4.120250701904297,44.236602783203125,17.731464385986328,0.0005503955762833357,0.007843137718737125,0.01678706519305706,0.0567595474421978,0.05944272503256798,0.06728585809469223,0.1026487797498703,0.11647746711969376,0.1364981085062027,0.17550739645957947,0.183625727891922,0.06921224296092987,0.007361541036516428,0.0,0.0,0.0,0.0,0.0,0.0,0.0,0.0,0.0,0.03192294389009476,0.9109047055244446,0.056965943425893784,0.0002063983556581661,0.0,0.0,0.0,0.0,0.0,0.0,0.0,0.0,0.0,0.0,0.0,0.0,0.0,0.00013759889407083392,0.09707602113485336,0.15521155297756195,0.20970071852207184,0.49102166295051575,0.04685242474079132,0.0,0.0,0.0,57.06800079345703,-6.831908226013184,55.697776794433594
Semi_ripe_106.jpg,Semi-ripe,Semi-ripe,53.54205322265625,13.27983283996582,-5.636706352233887,5.13405179977417,47.74626541137695,15.025419235229492,0.0,0.0006280530360527337,0.006210746709257364,0.02037683129310608,0.04228890314698219,0.0595952533185482,0.11256106197834015,0.11702721565961838,0.16650383174419403,0.16482903063297272,0.20446614921092987,0.09469643980264664,0.010816468857228756,0.0,0.0,0.0,0.0,0.0,0.0,0.0,0.0,0.0,0.06238660216331482,0.8535938858985901,0.08401954174041748,0.0,0.0,0.0,0.0,0.0,0.0,0.0,0.0,0.0,0.0,0.0,0.0,0.0,0.0,0.0,0.055059317499399185,0.09448709338903427,0.243056520819664,0.5768318176269531,0.03056524693965912,0.0,0.0,0.0,56.31132888793945,-4.886075973510742,55.023475646972656
Semi_ripe_107.jpg,Semi-ripe,Semi-ripe,50.903839111328125,12.327618598937988,-4.246981143951416,4.520650863647461,44.130943298339844,15.159187316894531,9.433962259208784e-05,0.0012264150427654386,0.0060377358458936214,0.02915094420313835,0.05566037818789482,0.06273584812879562,0.08509434014558792,0.15509434044361115,0.23933961987495422,0.20075471699237823,0.1177358478307724,0.04707547277212143,0.0,0.0,0.0,0.0,0.0,0.0,0.0,0.0,0.0,0.0,0.026886792853474617,0.8162264227867126,0.1566981077194214,0.00018867924518417567,0.0,0.0,0.0,0.0,0.0,0.0,0.0,0.0,0.0,0.0,0.0,0.0,0.0,0.0,0.06056603789329529,0.15811321139335632,0.28566038608551025,0.47122642397880554,0.024433963000774384,0.0,0.0,0.0,56.16193771362305,-4.591831684112549,52.2242546081543
Semi_ripe_108.jpg,Semi-ripe,Semi-ripe,47.51726531982422,13.497651100158691,-5.255560874938965,4.209643363952637,41.83726501464844,17.247783660888672,0.0054886857978999615,0.010014443658292294,0.012614347971975803,0.06557534635066986,0.05411651358008385,0.05411651358008385,0.09205584973096848,0.20000000298023224,0.2400577813386917,0.1517573446035385,0.11102551966905594,0.0019258545944467187,0.0010592200560495257,0.00019258545944467187,0.0,0.0,0.0,0.0,0.0,0.0,0.0,0.0,0.008762638084590435,0.8767452836036682,0.11449205875396729,0.0,0.0,0.0,0.0,0.0,0.0,0.0,0.0,0.0,0.0,0.0,0.0,0.0,0.0,0.0002888781891670078,0.11054405570030212,0.17072701454162598,0.24044294655323029,0.4571978747844696,0.02079922892153263,0.0,0.0,0.0,55.602909088134766,-5.330105304718018,54.45798873901367
Semi_ripe_109.jpg,Semi-ripe,Semi-ripe,46.697837829589844,14.622254371643066,-5.445091724395752,4.2180047035217285,40.33892822265625,17.380111694335938,0.006419118959456682,0.013628283515572548,0.013628283515572548,0.06468497216701508,0.07001777738332748,0.0757456049323082,0.13815920054912567,0.16107051074504852,0.15277503430843353,0.15238000452518463,0.1349002569913864,0.013233261182904243,0.003160181688144803,0.0001975113555090502,0.0,0.0,0.0,0.0,0.0,0.0,0.0,0.0,0.015010863542556763,0.8651984930038452,0.11979063600301743,0.0,0.0,0.0,0.0,0.0,0.0,0.0,0.0,0.0,0.0,0.0,0.0,0.0,0.0,0.002567647723481059,0.11633419245481491,0.190104678273201,0.2511356770992279,0.4307722747325897,0.009085522033274174,0.0,0.0,0.0,56.41261291503906,-6.0366973876953125,54.253578186035156
Semi_ripe_11.jpeg,Semi-ripe,Semi-ripe,55.67453384399414,11.387885093688965,-0.9889869689941406,2.883798599243164,13.830937385559082,16.10002899169922,4.203446951578371e-05,8.406893903156742e-05,0.00046237916103564203,0.0067255147732794285,0.027658680453896523,0.051408153027296066,0.08940731734037399,0.11857923865318298,0.14165616035461426,0.16073980927467346,0.3964691162109375,0.0059688943438231945,0.0007986549171619117,0.0,0.0,0.0,0.0,0.0,0.0,0.0,0.0,0.0,0.0,0.4262295067310333,0.5737704634666443,0.0,0.0,0.0,0.0,0.0,0.0,0.0,0.0,0.0,0.0,0.0,0.0,0.0,0.0,0.08869272470474243,0.5153425931930542,0.17810003459453583,0.21786464750766754,0.0,0.0,0.0,0.0,0.0,65.90787506103516,1.2590808868408203,0.6345527768135071
Semi_ripe_110.jpg,Semi-ripe,Semi-ripe,48.178409576416016,12.244516372680664,-3.929719924926758,4.615160942077637,42.32794189453125,15.864387512207031,0.0004044898378197104,0.0027303064707666636,0.011426838114857674,0.0542016364634037,0.04853878170251846,0.06219031289219856,0.1179087907075882,0.20699767768383026,0.1944584846496582,0.227121040225029,0.06674082577228546,0.0038426534738391638,0.0029325513169169426,0.0005056122899986804,0.0,0.0,0.0,0.0,0.0,0.0,0.0,0.0,0.019415512681007385,0.8081706762313843,0.1723126769065857,0.0001011224594549276,0.0,0.0,0.0,0.0,0.0,0.0,0.0,0.0,0.0,0.0,0.0,0.0,0.0,0.0016179593512788415,0.07392051815986633,0.1888967603445053,0.2672666609287262,0.4682981073856354,0.0,0.0,0.0,0.0,56.70890808105469,-4.229001522064209,55.08892059326172
Semi_ripe_111.jpg,Semi-ripe,Semi-ripe,50.354454040527344,11.843070983886719,-4.832827568054199,4.7381439208984375,43.333953857421875,15.133088111877441,0.00039150434895418584,0.0015660173958167434,0.006851326208561659,0.020162474364042282,0.06224919110536575,0.06234706938266754,0.10678281635046005,0.15797200798988342,0.22051483392715454,0.2119017392396927,0.13898403942584991,0.010276989080011845,0.0,0.0,0.0,0.0,0.0,0.0,0.0,0.0,0.0,0.0,0.038856808096170425,0.805422306060791,0.15572085976600647,0.0,0.0,0.0,0.0,0.0,0.0,0.0,0.0,0.0,0.0,0.0,0.0,0.0,0.0,0.0,0.0636194571852684,0.1791132390499115,0.2743466794490814,0.4737202823162079,0.009200352244079113,0.0,0.0,0.0,56.3323974609375,-4.78249454498291,53.02961349487305
Semi_ripe_112.jpg,Semi-ripe,Semi-ripe,49.09830856323242,11.905448913574219,-4.551909923553467,5.058568000793457,43.12630081176758,15.486917495727539,0.0004340277810115367,0.0016493055736646056,0.008333333767950535,0.02152777835726738,0.07326389104127884,0.08359374850988388,0.10520832985639572,0.15998263657093048,0.21796874701976776,0.21319444477558136,0.11336805671453476,0.0009548611124046147,0.0005208333604969084,0.0,0.0,0.0,0.0,0.0,0.0,0.0,0.0,0.0,0.04331597313284874,0.7736111283302307,0.1827256977558136,0.00034722223062999547,0.0,0.0,0.0,0.0,0.0,0.0,0.0,0.0,0.0,0.0,0.0,0.0,0.0,8.680555765749887e-05,0.06970486044883728,0.18064236640930176,0.26831597089767456,0.4729166626930237,0.008333333767950535,0.0,0.0,0.0,56.429168701171875,-4.717901229858398,53.97840881347656
Semi_ripe_113.jpg,Semi-ripe,Semi-ripe,46.62945556640625,12.559402465820312,-5.4345197677612305,4.846492290496826,41.43327331542969,16.56827735900879,0.0030701332725584507,0.014295308850705624,0.012280533090233803,0.03271611034870148,0.06648757308721542,0.10975726693868637,0.10764654725790024,0.1388275921344757,0.30125683546066284,0.15542550384998322,0.05775688216090202,0.0,0.00028782500885427,0.00019188332953490317,0.0,0.0,0.0,0.0,0.0,0.0,0.0,0.0,0.036553774029016495,0.839777410030365,0.12366881221532822,0.0,0.0,0.0,0.0,0.0,0.0,0.0,0.0,0.0,0.0,0.0,0.0,0.0,0.0,0.0,0.10246570408344269,0.18228916823863983,0.23822316527366638,0.4745274782180786,0.0024944832548499107,0.0,0.0,0.0,55.28367614746094,-5.7757344245910645,54.14712142944336
Semi_ripe_114.jpg,Semi-ripe,Semi-ripe,50.05338668823242,12.423362731933594,-2.052501678466797,4.439074993133545,39.06028747558594,14.131475448608398,0.0007595177157782018,0.007215418387204409,0.016804330050945282,0.020127220079302788,0.04405202716588974,0.05601442977786064,0.09218645840883255,0.2074432671070099,0.2328871190547943,0.1721256971359253,0.11611127108335495,0.032944079488515854,0.001329155988059938,0.0,0.0,0.0,0.0,0.0,0.0,0.0,0.0,0.0,0.019462641328573227,0.6786291003227234,0.3019082844257355,0.0,0.0,0.0,0.0,0.0,0.0,0.0,0.0,0.0,0.0,0.0,0.0,0.0,0.0,0.0,0.09645874798297882,0.1783917248249054,0.3873540163040161,0.3377954959869385,0.0,0.0,0.0,0.0,56.179046630859375,-2.8661117553710938,50.410335540771484
Semi_ripe_115.jpg,Semi-ripe,Semi-ripe,54.96152877807617,12.81075668334961,-2.646794557571411,4.817972660064697,42.36668014526367,14.764225006103516,0.00010208248568233103,0.0015312372706830502,0.006431196350604296,0.013883217237889767,0.03685177490115166,0.07462229579687119,0.05042874813079834,0.0752347931265831,0.2059003710746765,0.24510003626346588,0.1829318106174469,0.08095140755176544,0.024295631796121597,0.0017354021547362208,0.0,0.0,0.0,0.0,0.0,0.0,0.0,0.0,0.025520620867609978,0.7059003710746765,0.26817068457603455,0.0004083299427293241,0.0,0.0,0.0,0.0,0.0,0.0,0.0,0.0,0.0,0.0,0.0,0.0,0.0,0.00010208248568233103,0.06696610897779465,0.16537362337112427,0.3343201279640198,0.41006532311439514,0.02317272312939167,0.0,0.0,0.0,56.910709381103516,-3.5955379009246826,47.91183853149414
Semi_ripe_116.jpg,Semi-ripe,Semi-ripe,49.88705825805664,12.147015571594238,-2.1929984092712402,5.001073360443115,40.1568603515625,13.823110580444336,0.0002258610911667347,0.0033879163675010204,0.01321287453174591,0.023376623168587685,0.0586109533905983,0.07453416287899017,0.07363072037696838,0.13867871463298798,0.3178994953632355,0.1801242232322693,0.08650480210781097,0.027442123740911484,0.0023715414572507143,0.0,0.0,0.0,0.0,0.0,0.0,0.0,0.0,0.0,0.022811969742178917,0.6870694756507874,0.28684359788894653,0.003274985821917653,0.0,0.0,0.0,0.0,0.0,0.0,0.0,0.0,0.0,0.0,0.0,0.0,0.0,0.0006775832735002041,0.07814794033765793,0.15686053037643433,0.3904009163379669,0.373913049697876,0.0,0.0,0.0,0.0,55.71230697631836,-3.2439024448394775,48.03769302368164
Semi_ripe_117.jpg,Semi-ripe,Semi-ripe,50.14812469482422,12.383983612060547,-1.8440313339233398,4.585134029388428,39.85396957397461,13.758322715759277,0.0010522623779252172,0.007248918525874615,0.01449783705174923,0.024903543293476105,0.04384426400065422,0.04969016835093498,0.09458669275045395,0.19466853141784668,0.25336140394210815,0.170349583029747,0.11247515678405762,0.03250321373343468,0.0008184262551367283,0.0,0.0,0.0,0.0,0.0,0.0,0.0,0.0,0.0,0.019291477277874947,0.6602361798286438,0.32035544514656067,0.00011691803956637159,0.0,0.0,0.0,0.0,0.0,0.0,0.0,0.0,0.0,0.0,0.0,0.0,0.0,0.0,0.07973810285329819,0.17771542072296143,0.3762422502040863,0.3663042187690735,0.0,0.0,0.0,0.0,55.91819381713867,-2.6347129344940186,50.39358139038086
Semi_ripe_118.jpg,Semi-ripe,Semi-ripe,54.41318893432617,14.290246963500977,-6.612642288208008,4.916615009307861,45.157928466796875,15.625411987304688,9.635768219595775e-05,0.0027943726163357496,0.007901329547166824,0.03623048588633537,0.053189437836408615,0.0596454031765461,0.04702254757285118,0.08219309896230698,0.16554249823093414,0.23781076073646545,0.17045673727989197,0.11177490651607513,0.025149354711174965,0.0001927153643919155,0.0,0.0,0.0,0.0,0.0,0.0,0.0,0.0,0.07034110277891159,0.8914048671722412,0.03825400024652481,0.0,0.0,0.0,0.0,0.0,0.0,0.0,0.0,0.0,0.0,0.0,0.0,0.0,0.0,0.0,0.05733282119035721,0.17585276067256927,0.18712660670280457,0.5509732365608215,0.028714587911963463,0.0,0.0,0.0,57.197444915771484,-5.436797618865967,52.72724533081055
Semi_ripe_119.jpg,Semi-ripe,Semi-ripe,53.141204833984375,13.492402076721191,-7.0452189445495605,3.996494770050049,46.233306884765625,16.782766342163086,0.00110967259388417,0.003329017898067832,0.008045126684010029,0.030423525720834732,0.0568707212805748,0.06325133889913559,0.05418901517987251,0.08914370089769363,0.18966154754161835,0.22646568715572357,0.21444423496723175,0.06214166805148125,0.0009247271809726954,0.0,0.0,0.0,0.0,0.0,0.0,0.0,0.0,0.0,0.048640649765729904,0.9290734529495239,0.02228592522442341,0.0,0.0,0.0,0.0,0.0,0.0,0.0,0.0,0.0,0.0,0.0,0.0,0.0,0.0,0.0,0.08405770361423492,0.11947475373744965,0.17865729331970215,0.5909931659698486,0.026817088946700096,0.0,0.0,0.0,56.827327728271484,-5.984259605407715,55.15573501586914
Semi_ripe_12.jpeg,Semi-ripe,Semi-ripe,49.33969497680664,10.912163734436035,-1.337157130241394,2.220327138900757,25.69289207458496,13.52280044555664,0.0,0.0,0.0006234414177015424,0.004675810690969229,0.024064837023615837,0.10006234049797058,0.2395261824131012,0.19669575989246368,0.13958853483200073,0.13827930390834808,0.1514962613582611,0.004987531341612339,0.0,0.0,0.0,0.0,0.0,0.0,0.0,0.0,0.0,0.0,0.0,0.6477556228637695,0.35224437713623047,0.0,0.0,0.0,0.0,0.0,0.0,0.0,0.0,0.0,0.0,0.0,0.0,0.0,0.0,0.01184538658708334,0.21066084504127502,0.350498765707016,0.42699500918388367,0.0,0.0,0.0,0.0,0.0,56.46946334838867,-2.4586875438690186,39.50492858886719
Semi_ripe_120.jpg,Semi-ripe,Semi-ripe,53.09980773925781,13.048661231994629,-7.155188083648682,3.8798813819885254,47.670440673828125,15.089359283447266,0.0007142128306441009,0.002448729705065489,0.009080706164240837,0.03550658002495766,0.0384654626250267,0.05744311958551407,0.05611672252416611,0.11233547329902649,0.19559228420257568,0.25854504108428955,0.1668197065591812,0.05907560512423515,0.007856341078877449,0.0,0.0,0.0,0.0,0.0,0.0,0.0,0.0,0.0,0.047954291105270386,0.9364350438117981,0.015610652044415474,0.0,0.0,0.0,0.0,0.0,0.0,0.0,0.0,0.0,0.0,0.0,0.0,0.0,0.0,0.0001020304043777287,0.055810630321502686,0.10998877882957458,0.1841648817062378,0.6398326754570007,0.010101010091602802,0.0,0.0,0.0,56.74812698364258,-6.065573692321777,56.0203742980957
Semi_ripe_121.jpg,Semi-ripe,Semi-ripe,49.777923583984375,13.521190643310547,-6.221506595611572,5.102215766906738,43.86540985107422,15.19163703918457,0.0,0.0040998007170856,0.015579243190586567,0.04908047243952751,0.06536254286766052,0.05681152641773224,0.06946234405040741,0.17301160097122192,0.18554528057575226,0.20487290620803833,0.16457772254943848,0.011596580035984516,0.0,0.0,0.0,0.0,0.0,0.0,0.0,0.0,0.0,0.0,0.07203935831785202,0.8781773447990417,0.04978329688310623,0.0,0.0,0.0,0.0,0.0,0.0,0.0,0.0,0.0,0.0,0.0,0.0,0.0,0.0,0.00011713716958183795,0.06067705154418945,0.18050837516784668,0.2197493314743042,0.5335597991943359,0.005388309713453054,0.0,0.0,0.0,56.63051986694336,-5.201384544372559,55.08272933959961
Semi_ripe_122.jpg,Semi-ripe,Semi-ripe,48.851531982421875,12.268194198608398,-6.475559234619141,5.968930721282959,43.725730895996094,15.056161880493164,0.0016140189254656434,0.008070094510912895,0.009568826295435429,0.01510260533541441,0.05026515945792198,0.11701636761426926,0.11286603659391403,0.1429559588432312,0.22492505609989166,0.20532625913619995,0.1076781153678894,0.0038044732064008713,0.0005764352972619236,0.0002305741363670677,0.0,0.0,0.0,0.0,0.0,0.0,0.0,0.0,0.1067558228969574,0.8245331048965454,0.06871108710765839,0.0,0.0,0.0,0.0,0.0,0.0,0.0,0.0,0.0,0.0,0.0,0.0,0.0,0.0,0.0,0.06283145397901535,0.16901083290576935,0.2317270040512085,0.5363154411315918,0.00011528706818353385,0.0,0.0,0.0,56.08106994628906,-5.088832378387451,55.51015090942383
Semi_ripe_123.jpg,Semi-ripe,Semi-ripe,52.19656753540039,13.705074310302734,-6.748323917388916,6.302595615386963,47.379356384277344,16.179672241210938,0.0002210270322393626,0.004273189231753349,0.008546378463506699,0.019818758592009544,0.04685773327946663,0.09482059627771378,0.11021881550550461,0.1052088737487793,0.15656082332134247,0.14425697922706604,0.2574228346347809,0.051499299705028534,0.00029470270965248346,0.0,0.0,0.0,0.0,0.0,0.0,0.0,0.0,0.0,0.10881897807121277,0.8164002299308777,0.07478081434965134,0.0,0.0,0.0,0.0,0.0,0.0,0.0,0.0,0.0,0.0,0.0,0.0,0.0,0.0,0.0006630811258219182,0.05194135382771492,0.12628011405467987,0.2511603832244873,0.42724525928497314,0.14270979166030884,0.0,0.0,0.0,56.33955764770508,-5.054881572723389,53.37699890136719
Semi_ripe_124.jpeg,Semi-ripe,Semi-ripe,50.40364074707031,12.220799446105957,-2.516594409942627,2.4337196350097656,30.825937271118164,16.302305221557617,0.0,5.485764268087223e-05,0.0028525975067168474,0.021229907870292664,0.056229084730148315,0.09868890047073364,0.12211311608552933,0.14537276327610016,0.15349169075489044,0.2188819944858551,0.17675133049488068,0.0043337540701031685,0.0,0.0,0.0,0.0,0.0,0.0,0.0,0.0,0.0,0.0,0.0,0.7466673851013184,0.25333261489868164,0.0,0.0,0.0,0.0,0.0,0.0,0.0,0.0,0.0,0.0,0.0,0.0,0.0,0.0,0.008886937983334064,0.19578693807125092,0.2379724681377411,0.38702067732810974,0.17033298313617706,0.0,0.0,0.0,0.0,56.87400436401367,-4.329873561859131,44.67446517944336
Semi_ripe_125.jpeg,Semi-ripe,Semi-ripe,57.83005142211914,11.048147201538086,-0.42754992842674255,1.7753080129623413,9.704172134399414,15.439413070678711,0.0,0.0,0.0002363786770729348,0.0041957213543355465,0.03235433250665665,0.05091005936264992,0.05117598548531532,0.06237442418932915,0.10929559171199799,0.1851731538772583,0.49160856008529663,0.012350785546004772,0.0003250206937082112,0.0,0.0,0.0,0.0,0.0,0.0,0.0,0.0,0.0,0.0,0.38772013783454895,0.6122798919677734,0.0,0.0,0.0,0.0,0.0,0.0,0.0,0.0,0.0,0.0,0.0,0.0,0.0,0.0,0.15914194285869598,0.5669838190078735,0.09771303832530975,0.17610211670398712,5.90946692682337e-05,0.0,0.0,0.0,0.0,66.45362854003906,0.7170448899269104,0.08944953978061676
Semi_ripe_126.jpeg,Semi-ripe,Semi-ripe,49.39336013793945,10.845511436462402,-1.4008630514144897,2.16066837310791,25.885372161865234,13.477103233337402,0.0,0.0,0.00016596591740380973,0.003429962322115898,0.022626686841249466,0.10212436318397522,0.24535295367240906,0.19097144901752472,0.1416795700788498,0.13907943665981293,0.14765435457229614,0.0064173489809036255,0.000497897737659514,0.0,0.0,0.0,0.0,0.0,0.0,0.0,0.0,0.0,0.0,0.6698938012123108,0.3301062285900116,0.0,0.0,0.0,0.0,0.0,0.0,0.0,0.0,0.0,0.0,0.0,0.0,0.0,0.0,0.01095375046133995,0.20142731070518494,0.34603893756866455,0.44157999753952026,0.0,0.0,0.0,0.0,0.0,56.204715728759766,-2.4635519981384277,39.26850509643555
Semi_ripe_127.jpeg,Semi-ripe,Semi-ripe,56.63195037841797,11.580217361450195,0.01708698458969593,1.9178801774978638,13.030915260314941,17.783607482910156,0.0,0.0,0.0,0.002594690304249525,0.049172546714544296,0.05784260854125023,0.05388728901743889,0.07398031651973724,0.11739391833543777,0.18118533492088318,0.45372274518013,0.010188906453549862,3.16425648634322e-05,0.0,0.0,0.0,0.0,0.0,0.0,0.0,0.0,0.0,0.0,0.2474765032529831,0.7525234818458557,0.0,0.0,0.0,0.0,0.0,0.0,0.0,0.0,0.0,0.0,0.0,0.0,0.0,0.0,0.3800588548183441,0.25329872965812683,0.12049488723278046,0.24298326671123505,0.0031642564572393894,0.0,0.0,0.0,0.0,65.41634368896484,0.6140985488891602,-1.2858818769454956
Semi_ripe_128.jpeg,Semi-ripe,Semi-ripe,50.40565490722656,12.621207237243652,-0.18002131581306458,2.1630022525787354,16.840471267700195,14.874869346618652,0.0,0.0,9.688983845990151e-05,0.003778703510761261,0.05852146074175835,0.1195620596408844,0.1468849927186966,0.19348900020122528,0.1389884650707245,0.05735878273844719,0.2794302999973297,0.0015986822545528412,0.00024222458887379616,4.8444919229950756e-05,0.0,0.0,0.0,0.0,0.0,0.0,0.0,0.0,0.0,0.3756903409957886,0.6243096590042114,0.0,0.0,0.0,0.0,0.0,0.0,0.0,0.0,0.0,0.0,0.0,0.0,0.0,0.0,0.04839647188782692,0.43934696912765503,0.3119852840900421,0.20027129352092743,0.0,0.0,0.0,0.0,0.0,66.46028137207031,1.1946830749511719,0.661963164806366
Semi_ripe_129.jpeg,Semi-ripe,Semi-ripe,55.7868537902832,12.130309104919434,0.1770785003900528,2.2883877754211426,13.449718475341797,17.569194793701172,0.0,6.624709931202233e-05,0.0007949651917442679,0.012189466506242752,0.05230208858847618,0.06137793883681297,0.04435243457555771,0.07482609897851944,0.151606485247612,0.16793639957904816,0.4308711588382721,0.003014243207871914,0.0006293474580161273,3.3123549656011164e-05,0.0,0.0,0.0,0.0,0.0,0.0,0.0,0.0,0.0,0.2990725338459015,0.7009274363517761,0.0,0.0,0.0,0.0,0.0,0.0,0.0,0.0,0.0,0.0,0.0,0.0,0.0,0.0,0.3547201156616211,0.26419344544410706,0.1312355101108551,0.24706856906414032,0.0027823783457279205,0.0,0.0,0.0,0.0,65.37681579589844,1.4919991493225098,-1.6673940420150757
Semi_ripe_13.jpg,Semi-ripe,Semi-ripe,54.8355598449707,14.420949935913086,-9.687393188476562,5.295155048370361,45.554317474365234,17.169038772583008,0.00031128403497859836,0.002334630349650979,0.004669260699301958,0.017042800784111023,0.06062256917357445,0.06544747203588486,0.07774318754673004,0.09501945227384567,0.14023345708847046,0.20280155539512634,0.17027238011360168,0.11315175145864487,0.04949416220188141,0.0008560311398468912,0.0,0.0,0.0,0.0,0.0,0.0,0.0,0.0,0.06552529335021973,0.8778988122940063,0.056498054414987564,7.782100874464959e-05,0.0,0.0,0.0,0.0,0.0,0.0,0.0,0.0,0.0,0.0,0.0,0.0,0.0,0.00015564201748929918,0.06614785641431808,0.18116731941699982,0.19284047186374664,0.4371984302997589,0.12249027192592621,0.0,0.0,0.0,57.29011917114258,-9.597195625305176,51.8603401184082
Semi_ripe_130.jpeg,Semi-ripe,Semi-ripe,47.464141845703125,12.619063377380371,-0.34908849000930786,2.573003053665161,17.175472259521484,12.438806533813477,0.0,0.0,0.00026516406796872616,0.009877361357212067,0.073848195374012,0.12787537276744843,0.2501160204410553,0.21179980039596558,0.04832615330815315,0.04593967646360397,0.2293006330728531,0.0021876036189496517,6.629101699218154e-05,0.0003314550849609077,6.629101699218154e-05,0.0,0.0,0.0,0.0,0.0,0.0,0.0,0.0,0.4005303382873535,0.5994696617126465,0.0,0.0,0.0,0.0,0.0,0.0,0.0,0.0,0.0,0.0,0.0,0.0,0.0,0.0,0.005104408133774996,0.4367252290248871,0.39350348711013794,0.16466689109802246,0.0,0.0,0.0,0.0,0.0,66.38676452636719,1.0662508010864258,1.259952425956726
Semi_ripe_131.jpeg,Semi-ripe,Semi-ripe,55.45180892944336,12.2782564163208,-0.6356109976768494,2.6066651344299316,12.320053100585938,16.711868286132812,0.0,0.0001689645869191736,0.0003041362506337464,0.0068937549367547035,0.05643417313694954,0.056941065937280655,0.05754933878779411,0.09850635379552841,0.17024871706962585,0.10888078063726425,0.43156933784484863,0.012165450491011143,0.0003379291738383472,0.0,0.0,0.0,0.0,0.0,0.0,0.0,0.0,0.0,0.0,0.33796295523643494,0.6620370149612427,0.0,0.0,0.0,0.0,0.0,0.0,0.0,0.0,0.0,0.0,0.0,0.0,0.0,0.0,0.19478237628936768,0.4594147205352783,0.12006623297929764,0.22566910088062286,6.75858318572864e-05,0.0,0.0,0.0,0.0,66.35460662841797,1.0487440824508667,0.3371051847934723
Semi_ripe_132.jpeg,Semi-ripe,Semi-ripe,43.31270217895508,14.225939750671387,-2.1571195125579834,2.6169583797454834,32.94401931762695,14.737086296081543,0.0,0.002541544381529093,0.06770934909582138,0.05597914755344391,0.08061257749795914,0.1434343457221985,0.1557510644197464,0.10707070678472519,0.13750407099723816,0.19667644798755646,0.04861518368124962,0.004040404222905636,6.51678055874072e-05,0.0,0.0,0.0,0.0,0.0,0.0,0.0,0.0,0.0,0.0,0.7130009531974792,0.28699901700019836,0.0,0.0,0.0,0.0,0.0,0.0,0.0,0.0,0.0,0.0,0.0,0.0,0.0,0.0,0.011469533666968346,0.13887259364128113,0.25917237997055054,0.4046920835971832,0.1857934147119522,0.0,0.0,0.0,0.0,56.75284957885742,-3.948119640350342,48.16175842285156
Semi_ripe_133.jpeg,Semi-ripe,Semi-ripe,44.92776107788086,12.673895835876465,-0.8679187893867493,3.266606330871582,23.636510848999023,12.511909484863281,0.0,0.00020250088709872216,0.0028856375720351934,0.0435376912355423,0.12256366014480591,0.16331696510314941,0.11360299587249756,0.19019895792007446,0.1480281502008438,0.11613425612449646,0.09593479335308075,0.003442515153437853,0.0001518756616860628,0.0,0.0,0.0,0.0,0.0,0.0,0.0,0.0,0.0,0.0,0.5106059908866882,0.48939400911331177,0.0,0.0,0.0,0.0,0.0,0.0,0.0,0.0,0.0,0.0,0.0,0.0,0.0,0.0,0.003999392502009869,0.2602642774581909,0.40571051836013794,0.3300258219242096,0.0,0.0,0.0,0.0,0.0,30.56609344482422,2.033970832824707,19.181272506713867
Semi_ripe_134.jpeg,Semi-ripe,Semi-ripe,56.25734329223633,12.271800994873047,-0.4390476644039154,2.297560930252075,13.77618408203125,16.551786422729492,0.00011446449934737757,0.0009920255979523063,0.0002670838148333132,0.004464115481823683,0.02834904007613659,0.08928230404853821,0.06745774298906326,0.06654202938079834,0.18188408017158508,0.1327788233757019,0.40234270691871643,0.02541111782193184,0.00011446449934737757,0.0,0.0,0.0,0.0,0.0,0.0,0.0,0.0,0.0,0.0,0.3149299919605255,0.6850700378417969,0.0,0.0,0.0,0.0,0.0,0.0,0.0,0.0,0.0,0.0,0.0,0.0,0.0,0.0,0.05330229923129082,0.5517570376396179,0.1809302121400833,0.2134762853384018,0.0005341676296666265,0.0,0.0,0.0,0.0,67.31584167480469,0.6802812814712524,0.13390548527240753
Semi_ripe_135.jpeg,Semi-ripe,Semi-ripe,52.15068054199219,12.338553428649902,-0.8468727469444275,2.9039347171783447,17.098125457763672,16.185693740844727,0.00038938914076425135,0.0009247992420569062,0.0013628620654344559,0.006570941768586636,0.02560233697295189,0.0861523449420929,0.17863227427005768,0.1738135814666748,0.09802871942520142,0.11633000522851944,0.30576783418655396,0.0052567534148693085,0.001022146549075842,0.00014602093142457306,0.0,0.0,0.0,0.0,0.0,0.0,0.0,0.0,0.0,0.493015319108963,0.5069846510887146,0.0,0.0,0.0,0.0,0.0,0.0,0.0,0.0,0.0,0.0,0.0,0.0,0.0,0.0,0.11852031946182251,0.3745923638343811,0.2188853770494461,0.2880019545555115,0.0,0.0,0.0,0.0,0.0,66.43228149414062,1.5730364322662354,0.2948372960090637
Semi_ripe_136.jpeg,Semi-ripe,Semi-ripe,48.67915725708008,10.693150520324707,-2.061087131500244,2.74143123626709,27.48557472229004,11.531089782714844,0.0,0.0,0.00035671290243044496,0.005885762628167868,0.043117672204971313,0.11602086573839188,0.18740803003311157,0.198154017329216,0.16645115613937378,0.15748874843120575,0.1240914985537529,0.0008471931214444339,8.917822560761124e-05,4.458911280380562e-05,4.458911280380562e-05,0.0,0.0,0.0,0.0,0.0,0.0,0.0,0.0,0.6634413599967957,0.33655861020088196,0.0,0.0,0.0,0.0,0.0,0.0,0.0,0.0,0.0,0.0,0.0,0.0,0.0,0.0,0.0115931686013937,0.1432202309370041,0.38333258032798767,0.4618540108203888,0.0,0.0,0.0,0.0,0.0,56.1324577331543,-3.560638666152954,37.502262115478516
Semi_ripe_137.jpeg,Semi-ripe,Semi-ripe,48.157318115234375,12.639772415161133,-2.2920687198638916,2.8510169982910156,18.16301727294922,13.026421546936035,5.776673788204789e-05,0.00011553347576409578,0.0019063024083152413,0.008607244119048119,0.056438103318214417,0.1113165020942688,0.29663220047950745,0.18733753263950348,0.029287736862897873,0.05424296855926514,0.2518629729747772,0.002021835884079337,0.00017330021364614367,0.0,0.0,0.0,0.0,0.0,0.0,0.0,0.0,0.0,0.0,0.617179811000824,0.38282015919685364,0.0,0.0,0.0,0.0,0.0,0.0,0.0,0.0,0.0,0.0,0.0,0.0,0.0,0.0,0.0,0.4498295783996582,0.32072094082832336,0.22944948077201843,0.0,0.0,0.0,0.0,0.0,66.41165161132812,0.6306372284889221,2.336519718170166
Semi_ripe_138.jpeg,Semi-ripe,Semi-ripe,53.09795379638672,11.114090919494629,-1.4418766498565674,3.0567126274108887,16.063629150390625,15.003543853759766,0.0,0.00014878000365570188,0.0004463400109671056,0.0029756000731140375,0.0172088872641325,0.06620710343122482,0.11381670087575912,0.23264233767986298,0.18766117095947266,0.061446141451597214,0.31442174315452576,0.0023308866657316685,0.0004959333455190063,0.0001983733382076025,0.0,0.0,0.0,0.0,0.0,0.0,0.0,0.0,0.0,0.5373933911323547,0.46260663866996765,0.0,0.0,0.0,0.0,0.0,0.0,0.0,0.0,0.0,0.0,0.0,0.0,0.0,0.0,0.04820472002029419,0.46216028928756714,0.25545525550842285,0.23417972028255463,0.0,0.0,0.0,0.0,0.0,66.47563934326172,1.4079482555389404,0.5940850377082825
Semi_ripe_139.jpeg,Semi-ripe,Semi-ripe,52.15707015991211,11.849349021911621,-2.4391539096832275,3.541884183883667,17.65979766845703,15.862693786621094,0.0,0.0,0.0004085152759216726,0.005946166813373566,0.02514638379216194,0.06999228149652481,0.1958603858947754,0.16594798862934113,0.11905951052904129,0.11601833999156952,0.2907266914844513,0.010802959091961384,9.078117000171915e-05,0.0,0.0,0.0,0.0,0.0,0.0,0.0,0.0,0.0,0.0,0.5824519991874695,0.4175480008125305,0.0,0.0,0.0,0.0,0.0,0.0,0.0,0.0,0.0,0.0,0.0,0.0,0.0,0.0,0.022377558052539825,0.45953428745269775,0.24016159772872925,0.27792656421661377,0.0,0.0,0.0,0.0,0.0,66.39215087890625,1.2321858406066895,0.5588640570640564
Semi_ripe_14.jpg,Semi-ripe,Semi-ripe,51.67128372192383,13.564911842346191,-8.106974601745605,4.7481160163879395,42.88754653930664,15.08178424835205,0.0,0.0005360652576200664,0.008636606857180595,0.030257906764745712,0.06230269744992256,0.06730597466230392,0.08046935498714447,0.13699446618556976,0.22365835309028625,0.17481684684753418,0.10768955945968628,0.09339448809623718,0.013937697745859623,0.0,0.0,0.0,0.0,0.0,0.0,0.0,0.0,0.0,0.07254750281572342,0.8887962102890015,0.038656264543533325,0.0,0.0,0.0,0.0,0.0,0.0,0.0,0.0,0.0,0.0,0.0,0.0,0.0,0.0,0.0003573768481146544,0.06682947278022766,0.17017094790935516,0.25296324491500854,0.5092620253562927,0.0004169396706856787,0.0,0.0,0.0,55.99298095703125,-7.4873247146606445,51.6981315612793
Semi_ripe_140.jpeg,Semi-ripe,Semi-ripe,54.01060104370117,11.349104881286621,-1.9167743921279907,3.5859251022338867,17.377504348754883,17.115394592285156,4.0400776924798265e-05,4.0400776924798265e-05,0.000888817070517689,0.005615707952529192,0.024280866608023643,0.06330801546573639,0.0949014201760292,0.19735778868198395,0.1297672986984253,0.14439237117767334,0.33564963936805725,0.003030058229342103,0.0006060116575099528,0.00012120232713641599,0.0,0.0,0.0,0.0,0.0,0.0,0.0,0.0,0.0,0.523755669593811,0.47624433040618896,0.0,0.0,0.0,0.0,0.0,0.0,0.0,0.0,0.0,0.0,0.0,0.0,0.0,0.0,0.06767129898071289,0.4401664435863495,0.1872575879096985,0.30490463972091675,0.0,0.0,0.0,0.0,0.0,65.97010040283203,1.4252357482910156,0.3994911015033722
Semi_ripe_141.jpeg,Semi-ripe,Semi-ripe,49.570594787597656,10.942702293395996,-1.7732391357421875,2.6291298866271973,22.530019760131836,15.112685203552246,0.0,0.0,0.00027353543555364013,0.003191246883943677,0.03382721543312073,0.08392979204654694,0.22603145241737366,0.2187371850013733,0.13963983952999115,0.1044449508190155,0.1872350126504898,0.0025985867250710726,9.117848094319925e-05,0.0,0.0,0.0,0.0,0.0,0.0,0.0,0.0,0.0,0.0,0.6971962451934814,0.30280372500419617,0.0,0.0,0.0,0.0,0.0,0.0,0.0,0.0,0.0,0.0,0.0,0.0,0.0,0.0,0.03806701675057411,0.28762251138687134,0.3023022711277008,0.37200820446014404,0.0,0.0,0.0,0.0,0.0,42.80581283569336,-3.7266459465026855,23.328290939331055
Semi_ripe_142.jpeg,Semi-ripe,Semi-ripe,50.33917236328125,14.364253044128418,-1.157470464706421,3.0735480785369873,17.45248031616211,15.694580078125,0.0,4.478681512409821e-05,0.01106234360486269,0.06556789577007294,0.05987996980547905,0.06319419294595718,0.10314403474330902,0.13516660034656525,0.1636510193347931,0.11210139840841293,0.2804102599620819,0.005060910247266293,0.0006718022050336003,4.478681512409821e-05,0.0,0.0,0.0,0.0,0.0,0.0,0.0,0.0,0.0,0.42122000455856323,0.5787799954414368,0.0,0.0,0.0,0.0,0.0,0.0,0.0,0.0,0.0,0.0,0.0,0.0,0.0,0.0,0.002060193568468094,0.5215872526168823,0.182998925447464,0.2933536469936371,0.0,0.0,0.0,0.0,0.0,66.22520446777344,0.9733268618583679,1.093598484992981
Semi_ripe_143.jpeg,Semi-ripe,Semi-ripe,51.66520690917969,13.17258358001709,-2.252009868621826,3.068967819213867,13.061768531799316,12.72806453704834,0.000254401151323691,0.000254401151323691,0.0015264068497344851,0.003256334690377116,0.029256131500005722,0.10705199837684631,0.2395441085100174,0.14485600590705872,0.03668464347720146,0.07677826285362244,0.3461381793022156,0.014348224736750126,5.088022953714244e-05,0.0,0.0,0.0,0.0,0.0,0.0,0.0,0.0,0.0,0.0,0.5264068245887756,0.47359317541122437,0.0,0.0,0.0,0.0,0.0,0.0,0.0,0.0,0.0,0.0,0.0,0.0,0.0,0.0,0.010735727846622467,0.5583087205886841,0.31423628330230713,0.11671924591064453,0.0,0.0,0.0,0.0,0.0,66.5687026977539,0.5181415677070618,1.1364306211471558
Semi_ripe_144.jpeg,Semi-ripe,Semi-ripe,48.658935546875,11.859585762023926,-2.723721504211426,3.0281124114990234,19.91704559326172,13.823539733886719,0.0,0.0,0.0003314393979962915,0.005445075687021017,0.033617425709962845,0.11822916567325592,0.27348485589027405,0.1871212124824524,0.10009469836950302,0.05880681797862053,0.21510416269302368,0.007717803120613098,4.734848334919661e-05,0.0,0.0,0.0,0.0,0.0,0.0,0.0,0.0,0.0,0.0,0.681581437587738,0.31841856241226196,0.0,0.0,0.0,0.0,0.0,0.0,0.0,0.0,0.0,0.0,0.0,0.0,0.0,0.0,0.02874053083360195,0.3332386314868927,0.38219696283340454,0.25582385063171387,0.0,0.0,0.0,0.0,0.0,42.545536041259766,-3.718778610229492,24.595539093017578
Semi_ripe_145.jpg,Semi-ripe,Semi-ripe,41.22077178955078,13.721466064453125,-2.618807554244995,2.2091102600097656,30.326906204223633,21.60257339477539,0.011272619478404522,0.00919608399271965,0.026698309928178787,0.05280332267284393,0.12281221896409988,0.20112726092338562,0.15900325775146484,0.13319489359855652,0.1400177925825119,0.07890833914279938,0.05072678625583649,0.011272619478404522,0.0023731831461191177,0.0005932957865297794,0.0,0.0,0.0,0.0,0.0,0.0,0.0,0.0,0.0,0.8246811032295227,0.1753188967704773,0.0,0.0,0.0,0.0,0.0,0.0,0.0,0.0,0.0,0.0,0.0,0.0,0.0,0.0,0.0961139127612114,0.2049836814403534,0.20587362349033356,0.18777810037136078,0.29605457186698914,0.00919608399271965,0.0,0.0,0.0,31.612321853637695,-2.924285650253296,15.681428909301758
Semi_ripe_146.jpg,Semi-ripe,Semi-ripe,46.28556442260742,17.056623458862305,-3.085087299346924,3.0965163707733154,33.9966926574707,24.84150505065918,0.015033072791993618,0.01443174947053194,0.017739025875926018,0.05051112547516823,0.092303067445755,0.1488274186849594,0.12778112292289734,0.11846061050891876,0.09410703182220459,0.10523150861263275,0.1073361411690712,0.08839447051286697,0.019843656569719315,0.0,0.0,0.0,0.0,0.0,0.0,0.0,0.0,0.0,0.0,0.8156945109367371,0.18430547416210175,0.0,0.0,0.0,0.0,0.0,0.0,0.0,0.0,0.0,0.0,0.0,0.0,0.0,0.0,0.10252555459737778,0.18069753050804138,0.18460613489151,0.1704750508069992,0.21076367795467377,0.15093204379081726,0.0,0.0,0.0,31.588327407836914,-2.678082227706909,12.1575345993042
Semi_ripe_147.jpg,Semi-ripe,Semi-ripe,49.6588134765625,21.879966735839844,1.0139495134353638,5.818885326385498,30.653871536254883,24.192617416381836,0.005017813295125961,0.004917456768453121,0.021827487275004387,0.22203823924064636,0.07948216050863266,0.041597671806812286,0.03507451340556145,0.04511013999581337,0.05951126664876938,0.09197651594877243,0.13437703251838684,0.12444176524877548,0.11811932176351547,0.016458427533507347,5.0178132369183004e-05,0.0,0.0,0.0,0.0,0.0,0.0,0.0,0.018315019086003304,0.40388378500938416,0.5571779608726501,0.020623212680220604,0.0,0.0,0.0,0.0,0.0,0.0,0.0,0.0,0.0,0.0,0.0,0.0,0.0,0.007576898206025362,0.44743841886520386,0.07240704447031021,0.11405489593744278,0.26830247044563293,0.09022027999162674,0.0,0.0,0.0,23.037187576293945,-2.035849094390869,8.568553924560547
Semi_ripe_148.jpg,Semi-ripe,Semi-ripe,42.46123123168945,22.545513153076172,1.3561289310455322,6.793743133544922,25.408906936645508,22.857580184936523,0.005170479416847229,0.03229110687971115,0.07814253121614456,0.1822350174188614,0.16726014018058777,0.055216819047927856,0.0480952151119709,0.04794888198375702,0.05419247969985008,0.07219160348176956,0.0950685366988182,0.04790010303258896,0.057363055646419525,0.056680161505937576,0.0002438905357848853,0.0,0.0,0.0,0.0,0.0,0.0,0.0,0.0028291302733123302,0.5081703066825867,0.46939173340797424,0.01960879936814308,0.0,0.0,0.0,0.0,0.0,0.0,0.0,0.0,0.0,0.0,0.0,0.0,0.0,0.011560412123799324,0.5048534274101257,0.1374567151069641,0.11248231679201126,0.14272475242614746,0.09092239290475845,0.0,0.0,0.0,21.439863204956055,-3.7201735973358154,7.898047924041748
Semi_ripe_149.JPG,Semi-ripe,Semi-ripe,53.72882080078125,15.800135612487793,-4.777535915374756,8.924893379211426,39.34941101074219,26.07659339904785,0.0006094906129874289,0.004527644719928503,0.012973443605005741,0.07435785979032516,0.04945581033825874,0.04771440848708153,0.04327383637428284,0.07139747589826584,0.12198519706726074,0.20896822214126587,0.24666957557201385,0.10021767765283585,0.01776229776442051,8.707008964847773e-05,0.0,0.0,0.0,0.0,0.0,0.0,0.0,0.0,0.03160644322633743,0.5772746801376343,0.3911188542842865,0.0,0.0,0.0,0.0,0.0,0.0,0.0,0.0,0.0,0.0,0.0,0.0,0.0,0.0,0.011057901196181774,0.28350022435188293,0.12564213573932648,0.08872441947460175,0.2182847261428833,0.2727906107902527,0.0,0.0,0.0,68.27987670898438,-13.447518348693848,68.37969207763672
Semi_ripe_15.jpg,Semi-ripe,Semi-ripe,52.27900314331055,14.381680488586426,-7.406935214996338,4.470198631286621,40.56272506713867,15.787147521972656,0.0,0.0005001250538043678,0.009002250619232655,0.03584229573607445,0.06651663035154343,0.05751437693834305,0.07976993918418884,0.16020672023296356,0.1711261123418808,0.14095190167427063,0.14970409870147705,0.10786029696464539,0.02100525051355362,0.0,0.0,0.0,0.0,0.0,0.0,0.0,0.0,0.0,0.0333416685461998,0.8998082876205444,0.06685004383325577,0.0,0.0,0.0,0.0,0.0,0.0,0.0,0.0,0.0,0.0,0.0,0.0,0.0,0.0,0.00016670834156684577,0.08743852376937866,0.22730682790279388,0.19904975593090057,0.4860381782054901,0.0,0.0,0.0,0.0,56.43727493286133,-7.6052632331848145,51.47269821166992
Semi_ripe_150.JPG,Semi-ripe,Semi-ripe,51.60210037231445,17.278457641601562,0.015155218541622162,6.5713043212890625,39.43962478637695,25.393518447875977,0.010755316354334354,0.020166218280792236,0.014421901665627956,0.021999511867761612,0.07467611879110336,0.083720363676548,0.0779760479927063,0.09313126653432846,0.1311415284872055,0.17355169355869293,0.1702517718076706,0.0738205835223198,0.027377169579267502,0.02676607109606266,0.0002444390265736729,0.0,0.0,0.0,0.0,0.0,0.0,0.0,0.006355414167046547,0.4281349182128906,0.5653874278068542,0.00012221951328683645,0.0,0.0,0.0,0.0,0.0,0.0,0.0,0.0,0.0,0.0,0.0,0.0,0.0,0.025788316503167152,0.2653385400772095,0.06330970674753189,0.17489610612392426,0.2440723478794098,0.2265949696302414,0.0,0.0,0.0,68.4561996459961,-6.992771148681641,68.72931671142578
Semi_ripe_151.JPG,Semi-ripe,Semi-ripe,53.547515869140625,14.982419967651367,-0.7057671546936035,4.532367706298828,40.284767150878906,24.821714401245117,0.005549510475248098,0.005767138209193945,0.012513602152466774,0.025897715240716934,0.039281826466321945,0.05386289581656456,0.08128400146961212,0.13079434633255005,0.1582154482603073,0.19347116351127625,0.16996735334396362,0.06855277717113495,0.046354733407497406,0.008378672413527966,0.00010881392518058419,0.0,0.0,0.0,0.0,0.0,0.0,0.0,0.0,0.4532099962234497,0.5467900037765503,0.0,0.0,0.0,0.0,0.0,0.0,0.0,0.0,0.0,0.0,0.0,0.0,0.0,0.0,0.0280739925801754,0.22665941715240479,0.08443960547447205,0.12665940821170807,0.33133840560913086,0.20282916724681854,0.0,0.0,0.0,68.09137725830078,-5.032258033752441,67.97435760498047
Semi_ripe_152.JPG,Semi-ripe,Semi-ripe,50.86134338378906,17.21224021911621,-0.32750141620635986,5.4403977394104,38.38959503173828,24.65682601928711,0.0060606058686971664,0.013722127303481102,0.04585477337241173,0.026643795892596245,0.048713549971580505,0.09170954674482346,0.08542024344205856,0.08439107984304428,0.12475700676441193,0.18925100564956665,0.18376214802265167,0.048256147652864456,0.03704974427819252,0.0144082335755229,0.0,0.0,0.0,0.0,0.0,0.0,0.0,0.0,0.0009148084791377187,0.4146369397640228,0.5843338966369629,0.00011435105989221483,0.0,0.0,0.0,0.0,0.0,0.0,0.0,0.0,0.0,0.0,0.0,0.0,0.0,0.013607775792479515,0.24448256194591522,0.10383076220750809,0.21040594577789307,0.23773585259914398,0.18993709981441498,0.0,0.0,0.0,56.922664642333984,-4.941720485687256,58.457908630371094
Semi_ripe_153.JPG,Semi-ripe,Semi-ripe,49.5882453918457,17.988096237182617,-3.5749638080596924,7.062773704528809,28.00153160095215,25.495336532592773,0.013521557673811913,0.04030954837799072,0.03393145650625229,0.043456077575683594,0.04030954837799072,0.06726762652397156,0.07168976962566376,0.09609660506248474,0.11982311308383942,0.16566035151481628,0.2500212490558624,0.047282930463552475,0.010034866631031036,0.0005952887004241347,0.0,0.0,0.0,0.0,0.0,0.0,0.0,0.0,0.03478186950087547,0.5011480450630188,0.46407008171081543,0.0,0.0,0.0,0.0,0.0,0.0,0.0,0.0,0.0,0.0,0.0,0.0,0.0,0.0,0.1258610486984253,0.3058933615684509,0.12688153982162476,0.13955268263816833,0.18751594424247742,0.11429543048143387,0.0,0.0,0.0,56.65855407714844,2.8637566566467285,2.827380895614624
Semi_ripe_154.JPG,Semi-ripe,Semi-ripe,51.62230682373047,17.14767837524414,-4.4924211502075195,7.031793117523193,37.45147705078125,25.542095184326172,0.003641732269898057,0.023129921406507492,0.02972440980374813,0.04714566841721535,0.03956693038344383,0.05314960703253746,0.08366141468286514,0.11801180988550186,0.12588582932949066,0.16131889820098877,0.20127952098846436,0.06850393861532211,0.03277559205889702,0.012204724363982677,0.0,0.0,0.0,0.0,0.0,0.0,0.0,0.0,0.009940944612026215,0.6657480597496033,0.3243110179901123,0.0,0.0,0.0,0.0,0.0,0.0,0.0,0.0,0.0,0.0,0.0,0.0,0.0,0.0,0.025098424404859543,0.2954724431037903,0.08828739821910858,0.12017716467380524,0.2686023712158203,0.20236220955848694,0.0,0.0,0.0,55.961578369140625,-9.635479927062988,57.350547790527344
Semi_ripe_155.JPG,Semi-ripe,Semi-ripe,50.99615478515625,16.989713668823242,-4.701284885406494,5.934370040893555,36.76826477050781,23.895998001098633,0.0012748847948387265,0.008041581138968468,0.021673040464520454,0.057860154658555984,0.060802195221185684,0.07982739806175232,0.0806119441986084,0.13199961185455322,0.14396391808986664,0.13709914684295654,0.1513190120458603,0.0452093742787838,0.056781407445669174,0.023144062608480453,0.0003922722244169563,0.0,0.0,0.0,0.0,0.0,0.0,0.0,0.010983622632920742,0.6721584796905518,0.3168579041957855,0.0,0.0,0.0,0.0,0.0,0.0,0.0,0.0,0.0,0.0,0.0,0.0,0.0,0.0,0.024909287691116333,0.25497695803642273,0.12032950669527054,0.1642639935016632,0.2834166884422302,0.15210355818271637,0.0,0.0,0.0,55.128570556640625,-8.868621826171875,57.396480560302734
Semi_ripe_156.JPG,Semi-ripe,Semi-ripe,59.81690216064453,10.524283409118652,-5.602983474731445,5.880735874176025,58.784542083740234,13.240144729614258,0.0007533524185419083,0.0010546933626756072,0.0027120686136186123,0.005424137227237225,0.007533524185419083,0.017779117450118065,0.045954495668411255,0.08422479778528214,0.1264125406742096,0.2308271825313568,0.3173120319843292,0.13831549882888794,0.02109386771917343,0.0006026819464750588,0.0,0.0,0.0,0.0,0.0,0.0,0.0,0.0,0.03103812038898468,0.7605845928192139,0.20837727189064026,0.0,0.0,0.0,0.0,0.0,0.0,0.0,0.0,0.0,0.0,0.0,0.0,0.0,0.0,0.0,0.01280699111521244,0.04550248757004738,0.10215459018945694,0.3679373264312744,0.47159862518310547,0.0,0.0,0.0,67.76038360595703,-7.792186260223389,68.86865997314453
Semi_ripe_157.JPG,Semi-ripe,Semi-ripe,47.0157356262207,14.67994213104248,-3.908987522125244,5.849615097045898,38.57151794433594,20.57610321044922,0.006101975217461586,0.008790981024503708,0.019547006115317345,0.04178301617503166,0.05812390148639679,0.11769572645425797,0.17282035946846008,0.13900093734264374,0.12907229363918304,0.12648670375347137,0.14127624034881592,0.03392284736037254,0.005274588707834482,0.00010342331370338798,0.0,0.0,0.0,0.0,0.0,0.0,0.0,0.0,0.018823042511940002,0.7093805074691772,0.27179646492004395,0.0,0.0,0.0,0.0,0.0,0.0,0.0,0.0,0.0,0.0,0.0,0.0,0.0,0.0,0.0022753127850592136,0.20446789264678955,0.11542041599750519,0.27045196294784546,0.3150274157524109,0.09235701709985733,0.0,0.0,0.0,43.616722106933594,-5.950307846069336,47.419307708740234
Semi_ripe_158.JPG,Semi-ripe,Semi-ripe,50.34101486206055,14.857553482055664,-4.127018451690674,5.545887470245361,36.666404724121094,23.851749420166016,0.008270972408354282,0.016148090362548828,0.016049625352025032,0.014769594185054302,0.04155179113149643,0.11933831870555878,0.10240252315998077,0.0988578200340271,0.13174478709697723,0.2017526626586914,0.22420243918895721,0.02235131897032261,0.0025600630324333906,0.0,0.0,0.0,0.0,0.0,0.0,0.0,0.0,0.0,0.0005907837767153978,0.6945647597312927,0.3048444390296936,0.0,0.0,0.0,0.0,0.0,0.0,0.0,0.0,0.0,0.0,0.0,0.0,0.0,0.0,0.0011815675534307957,0.29391491413116455,0.06803859770298004,0.23020873963832855,0.271366685628891,0.1352894902229309,0.0,0.0,0.0,56.12006759643555,-7.883342266082764,57.973201751708984
Semi_ripe_159.JPG,Semi-ripe,Semi-ripe,52.08906173706055,14.256056785583496,-2.414318323135376,7.800987720489502,40.16004943847656,24.13079261779785,0.00631052115932107,0.006092917174100876,0.015232292003929615,0.033075835555791855,0.050592970103025436,0.05494505539536476,0.06506364792585373,0.11456859856843948,0.15460777282714844,0.25394406914711,0.2080295979976654,0.03220541775226593,0.005113698076456785,0.00021760417439509183,0.0,0.0,0.0,0.0,0.0,0.0,0.0,0.0,0.031117398291826248,0.48101404309272766,0.4878685772418976,0.0,0.0,0.0,0.0,0.0,0.0,0.0,0.0,0.0,0.0,0.0,0.0,0.0,0.0,0.010989011265337467,0.24023501574993134,0.09726906567811966,0.12577521800994873,0.3613317310810089,0.16439995169639587,0.0,0.0,0.0,57.227577209472656,-9.001588821411133,58.247352600097656
Semi_ripe_16.jpg,Semi-ripe,Semi-ripe,51.3652229309082,15.646219253540039,-6.708049774169922,4.6955742835998535,42.70888900756836,19.89666748046875,0.0017582753207534552,0.008026909083127975,0.026756364852190018,0.05519455671310425,0.06398593634366989,0.04380398988723755,0.05366562306880951,0.09601712226867676,0.1953214555978775,0.20120786130428314,0.1468542218208313,0.10121550410985947,0.006192187312990427,0.0,0.0,0.0,0.0,0.0,0.0,0.0,0.0,0.0,0.018423667177557945,0.8752388954162598,0.10633743554353714,0.0,0.0,0.0,0.0,0.0,0.0,0.0,0.0,0.0,0.0,0.0,0.0,0.0,0.0,0.001376041560433805,0.12690161168575287,0.2099992334842682,0.12170323729515076,0.43528783321380615,0.10473205149173737,0.0,0.0,0.0,56.67154312133789,-8.036869049072266,53.84528350830078
Semi_ripe_160.JPG,Semi-ripe,Semi-ripe,47.955902099609375,16.84773063659668,-4.697797775268555,7.565418720245361,35.76545333862305,23.495691299438477,0.004864243324846029,0.016096223145723343,0.04139028862118721,0.06067037954926491,0.07968515157699585,0.08242681622505188,0.07570531219244003,0.1191297397017479,0.11594587564468384,0.15777836740016937,0.19227027893066406,0.049349959939718246,0.003891394706442952,0.0007959671202115715,0.0,0.0,0.0,0.0,0.0,0.0,0.0,0.0,0.1039179265499115,0.5368356108665466,0.35924649238586426,0.0,0.0,0.0,0.0,0.0,0.0,0.0,0.0,0.0,0.0,0.0,0.0,0.0,0.0,0.0116741843521595,0.2936234176158905,0.12107543647289276,0.16662244498729706,0.2631997764110565,0.14380472898483276,0.0,0.0,0.0,56.317447662353516,-10.239602088928223,57.841243743896484
Semi_ripe_161.JPG,Semi-ripe,Semi-ripe,53.91855239868164,17.15553092956543,-9.039755821228027,7.8496198654174805,45.40594482421875,23.648818969726562,0.0257843267172575,0.011304458603262901,0.01016131043434143,0.013971802778542042,0.0370887853205204,0.06655658781528473,0.07798805832862854,0.10961513966321945,0.11482281237840652,0.14149625599384308,0.20843388140201569,0.1345103532075882,0.04775816202163696,0.00038104914710856974,0.00012701639207080007,0.0,0.0,0.0,0.0,0.0,0.0,0.0,0.2119903415441513,0.6193318963050842,0.16867776215076447,0.0,0.0,0.0,0.0,0.0,0.0,0.0,0.0,0.0,0.0,0.0,0.0,0.0,0.0,0.009018163196742535,0.17706084251403809,0.0684618279337883,0.19852660596370697,0.26495617628097534,0.2819763720035553,0.0,0.0,0.0,69.25048065185547,-16.89287757873535,69.84597778320312
Semi_ripe_162.JPG,Semi-ripe,Semi-ripe,51.92441177368164,17.846731185913086,-5.557452201843262,8.289316177368164,35.8013801574707,27.100801467895508,0.004470181651413441,0.016559991985559464,0.039825256913900375,0.05618205666542053,0.06552880257368088,0.05161027982831001,0.05191506817936897,0.07345321774482727,0.10606522113084793,0.1417250782251358,0.2663821876049042,0.11094178259372711,0.014528091065585613,0.0008127603214234114,0.0,0.0,0.0,0.0,0.0,0.0,0.0,0.0,0.11683429777622223,0.49781569838523865,0.38534998893737793,0.0,0.0,0.0,0.0,0.0,0.0,0.0,0.0,0.0,0.0,0.0,0.0,0.0,0.0,0.02722747065126896,0.31717970967292786,0.11612313240766525,0.11398963630199432,0.15808188915252686,0.2673981487751007,0.0,0.0,0.0,68.23793029785156,-14.722269058227539,68.72862243652344
Semi_ripe_163.JPG,Semi-ripe,Semi-ripe,56.578208923339844,16.094158172607422,-5.290571212768555,5.458106994628906,50.15577697753906,18.669349670410156,0.0005312085268087685,0.0009296148782595992,0.004249668214470148,0.009030544199049473,0.03891102224588394,0.07994687557220459,0.10239043831825256,0.11314740777015686,0.14634793996810913,0.16002656519412994,0.09455510973930359,0.087649405002594,0.08751659840345383,0.07091633230447769,0.0038512616883963346,0.0,0.0,0.0,0.0,0.0,0.0,0.0,0.00039840638055466115,0.8067728877067566,0.1928286850452423,0.0,0.0,0.0,0.0,0.0,0.0,0.0,0.0,0.0,0.0,0.0,0.0,0.0,0.0,0.00013280213170219213,0.08180610835552216,0.08725099265575409,0.1997343897819519,0.3677290976047516,0.2633466124534607,0.0,0.0,0.0,56.056087493896484,-7.258084297180176,58.20988464355469
Semi_ripe_164.JPG,Semi-ripe,Semi-ripe,49.85863494873047,15.335542678833008,-5.274163246154785,6.4618144035339355,39.55186080932617,22.175031661987305,0.001962515991181135,0.005298792850226164,0.01256010215729475,0.034932784736156464,0.09007947891950607,0.12226474285125732,0.08340692520141602,0.09439701586961746,0.12118536233901978,0.18378961086273193,0.1776077002286911,0.06289863586425781,0.008340693078935146,0.0012756353244185448,0.0,0.0,0.0,0.0,0.0,0.0,0.0,0.0,0.053184181451797485,0.7315278053283691,0.21528799831867218,0.0,0.0,0.0,0.0,0.0,0.0,0.0,0.0,0.0,0.0,0.0,0.0,0.0,0.0,0.0,0.23177313804626465,0.10823275148868561,0.22323618829250336,0.27936413884162903,0.15739378333091736,0.0,0.0,0.0,56.46443176269531,-8.58887004852295,58.57524108886719
Semi_ripe_165.JPG,Semi-ripe,Semi-ripe,51.481231689453125,13.996302604675293,-2.5280017852783203,7.539053440093994,41.113914489746094,23.525285720825195,0.0011667374055832624,0.002757743000984192,0.015485786832869053,0.03553245589137077,0.05345778539776802,0.0718073844909668,0.08994484692811966,0.1193254142999649,0.15326686203479767,0.2124522626399994,0.18858718872070312,0.05345778539776802,0.002757743000984192,0.0,0.0,0.0,0.0,0.0,0.0,0.0,0.0,0.0,0.015910055488348007,0.5610945820808411,0.42299532890319824,0.0,0.0,0.0,0.0,0.0,0.0,0.0,0.0,0.0,0.0,0.0,0.0,0.0,0.0,0.001378871500492096,0.24352991580963135,0.07912600785493851,0.1637675017118454,0.31544336676597595,0.1967543512582779,0.0,0.0,0.0,56.67230987548828,-8.337013244628906,57.86960983276367
Semi_ripe_166.JPG,Semi-ripe,Semi-ripe,48.94508743286133,14.86561107635498,-4.0059814453125,6.701282978057861,36.26216506958008,22.27687644958496,0.006589618977159262,0.013280616141855717,0.019059205427765846,0.026865368708968163,0.061334144324064255,0.10756285488605499,0.11405109614133835,0.11009732633829117,0.15308190882205963,0.1833941638469696,0.1680859625339508,0.035583943128585815,0.0010137874633073807,0.0,0.0,0.0,0.0,0.0,0.0,0.0,0.0,0.0,0.004055149853229523,0.684103786945343,0.31184104084968567,0.0,0.0,0.0,0.0,0.0,0.0,0.0,0.0,0.0,0.0,0.0,0.0,0.0,0.0,0.00010137874778592959,0.27362126111984253,0.09995944797992706,0.24239659309387207,0.2797039747238159,0.10421735793352127,0.0,0.0,0.0,55.66319274902344,-9.28437328338623,57.26173400878906
Semi_ripe_167.JPG,Semi-ripe,Semi-ripe,58.077117919921875,15.036985397338867,-5.953160762786865,7.284170150756836,57.500640869140625,15.974059104919434,0.0019196313805878162,0.0021755823399871588,0.008958280086517334,0.015485026873648167,0.03199385851621628,0.0493985153734684,0.07806500792503357,0.10225236415863037,0.09546966850757599,0.1263117492198944,0.1804453581571579,0.23304325342178345,0.07281801849603653,0.0016636805376037955,0.0,0.0,0.0,0.0,0.0,0.0,0.0,0.0,0.06577937304973602,0.7134630084037781,0.2207576185464859,0.0,0.0,0.0,0.0,0.0,0.0,0.0,0.0,0.0,0.0,0.0,0.0,0.0,0.0,0.0,0.025851037353277206,0.04952649027109146,0.15664193034172058,0.300486296415329,0.46749424934387207,0.0,0.0,0.0,69.40483093261719,-9.489130020141602,70.2275619506836
Semi_ripe_168.JPG,Semi-ripe,Semi-ripe,57.366912841796875,13.401422500610352,-5.180822372436523,5.839225769042969,47.02394485473633,23.714305877685547,0.0001073767853085883,0.0010737678967416286,0.004939332138746977,0.016750779002904892,0.029313862323760986,0.049071189016103745,0.0662514790892601,0.09062600880861282,0.12348330020904541,0.17985612154006958,0.2583485543727875,0.137012779712677,0.04166219383478165,0.0015032750088721514,0.0,0.0,0.0,0.0,0.0,0.0,0.0,0.0,0.013744228519499302,0.7405776977539062,0.24567808210849762,0.0,0.0,0.0,0.0,0.0,0.0,0.0,0.0,0.0,0.0,0.0,0.0,0.0,0.0,0.0,0.1945667415857315,0.0662514790892601,0.12552346289157867,0.2859443724155426,0.3277139365673065,0.0,0.0,0.0,68.80783081054688,-9.238371849060059,69.54859161376953
Semi_ripe_169.JPG,Semi-ripe,Semi-ripe,54.25056076049805,15.80224323272705,-5.067170143127441,5.014054298400879,42.04605484008789,24.141132354736328,0.004760919138789177,0.0066238874569535255,0.019768163561820984,0.026288552209734917,0.03260194510221481,0.06975781172513962,0.08031463623046875,0.09635686129331589,0.13082177937030792,0.17346304655075073,0.20834195613861084,0.08931898325681686,0.05288759991526604,0.008693852461874485,0.0,0.0,0.0,0.0,0.0,0.0,0.0,0.0,0.0007244877051562071,0.771579384803772,0.22769613564014435,0.0,0.0,0.0,0.0,0.0,0.0,0.0,0.0,0.0,0.0,0.0,0.0,0.0,0.0,0.0,0.23597599565982819,0.0840405747294426,0.16632167994976044,0.28689712285995483,0.22676464915275574,0.0,0.0,0.0,55.93024826049805,-6.987872123718262,58.01929473876953
Semi_ripe_17.jpg,Semi-ripe,Semi-ripe,50.28711700439453,14.93871021270752,-6.735198020935059,4.416024684906006,42.23876953125,19.358312606811523,0.0013270722702145576,0.011126990430057049,0.03123723901808262,0.06063699349761009,0.04991833493113518,0.04297672584652901,0.05604328215122223,0.11474070698022842,0.1910984069108963,0.2257043719291687,0.20171499252319336,0.011331155896186829,0.0017354021547362208,0.0004083299427293241,0.0,0.0,0.0,0.0,0.0,0.0,0.0,0.0,0.013781134970486164,0.8862801194190979,0.09993875026702881,0.0,0.0,0.0,0.0,0.0,0.0,0.0,0.0,0.0,0.0,0.0,0.0,0.0,0.0,0.001837484654970467,0.12893018126487732,0.1971212774515152,0.13403430581092834,0.49499794840812683,0.04307880625128746,0.0,0.0,0.0,56.96160888671875,-8.181294441223145,54.34421157836914
Semi_ripe_170.JPG,Semi-ripe,Semi-ripe,50.08209228515625,13.839524269104004,-4.41657018661499,5.748978137969971,40.01848220825195,21.884672164916992,0.005880499724298716,0.011025937274098396,0.020686758682131767,0.02152683027088642,0.026252230629324913,0.08295705169439316,0.1525779664516449,0.11855507642030716,0.1405019462108612,0.20781266689300537,0.20140711963176727,0.009345794096589088,0.0011550982017070055,0.0003150267875753343,0.0,0.0,0.0,0.0,0.0,0.0,0.0,0.0,0.0003150267875753343,0.7261367440223694,0.2735482454299927,0.0,0.0,0.0,0.0,0.0,0.0,0.0,0.0,0.0,0.0,0.0,0.0,0.0,0.0,0.0019951695576310158,0.2284994274377823,0.08285204321146011,0.23427490890026093,0.32185235619544983,0.1305260956287384,0.0,0.0,0.0,43.33555603027344,-6.181602478027344,47.623992919921875
Semi_ripe_171.JPG,Semi-ripe,Semi-ripe,50.763450622558594,14.555304527282715,-3.8109936714172363,7.759000301361084,30.262495040893555,24.753896713256836,0.0038900633808225393,0.005750528536736965,0.011078224517405033,0.023847779259085655,0.07120507210493088,0.10401691496372223,0.09412261843681335,0.10731501132249832,0.1259196549654007,0.17708244919776917,0.2338266372680664,0.038054969161748886,0.0038900633808225393,0.0,0.0,0.0,0.0,0.0,0.0,0.0,0.0,0.0,0.043382663279771805,0.5370824337005615,0.4195348918437958,0.0,0.0,0.0,0.0,0.0,0.0,0.0,0.0,0.0,0.0,0.0,0.0,0.0,0.0,0.037632133811712265,0.35737842321395874,0.07255814224481583,0.22046512365341187,0.2115856260061264,0.1003805473446846,0.0,0.0,0.0,57.5496940612793,4.571732044219971,2.8671627044677734
Semi_ripe_172.JPG,Semi-ripe,Semi-ripe,53.80406951904297,14.645282745361328,-4.162909030914307,5.467190742492676,42.00844192504883,23.461204528808594,0.005434154067188501,0.004162331111729145,0.011446409858763218,0.022892819717526436,0.03618915379047394,0.06890969723463058,0.09087755531072617,0.09804601967334747,0.1430223137140274,0.19805757701396942,0.2147068977355957,0.06625043600797653,0.03584229573607445,0.0040467106737196445,0.00011562029976630583,0.0,0.0,0.0,0.0,0.0,0.0,0.0,0.004393571522086859,0.712221086025238,0.28338536620140076,0.0,0.0,0.0,0.0,0.0,0.0,0.0,0.0,0.0,0.0,0.0,0.0,0.0,0.0,0.0012718233047053218,0.22268469631671906,0.07862180471420288,0.181177020072937,0.3045438826084137,0.21170076727867126,0.0,0.0,0.0,55.833946228027344,-6.394202709197998,57.994781494140625
Semi_ripe_173.JPG,Semi-ripe,Semi-ripe,51.621910095214844,14.15739917755127,-3.939624071121216,7.9713592529296875,35.16935729980469,23.04631805419922,0.0006645148969255388,0.0006645148969255388,0.003417505184188485,0.036168597638607025,0.05971141159534454,0.10423390567302704,0.09540535509586334,0.10205050557851791,0.15226884186267853,0.17524206638336182,0.1963166892528534,0.054395291954278946,0.018606416881084442,0.0008543762960471213,0.0,0.0,0.0,0.0,0.0,0.0,0.0,0.0,0.06550218164920807,0.5492690205574036,0.3852287828922272,0.0,0.0,0.0,0.0,0.0,0.0,0.0,0.0,0.0,0.0,0.0,0.0,0.0,0.0,9.493069956079125e-05,0.30292385816574097,0.10157585144042969,0.22621986269950867,0.2640972137451172,0.10508828610181808,0.0,0.0,0.0,55.56642150878906,-9.992465019226074,57.04790115356445
Semi_ripe_174.JPG,Semi-ripe,Semi-ripe,49.82936096191406,15.314297676086426,-6.542757034301758,7.605771064758301,36.459228515625,23.361906051635742,0.001984314527362585,0.006141925696283579,0.023433808237314224,0.047529056668281555,0.06992346048355103,0.07880563288927078,0.09845979511737823,0.11716904491186142,0.1429651379585266,0.16507606208324432,0.18983274698257446,0.04856845736503601,0.009732590056955814,0.00028347349143587053,9.449116623727605e-05,0.0,0.0,0.0,0.0,0.0,0.0,0.0,0.1495795100927353,0.6396107077598572,0.21080978214740753,0.0,0.0,0.0,0.0,0.0,0.0,0.0,0.0,0.0,0.0,0.0,0.0,0.0,0.0,0.004063120111823082,0.29424548149108887,0.1080034002661705,0.17613153159618378,0.27922138571739197,0.13833506405353546,0.0,0.0,0.0,55.817054748535156,-12.126885414123535,57.431617736816406
Semi_ripe_175.JPG,Semi-ripe,Semi-ripe,50.70347213745117,14.576245307922363,-3.8990366458892822,10.21345329284668,39.90867233276367,23.579288482666016,0.0009032516973093152,0.0021075874101370573,0.011039743199944496,0.058811720460653305,0.07165797054767609,0.07045363634824753,0.06904857605695724,0.11651947349309921,0.1397029310464859,0.20523886382579803,0.22069449722766876,0.03161380812525749,0.0019068646943196654,0.00030108389910310507,0.0,0.0,0.0,0.0,0.0,0.0,0.0,0.0,0.10337214171886444,0.47721797227859497,0.41790446639060974,0.0015054194955155253,0.0,0.0,0.0,0.0,0.0,0.0,0.0,0.0,0.0,0.0,0.0,0.0,0.0,0.004315536003559828,0.2407667636871338,0.10236852616071701,0.15556001663208008,0.3096145987510681,0.187374547123909,0.0,0.0,0.0,56.59547424316406,-11.575714111328125,57.529048919677734
Semi_ripe_176.JPG,Semi-ripe,Semi-ripe,48.97883224487305,16.418519973754883,-3.075988531112671,8.038068771362305,29.736486434936523,25.577747344970703,0.007011822424829006,0.014594374224543571,0.022095393389463425,0.0692213624715805,0.07566245645284653,0.06571544706821442,0.07370566576719284,0.11699958890676498,0.12075009942054749,0.1858132928609848,0.1924174427986145,0.05177333950996399,0.004239706322550774,0.0,0.0,0.0,0.0,0.0,0.0,0.0,0.0,0.0,0.013289849273860455,0.5906237363815308,0.3960864245891571,0.0,0.0,0.0,0.0,0.0,0.0,0.0,0.0,0.0,0.0,0.0,0.0,0.0,0.0,0.1558092087507248,0.23742356896400452,0.11642885953187943,0.16477783024311066,0.204728901386261,0.12083163112401962,0.0,0.0,0.0,44.535762786865234,-7.680469512939453,49.03213882446289
Semi_ripe_177.JPG,Semi-ripe,Semi-ripe,48.773014068603516,16.63876724243164,-4.698296070098877,7.669926166534424,32.18174743652344,23.186254501342773,0.003133568447083235,0.022718369960784912,0.027908343821763992,0.04426165297627449,0.07207207381725311,0.10634547472000122,0.0843125730752945,0.09831570833921432,0.12573443353176117,0.157657653093338,0.1999608278274536,0.043674107640981674,0.012632197700440884,0.0012730121379718184,0.0,0.0,0.0,0.0,0.0,0.0,0.0,0.0,0.09576968103647232,0.49030551314353943,0.41392478346824646,0.0,0.0,0.0,0.0,0.0,0.0,0.0,0.0,0.0,0.0,0.0,0.0,0.0,0.0,0.0030356443021446466,0.34126517176628113,0.10849980264902115,0.21768507361412048,0.23511554300785065,0.09439874440431595,0.0,0.0,0.0,56.03528594970703,-12.531787872314453,57.27449417114258
Semi_ripe_178.JPG,Semi-ripe,Semi-ripe,46.67969512939453,14.489882469177246,-3.3560492992401123,6.218863010406494,34.72602462768555,21.325416564941406,0.0035083990078419447,0.008505209349095821,0.014458855614066124,0.05751647800207138,0.08483946323394775,0.11280033737421036,0.12300658971071243,0.13204337656497955,0.14203700423240662,0.15543270111083984,0.15617690980434418,0.008930469863116741,0.0005315755843184888,0.00010631512122927234,0.00010631512122927234,0.0,0.0,0.0,0.0,0.0,0.0,0.0,0.00021263024245854467,0.6406549215316772,0.359026163816452,0.00010631512122927234,0.0,0.0,0.0,0.0,0.0,0.0,0.0,0.0,0.0,0.0,0.0,0.0,0.0,0.009568360634148121,0.2529236674308777,0.11737188696861267,0.27748245000839233,0.2773761451244354,0.06527747958898544,0.0,0.0,0.0,44.04178237915039,-7.002476692199707,48.08297348022461
Semi_ripe_179.JPG,Semi-ripe,Semi-ripe,51.512664794921875,16.636173248291016,1.5900152921676636,5.6714019775390625,35.322410583496094,25.782367706298828,0.014921210706233978,0.01394505612552166,0.025240551680326462,0.028866266831755638,0.030539672821760178,0.06386835873126984,0.12090364098548889,0.10751638561487198,0.12020638585090637,0.16190209984779358,0.2291172742843628,0.0428113229572773,0.033886488527059555,0.006275275256484747,0.0,0.0,0.0,0.0,0.0,0.0,0.0,0.0,0.0,0.3525310158729553,0.6469111442565918,0.0005578022683039308,0.0,0.0,0.0,0.0,0.0,0.0,0.0,0.0,0.0,0.0,0.0,0.0,0.0,0.004322967492043972,0.34751081466674805,0.08283363282680511,0.15883418917655945,0.21517221629619598,0.18993167579174042,0.001394505612552166,0.0,0.0,42.528804779052734,4.954453468322754,47.31275177001953
Semi_ripe_18.jpg,Semi-ripe,Semi-ripe,54.237430572509766,14.565550804138184,-8.12825870513916,4.816537857055664,41.35933303833008,16.665420532226562,0.0,0.00031155883334577084,0.006023470778018236,0.02367847040295601,0.06407726556062698,0.07290476560592651,0.06449268013238907,0.09481773525476456,0.16855332255363464,0.19721673429012299,0.13064700365066528,0.13345102965831757,0.04289126768708229,0.0009346765000373125,0.0,0.0,0.0,0.0,0.0,0.0,0.0,0.0,0.06168865039944649,0.8843078017234802,0.054003529250621796,0.0,0.0,0.0,0.0,0.0,0.0,0.0,0.0,0.0,0.0,0.0,0.0,0.0,0.0,0.0,0.09305223822593689,0.22411465644836426,0.16574929654598236,0.5142797827720642,0.0028040295001119375,0.0,0.0,0.0,56.845523834228516,-7.807799339294434,50.25905227661133
Semi_ripe_180.JPG,Semi-ripe,Semi-ripe,50.854942321777344,17.170635223388672,3.042505979537964,6.585538387298584,32.28213882446289,25.423782348632812,0.004591232165694237,0.007701421622186899,0.024437204003334045,0.04843009635806084,0.07790284603834152,0.08382701128721237,0.07775473594665527,0.10115521401166916,0.12055686861276627,0.15580569207668304,0.17713269591331482,0.06768365204334259,0.03835900500416756,0.01436611358076334,0.00029620854184031487,0.0,0.0,0.0,0.0,0.0,0.0,0.0,0.0,0.28984004259109497,0.7027547359466553,0.007405213080346584,0.0,0.0,0.0,0.0,0.0,0.0,0.0,0.0,0.0,0.0,0.0,0.0,0.0,0.04606042802333832,0.32049763202667236,0.12248222529888153,0.17802132666110992,0.17728079855442047,0.1556575894355774,0.0,0.0,0.0,56.73174285888672,5.122167587280273,4.282758712768555
Semi_ripe_181.JPG,Semi-ripe,Semi-ripe,50.46900177001953,18.53180694580078,1.9168671369552612,6.670411109924316,33.955726623535156,26.27796745300293,0.015880653634667397,0.022136669605970383,0.04535611346364021,0.043792106211185455,0.047882579267024994,0.04908565804362297,0.07001925259828568,0.11681905388832092,0.12909047305583954,0.1833493709564209,0.16169393062591553,0.05209336057305336,0.03741578385233879,0.0252646766602993,0.0001203079882543534,0.0,0.0,0.0,0.0,0.0,0.0,0.0,0.0,0.4098893105983734,0.585418701171875,0.004692011512815952,0.0,0.0,0.0,0.0,0.0,0.0,0.0,0.0,0.0,0.0,0.0,0.0,0.0,0.029836380854249,0.34384024143218994,0.11248797178268433,0.09035129845142365,0.2469923049211502,0.17649181187152863,0.0,0.0,0.0,56.63814163208008,-4.832886695861816,58.11438751220703
Semi_ripe_182.JPG,Semi-ripe,Semi-ripe,50.3785514831543,16.143760681152344,3.293519973754883,6.207895755767822,33.51788330078125,24.8847599029541,0.006466939579695463,0.012537944130599499,0.020588623359799385,0.027715453878045082,0.06414148211479187,0.07206018269062042,0.10373498499393463,0.13976508378982544,0.1763230860233307,0.1519070863723755,0.13277022540569305,0.03655800595879555,0.024020060896873474,0.03101491369307041,0.00039593505789525807,0.0,0.0,0.0,0.0,0.0,0.0,0.0,0.0023756104055792093,0.2180282473564148,0.7753728628158569,0.004223307594656944,0.0,0.0,0.0,0.0,0.0,0.0,0.0,0.0,0.0,0.0,0.0,0.0,0.0,0.04830407723784447,0.30592581629753113,0.0918569341301918,0.15982578694820404,0.28071796894073486,0.1133694052696228,0.0,0.0,0.0,43.824344635009766,6.205550670623779,49.196876525878906
Semi_ripe_183.JPG,Semi-ripe,Semi-ripe,47.81964874267578,17.038381576538086,3.8804941177368164,5.1577863693237305,29.94046974182129,25.11393928527832,0.009569377638399601,0.018026037141680717,0.03850005567073822,0.059530433267354965,0.08534549921751022,0.07588738948106766,0.07054634392261505,0.09357961267232895,0.13486146926879883,0.19138756394386292,0.17714476585388184,0.04061422124505043,0.004228329751640558,0.00044508735300041735,0.00033381552202627063,0.0,0.0,0.0,0.0,0.0,0.0,0.0,0.0,0.2195393294095993,0.7767887115478516,0.003671970684081316,0.0,0.0,0.0,0.0,0.0,0.0,0.0,0.0,0.0,0.0,0.0,0.0,0.0,0.0942472442984581,0.30299320816993713,0.11983976513147354,0.16379214823246002,0.20062312483787537,0.11850450932979584,0.0,0.0,0.0,56.547786712646484,5.528973579406738,2.73427152633667
Semi_ripe_184.JPG,Semi-ripe,Semi-ripe,49.50380325317383,16.78607940673828,2.8397271633148193,6.938446998596191,31.685300827026367,25.256330490112305,0.0012178784236311913,0.007672634441405535,0.04518328979611397,0.04579222947359085,0.06381683051586151,0.07563025504350662,0.09353306889533997,0.12227499485015869,0.159785658121109,0.16721470654010773,0.11923030018806458,0.03714529424905777,0.03921568766236305,0.022165387868881226,0.00012178784527350217,0.0,0.0,0.0,0.0,0.0,0.0,0.0,0.0,0.34989649057388306,0.6387772560119629,0.011326269246637821,0.0,0.0,0.0,0.0,0.0,0.0,0.0,0.0,0.0,0.0,0.0,0.0,0.0,0.04749726131558418,0.3355255126953125,0.13250517845153809,0.13798563182353973,0.22067958116531372,0.12251856923103333,0.003288271836936474,0.0,0.0,56.58943557739258,6.13132905960083,3.5957279205322266
Semi_ripe_185.JPG,Semi-ripe,Semi-ripe,52.19980239868164,14.703682899475098,5.02216911315918,5.470693111419678,35.29249954223633,26.59975814819336,0.002006688853725791,0.0023889155127108097,0.006688963156193495,0.0291447676718235,0.05781175196170807,0.08036311715841293,0.10864787548780441,0.13970378041267395,0.13005255162715912,0.13846154510974884,0.1738174855709076,0.11075011640787125,0.0199713334441185,0.00019111322762910277,0.0,0.0,0.0,0.0,0.0,0.0,0.0,0.0,0.0,0.17114190757274628,0.8061156272888184,0.02274247445166111,0.0,0.0,0.0,0.0,0.0,0.0,0.0,0.0,0.0,0.0,0.0,0.0,0.0,0.04730052500963211,0.3172479569911957,0.06717630475759506,0.14257046580314636,0.2196846604347229,0.2060200721025467,0.0,0.0,0.0,43.73883056640625,7.465932369232178,48.95320129394531
Semi_ripe_186.JPG,Semi-ripe,Semi-ripe,50.3012580871582,15.367030143737793,5.1541337966918945,7.137595176696777,29.504417419433594,24.596389770507812,0.0071347677148878574,0.005096262786537409,0.008267270401120186,0.024462061002850533,0.08867496997117996,0.08403170853853226,0.11755379289388657,0.12650056183338165,0.1279728263616562,0.1560588926076889,0.16217440366744995,0.056738391518592834,0.033861834555864334,0.0014722537016496062,0.0,0.0,0.0,0.0,0.0,0.0,0.0,0.0,0.0,0.238052099943161,0.6904869675636292,0.07146092504262924,0.0,0.0,0.0,0.0,0.0,0.0,0.0,0.0,0.0,0.0,0.0,0.0,0.0,0.065911665558815,0.3600226640701294,0.07938844710588455,0.19150622189044952,0.1933182328939438,0.10985277593135834,0.0,0.0,0.0,56.39558410644531,7.089074611663818,3.2094640731811523
Semi_ripe_187.JPG,Semi-ripe,Semi-ripe,51.99540328979492,15.742579460144043,6.038681983947754,6.58533239364624,35.72324752807617,26.737756729125977,0.00451494799926877,0.006467358209192753,0.01720561273396015,0.03380109742283821,0.06198901683092117,0.07638803869485855,0.06625991314649582,0.12800487875938416,0.15289810299873352,0.16912752389907837,0.15045759081840515,0.08688224852085114,0.04551555961370468,0.00048810249427333474,0.0,0.0,0.0,0.0,0.0,0.0,0.0,0.0,0.0,0.19280049204826355,0.7266625761985779,0.08053690940141678,0.0,0.0,0.0,0.0,0.0,0.0,0.0,0.0,0.0,0.0,0.0,0.0,0.0,0.023306895047426224,0.33837705850601196,0.08590604364871979,0.11665649712085724,0.23160463571548462,0.20414887368679047,0.0,0.0,0.0,56.818275451660156,7.139291286468506,3.727858304977417
Semi_ripe_188.JPG,Semi-ripe,Semi-ripe,51.94097137451172,16.618526458740234,6.319015026092529,6.605251789093018,30.563459396362305,27.812076568603516,0.004238259047269821,0.005498281680047512,0.013974799774587154,0.027720503509044647,0.08888889104127884,0.09358533471822739,0.0746849924325943,0.10057273507118225,0.1360824704170227,0.1549828201532364,0.14100801944732666,0.07583046704530716,0.08029782027006149,0.0026345932856202126,0.0,0.0,0.0,0.0,0.0,0.0,0.0,0.0,0.0,0.18705612421035767,0.727605938911438,0.08533791452646255,0.0,0.0,0.0,0.0,0.0,0.0,0.0,0.0,0.0,0.0,0.0,0.0,0.0,0.11271477490663528,0.3386025130748749,0.082359679043293,0.1264604777097702,0.1607102006673813,0.17491409182548523,0.004238259047269821,0.0,0.0,55.91362380981445,7.017959117889404,2.351836681365967
Semi_ripe_189.JPG,Semi-ripe,Semi-ripe,48.87972640991211,15.61868953704834,6.2962493896484375,5.257633686065674,32.33577346801758,25.315698623657227,0.003283242927864194,0.005682535469532013,0.017426442354917526,0.05177421495318413,0.09041545540094376,0.1040535420179367,0.08511175960302353,0.1165551170706749,0.13006693124771118,0.15582776069641113,0.16744539141654968,0.06515974551439285,0.0064402068965137005,0.0007576714269816875,0.0,0.0,0.0,0.0,0.0,0.0,0.0,0.0,0.0,0.10986235737800598,0.849728524684906,0.0404091440141201,0.0,0.0,0.0,0.0,0.0,0.0,0.0,0.0,0.0,0.0,0.0,0.0,0.0,0.05392095074057579,0.3071094751358032,0.11579745262861252,0.1775476634502411,0.1967420130968094,0.14875616133213043,0.00012627856631297618,0.0,0.0,56.3989372253418,5.526666641235352,3.281904697418213
Semi_ripe_19.jpg,Semi-ripe,Semi-ripe,52.85219955444336,14.179695129394531,-8.265583992004395,5.331588268280029,40.51091384887695,16.780899047851562,0.0,0.0001576168288011104,0.004570888355374336,0.022539207711815834,0.05682086944580078,0.08582236617803574,0.09464890509843826,0.15146978199481964,0.15186381340026855,0.10686421394348145,0.18015603721141815,0.13452596962451935,0.010560328140854836,0.0,0.0,0.0,0.0,0.0,0.0,0.0,0.0,0.0,0.08046339452266693,0.8605090975761414,0.05902750417590141,0.0,0.0,0.0,0.0,0.0,0.0,0.0,0.0,0.0,0.0,0.0,0.0,0.0,0.0,0.0,0.09094491600990295,0.2487981766462326,0.19426274299621582,0.434628427028656,0.03136574849486351,0.0,0.0,0.0,68.19773864746094,-8.347501754760742,56.363582611083984
Semi_ripe_190.JPG,Semi-ripe,Semi-ripe,41.46662139892578,15.167997360229492,-1.0496323108673096,2.512403964996338,36.33014678955078,20.072559356689453,0.0066176471300423145,0.031617648899555206,0.03547793999314308,0.07591911405324936,0.10643382370471954,0.13621322810649872,0.15974265336990356,0.140625,0.11874999850988388,0.10018382221460342,0.07169117778539658,0.014705882407724857,0.0012867647456005216,0.000735294132027775,0.0,0.0,0.0,0.0,0.0,0.0,0.0,0.0,0.0,0.5777573585510254,0.4222426414489746,0.0,0.0,0.0,0.0,0.0,0.0,0.0,0.0,0.0,0.0,0.0,0.0,0.0,0.0,0.007720588240772486,0.21525734663009644,0.15202206373214722,0.2766544222831726,0.27830880880355835,0.07003676146268845,0.0,0.0,0.0,43.313392639160156,1.0702179670333862,45.74333953857422
Semi_ripe_191.JPG,Semi-ripe,Semi-ripe,44.957069396972656,13.32974624633789,-1.2395052909851074,2.0569169521331787,37.06810760498047,20.066341400146484,0.0019160425290465355,0.015850897878408432,0.014283225871622562,0.03379202261567116,0.09562794119119644,0.14997386932373047,0.12663298845291138,0.15101899206638336,0.1910816878080368,0.12907159328460693,0.08674447238445282,0.0036578993313014507,0.00034837136627174914,0.0,0.0,0.0,0.0,0.0,0.0,0.0,0.0,0.0,0.0,0.6399582028388977,0.3600417971611023,0.0,0.0,0.0,0.0,0.0,0.0,0.0,0.0,0.0,0.0,0.0,0.0,0.0,0.0,0.003832085058093071,0.24142135679721832,0.13516809046268463,0.19369447231292725,0.39905938506126404,0.026824595406651497,0.0,0.0,0.0,55.90619659423828,-2.5675675868988037,55.02927780151367
Semi_ripe_192.JPG,Semi-ripe,Semi-ripe,48.692970275878906,12.432655334472656,-1.8063733577728271,2.407007932662964,43.56260299682617,18.65583610534668,0.0009705596603453159,0.005661598406732082,0.007602717727422714,0.015528954565525055,0.07117437571287155,0.09560012817382812,0.1213199645280838,0.2004205733537674,0.16677451133728027,0.17130377888679504,0.13571660220623016,0.005985117983072996,0.0017793594161048532,0.0001617599482415244,0.0,0.0,0.0,0.0,0.0,0.0,0.0,0.0,0.0,0.7149789929389954,0.285021036863327,0.0,0.0,0.0,0.0,0.0,0.0,0.0,0.0,0.0,0.0,0.0,0.0,0.0,0.0,0.004367518704384565,0.14137819409370422,0.08686508983373642,0.22047880291938782,0.45098674297332764,0.09592364728450775,0.0,0.0,0.0,56.792747497558594,-3.0483272075653076,55.55638122558594
Semi_ripe_193.JPG,Semi-ripe,Semi-ripe,47.41210174560547,14.714003562927246,-2.030579090118408,2.755096197128296,42.027164459228516,20.40561294555664,0.004716981202363968,0.008132725954055786,0.014313598163425922,0.050910864025354385,0.10214704275131226,0.09905660152435303,0.09108652919530869,0.11027976870536804,0.19372153282165527,0.16346779465675354,0.13386467099189758,0.026024723425507545,0.0019518542103469372,0.0003253090544603765,0.0,0.0,0.0,0.0,0.0,0.0,0.0,0.0,0.0,0.7155172228813171,0.2844827473163605,0.0,0.0,0.0,0.0,0.0,0.0,0.0,0.0,0.0,0.0,0.0,0.0,0.0,0.0,0.0014638906577602029,0.18282368779182434,0.11971373111009598,0.15126870572566986,0.4505530297756195,0.09417697042226791,0.0,0.0,0.0,56.28154373168945,-3.3918163776397705,56.64104080200195
Semi_ripe_194.JPG,Semi-ripe,Semi-ripe,46.01881408691406,13.507291793823242,-2.271749496459961,2.237886667251587,39.98624038696289,20.17643165588379,0.005852578207850456,0.010281556285917759,0.010123378597199917,0.039544448256492615,0.0956975668668747,0.11436254531145096,0.1295476108789444,0.13318569958209991,0.1994621902704239,0.1695665866136551,0.08810503035783768,0.003321733558550477,0.0009490667725913227,0.0,0.0,0.0,0.0,0.0,0.0,0.0,0.0,0.0,0.0,0.799272358417511,0.20072761178016663,0.0,0.0,0.0,0.0,0.0,0.0,0.0,0.0,0.0,0.0,0.0,0.0,0.0,0.0,0.003005377948284149,0.22018349170684814,0.09079404920339584,0.20389117300510406,0.4185384511947632,0.06358747184276581,0.0,0.0,0.0,55.97172927856445,-3.338050365447998,56.256813049316406
Semi_ripe_195.JPG,Semi-ripe,Semi-ripe,49.717002868652344,14.62269401550293,-2.0486834049224854,2.676131010055542,43.90696334838867,20.89818000793457,0.0024255025200545788,0.009009009227156639,0.008316008374094963,0.018364518880844116,0.08454608172178268,0.14050589501857758,0.08957033604383469,0.08887733519077301,0.1370408833026886,0.16909216344356537,0.21604296565055847,0.034303534775972366,0.0019057518802583218,0.0,0.0,0.0,0.0,0.0,0.0,0.0,0.0,0.0,0.0,0.7465350031852722,0.2534649968147278,0.0,0.0,0.0,0.0,0.0,0.0,0.0,0.0,0.0,0.0,0.0,0.0,0.0,0.0,0.0038115037605166435,0.17238391935825348,0.10429660230875015,0.18156617879867554,0.3250173330307007,0.21292446553707123,0.0,0.0,0.0,56.5516357421875,-3.150268316268921,56.34347152709961
Semi_ripe_196.JPG,Semi-ripe,Semi-ripe,45.78278732299805,13.310359954833984,-1.9186253547668457,2.235853672027588,39.286983489990234,20.05508804321289,0.0013825794449076056,0.012838237918913364,0.022516295313835144,0.035552043467760086,0.08473236858844757,0.12443215399980545,0.1329251378774643,0.1106063574552536,0.19079597294330597,0.25241950154304504,0.02587398700416088,0.004740272648632526,0.0011850681621581316,0.0,0.0,0.0,0.0,0.0,0.0,0.0,0.0,0.0,0.0,0.7586411237716675,0.24135887622833252,0.0,0.0,0.0,0.0,0.0,0.0,0.0,0.0,0.0,0.0,0.0,0.0,0.0,0.0,0.0001975113555090502,0.2026466578245163,0.15504641830921173,0.17242741584777832,0.448548287153244,0.02113371528685093,0.0,0.0,0.0,56.77042007446289,-3.265746831893921,57.392921447753906
Semi_ripe_197.JPG,Semi-ripe,Semi-ripe,44.7950439453125,14.569393157958984,-1.1291673183441162,2.5021414756774902,40.66645050048828,20.204469680786133,0.001771621871739626,0.013689804822206497,0.031083909794688225,0.06651634722948074,0.08229988813400269,0.1330326944589615,0.09856659919023514,0.14591722190380096,0.17748430371284485,0.1425350308418274,0.10017716139554977,0.004187469836324453,0.0020937349181622267,0.0006442261510528624,0.0,0.0,0.0,0.0,0.0,0.0,0.0,0.0,0.0,0.6046062111854553,0.3953937888145447,0.0,0.0,0.0,0.0,0.0,0.0,0.0,0.0,0.0,0.0,0.0,0.0,0.0,0.0,0.004831695929169655,0.18682557344436646,0.12336930632591248,0.18118859827518463,0.4185859262943268,0.08519890159368515,0.0,0.0,0.0,54.94439697265625,1.0540851354599,58.04027557373047
Semi_ripe_198.JPG,Semi-ripe,Semi-ripe,45.92475509643555,13.320643424987793,-1.7674167156219482,2.265687942504883,40.73357391357422,19.67132568359375,0.0027002699207514524,0.012961296364665031,0.015121512115001678,0.038523852825164795,0.08640863746404648,0.10891088843345642,0.13951395452022552,0.16237623989582062,0.1661566197872162,0.17911791801452637,0.084788478910923,0.002880288055166602,0.0005400539957918227,0.0,0.0,0.0,0.0,0.0,0.0,0.0,0.0,0.0,0.0,0.7346534729003906,0.2653465270996094,0.0,0.0,0.0,0.0,0.0,0.0,0.0,0.0,0.0,0.0,0.0,0.0,0.0,0.0,0.004320431966334581,0.18433843553066254,0.12439244240522385,0.20000000298023224,0.39459946751594543,0.09234923124313354,0.0,0.0,0.0,56.498687744140625,-2.936753273010254,55.847503662109375
Semi_ripe_199.JPG,Semi-ripe,Semi-ripe,44.16005325317383,18.045568466186523,-1.2348577976226807,2.4187233448028564,38.756797790527344,23.045486450195312,0.009425216354429722,0.0570148341357708,0.048207662999629974,0.06752163171768188,0.07849196344614029,0.09888751804828644,0.08328182995319366,0.08266378194093704,0.13782447576522827,0.1681087762117386,0.13906057178974152,0.02827564813196659,0.0010815821588039398,0.00015451174112968147,0.0,0.0,0.0,0.0,0.0,0.0,0.0,0.0,0.0,0.6327255964279175,0.3672744035720825,0.0,0.0,0.0,0.0,0.0,0.0,0.0,0.0,0.0,0.0,0.0,0.0,0.0,0.0,0.014524104073643684,0.2418108731508255,0.13087144494056702,0.15852904319763184,0.27580344676971436,0.17846105992794037,0.0,0.0,0.0,56.550777435302734,-2.8023369312286377,54.965919494628906
Semi_ripe_2.jpeg,Semi-ripe,Semi-ripe,51.197261810302734,11.184496879577637,-2.055187225341797,2.8038511276245117,18.598569869995117,14.936544418334961,0.0,4.7698544221930206e-05,0.00028619126533158123,0.0017648461507633328,0.02528022974729538,0.0710231363773346,0.18216075003147125,0.2563796937465668,0.13298355042934418,0.062341999262571335,0.2551395297050476,0.012401621788740158,0.00014309563266579062,4.7698544221930206e-05,0.0,0.0,0.0,0.0,0.0,0.0,0.0,0.0,0.0,0.6053422093391418,0.39465776085853577,0.0,0.0,0.0,0.0,0.0,0.0,0.0,0.0,0.0,0.0,0.0,0.0,0.0,0.0,0.01683758571743965,0.4187932312488556,0.28165990114212036,0.2827092707157135,0.0,0.0,0.0,0.0,0.0,66.40552520751953,0.3605482578277588,1.0488677024841309
Semi_ripe_20.jpg,Semi-ripe,Semi-ripe,49.84989929199219,15.034947395324707,-6.748178958892822,4.6942267417907715,41.4255485534668,18.804018020629883,0.0014882117975503206,0.012923944741487503,0.02255815826356411,0.049424298107624054,0.06407143175601959,0.060781702399253845,0.07010260969400406,0.13746377825737,0.1762356013059616,0.17858541011810303,0.18774966895580292,0.03751860186457634,0.00023498080554418266,0.0007049424457363784,0.00015665387036278844,0.0,0.0,0.0,0.0,0.0,0.0,0.0,0.023498080670833588,0.8756951689720154,0.10080676525831223,0.0,0.0,0.0,0.0,0.0,0.0,0.0,0.0,0.0,0.0,0.0,0.0,0.0,0.0,0.0003916346759069711,0.1231299415230751,0.21774888038635254,0.15571394562721252,0.478812575340271,0.024203022941946983,0.0,0.0,0.0,56.69133377075195,-8.433262825012207,54.422489166259766
Semi_ripe_200.JPG,Semi-ripe,Semi-ripe,45.214969635009766,15.295638084411621,-1.4634307622909546,2.5003910064697266,40.21743392944336,20.910058975219727,0.0003301964607089758,0.009905894286930561,0.02971768192946911,0.06636948883533478,0.10582796484231949,0.13141819834709167,0.11721974611282349,0.10863463580608368,0.15486213564872742,0.1111111119389534,0.13306917250156403,0.030212976038455963,0.0011556876124814153,0.0001650982303544879,0.0,0.0,0.0,0.0,0.0,0.0,0.0,0.0,0.0,0.6660062670707703,0.33399373292922974,0.0,0.0,0.0,0.0,0.0,0.0,0.0,0.0,0.0,0.0,0.0,0.0,0.0,0.0,0.001650982303544879,0.18722139298915863,0.15535743534564972,0.19217434525489807,0.32590392231941223,0.137691929936409,0.0,0.0,0.0,56.14241409301758,-2.550056219100952,56.85039520263672
Semi_ripe_201.JPG,Semi-ripe,Semi-ripe,46.55537033081055,13.875526428222656,-3.320004463195801,2.932650327682495,42.243473052978516,19.475059509277344,0.00033322226954624057,0.02565811388194561,0.02454737387597561,0.02388092875480652,0.05520382151007652,0.12751305103302002,0.13695435225963593,0.13262246549129486,0.16749972105026245,0.20026658475399017,0.10229923576116562,0.002887926297262311,0.00033322226954624057,0.0,0.0,0.0,0.0,0.0,0.0,0.0,0.0,0.0,0.0,0.833611011505127,0.16638898849487305,0.0,0.0,0.0,0.0,0.0,0.0,0.0,0.0,0.0,0.0,0.0,0.0,0.0,0.0,0.003443296765908599,0.16039098799228668,0.12418083101511002,0.22870154678821564,0.3717649579048157,0.11151838302612305,0.0,0.0,0.0,56.223236083984375,-4.567113876342773,57.600669860839844
Semi_ripe_202.jpg,Semi-ripe,Semi-ripe,51.97353744506836,16.130205154418945,-2.524456262588501,5.0611701011657715,21.229482650756836,24.51727867126465,0.016734672710299492,0.01745777577161789,0.019162233918905258,0.028665874153375626,0.04008057340979576,0.0644078329205513,0.07246526330709457,0.07458292692899704,0.1208098754286766,0.25582355260849,0.2383657842874527,0.041216880083084106,0.01017509400844574,5.165022594155744e-05,0.0,0.0,0.0,0.0,0.0,0.0,0.0,0.0,0.001136304927058518,0.45777595043182373,0.5407261848449707,0.0003615515597630292,0.0,0.0,0.0,0.0,0.0,0.0,0.0,0.0,0.0,0.0,0.0,0.0,0.0,0.4342234432697296,0.07489282637834549,0.106451116502285,0.15536387264728546,0.20587779581546783,0.023190950974822044,0.0,0.0,0.0,58.279239654541016,0.494130939245224,-2.3218960762023926
Semi_ripe_203.jpg,Semi-ripe,Semi-ripe,49.58534240722656,15.067468643188477,-1.8303287029266357,4.250984191894531,29.580978393554688,19.09228515625,0.0013354106340557337,0.031604718416929245,0.025076044723391533,0.024259960278868675,0.03383040428161621,0.04941019415855408,0.12916389107704163,0.15980413556098938,0.18220935761928558,0.15075302124023438,0.15312708914279938,0.058312930166721344,0.001112842233851552,0.0,0.0,0.0,0.0,0.0,0.0,0.0,0.0,0.0,0.0,0.5898805260658264,0.4101194441318512,0.0,0.0,0.0,0.0,0.0,0.0,0.0,0.0,0.0,0.0,0.0,0.0,0.0,0.0,7.418947643600404e-05,0.3239854574203491,0.17530974745750427,0.24734772741794586,0.2529861330986023,0.00029675790574401617,0.0,0.0,0.0,67.54525756835938,-7.109846591949463,53.30109405517578
Semi_ripe_204.jpg,Semi-ripe,Semi-ripe,51.5953254699707,12.097569465637207,-3.2719409465789795,4.088251113891602,39.1631965637207,18.89790153503418,0.0,0.0008808455895632505,0.005285073537379503,0.036755286157131195,0.040198590606451035,0.05557335168123245,0.08448110520839691,0.10866431891918182,0.2842729091644287,0.23830877244472504,0.09585201740264893,0.04972773790359497,0.0,0.0,0.0,0.0,0.0,0.0,0.0,0.0,0.0,0.0,0.0,0.7162876129150391,0.28371235728263855,0.0,0.0,0.0,0.0,0.0,0.0,0.0,0.0,0.0,0.0,0.0,0.0,0.0,0.0,0.0059256888926029205,0.17464765906333923,0.09841448068618774,0.24687699973583221,0.474135160446167,0.0,0.0,0.0,0.0,56.115753173828125,-5.494776248931885,51.12779998779297
Semi_ripe_21.jpg,Semi-ripe,Semi-ripe,52.998374938964844,15.557454109191895,-9.021050453186035,3.9301066398620605,41.105690002441406,19.005189895629883,0.0018267222912982106,0.008176757022738457,0.021572720259428024,0.03531663119792938,0.04784272611141205,0.05375782772898674,0.06558802723884583,0.1179540678858757,0.18763047456741333,0.1350034773349762,0.18928322196006775,0.09864300489425659,0.03270702809095383,0.0046102991327643394,8.698677993379533e-05,0.0,0.0,0.0,0.0,0.0,0.0,0.0,0.013743910938501358,0.9367606043815613,0.049495477229356766,0.0,0.0,0.0,0.0,0.0,0.0,0.0,0.0,0.0,0.0,0.0,0.0,0.0,0.0,0.0016527487896382809,0.14692066609859467,0.16562283039093018,0.2083333283662796,0.39926931262016296,0.07820111513137817,0.0,0.0,0.0,56.08858871459961,-10.509210586547852,51.231143951416016
Semi_ripe_22.jpg,Semi-ripe,Semi-ripe,49.25164031982422,16.37126922607422,-7.414113998413086,3.9943454265594482,39.080780029296875,18.66238021850586,0.010576222091913223,0.02662290260195732,0.03665207698941231,0.03683442622423172,0.04248723387718201,0.05816921964287758,0.06892778724431992,0.13083516061306,0.20413930714130402,0.17961342632770538,0.13940554857254028,0.05178701505064964,0.012308534234762192,0.0016411378746852279,0.0,0.0,0.0,0.0,0.0,0.0,0.0,0.0,0.015408460982143879,0.919948935508728,0.06464259326457977,0.0,0.0,0.0,0.0,0.0,0.0,0.0,0.0,0.0,0.0,0.0,0.0,0.0,0.0,0.0,0.1768781840801239,0.15098468959331512,0.21398614346981049,0.4493982493877411,0.008752735331654549,0.0,0.0,0.0,56.14029312133789,-8.806488037109375,53.535400390625
Semi_ripe_23.jpg,Semi-ripe,Semi-ripe,51.87971115112305,15.718513488769531,-7.509384632110596,4.433609962463379,40.161224365234375,18.2150936126709,0.0034718455281108618,0.017467722296714783,0.025496365502476692,0.03764782473444939,0.0402517095208168,0.04741239175200462,0.06498860567808151,0.12357600033283234,0.18704567849636078,0.21124009788036346,0.12607139348983765,0.0826733186841011,0.027774764224886894,0.004882282577455044,0.0,0.0,0.0,0.0,0.0,0.0,0.0,0.0,0.03319952264428139,0.880763828754425,0.08603667467832565,0.0,0.0,0.0,0.0,0.0,0.0,0.0,0.0,0.0,0.0,0.0,0.0,0.0,0.0,0.002061408245936036,0.15992188453674316,0.12867526710033417,0.2344580739736557,0.46490180492401123,0.009981555864214897,0.0,0.0,0.0,56.75641632080078,-9.140645027160645,52.11346435546875
Semi_ripe_24.jpg,Semi-ripe,Semi-ripe,51.47018814086914,15.511621475219727,-8.692461013793945,3.9464991092681885,40.22760009765625,18.722686767578125,0.0029976684600114822,0.012656822800636292,0.03142000734806061,0.045409128069877625,0.04951704293489456,0.039968911558389664,0.05173753574490547,0.12456978112459183,0.1945153772830963,0.16964583098888397,0.21039192378520966,0.05107139050960541,0.01465526781976223,0.001443321816623211,0.0,0.0,0.0,0.0,0.0,0.0,0.0,0.0,0.005773287266492844,0.9252803325653076,0.06894637644290924,0.0,0.0,0.0,0.0,0.0,0.0,0.0,0.0,0.0,0.0,0.0,0.0,0.0,0.0,0.0,0.1552126109600067,0.16131897270679474,0.237481951713562,0.41567668318748474,0.030309759080410004,0.0,0.0,0.0,56.43757629394531,-10.660175323486328,51.862159729003906
Semi_ripe_25.jpg,Semi-ripe,Semi-ripe,53.40048599243164,15.908626556396484,-8.911008834838867,4.646753311157227,40.76374053955078,19.551057815551758,0.0017782088834792376,0.007436146028339863,0.02626899443566799,0.04485936090350151,0.043404459953308105,0.05059812590479851,0.053346265107393265,0.07921112328767776,0.19414807856082916,0.17652764916419983,0.1939864158630371,0.08373747020959854,0.033866796642541885,0.009456838481128216,0.0012932427925989032,8.082767453743145e-05,0.0,0.0,0.0,0.0,0.0,0.0,0.02974458411335945,0.8905593156814575,0.07969608902931213,0.0,0.0,0.0,0.0,0.0,0.0,0.0,0.0,0.0,0.0,0.0,0.0,0.0,0.0,0.0029097963124513626,0.1669091433286667,0.15737149119377136,0.19746200740337372,0.4123828113079071,0.06296475976705551,0.0,0.0,0.0,56.38533020019531,-11.179203987121582,51.583518981933594
Semi_ripe_26.jpg,Semi-ripe,Semi-ripe,50.466941833496094,15.781540870666504,-7.501372337341309,4.411411285400391,40.25733947753906,18.577465057373047,0.0014139566337689757,0.014139565639197826,0.03302004560828209,0.046660568565130234,0.04715961217880249,0.0547284372150898,0.08309074491262436,0.12309739738702774,0.19479331374168396,0.15254096686840057,0.1646011769771576,0.06645596027374268,0.013973218388855457,0.0033269566483795643,0.0009980869945138693,0.0,0.0,0.0,0.0,0.0,0.0,0.0,0.02852865308523178,0.8938700556755066,0.07760126143693924,0.0,0.0,0.0,0.0,0.0,0.0,0.0,0.0,0.0,0.0,0.0,0.0,0.0,0.0,0.0,0.16659735143184662,0.14422357082366943,0.21159444749355316,0.44872328639030457,0.02886134944856167,0.0,0.0,0.0,56.111717224121094,-8.400506973266602,51.57219314575195
Semi_ripe_27.jpg,Semi-ripe,Semi-ripe,55.779197692871094,14.65185546875,-6.8850531578063965,6.577564716339111,44.28167724609375,18.10586929321289,0.0,0.00012786088336724788,0.00396368745714426,0.02109704725444317,0.03413885831832886,0.05843242630362511,0.10778672993183136,0.11456335335969925,0.1460171341896057,0.1653241217136383,0.13783404231071472,0.1013936847448349,0.10740314424037933,0.0012786089209839702,0.00025572176673449576,0.00038358266465365887,0.0,0.0,0.0,0.0,0.0,0.0,0.05165579915046692,0.7819972038269043,0.16634701192378998,0.0,0.0,0.0,0.0,0.0,0.0,0.0,0.0,0.0,0.0,0.0,0.0,0.0,0.0,0.0,0.05485232174396515,0.21455056965351105,0.28947705030441284,0.2374376654624939,0.20368239283561707,0.0,0.0,0.0,56.76141357421875,-7.943305015563965,47.77925109863281
Semi_ripe_28.jpg,Semi-ripe,Semi-ripe,55.12473678588867,13.297740936279297,-9.256717681884766,3.669605016708374,46.462215423583984,16.002220153808594,0.00015267175331246108,0.0035114504862576723,0.007480916101485491,0.014961832202970982,0.04083969444036484,0.05770992487668991,0.054427482187747955,0.09801526367664337,0.21374045312404633,0.17000000178813934,0.1993129700422287,0.1225954219698906,0.017251908779144287,0.0,0.0,0.0,0.0,0.0,0.0,0.0,0.0,0.0,0.04198473319411278,0.944656491279602,0.013358778320252895,0.0,0.0,0.0,0.0,0.0,0.0,0.0,0.0,0.0,0.0,0.0,0.0,0.0,0.0,0.00015267175331246108,0.06732824444770813,0.11656488478183746,0.22366411983966827,0.500229001045227,0.09206106513738632,0.0,0.0,0.0,56.07891845703125,-8.985685348510742,51.51511001586914
Semi_ripe_29.jpg,Semi-ripe,Semi-ripe,53.93501663208008,11.631099700927734,-9.032177925109863,3.785470485687256,45.91522216796875,15.047163009643555,9.962143667507917e-05,0.005678421817719936,0.00976290088146925,0.01115760114043951,0.027595138177275658,0.0441322959959507,0.0644550696015358,0.13130106031894684,0.17224547266960144,0.3167961835861206,0.18111176788806915,0.034269776195287704,0.0007969714934006333,0.0005977286491543055,0.0,0.0,0.0,0.0,0.0,0.0,0.0,0.0,0.04532775282859802,0.9363418817520142,0.018330344930291176,0.0,0.0,0.0,0.0,0.0,0.0,0.0,0.0,0.0,0.0,0.0,0.0,0.0,0.0,0.00029886432457715273,0.06206415593624115,0.11615859717130661,0.2164773792028427,0.6024108529090881,0.002590157324448228,0.0,0.0,0.0,57.49404525756836,-8.764528274536133,53.588462829589844
Semi_ripe_3.jpeg,Semi-ripe,Semi-ripe,49.71052932739258,11.738243103027344,-1.463484525680542,2.441297769546509,21.759140014648438,15.614294052124023,0.0,4.773269756697118e-05,0.0023389020934700966,0.01245823409408331,0.03861575201153755,0.0902625322341919,0.1729832887649536,0.2472076416015625,0.11398568004369736,0.10348448902368546,0.21723149716854095,0.00119331746827811,0.00019093079026788473,0.0,0.0,0.0,0.0,0.0,0.0,0.0,0.0,0.0,0.0,0.6615274548530579,0.33847254514694214,0.0,0.0,0.0,0.0,0.0,0.0,0.0,0.0,0.0,0.0,0.0,0.0,0.0,0.0,0.13341288268566132,0.22959427535533905,0.26529833674430847,0.37169450521469116,0.0,0.0,0.0,0.0,0.0,45.962921142578125,-2.765190601348877,36.78759002685547
Semi_ripe_30.jpg,Semi-ripe,Semi-ripe,44.79238510131836,14.448925018310547,-5.973298072814941,5.899659156799316,39.07357406616211,17.128934860229492,0.0,0.005157002247869968,0.03231721371412277,0.05305982008576393,0.10611964017152786,0.12869584560394287,0.14290626347064972,0.15448085963726044,0.13316525518894196,0.10096263885498047,0.11104744672775269,0.032088011503219604,0.0,0.0,0.0,0.0,0.0,0.0,0.0,0.0,0.0,0.0,0.044350218027830124,0.7725189328193665,0.1831308752298355,0.0,0.0,0.0,0.0,0.0,0.0,0.0,0.0,0.0,0.0,0.0,0.0,0.0,0.0,0.00022920008632354438,0.09328443557024002,0.2672473192214966,0.29177170991897583,0.2625487148761749,0.08491863310337067,0.0,0.0,0.0,44.30877685546875,-7.712491989135742,43.07218933105469
Semi_ripe_31.jpg,Semi-ripe,Semi-ripe,47.70664596557617,14.768409729003906,-6.852829933166504,6.377537250518799,41.174713134765625,17.93667221069336,0.0,0.005205375608056784,0.028392959386110306,0.04173764958977699,0.059909142553806305,0.10827181488275528,0.1552148461341858,0.14347907900810242,0.16278629004955292,0.1138557642698288,0.08877531439065933,0.08735566586256027,0.004826802760362625,0.00018928639474324882,0.0,0.0,0.0,0.0,0.0,0.0,0.0,0.0,0.06729131191968918,0.7750331163406372,0.15767556428909302,0.0,0.0,0.0,0.0,0.0,0.0,0.0,0.0,0.0,0.0,0.0,0.0,0.0,0.0,0.0,0.10893432050943375,0.20660609006881714,0.2756956219673157,0.2773992121219635,0.13136474788188934,0.0,0.0,0.0,55.652713775634766,-8.0,53.2047119140625
Semi_ripe_32.jpg,Semi-ripe,Semi-ripe,57.230186462402344,12.234566688537598,-9.6847505569458,4.03435754776001,47.45027542114258,15.293288230895996,0.0,0.0024841735139489174,0.008334001526236534,0.012260598130524158,0.019953522831201553,0.03277506306767464,0.05008414015173912,0.08798781782388687,0.18767529726028442,0.2291048914194107,0.2049843668937683,0.14231909811496735,0.021876752376556396,0.0001602692500455305,0.0,0.0,0.0,0.0,0.0,0.0,0.0,0.0,0.05665517970919609,0.925955593585968,0.017389213666319847,0.0,0.0,0.0,0.0,0.0,0.0,0.0,0.0,0.0,0.0,0.0,0.0,0.0,0.0,0.0,0.053930602967739105,0.10377433896064758,0.23743890225887299,0.5211154818534851,0.08374068140983582,0.0,0.0,0.0,56.72532272338867,-10.024245262145996,50.343894958496094
Semi_ripe_33.jpg,Semi-ripe,Semi-ripe,50.45107650756836,13.478311538696289,-6.467374801635742,4.728855609893799,42.23531723022461,15.005045890808105,0.0006692320457659662,0.0029278902802616358,0.006943282671272755,0.024176007136702538,0.05839049816131592,0.08599632233381271,0.09553287923336029,0.18060900270938873,0.2497072070837021,0.08265016227960587,0.09737326204776764,0.11117617785930634,0.0038480842486023903,0.0,0.0,0.0,0.0,0.0,0.0,0.0,0.0,0.0,0.014806759543716908,0.8801237940788269,0.10506943613290787,0.0,0.0,0.0,0.0,0.0,0.0,0.0,0.0,0.0,0.0,0.0,0.0,0.0,0.0,0.0,0.08072611689567566,0.15057721734046936,0.29872846603393555,0.4628576338291168,0.00711059058085084,0.0,0.0,0.0,54.42957305908203,-7.462862491607666,50.868961334228516
Semi_ripe_34.jpg,Semi-ripe,Semi-ripe,52.66279983520508,13.023316383361816,-6.604742050170898,4.406208515167236,46.770381927490234,15.055212020874023,0.0,8.319467451656237e-05,0.002329450799152255,0.02445923537015915,0.054242927581071854,0.06539101153612137,0.09575707465410233,0.11988352984189987,0.1811148077249527,0.22520798444747925,0.12836939096450806,0.09841930121183395,0.002329450799152255,0.001331114792264998,0.000665557396132499,0.00041597336530685425,0.0,0.0,0.0,0.0,0.0,0.0,0.0441763736307621,0.8851081728935242,0.07071547210216522,0.0,0.0,0.0,0.0,0.0,0.0,0.0,0.0,0.0,0.0,0.0,0.0,0.0,0.0,0.0,0.048419300466775894,0.13419301807880402,0.21830283105373383,0.580532431602478,0.01855241321027279,0.0,0.0,0.0,56.66730880737305,-6.484981536865234,55.098663330078125
Semi_ripe_35.jpg,Semi-ripe,Semi-ripe,53.88797378540039,12.3224515914917,-6.855141639709473,4.803452014923096,47.41694641113281,14.801318168640137,0.0,0.0,0.0030496520921587944,0.01801200769841671,0.038025349378585815,0.06566282361745834,0.08243590593338013,0.10645192116498947,0.1938435137271881,0.24197083711624146,0.15067186951637268,0.09587343782186508,0.002668445697054267,0.0013342228485271335,0.0,0.0,0.0,0.0,0.0,0.0,0.0,0.0,0.050795767456293106,0.8766797184944153,0.0725245401263237,0.0,0.0,0.0,0.0,0.0,0.0,0.0,0.0,0.0,0.0,0.0,0.0,0.0,0.0,0.000571809767279774,0.03955017775297165,0.1366625428199768,0.20099113881587982,0.5931573510169983,0.02906699664890766,0.0,0.0,0.0,56.90314483642578,-6.479704856872559,54.69938659667969
Semi_ripe_36.jpg,Semi-ripe,Semi-ripe,54.71799087524414,13.615428924560547,-7.920996189117432,4.6838507652282715,47.11341857910156,15.470293045043945,0.0,0.0,0.0020681668538600206,0.014559893868863583,0.0474851094186306,0.07594308257102966,0.07916942238807678,0.1137491762638092,0.1738087385892868,0.1529616117477417,0.168514221906662,0.15138980746269226,0.0202680341899395,8.272667037090287e-05,0.0,0.0,0.0,0.0,0.0,0.0,0.0,0.0,0.06593316048383713,0.8977498412132263,0.03631700947880745,0.0,0.0,0.0,0.0,0.0,0.0,0.0,0.0,0.0,0.0,0.0,0.0,0.0,0.0,0.0,0.0544341504573822,0.131369948387146,0.17852415144443512,0.5969556570053101,0.03871608152985573,0.0,0.0,0.0,56.30009460449219,-7.599103927612305,54.396697998046875
Semi_ripe_37.jpg,Semi-ripe,Semi-ripe,52.353755950927734,12.730572700500488,-7.173920154571533,4.985551357269287,45.831459045410156,15.398265838623047,0.0,0.0001582528930157423,0.003956322092562914,0.025241335853934288,0.05095743015408516,0.06607057899236679,0.09289444237947464,0.13119164109230042,0.1881626844406128,0.20849817991256714,0.15825289487838745,0.07366672158241272,0.0007121380185708404,0.00023737932497169822,0.0,0.0,0.0,0.0,0.0,0.0,0.0,0.0,0.06781136244535446,0.8744263052940369,0.057762302458286285,0.0,0.0,0.0,0.0,0.0,0.0,0.0,0.0,0.0,0.0,0.0,0.0,0.0,0.0,7.912644650787115e-05,0.06140211969614029,0.1373635083436966,0.20620352029800415,0.5650419592857361,0.02990979515016079,0.0,0.0,0.0,56.62100601196289,-6.796416282653809,54.91623306274414
Semi_ripe_38.jpg,Semi-ripe,Semi-ripe,53.599918365478516,15.992714881896973,-5.545812606811523,4.148800849914551,28.60934829711914,24.825408935546875,0.002164033707231283,0.01887037418782711,0.03466781973838806,0.03241722658276558,0.0283921230584383,0.041289765387773514,0.06734473258256912,0.10898073762655258,0.12278727442026138,0.09898290783166885,0.43367236852645874,0.010430642403662205,0.0,0.0,0.0,0.0,0.0,0.0,0.0,0.0,0.0,0.0,0.01679290272295475,0.9442977905273438,0.03890932723879814,0.0,0.0,0.0,0.0,0.0,0.0,0.0,0.0,0.0,0.0,0.0,0.0,0.0,0.0,0.0017745076911523938,0.43726465106010437,0.07327418029308319,0.1101493164896965,0.377537339925766,0.0,0.0,0.0,0.0,67.1398696899414,-2.136234760284424,1.1684132814407349
Semi_ripe_39.jpg,Semi-ripe,Semi-ripe,56.1370964050293,14.071951866149902,-4.912587642669678,3.9106266498565674,20.659517288208008,22.124591827392578,0.0013650546316057444,0.006874024868011475,0.008629094809293747,0.025107255205512047,0.03388260677456856,0.040854133665561676,0.0679602175951004,0.12953393161296844,0.06942277401685715,0.10072153061628342,0.4947347939014435,0.02086583524942398,4.875195008935407e-05,0.0,0.0,0.0,0.0,0.0,0.0,0.0,0.0,0.0,0.015941888093948364,0.9481766819953918,0.03588143363595009,0.0,0.0,0.0,0.0,0.0,0.0,0.0,0.0,0.0,0.0,0.0,0.0,0.0,0.0,0.007751559838652611,0.5288124084472656,0.102622851729393,0.15546996891498566,0.20534321665763855,0.0,0.0,0.0,0.0,67.07124328613281,-2.41792631149292,0.7261388897895813
Semi_ripe_4.jpeg,Semi-ripe,Semi-ripe,50.86969757080078,12.006972312927246,-1.3690184354782104,2.9901652336120605,21.03520393371582,14.760392189025879,0.0,0.0,0.00024046553880907595,0.0038955416530370712,0.034146107733249664,0.09498389065265656,0.21050353348255157,0.17606887221336365,0.10763237625360489,0.1049872562289238,0.2588852047920227,0.0068292212672531605,0.001298513961955905,0.00033665174851194024,9.61862169788219e-05,9.61862169788219e-05,0.0,0.0,0.0,0.0,0.0,0.0,0.0,0.6130909323692322,0.3869090676307678,0.0,0.0,0.0,0.0,0.0,0.0,0.0,0.0,0.0,0.0,0.0,0.0,0.0,0.0,0.03231856971979141,0.32034820318222046,0.3439619243144989,0.3033713400363922,0.0,0.0,0.0,0.0,0.0,42.525352478027344,-4.532989025115967,24.795331954956055
Semi_ripe_40.jpg,Semi-ripe,Semi-ripe,49.57518768310547,12.853202819824219,-7.581391334533691,4.293018341064453,41.90261459350586,14.578888893127441,0.0,0.002747009275481105,0.010101905092597008,0.03260966017842293,0.06708019226789474,0.07957465946674347,0.09056269377470016,0.15338945388793945,0.2490030974149704,0.1322995126247406,0.17226406931877136,0.009570226073265076,0.0007975188200362027,0.0,0.0,0.0,0.0,0.0,0.0,0.0,0.0,0.0,0.0408506877720356,0.9123615622520447,0.046787772327661514,0.0,0.0,0.0,0.0,0.0,0.0,0.0,0.0,0.0,0.0,0.0,0.0,0.0,0.0,0.0,0.08037217706441879,0.1537439078092575,0.2996898591518402,0.4661940634250641,0.0,0.0,0.0,0.0,55.204959869384766,-7.245794773101807,51.215667724609375
Semi_ripe_41.jpg,Semi-ripe,Semi-ripe,57.56742858886719,13.09342098236084,-4.766395092010498,4.143032550811768,21.022737503051758,22.953258514404297,0.00025778511189855635,0.002680965233594179,0.007321096956729889,0.018663641065359116,0.03861621022224426,0.037224169820547104,0.05047432333230972,0.07300474494695663,0.12878943979740143,0.10569189488887787,0.49711281061172485,0.03964734822511673,0.0005155702237971127,0.0,0.0,0.0,0.0,0.0,0.0,0.0,0.0,0.0,0.020519694313406944,0.9541658163070679,0.02531449869275093,0.0,0.0,0.0,0.0,0.0,0.0,0.0,0.0,0.0,0.0,0.0,0.0,0.0,0.0,0.0017013817559927702,0.5405238270759583,0.07640750706195831,0.15178386867046356,0.22958341240882874,0.0,0.0,0.0,0.0,67.18563079833984,-1.9952203035354614,0.4880506992340088
Semi_ripe_42.jpg,Semi-ripe,Semi-ripe,48.29916763305664,12.792984962463379,-7.283431053161621,4.871453762054443,40.05347442626953,14.173952102661133,0.0,0.0021253081504255533,0.013771996833384037,0.028309104964137077,0.07268553972244263,0.0905381292104721,0.12471308559179306,0.19544333219528198,0.16951458156108856,0.1317691057920456,0.16254356503486633,0.00782113429158926,0.0007651109481230378,0.0,0.0,0.0,0.0,0.0,0.0,0.0,0.0,0.0,0.05279265344142914,0.8741817474365234,0.07302559167146683,0.0,0.0,0.0,0.0,0.0,0.0,0.0,0.0,0.0,0.0,0.0,0.0,0.0,0.0,0.0,0.09070815145969391,0.16568902134895325,0.34889060258865356,0.3947122395038605,0.0,0.0,0.0,0.0,55.552513122558594,-7.46255350112915,50.67648696899414
Semi_ripe_43.jpg,Semi-ripe,Semi-ripe,52.699337005615234,13.461336135864258,-6.370232105255127,5.2389655113220215,32.965476989746094,20.31006622314453,0.0,0.0015034244861453772,0.00991146545857191,0.027562782168388367,0.039868589490652084,0.07673033326864243,0.08179742842912674,0.1604209542274475,0.15017539262771606,0.11175455152988434,0.31649869680404663,0.023052508011460304,0.0005011414759792387,0.0002227295481134206,0.0,0.0,0.0,0.0,0.0,0.0,0.0,0.0,0.05323236435651779,0.8906954526901245,0.056072164326906204,0.0,0.0,0.0,0.0,0.0,0.0,0.0,0.0,0.0,0.0,0.0,0.0,0.0,0.0,0.0007238710531964898,0.2651595175266266,0.12450581789016724,0.26616179943084717,0.3434489667415619,0.0,0.0,0.0,0.0,55.76097106933594,-7.958438396453857,51.34626770019531
Semi_ripe_44.jpg,Semi-ripe,Semi-ripe,54.538002014160156,15.829439163208008,-3.9282994270324707,4.355270862579346,19.94375228881836,22.069738388061523,0.0007441453053615987,0.007047493942081928,0.02617640607059002,0.04666228964924812,0.03891442343592644,0.04154082015156746,0.07406434416770935,0.10339242964982986,0.07756620645523071,0.06627270579338074,0.46762967109680176,0.0498577356338501,0.00013131975720170885,0.0,0.0,0.0,0.0,0.0,0.0,0.0,0.0,0.0,0.01641497015953064,0.8954694867134094,0.08811555802822113,0.0,0.0,0.0,0.0,0.0,0.0,0.0,0.0,0.0,0.0,0.0,0.0,0.0,0.0,0.008010505698621273,0.5360910296440125,0.09034799784421921,0.18927554786205292,0.17627489566802979,0.0,0.0,0.0,0.0,66.92255401611328,-1.9963669776916504,0.1554727554321289
Semi_ripe_45.jpg,Semi-ripe,Semi-ripe,54.77617263793945,14.529603958129883,-3.4484264850616455,3.058891534805298,22.067903518676758,21.968997955322266,0.000646691070869565,0.0037184737157076597,0.014227204024791718,0.027214916422963142,0.040310412645339966,0.04995688796043396,0.09269239008426666,0.12276352941989899,0.09851261228322983,0.06817202270030975,0.45764172077178955,0.02381978929042816,0.0003233455354347825,0.0,0.0,0.0,0.0,0.0,0.0,0.0,0.0,0.0,0.007814183831214905,0.9071998000144958,0.08498598635196686,0.0,0.0,0.0,0.0,0.0,0.0,0.0,0.0,0.0,0.0,0.0,0.0,0.0,0.0,0.009862039238214493,0.4926169514656067,0.10492563247680664,0.17913343012332916,0.2134619504213333,0.0,0.0,0.0,0.0,67.10540008544922,-2.498729705810547,0.776168704032898
Semi_ripe_46.jpg,Semi-ripe,Semi-ripe,58.97464370727539,13.145833015441895,-2.998429298400879,2.8196091651916504,14.191591262817383,20.334211349487305,0.00021917007688898593,0.0022647574078291655,0.01026446558535099,0.02009059116244316,0.02377995289862156,0.03192577511072159,0.06224429979920387,0.08332115411758423,0.04777907580137253,0.05373319610953331,0.6085987687110901,0.055742256343364716,3.652834493550472e-05,0.0,0.0,0.0,0.0,0.0,0.0,0.0,0.0,0.0,0.006940385792404413,0.9475452899932861,0.045514319092035294,0.0,0.0,0.0,0.0,0.0,0.0,0.0,0.0,0.0,0.0,0.0,0.0,0.0,0.0,0.0014611338265240192,0.678623616695404,0.06783314049243927,0.12331969290971756,0.12876242399215698,0.0,0.0,0.0,0.0,66.89430236816406,-2.0119848251342773,0.6619678139686584
Semi_ripe_47.jpg,Semi-ripe,Semi-ripe,52.433448791503906,15.59074592590332,-4.376838684082031,4.663719654083252,22.984010696411133,20.876916885375977,0.0009347173618152738,0.005460717249661684,0.019383085891604424,0.0460963249206543,0.05214738845825195,0.05918236821889877,0.09529197961091995,0.13125400245189667,0.11211688816547394,0.0628228485584259,0.4079795479774475,0.007231760770082474,9.83913050731644e-05,0.0,0.0,0.0,0.0,0.0,0.0,0.0,0.0,0.0,0.027500368654727936,0.8773060441017151,0.09519358724355698,0.0,0.0,0.0,0.0,0.0,0.0,0.0,0.0,0.0,0.0,0.0,0.0,0.0,0.0,0.0030501303263008595,0.45515817403793335,0.125202938914299,0.24455158412456512,0.17203719913959503,0.0,0.0,0.0,0.0,67.20013427734375,-2.3059113025665283,1.228201985359192
Semi_ripe_48.jpg,Semi-ripe,Semi-ripe,53.97728729248047,13.717905044555664,-6.521900653839111,4.1824951171875,34.39613723754883,22.914175033569336,0.00020628480706363916,0.00495083536952734,0.011208141222596169,0.03149281442165375,0.0401567779481411,0.03685621917247772,0.0671800896525383,0.1606271117925644,0.1392422467470169,0.16097091138362885,0.27532145380973816,0.07144330441951752,0.0003438080311752856,0.0,0.0,0.0,0.0,0.0,0.0,0.0,0.0,0.0,0.023172659799456596,0.9550986886024475,0.021728666499257088,0.0,0.0,0.0,0.0,0.0,0.0,0.0,0.0,0.0,0.0,0.0,0.0,0.0,0.0,0.013202227652072906,0.27119576930999756,0.11655091494321823,0.18194320797920227,0.41532009840011597,0.0017878017388284206,0.0,0.0,0.0,56.75986862182617,-8.609663963317871,55.54060363769531
Semi_ripe_49.jpg,Semi-ripe,Semi-ripe,52.92592239379883,13.373101234436035,-7.843098163604736,4.6455912590026855,44.32524108886719,14.6810884475708,0.0,0.0014851117739453912,0.007722581271082163,0.02242518775165081,0.04982550069689751,0.06690428406000137,0.07492388784885406,0.13276898860931396,0.21667779982089996,0.16083760559558868,0.15630801022052765,0.1006905734539032,0.009430459700524807,0.0,0.0,0.0,0.0,0.0,0.0,0.0,0.0,0.0,0.050122521817684174,0.8941115140914917,0.055765945464372635,0.0,0.0,0.0,0.0,0.0,0.0,0.0,0.0,0.0,0.0,0.0,0.0,0.0,0.0,0.0,0.051087845116853714,0.1628424972295761,0.2653152048587799,0.4958045482635498,0.024949876591563225,0.0,0.0,0.0,55.801612854003906,-7.917115688323975,50.95013427734375
Semi_ripe_5.jpeg,Semi-ripe,Semi-ripe,47.54901123046875,12.156336784362793,-2.5172431468963623,2.7611026763916016,22.247108459472656,13.728134155273438,0.0,0.0,0.0007131577585823834,0.019357139244675636,0.0362691655755043,0.18399469554424286,0.2208242118358612,0.1295909583568573,0.11991238594055176,0.12602517008781433,0.15888136625289917,0.004278946667909622,0.00015281951345968992,0.0,0.0,0.0,0.0,0.0,0.0,0.0,0.0,0.0,0.0,0.68514084815979,0.31485915184020996,0.0,0.0,0.0,0.0,0.0,0.0,0.0,0.0,0.0,0.0,0.0,0.0,0.0,0.0,0.01950995810329914,0.29748865962028503,0.34491366147994995,0.33808770775794983,0.0,0.0,0.0,0.0,0.0,43.354896545410156,-4.804675102233887,34.70472717285156
Semi_ripe_50.jpg,Semi-ripe,Semi-ripe,49.53627014160156,11.82779312133789,-7.554205417633057,4.297494411468506,42.56635665893555,13.996919631958008,0.00010566356650087982,0.000739644980058074,0.009932375513017178,0.03138208016753197,0.047865595668554306,0.0787193551659584,0.10851648449897766,0.15553677082061768,0.2370033860206604,0.21079881489276886,0.11622992157936096,0.002218934940174222,0.0008453085320070386,0.00010566356650087982,0.0,0.0,0.0,0.0,0.0,0.0,0.0,0.0,0.043533388525247574,0.9140955209732056,0.04237109050154686,0.0,0.0,0.0,0.0,0.0,0.0,0.0,0.0,0.0,0.0,0.0,0.0,0.0,0.0,0.00010566356650087982,0.057692307978868484,0.16039729118347168,0.3079036474227905,0.47390109300613403,0.0,0.0,0.0,0.0,56.046443939208984,-7.63661527633667,51.335933685302734
Semi_ripe_51.jpg,Semi-ripe,Semi-ripe,49.620697021484375,12.999401092529297,-7.756431579589844,4.882425785064697,39.803199768066406,13.82701301574707,0.0006188665865920484,0.002740694908425212,0.009194589219987392,0.028379453346133232,0.0591459646821022,0.08177880197763443,0.12173990160226822,0.1892847716808319,0.17310582101345062,0.13924498856067657,0.1539209634065628,0.04022632911801338,0.0006188665865920484,0.0,0.0,0.0,0.0,0.0,0.0,0.0,0.0,0.0,0.06241711601614952,0.8817964792251587,0.05578640103340149,0.0,0.0,0.0,0.0,0.0,0.0,0.0,0.0,0.0,0.0,0.0,0.0,0.0,0.0,0.0,0.07735832035541534,0.18000176548957825,0.36955177783966064,0.37308815121650696,0.0,0.0,0.0,0.0,55.97899627685547,-8.169922828674316,50.554420471191406
Semi_ripe_52.jpg,Semi-ripe,Semi-ripe,53.0860710144043,14.315644264221191,-6.1770782470703125,4.594310283660889,33.81561279296875,20.6031494140625,0.000384594255592674,0.002197681460529566,0.012526784092187881,0.03313004598021507,0.05054667219519615,0.05708477646112442,0.07933630049228668,0.1553211361169815,0.13806933164596558,0.1112026795744896,0.29146748781204224,0.06862260401248932,0.00010988407302647829,0.0,0.0,0.0,0.0,0.0,0.0,0.0,0.0,0.0,0.03137190267443657,0.9190703630447388,0.04955771565437317,0.0,0.0,0.0,0.0,0.0,0.0,0.0,0.0,0.0,0.0,0.0,0.0,0.0,0.0,0.0008790725842118263,0.24559089541435242,0.1430690586566925,0.26212844252586365,0.34827756881713867,5.4942036513239145e-05,0.0,0.0,0.0,55.87915802001953,-7.6342058181762695,51.11989212036133
Semi_ripe_53.jpg,Semi-ripe,Semi-ripe,53.8363151550293,13.925529479980469,-6.469011306762695,4.187192916870117,35.49032974243164,22.663909912109375,0.0005106274620629847,0.006063700653612614,0.014744367450475693,0.0351056344807148,0.03408437967300415,0.03740346059203148,0.07174315303564072,0.13014616072177887,0.1626986712217331,0.1696559637784958,0.29539796710014343,0.04091402143239975,0.0015318823279812932,0.0,0.0,0.0,0.0,0.0,0.0,0.0,0.0,0.0,0.015829449519515038,0.9586392045021057,0.02553137205541134,0.0,0.0,0.0,0.0,0.0,0.0,0.0,0.0,0.0,0.0,0.0,0.0,0.0,0.0,6.382843275787309e-05,0.2752281725406647,0.1139337494969368,0.1711878478527069,0.4337780177593231,0.005808386951684952,0.0,0.0,0.0,56.56503677368164,-8.203032493591309,55.391517639160156
Semi_ripe_54.jpg,Semi-ripe,Semi-ripe,54.787540435791016,13.434111595153809,-5.437565326690674,4.346434593200684,31.40476417541504,23.553010940551758,6.964273052290082e-05,0.0004874991427641362,0.005919632501900196,0.024792812764644623,0.052510619163513184,0.05648025497794151,0.06316595524549484,0.09875339269638062,0.1699979156255722,0.13176405429840088,0.3582422137260437,0.03781600296497345,0.0,0.0,0.0,0.0,0.0,0.0,0.0,0.0,0.0,0.0,0.03314993903040886,0.9339786767959595,0.032871369272470474,0.0,0.0,0.0,0.0,0.0,0.0,0.0,0.0,0.0,0.0,0.0,0.0,0.0,0.0,0.0018107111100107431,0.3506511449813843,0.09743018448352814,0.1465979516506195,0.4026046395301819,0.0009053555550053716,0.0,0.0,0.0,67.48872375488281,-1.6440320014953613,1.2457706928253174
Semi_ripe_55.jpg,Semi-ripe,Semi-ripe,52.3075065612793,15.277148246765137,-7.411390781402588,4.3857245445251465,43.44704055786133,18.726957321166992,0.0,0.0029207111801952124,0.010995618999004364,0.029035305604338646,0.07379090785980225,0.08813675493001938,0.09303324669599533,0.11107293516397476,0.12189674377441406,0.13083069026470184,0.20591014623641968,0.11871832609176636,0.013658620417118073,0.0,0.0,0.0,0.0,0.0,0.0,0.0,0.0,0.0,0.04844944551587105,0.9018984436988831,0.0496520921587944,0.0,0.0,0.0,0.0,0.0,0.0,0.0,0.0,0.0,0.0,0.0,0.0,0.0,0.0,0.0,0.11167425662279129,0.18048277497291565,0.18632419407367706,0.40202730894088745,0.11949145048856735,0.0,0.0,0.0,56.676273345947266,-7.4653143882751465,53.09939193725586
Semi_ripe_56.jpg,Semi-ripe,Semi-ripe,52.204368591308594,16.10379981994629,-4.94656229019165,4.071925640106201,28.50578498840332,23.217315673828125,0.00013145786942914128,0.005324043799191713,0.02149336226284504,0.05678980052471161,0.0659918487071991,0.06835809350013733,0.07525962591171265,0.0853818878531456,0.10713816434144974,0.1181148961186409,0.3755094110965729,0.018995661288499832,0.0015117655275389552,0.0,0.0,0.0,0.0,0.0,0.0,0.0,0.0,0.0,0.02313658408820629,0.9261206984519958,0.0507427379488945,0.0,0.0,0.0,0.0,0.0,0.0,0.0,0.0,0.0,0.0,0.0,0.0,0.0,0.0,0.0011173918610438704,0.3835940659046173,0.15525174140930176,0.1361246258020401,0.3227947950363159,0.0011173918610438704,0.0,0.0,0.0,67.430908203125,-1.8528326749801636,1.189060091972351
Semi_ripe_57.jpg,Semi-ripe,Semi-ripe,51.67824172973633,12.666015625,-7.1868510246276855,4.564789295196533,44.62982940673828,14.735506057739258,0.0001038637274177745,0.0003115911968052387,0.005089323036372662,0.022850019857287407,0.05120481923222542,0.08672621846199036,0.0960739478468895,0.11913169920444489,0.19266721606254578,0.2061695009469986,0.16940174996852875,0.048504363745450974,0.0015579559840261936,0.000207727454835549,0.0,0.0,0.0,0.0,0.0,0.0,0.0,0.0,0.058371417224407196,0.8998753428459167,0.041753221303224564,0.0,0.0,0.0,0.0,0.0,0.0,0.0,0.0,0.0,0.0,0.0,0.0,0.0,0.0,0.0001038637274177745,0.06865392625331879,0.12910261750221252,0.19734108448028564,0.6047984957695007,0.0,0.0,0.0,0.0,56.52096939086914,-6.967822551727295,53.67988967895508
Semi_ripe_58.jpg,Semi-ripe,Semi-ripe,54.970035552978516,13.804641723632812,-8.043207168579102,4.551333427429199,47.76242446899414,16.53818702697754,6.298418884398416e-05,0.0003149209660477936,0.00377905135974288,0.021981483325362206,0.05051331967115402,0.06984946876764297,0.0735655352473259,0.08408389240503311,0.14083264768123627,0.2177993357181549,0.1924796849489212,0.11538703739643097,0.029224663972854614,0.00012596837768796831,0.0,0.0,0.0,0.0,0.0,0.0,0.0,0.0,0.05756755173206329,0.9021225571632385,0.040309883654117584,0.0,0.0,0.0,0.0,0.0,0.0,0.0,0.0,0.0,0.0,0.0,0.0,0.0,0.0,0.0,0.07136108726263046,0.11482018232345581,0.17547395825386047,0.5207532644271851,0.1175914853811264,0.0,0.0,0.0,57.34465408325195,-7.837926864624023,54.257957458496094
Semi_ripe_59.jpg,Semi-ripe,Semi-ripe,48.278778076171875,15.187678337097168,-6.931533336639404,4.066714763641357,41.49871826171875,17.88136863708496,0.0,0.005538248457014561,0.018206991255283356,0.06382831186056137,0.09698857367038727,0.08265835791826248,0.09823468327522278,0.11374177783727646,0.13637937605381012,0.1726548969745636,0.16815507411956787,0.04347525164484978,0.00013845622015651315,0.0,0.0,0.0,0.0,0.0,0.0,0.0,0.0,0.0,0.03724472224712372,0.9104188084602356,0.052336446940898895,0.0,0.0,0.0,0.0,0.0,0.0,0.0,0.0,0.0,0.0,0.0,0.0,0.0,0.0,0.00020768432295881212,0.11914157122373581,0.19293873012065887,0.2026306688785553,0.4475597143173218,0.03752163425087929,0.0,0.0,0.0,57.02671432495117,-6.945624828338623,54.462318420410156
Semi_ripe_6.jpeg,Semi-ripe,Semi-ripe,46.58344268798828,11.334096908569336,-1.9255672693252563,2.6263718605041504,26.710647583007812,12.086508750915527,0.0,0.00032645955798216164,0.0023940366227179766,0.015234778635203838,0.05598781257867813,0.18434081971645355,0.19130529463291168,0.14516568183898926,0.13716742396354675,0.19620218873023987,0.07127700001001358,0.0005985091556794941,0.0,0.0,0.0,0.0,0.0,0.0,0.0,0.0,0.0,0.0,0.0,0.7084715962409973,0.2915283739566803,0.0,0.0,0.0,0.0,0.0,0.0,0.0,0.0,0.0,0.0,0.0,0.0,0.0,0.0,0.015289188362658024,0.1578431874513626,0.40932586789131165,0.4175417721271515,0.0,0.0,0.0,0.0,0.0,56.75394058227539,-3.1149091720581055,39.39781951904297
Semi_ripe_60.jpg,Semi-ripe,Semi-ripe,47.42014694213867,13.132040023803711,-5.415655612945557,4.844079971313477,39.88341522216797,14.142864227294922,0.00039654216379858553,0.005313664674758911,0.019351257011294365,0.038781821727752686,0.07930842787027359,0.08144975453615189,0.09096676856279373,0.19850900769233704,0.2527559697628021,0.1257038563489914,0.06891902536153793,0.036561187356710434,0.001982710789889097,0.0,0.0,0.0,0.0,0.0,0.0,0.0,0.0,0.0,0.031088905408978462,0.8398762941360474,0.12903481721878052,0.0,0.0,0.0,0.0,0.0,0.0,0.0,0.0,0.0,0.0,0.0,0.0,0.0,0.0,0.0,0.0874771997332573,0.1671028584241867,0.3676738739013672,0.377746045589447,0.0,0.0,0.0,0.0,55.00379180908203,-6.070364952087402,50.44020080566406
Semi_ripe_61.jpg,Semi-ripe,Semi-ripe,50.0229377746582,12.064687728881836,-5.480194568634033,4.599212169647217,41.0616340637207,14.546615600585938,0.00042683968786150217,0.004353764932602644,0.010841728188097477,0.019293153658509254,0.037561893463134766,0.07239200919866562,0.1055147722363472,0.22135905921459198,0.21871265769004822,0.15997950732707977,0.11106368154287338,0.034403279423713684,0.003329349448904395,0.000597575563006103,8.536793757230043e-05,8.536793757230043e-05,0.0,0.0,0.0,0.0,0.0,0.0,0.03243981674313545,0.8548744916915894,0.1126856729388237,0.0,0.0,0.0,0.0,0.0,0.0,0.0,0.0,0.0,0.0,0.0,0.0,0.0,0.0,0.0,0.07486768066883087,0.17457742989063263,0.33541062474250793,0.41514426469802856,0.0,0.0,0.0,0.0,55.87448501586914,-6.161157131195068,52.63719177246094
Semi_ripe_62.jpg,Semi-ripe,Semi-ripe,47.658775329589844,12.142690658569336,-5.251087665557861,4.553300380706787,39.88142013549805,14.550079345703125,0.0009791122283786535,0.006309834774583578,0.014904264360666275,0.025674499571323395,0.05483028665184975,0.07909051328897476,0.1390339434146881,0.22323760390281677,0.23999129235744476,0.09638816118240356,0.1025892049074173,0.014686684124171734,0.0021758051589131355,0.00010879024921450764,0.0,0.0,0.0,0.0,0.0,0.0,0.0,0.0,0.03122280165553093,0.8491079211235046,0.11966928094625473,0.0,0.0,0.0,0.0,0.0,0.0,0.0,0.0,0.0,0.0,0.0,0.0,0.0,0.0,0.0015230635181069374,0.08964316546916962,0.17025674879550934,0.34258049726486206,0.3959965109825134,0.0,0.0,0.0,0.0,54.62883377075195,-5.709590911865234,51.761940002441406
Semi_ripe_63.jpg,Semi-ripe,Semi-ripe,48.84989929199219,12.457406997680664,-5.467626094818115,5.088573455810547,41.18229293823242,13.851326942443848,0.00023207240155898035,0.0033650498371571302,0.012647946365177631,0.029589232057332993,0.05546530336141586,0.09352517873048782,0.08691111952066422,0.1957530677318573,0.24390809237957,0.15896959602832794,0.08412624895572662,0.032490137964487076,0.003016941249370575,0.0,0.0,0.0,0.0,0.0,0.0,0.0,0.0,0.0,0.03190995752811432,0.8339521884918213,0.1341378539800644,0.0,0.0,0.0,0.0,0.0,0.0,0.0,0.0,0.0,0.0,0.0,0.0,0.0,0.0,0.0,0.0711301937699318,0.16047807037830353,0.3378974199295044,0.4304943084716797,0.0,0.0,0.0,0.0,55.54389572143555,-6.179768085479736,50.81894302368164
Semi_ripe_64.jpg,Semi-ripe,Semi-ripe,51.48249816894531,14.189738273620605,-5.077477931976318,4.128325939178467,34.294456481933594,19.830556869506836,0.0003434301761444658,0.00487670861184597,0.01366852130740881,0.034961193799972534,0.06909815222024918,0.05659729242324829,0.07328800112009048,0.14087505638599396,0.20001374185085297,0.13771550357341766,0.23456281423568726,0.03358747065067291,0.0004121162055525929,0.0,0.0,0.0,0.0,0.0,0.0,0.0,0.0,0.0,0.016553334891796112,0.8977264761924744,0.08572017401456833,0.0,0.0,0.0,0.0,0.0,0.0,0.0,0.0,0.0,0.0,0.0,0.0,0.0,0.0,0.0018545229686424136,0.23366989195346832,0.1498042494058609,0.2693866193294525,0.34507864713668823,0.00020605810277629644,0.0,0.0,0.0,55.53105926513672,-6.281816005706787,52.241825103759766
Semi_ripe_65.jpg,Semi-ripe,Semi-ripe,48.5238037109375,12.26694393157959,-5.157448768615723,4.423051357269287,40.12306213378906,14.74620532989502,0.0012704328401014209,0.006267468445003033,0.015160498209297657,0.02286778949201107,0.05157957226037979,0.0695350244641304,0.1317015290260315,0.22224104404449463,0.1980181187391281,0.16058270633220673,0.10053358227014542,0.018802406266331673,0.0010163462720811367,0.00033878209069371223,8.469552267342806e-05,0.0,0.0,0.0,0.0,0.0,0.0,0.0,0.0263403058052063,0.8416193723678589,0.13204032182693481,0.0,0.0,0.0,0.0,0.0,0.0,0.0,0.0,0.0,0.0,0.0,0.0,0.0,0.0,8.469552267342806e-05,0.08139239251613617,0.19242821633815765,0.3381045162677765,0.3878207802772522,0.00016939104534685612,0.0,0.0,0.0,56.093711853027344,-6.0256266593933105,52.65803146362305
Semi_ripe_66.jpg,Semi-ripe,Semi-ripe,51.32412338256836,15.54982852935791,-3.901895761489868,3.957258701324463,36.45084762573242,18.538022994995117,0.0033175356220453978,0.007921462878584862,0.013067027553915977,0.052877455949783325,0.06580907106399536,0.0660121887922287,0.07555856555700302,0.09959377348423004,0.1798916757106781,0.12356127053499222,0.22017602622509003,0.09214624017477036,6.770480831619352e-05,0.0,0.0,0.0,0.0,0.0,0.0,0.0,0.0,0.0,0.009343263693153858,0.8592417240142822,0.13134732842445374,6.770480831619352e-05,0.0,0.0,0.0,0.0,0.0,0.0,0.0,0.0,0.0,0.0,0.0,0.0,0.0,0.0008124576997943223,0.1743398755788803,0.1854434609413147,0.27643871307373047,0.3616790771484375,0.0012863912852481008,0.0,0.0,0.0,55.77508544921875,-4.5388054847717285,48.83872604370117
Semi_ripe_67.jpg,Semi-ripe,Semi-ripe,56.95203399658203,13.055126190185547,-4.237516403198242,3.6216981410980225,28.176803588867188,24.616870880126953,0.0009348877938464284,0.003904531477019191,0.009568851441144943,0.022437307983636856,0.02859656885266304,0.03316102176904678,0.04228992387652397,0.09156401455402374,0.14886713027954102,0.1548614203929901,0.41041573882102966,0.05273867025971413,0.0006599207990802824,0.0,0.0,0.0,0.0,0.0,0.0,0.0,0.0,0.0,0.019742630422115326,0.947756290435791,0.03250110149383545,0.0,0.0,0.0,0.0,0.0,0.0,0.0,0.0,0.0,0.0,0.0,0.0,0.0,0.0,0.0001649801997700706,0.4161350727081299,0.08243510872125626,0.1371535360813141,0.3637813329696655,0.0003299603995401412,0.0,0.0,0.0,67.6708984375,-1.9730128049850464,0.2691343426704407
Semi_ripe_68.jpg,Semi-ripe,Semi-ripe,52.03135299682617,12.479500770568848,-6.121967315673828,4.179544448852539,45.518497467041016,15.0582275390625,0.0007684707525186241,0.006806455086916685,0.014820506796240807,0.027006257325410843,0.04072894901037216,0.04479086771607399,0.0681743323802948,0.11033044010400772,0.20013174414634705,0.3354923725128174,0.1287737339735031,0.018882423639297485,0.003183664521202445,0.0001097815329558216,0.0,0.0,0.0,0.0,0.0,0.0,0.0,0.0,0.037874627858400345,0.9223844408988953,0.0397409163415432,0.0,0.0,0.0,0.0,0.0,0.0,0.0,0.0,0.0,0.0,0.0,0.0,0.0,0.0,0.0023054121993482113,0.06619826704263687,0.12811505794525146,0.18750685453414917,0.6146668195724487,0.00120759685523808,0.0,0.0,0.0,57.041141510009766,-5.6407999992370605,53.838645935058594
Semi_ripe_69.jpg,Semi-ripe,Semi-ripe,52.914798736572266,12.684484481811523,-6.151503562927246,4.552460670471191,44.230613708496094,15.057707786560059,9.730466263135895e-05,0.005838279612362385,0.010800817050039768,0.020823197439312935,0.041743699461221695,0.056631311774253845,0.06889169663190842,0.0866011455655098,0.2533813416957855,0.2444293051958084,0.15627127885818481,0.05186338350176811,0.002529921242967248,9.730466263135895e-05,0.0,0.0,0.0,0.0,0.0,0.0,0.0,0.0,0.04388440027832985,0.90473872423172,0.051376860588788986,0.0,0.0,0.0,0.0,0.0,0.0,0.0,0.0,0.0,0.0,0.0,0.0,0.0,0.0,0.0,0.06859978288412094,0.146151602268219,0.22058966755867004,0.5618371367454529,0.002821835223585367,0.0,0.0,0.0,56.7011604309082,-5.783233165740967,52.002357482910156
Semi_ripe_7.jpeg,Semi-ripe,Semi-ripe,55.711204528808594,12.522929191589355,-0.3646105229854584,2.1791796684265137,13.870055198669434,16.333738327026367,0.0,0.0,0.0,0.0018439271952956915,0.030372612178325653,0.09915457665920258,0.09038722515106201,0.06613784283399582,0.1739901900291443,0.07055631279945374,0.4543367028236389,0.01315102819353342,6.958215817576274e-05,0.0,0.0,0.0,0.0,0.0,0.0,0.0,0.0,0.0,0.0,0.3338204026222229,0.6661795973777771,0.0,0.0,0.0,0.0,0.0,0.0,0.0,0.0,0.0,0.0,0.0,0.0,0.0,0.0,0.09198761731386185,0.5086804032325745,0.16515325009822845,0.23417875170707703,0.0,0.0,0.0,0.0,0.0,66.78141021728516,0.8871447443962097,0.13328999280929565
Semi_ripe_70.jpg,Semi-ripe,Semi-ripe,52.435176849365234,12.735919952392578,-5.633613109588623,3.904071807861328,44.02579879760742,14.036039352416992,0.0,0.000932545866817236,0.01005077175796032,0.03750906512141228,0.04735260456800461,0.037819914519786835,0.061858873814344406,0.13138534128665924,0.24308361113071442,0.21541808545589447,0.1499326527118683,0.06382758170366287,0.0008289296529255807,0.0,0.0,0.0,0.0,0.0,0.0,0.0,0.0,0.0,0.031810175627470016,0.9307844042778015,0.03740544989705086,0.0,0.0,0.0,0.0,0.0,0.0,0.0,0.0,0.0,0.0,0.0,0.0,0.0,0.0,0.00031084861257113516,0.06123717874288559,0.1397782564163208,0.2252616286277771,0.5734120607376099,0.0,0.0,0.0,0.0,56.15245056152344,-4.914719104766846,51.695674896240234
Semi_ripe_71.jpg,Semi-ripe,Semi-ripe,50.76260757446289,12.320241928100586,-7.417684078216553,4.39137601852417,41.096336364746094,16.15778160095215,0.00010997470235452056,0.00043989880941808224,0.009017925709486008,0.03794127330183983,0.058506544679403305,0.05993621423840523,0.06862421333789825,0.11613328754901886,0.27416694164276123,0.22929726541042328,0.12856042385101318,0.015506433323025703,0.001759595237672329,0.0,0.0,0.0,0.0,0.0,0.0,0.0,0.0,0.0,0.05036841705441475,0.9093808531761169,0.0402507409453392,0.0,0.0,0.0,0.0,0.0,0.0,0.0,0.0,0.0,0.0,0.0,0.0,0.0,0.0,0.00021994940470904112,0.10414604842662811,0.17474980652332306,0.25371164083480835,0.4665127098560333,0.0006598482141271234,0.0,0.0,0.0,55.92180633544922,-7.383087158203125,51.57087326049805
Semi_ripe_72.jpg,Semi-ripe,Semi-ripe,51.305355072021484,12.918994903564453,-7.934829235076904,4.371550559997559,42.643131256103516,15.752382278442383,0.0,0.00100042880512774,0.007003001403063536,0.04716306924819946,0.05488066375255585,0.057167358696460724,0.0670287236571312,0.13591539859771729,0.17436043918132782,0.3025582432746887,0.12348148971796036,0.02729741297662258,0.002143775811418891,0.0,0.0,0.0,0.0,0.0,0.0,0.0,0.0,0.0,0.051021866500377655,0.9103901386260986,0.038587965071201324,0.0,0.0,0.0,0.0,0.0,0.0,0.0,0.0,0.0,0.0,0.0,0.0,0.0,0.0,0.0,0.08517936617136002,0.16792911291122437,0.24982134997844696,0.49692726135253906,0.0001429183903383091,0.0,0.0,0.0,57.40570068359375,-8.129242897033691,52.98792266845703
Semi_ripe_73.jpg,Semi-ripe,Semi-ripe,51.414772033691406,11.989604949951172,-5.953217029571533,4.50456428527832,44.374542236328125,13.96960735321045,0.0005619556177407503,0.0015453778905794024,0.007726889569312334,0.04046080261468887,0.052542850375175476,0.03259342536330223,0.058021917939186096,0.15327338874340057,0.25428491830825806,0.25737565755844116,0.12868782877922058,0.01250351220369339,0.00042146671330556273,0.0,0.0,0.0,0.0,0.0,0.0,0.0,0.0,0.0,0.05296431481838226,0.914442241191864,0.03259342536330223,0.0,0.0,0.0,0.0,0.0,0.0,0.0,0.0,0.0,0.0,0.0,0.0,0.0,0.0,0.0,0.05282382667064667,0.15692609548568726,0.21452654898166656,0.5757235288619995,0.0,0.0,0.0,0.0,56.30717468261719,-4.854320049285889,52.386905670166016
Semi_ripe_74.jpg,Semi-ripe,Semi-ripe,47.66328811645508,14.050803184509277,-7.276166915893555,4.861003875732422,41.041404724121094,15.332201957702637,7.433838618453592e-05,0.003122212365269661,0.02401129901409149,0.06207255274057388,0.06809396296739578,0.07694023102521896,0.09485578536987305,0.15715135633945465,0.2650907039642334,0.11596788465976715,0.07344632595777512,0.05159084126353264,0.0073595005087554455,0.00022301515855360776,0.0,0.0,0.0,0.0,0.0,0.0,0.0,0.0,0.06489741057157516,0.8750371932983398,0.06006541848182678,0.0,0.0,0.0,0.0,0.0,0.0,0.0,0.0,0.0,0.0,0.0,0.0,0.0,0.0,0.0007433838909491897,0.08556348830461502,0.19097532331943512,0.26234015822410583,0.46037763357162476,0.0,0.0,0.0,0.0,54.88084030151367,-7.429325103759766,52.62257385253906
Semi_ripe_75.jpg,Semi-ripe,Semi-ripe,49.565345764160156,13.485686302185059,-5.490740776062012,4.51326322555542,43.88290786743164,16.689199447631836,0.0008680555620230734,0.005594135727733374,0.009934413246810436,0.041859567165374756,0.0581597238779068,0.05806327238678932,0.1163194477558136,0.18248456716537476,0.19936342537403107,0.1609760820865631,0.08670910447835922,0.07928241044282913,0.00038580247201025486,0.0,0.0,0.0,0.0,0.0,0.0,0.0,0.0,0.0,0.003761574160307646,0.8779899477958679,0.11824845522642136,0.0,0.0,0.0,0.0,0.0,0.0,0.0,0.0,0.0,0.0,0.0,0.0,0.0,0.0,9.645061800256371e-05,0.08169367164373398,0.16068673133850098,0.23466435074806213,0.4510030746459961,0.07185570895671844,0.0,0.0,0.0,55.86326599121094,-6.829305171966553,53.70664596557617
Semi_ripe_76.jpg,Semi-ripe,Semi-ripe,51.33216094970703,14.146871566772461,-5.471968173980713,4.218340873718262,43.46476364135742,16.537172317504883,0.0,0.001167996902950108,0.015183959156274796,0.035039905458688736,0.07017714530229568,0.06608916074037552,0.08214911073446274,0.14580494165420532,0.139186292886734,0.17500486969947815,0.20576211810112,0.06433716416358948,9.733307524584234e-05,0.0,0.0,0.0,0.0,0.0,0.0,0.0,0.0,0.0,0.016935955733060837,0.8860229849815369,0.09704107791185379,0.0,0.0,0.0,0.0,0.0,0.0,0.0,0.0,0.0,0.0,0.0,0.0,0.0,0.0,0.0013626629952341318,0.08740510046482086,0.15826357901096344,0.22493673861026764,0.5190773010253906,0.008954642340540886,0.0,0.0,0.0,57.111297607421875,-5.559622764587402,53.77433776855469
Semi_ripe_77.jpg,Semi-ripe,Semi-ripe,51.99549102783203,13.228778839111328,-5.960280418395996,4.509459495544434,43.87372589111328,15.337483406066895,0.0,0.0008496176451444626,0.009876805357635021,0.025913339108228683,0.05193287879228592,0.07795242220163345,0.09090909361839294,0.12669923901557922,0.16461342573165894,0.1954120695590973,0.20274001359939575,0.05267629399895668,0.0004248088225722313,0.0,0.0,0.0,0.0,0.0,0.0,0.0,0.0,0.0,0.038232795894145966,0.8735131621360779,0.08825403451919556,0.0,0.0,0.0,0.0,0.0,0.0,0.0,0.0,0.0,0.0,0.0,0.0,0.0,0.0,0.0,0.07200510054826736,0.1497451215982437,0.26019540429115295,0.5170985460281372,0.0009558199089951813,0.0,0.0,0.0,56.87807083129883,-5.966216087341309,52.93952560424805
Semi_ripe_78.jpg,Semi-ripe,Semi-ripe,52.20510482788086,12.974222183227539,-5.640028476715088,4.855208873748779,44.310264587402344,16.17934799194336,0.0,0.00030309153953567147,0.005556677933782339,0.022024651989340782,0.041119419038295746,0.08961406350135803,0.10729440301656723,0.1459890902042389,0.13315820693969727,0.1559911072254181,0.2620731592178345,0.036067891865968704,0.0005051525658927858,0.00030309153953567147,0.0,0.0,0.0,0.0,0.0,0.0,0.0,0.0,0.04516064003109932,0.8454233407974243,0.10941604524850845,0.0,0.0,0.0,0.0,0.0,0.0,0.0,0.0,0.0,0.0,0.0,0.0,0.0,0.0,0.00020206102635711432,0.08031925559043884,0.14265507459640503,0.24469590187072754,0.5238432288169861,0.008284501731395721,0.0,0.0,0.0,66.06160736083984,-5.6833696365356445,58.145606994628906
Semi_ripe_79.jpg,Semi-ripe,Semi-ripe,52.7303352355957,13.37197494506836,-5.843807697296143,5.0144548416137695,44.699344635009766,16.15962028503418,0.0,0.0005027652368880808,0.004943857900798321,0.023127200081944466,0.04642198607325554,0.08220211416482925,0.10499413311481476,0.14060667157173157,0.12292609363794327,0.14446119964122772,0.2626948356628418,0.0655270665884018,0.0013407071819528937,0.0002513826184440404,0.0,0.0,0.0,0.0,0.0,0.0,0.0,0.0,0.052371375262737274,0.842383086681366,0.10524551570415497,0.0,0.0,0.0,0.0,0.0,0.0,0.0,0.0,0.0,0.0,0.0,0.0,0.0,0.0,0.00016758839774411172,0.07382269203662872,0.14228256046772003,0.2547343671321869,0.5157533288002014,0.013239484280347824,0.0,0.0,0.0,66.60607147216797,-5.971349716186523,58.13250732421875
Semi_ripe_8.jpeg,Semi-ripe,Semi-ripe,49.39579772949219,12.963963508605957,-2.1208372116088867,3.269575357437134,16.673845291137695,13.289588928222656,5.007761865272187e-05,5.007761865272187e-05,0.0009514747653156519,0.004156442359089851,0.025789974257349968,0.10972006618976593,0.36837098002433777,0.11597976833581924,0.03129851445555687,0.03455355763435364,0.30286943912506104,0.005558616016060114,0.0006009314674884081,5.007761865272187e-05,0.0,0.0,0.0,0.0,0.0,0.0,0.0,0.0,0.0,0.5796985030174255,0.4203014671802521,0.0,0.0,0.0,0.0,0.0,0.0,0.0,0.0,0.0,0.0,0.0,0.0,0.0,0.0,0.024087335914373398,0.43522459268569946,0.3715258538722992,0.16916219890117645,0.0,0.0,0.0,0.0,0.0,66.75216674804688,1.0626437664031982,1.0700761079788208
Semi_ripe_80.jpg,Semi-ripe,Semi-ripe,47.80385208129883,13.783019065856934,-5.473066806793213,4.830700397491455,42.66314697265625,17.158897399902344,0.00016754628450144082,0.0030996063724160194,0.009550138376653194,0.03995978832244873,0.09659042954444885,0.10061154514551163,0.1296808272600174,0.13973359763622284,0.18170394003391266,0.13621513545513153,0.10957527160644531,0.05286085233092308,0.00025131943402811885,0.0,0.0,0.0,0.0,0.0,0.0,0.0,0.0,0.0,0.02245120145380497,0.8472815752029419,0.13026723265647888,0.0,0.0,0.0,0.0,0.0,0.0,0.0,0.0,0.0,0.0,0.0,0.0,0.0,0.0,0.0006701851380057633,0.08871575444936752,0.1958616077899933,0.24001005291938782,0.3884560465812683,0.08628633618354797,0.0,0.0,0.0,55.82997512817383,-6.484097957611084,54.67002868652344
Semi_ripe_81.jpg,Semi-ripe,Semi-ripe,51.98350143432617,13.89548397064209,-2.0100271701812744,3.35451602935791,42.253658294677734,14.523870468139648,0.00027100270381197333,0.00876242108643055,0.015898825600743294,0.025022583082318306,0.040740739554166794,0.055374886840581894,0.08780487626791,0.1577235758304596,0.22890695929527283,0.09819331765174866,0.1954832822084427,0.08229448646306992,0.00325203244574368,0.00027100270381197333,0.0,0.0,0.0,0.0,0.0,0.0,0.0,0.0,9.033423702931032e-05,0.7413730621337891,0.25853657722473145,0.0,0.0,0.0,0.0,0.0,0.0,0.0,0.0,0.0,0.0,0.0,0.0,0.0,0.0,0.0,0.07759711146354675,0.1462511271238327,0.28166213631629944,0.4941282868385315,0.00036133694811724126,0.0,0.0,0.0,67.59373474121094,-4.0414838790893555,53.55885314941406
Semi_ripe_82.jpg,Semi-ripe,Semi-ripe,46.3604736328125,13.256370544433594,-5.985393524169922,3.9064362049102783,41.35529327392578,16.919633865356445,0.003122796304523945,0.02024780958890915,0.023874282836914062,0.040898557752370834,0.07011181861162186,0.06064269319176674,0.09348241984844208,0.19633322954177856,0.27712300419807434,0.1515059918165207,0.06235519424080849,0.00010073537123389542,0.00010073537123389542,0.00010073537123389542,0.0,0.0,0.0,0.0,0.0,0.0,0.0,0.0,0.01168530248105526,0.9105470180511475,0.07776770740747452,0.0,0.0,0.0,0.0,0.0,0.0,0.0,0.0,0.0,0.0,0.0,0.0,0.0,0.0,0.0008058829698711634,0.10496625304222107,0.19945603609085083,0.20509721338748932,0.4896746277809143,0.0,0.0,0.0,0.0,55.44522476196289,-6.120997428894043,54.99264907836914
Semi_ripe_83.jpg,Semi-ripe,Semi-ripe,52.1654167175293,13.994575500488281,-6.399130344390869,3.542999029159546,41.73051834106445,15.724798202514648,9.254118049284443e-05,0.0015732001047581434,0.00906903576105833,0.03895983844995499,0.060799553990364075,0.05385896563529968,0.06385341286659241,0.14010734856128693,0.24042198061943054,0.13418471813201904,0.13372200727462769,0.11401073634624481,0.009346659295260906,0.0,0.0,0.0,0.0,0.0,0.0,0.0,0.0,0.0,0.015917083248496056,0.9453081488609314,0.0387747548520565,0.0,0.0,0.0,0.0,0.0,0.0,0.0,0.0,0.0,0.0,0.0,0.0,0.0,0.0,0.0,0.10188783705234528,0.15315565466880798,0.2523598074913025,0.49250414967536926,9.254118049284443e-05,0.0,0.0,0.0,55.33434295654297,-6.092608451843262,49.96836471557617
Semi_ripe_84.jpg,Semi-ripe,Semi-ripe,51.2137451171875,12.838778495788574,-6.377579212188721,3.7084264755249023,41.28522491455078,15.095809936523438,0.0,0.0007723711896687746,0.009047776460647583,0.02868807315826416,0.05825885385274887,0.062231048941612244,0.09113980084657669,0.15612931549549103,0.19585126638412476,0.17268012464046478,0.18989297747612,0.03398433327674866,0.0013240649132058024,0.0,0.0,0.0,0.0,0.0,0.0,0.0,0.0,0.0,0.021736731752753258,0.9421824812889099,0.03608076646924019,0.0,0.0,0.0,0.0,0.0,0.0,0.0,0.0,0.0,0.0,0.0,0.0,0.0,0.0,0.0,0.09334657341241837,0.1477435678243637,0.3015557825565338,0.4573540687561035,0.0,0.0,0.0,0.0,56.28452682495117,-5.899432182312012,50.187103271484375
Semi_ripe_85.jpg,Semi-ripe,Semi-ripe,53.495853424072266,15.023813247680664,-4.443747520446777,3.4715726375579834,24.599748611450195,23.05508804321289,0.002593057230114937,0.010121287778019905,0.01798410713672638,0.039146799594163895,0.03713927045464516,0.03822668269276619,0.06875783950090408,0.11944793164730072,0.19899623095989227,0.08071936666965485,0.32580509781837463,0.06097866967320442,8.364700624952093e-05,0.0,0.0,0.0,0.0,0.0,0.0,0.0,0.0,0.0,0.002927645342424512,0.9604349732398987,0.03663739189505577,0.0,0.0,0.0,0.0,0.0,0.0,0.0,0.0,0.0,0.0,0.0,0.0,0.0,0.0,0.0006691760499961674,0.44809702038764954,0.1335006207227707,0.13316604495048523,0.28456711769104004,0.0,0.0,0.0,0.0,67.58224487304688,-1.9623912572860718,0.344565212726593
Semi_ripe_86.jpg,Semi-ripe,Semi-ripe,48.708946228027344,13.321305274963379,-6.815062522888184,4.022944927215576,42.20328140258789,17.266067504882812,0.005071213003247976,0.008308157324790955,0.019421666860580444,0.02697453647851944,0.06883901357650757,0.07153646647930145,0.08599481731653214,0.13832542300224304,0.2764350473880768,0.16842900216579437,0.1186879575252533,0.011005611158907413,0.0008631851524114609,0.00010789814405143261,0.0,0.0,0.0,0.0,0.0,0.0,0.0,0.0,0.019421666860580444,0.9239318370819092,0.056646525859832764,0.0,0.0,0.0,0.0,0.0,0.0,0.0,0.0,0.0,0.0,0.0,0.0,0.0,0.0,0.0007552870083600283,0.11372464150190353,0.16799740493297577,0.197885200381279,0.511437177658081,0.008200258947908878,0.0,0.0,0.0,55.45764923095703,-7.070581912994385,53.31546401977539
Semi_ripe_87.jpg,Semi-ripe,Semi-ripe,49.465763092041016,12.251729965209961,-6.2431111335754395,4.125605583190918,41.29353332519531,14.973877906799316,9.567546658217907e-05,0.0008610791992396116,0.00755836209282279,0.027554534375667572,0.05539609491825104,0.07759280502796173,0.11337543278932571,0.21794871985912323,0.18618446588516235,0.1449483335018158,0.14322617650032043,0.024684270843863487,0.0005740527994930744,0.0,0.0,0.0,0.0,0.0,0.0,0.0,0.0,0.0,0.030042096972465515,0.9220244884490967,0.04793341085314751,0.0,0.0,0.0,0.0,0.0,0.0,0.0,0.0,0.0,0.0,0.0,0.0,0.0,0.0,0.0,0.08562954515218735,0.16963259875774384,0.28243398666381836,0.46230387687683105,0.0,0.0,0.0,0.0,55.83895492553711,-5.90490198135376,52.47222137451172
Semi_ripe_88.jpg,Semi-ripe,Semi-ripe,48.4202995300293,15.695185661315918,-2.9257805347442627,4.394040107727051,40.384056091308594,17.838298797607422,0.00019634792988654226,0.013253484852612019,0.031219320371747017,0.05095228925347328,0.08266247808933258,0.07559395581483841,0.09807579219341278,0.12124484777450562,0.13714902102947235,0.1771058291196823,0.15423129498958588,0.056940898299217224,0.0013744354946538806,0.0,0.0,0.0,0.0,0.0,0.0,0.0,0.0,0.0,0.02140192501246929,0.7441586256027222,0.2344394326210022,0.0,0.0,0.0,0.0,0.0,0.0,0.0,0.0,0.0,0.0,0.0,0.0,0.0,0.0,0.000785391719546169,0.12792067229747772,0.2050854116678238,0.19909679889678955,0.4626938998699188,0.004417828284204006,0.0,0.0,0.0,57.29301452636719,-3.0878541469573975,53.96882629394531
Semi_ripe_89.jpg,Semi-ripe,Semi-ripe,55.747249603271484,12.451237678527832,-3.2569077014923096,3.609912633895874,34.86803436279297,23.068220138549805,0.00015098898438736796,0.0005284614162519574,0.004756152629852295,0.017137248069047928,0.042427901178598404,0.043409332633018494,0.052091196179389954,0.10335195809602737,0.17114600539207458,0.18518798053264618,0.31987014412879944,0.05979163572192192,0.00015098898438736796,0.0,0.0,0.0,0.0,0.0,0.0,0.0,0.0,0.0,0.01887362264096737,0.8802657127380371,0.10086064040660858,0.0,0.0,0.0,0.0,0.0,0.0,0.0,0.0,0.0,0.0,0.0,0.0,0.0,0.0,0.0005284614162519574,0.28151893615722656,0.09270723164081573,0.16971160471439362,0.4513060450553894,0.004227691330015659,0.0,0.0,0.0,56.699520111083984,-3.2270689010620117,54.05159378051758
Semi_ripe_9.jpeg,Semi-ripe,Semi-ripe,56.09693908691406,12.301385879516602,-0.24117060005664825,2.382187843322754,11.146669387817383,15.239931106567383,0.0,0.0,6.877815758343786e-05,0.006809037644416094,0.034354690462350845,0.07366140186786652,0.07620619982481003,0.10908215492963791,0.11912376433610916,0.0977681502699852,0.47704529762268066,0.005880532320588827,0.0,0.0,0.0,0.0,0.0,0.0,0.0,0.0,0.0,0.0,0.0,0.2418927699327469,0.7581072449684143,0.0,0.0,0.0,0.0,0.0,0.0,0.0,0.0,0.0,0.0,0.0,0.0,0.0,0.0,0.08274012058973312,0.5972695350646973,0.14739158749580383,0.17259877920150757,0.0,0.0,0.0,0.0,0.0,66.2636489868164,0.777683436870575,0.24668817222118378
Semi_ripe_90.jpg,Semi-ripe,Semi-ripe,55.72052764892578,11.887630462646484,-4.348126411437988,4.320863246917725,46.88350296020508,13.965147972106934,0.0,0.0003140046028420329,0.0036633871495723724,0.011199497617781162,0.03297048434615135,0.05338078364729881,0.06489428877830505,0.08844462782144547,0.16558510065078735,0.2674272656440735,0.213837131857872,0.0944107174873352,0.0036633871495723724,0.0002093364018946886,0.0,0.0,0.0,0.0,0.0,0.0,0.0,0.0,0.03171446546912193,0.8663387298583984,0.10194683074951172,0.0,0.0,0.0,0.0,0.0,0.0,0.0,0.0,0.0,0.0,0.0,0.0,0.0,0.0,0.0,0.04751936346292496,0.11168096959590912,0.19258949160575867,0.6472681760787964,0.0009420138085260987,0.0,0.0,0.0,57.555973052978516,-4.1557536125183105,53.5709114074707
Semi_ripe_91.jpg,Semi-ripe,Semi-ripe,48.32719802856445,15.646472930908203,-2.769439935684204,4.526492118835449,40.59195327758789,17.50897216796875,0.00010875475709326565,0.010875475592911243,0.032082654535770416,0.06144643947482109,0.07362697273492813,0.0703643262386322,0.10114192217588425,0.12854813039302826,0.15323545038700104,0.16193583607673645,0.13898858428001404,0.06688417494297028,0.00076128332875669,0.0,0.0,0.0,0.0,0.0,0.0,0.0,0.0,0.0,0.016748232766985893,0.7443175911903381,0.2389342039823532,0.0,0.0,0.0,0.0,0.0,0.0,0.0,0.0,0.0,0.0,0.0,0.0,0.0,0.0,0.0,0.12039151787757874,0.20880913734436035,0.19967374205589294,0.46753671765327454,0.003588906954973936,0.0,0.0,0.0,56.913944244384766,-2.9668333530426025,54.671058654785156
Semi_ripe_92.jpg,Semi-ripe,Semi-ripe,55.03788375854492,16.488094329833984,-4.123960494995117,5.088553428649902,44.20558166503906,18.85466766357422,0.00016969285206869245,0.007551332004368305,0.015696588903665543,0.03207194805145264,0.04598676413297653,0.07347700744867325,0.07704055309295654,0.08857966959476471,0.1289665699005127,0.1308331936597824,0.15552350878715515,0.16341422498226166,0.07950109988451004,0.001187850022688508,0.0,0.0,0.0,0.0,0.0,0.0,0.0,0.0,0.04208382964134216,0.7676056623458862,0.190310537815094,0.0,0.0,0.0,0.0,0.0,0.0,0.0,0.0,0.0,0.0,0.0,0.0,0.0,0.0,0.000593925011344254,0.10529441386461258,0.17435941100120544,0.18369251489639282,0.3790090084075928,0.1570507436990738,0.0,0.0,0.0,56.86014175415039,-4.384985446929932,50.36766052246094
Semi_ripe_93.jpg,Semi-ripe,Semi-ripe,50.67551040649414,15.754788398742676,-3.6616859436035156,5.2499213218688965,41.944740295410156,17.88688850402832,0.0010337374405935407,0.01334461010992527,0.0249976497143507,0.037496477365493774,0.05478808283805847,0.09021708369255066,0.09143877774477005,0.0994267463684082,0.14726059138774872,0.17733295261859894,0.15675218403339386,0.09510384500026703,0.010807255282998085,0.0,0.0,0.0,0.0,0.0,0.0,0.0,0.0,0.0,0.04886758700013161,0.7235222458839417,0.22761018574237823,0.0,0.0,0.0,0.0,0.0,0.0,0.0,0.0,0.0,0.0,0.0,0.0,0.0,0.0,0.000281928398180753,0.11333521455526352,0.18973781168460846,0.19500046968460083,0.4856686294078827,0.015975942835211754,0.0,0.0,0.0,57.05297088623047,-3.79632306098938,53.20656204223633
Semi_ripe_94.jpg,Semi-ripe,Semi-ripe,53.120635986328125,12.182910919189453,-3.877769708633423,3.816030740737915,42.22615051269531,14.01147174835205,0.0006241548107936978,0.002912722295150161,0.00613752193748951,0.021637365221977234,0.042130447924137115,0.03921772539615631,0.0647040456533432,0.1341932862997055,0.2892957329750061,0.16207219660282135,0.1575990915298462,0.07853947579860687,0.0008322063949890435,0.00010402579937363043,0.0,0.0,0.0,0.0,0.0,0.0,0.0,0.0,0.017060231417417526,0.8538437485694885,0.12909601628780365,0.0,0.0,0.0,0.0,0.0,0.0,0.0,0.0,0.0,0.0,0.0,0.0,0.0,0.0,0.0,0.07531467825174332,0.14001873135566711,0.31176531314849854,0.47290128469467163,0.0,0.0,0.0,0.0,55.801998138427734,-3.647932529449463,49.00669860839844
Semi_ripe_95.jpg,Semi-ripe,Semi-ripe,56.69560623168945,12.620617866516113,-3.152890920639038,3.5709214210510254,30.832305908203125,21.668926239013672,0.0010691669303923845,0.0035364751238375902,0.006003783084452152,0.011843078769743443,0.031417056918144226,0.03774981573224068,0.05230693146586418,0.10765688121318817,0.17920881509780884,0.13126079738140106,0.33892589807510376,0.09852784126996994,0.0004934616154059768,0.0,0.0,0.0,0.0,0.0,0.0,0.0,0.0,0.0,0.015379554592072964,0.8689859509468079,0.1156345084309578,0.0,0.0,0.0,0.0,0.0,0.0,0.0,0.0,0.0,0.0,0.0,0.0,0.0,0.0,0.0011514105135574937,0.31433504819869995,0.11727938055992126,0.24138498306274414,0.32584917545318604,0.0,0.0,0.0,0.0,67.69422912597656,-1.51875638961792,0.401824951171875
Semi_ripe_96.jpg,Semi-ripe,Semi-ripe,52.7633171081543,12.827861785888672,-3.936535596847534,4.308063507080078,41.073028564453125,14.497749328613281,0.0011953923385590315,0.004455553367733955,0.010541186667978764,0.019669637084007263,0.03727450594305992,0.05205390229821205,0.07693979889154434,0.15214084088802338,0.207889586687088,0.19397957623004913,0.16974571347236633,0.0709628313779831,0.003151488723233342,0.0,0.0,0.0,0.0,0.0,0.0,0.0,0.0,0.0,0.02586394175887108,0.821995198726654,0.15203216671943665,0.00010867202945519239,0.0,0.0,0.0,0.0,0.0,0.0,0.0,0.0,0.0,0.0,0.0,0.0,0.0,0.0,0.08835035562515259,0.1484459936618805,0.3357965648174286,0.42740708589553833,0.0,0.0,0.0,0.0,56.23555374145508,-3.8607678413391113,49.94860076904297
Semi_ripe_97.jpg,Semi-ripe,Semi-ripe,52.16807556152344,11.651724815368652,-3.896317720413208,4.051180839538574,41.504844665527344,13.994328498840332,0.0006056201527826488,0.004723837133497,0.007146317977458239,0.01913759671151638,0.0416666679084301,0.0482073649764061,0.07582364231348038,0.1420784890651703,0.21172480285167694,0.262960284948349,0.18386627733707428,0.0019379844889044762,0.00012112403055652976,0.0,0.0,0.0,0.0,0.0,0.0,0.0,0.0,0.0,0.02410368248820305,0.8299418687820435,0.1459544599056244,0.0,0.0,0.0,0.0,0.0,0.0,0.0,0.0,0.0,0.0,0.0,0.0,0.0,0.0,0.0,0.08539244532585144,0.13432654738426208,0.3375726640224457,0.4427083432674408,0.0,0.0,0.0,0.0,56.84772872924805,-3.884936571121216,49.3934440612793
Semi_ripe_98.jpg,Semi-ripe,Semi-ripe,53.17884063720703,11.70459270477295,-3.9850916862487793,4.7823686599731445,41.16029739379883,13.807910919189453,0.0003822630096692592,0.002675840863958001,0.007135576102882624,0.012869521044194698,0.022171253338456154,0.061034657061100006,0.0874108076095581,0.13442915678024292,0.26847603917121887,0.16424566507339478,0.18004587292671204,0.0569571852684021,0.0015290520386770368,0.0006371049676090479,0.0,0.0,0.0,0.0,0.0,0.0,0.0,0.0,0.036314982920885086,0.8016055226325989,0.16207951307296753,0.0,0.0,0.0,0.0,0.0,0.0,0.0,0.0,0.0,0.0,0.0,0.0,0.0,0.0,0.0,0.07466870546340942,0.14831803739070892,0.3515545427799225,0.42545872926712036,0.0,0.0,0.0,0.0,56.03353500366211,-3.8050270080566406,49.70197296142578
Semi_ripe_99.jpg,Semi-ripe,Semi-ripe,53.11220169067383,12.82943058013916,-3.97135591506958,4.8717122077941895,42.89182662963867,14.837141990661621,0.000738673668820411,0.005909389350563288,0.009931056760251522,0.016332896426320076,0.027248850092291832,0.06311555951833725,0.08174655586481094,0.1206500306725502,0.2587819993495941,0.16135916113853455,0.16743269562721252,0.07345699518918991,0.012721601873636246,0.0005745239905081689,0.0,0.0,0.0,0.0,0.0,0.0,0.0,0.0,0.0410374253988266,0.7838969230651855,0.1747373640537262,0.000328299414832145,0.0,0.0,0.0,0.0,0.0,0.0,0.0,0.0,0.0,0.0,0.0,0.0,0.0,0.0002462245465721935,0.07756073772907257,0.13911686837673187,0.29382798075675964,0.4883453845977783,0.000902823347132653,0.0,0.0,0.0,55.908836364746094,-3.8065989017486572,50.73756408691406
Ripe_1.jpg,Ripe,Ripe,50.3697509765625,13.717424392700195,-1.9492409229278564,3.082396984100342,40.953433990478516,14.851300239562988,0.0012463177554309368,0.010310446843504906,0.018014956265687943,0.03636981546878815,0.038409244269132614,0.04894629493355751,0.09528665244579315,0.19963742792606354,0.20246997475624084,0.13788805902004242,0.1472920924425125,0.06231588497757912,0.0013596193166449666,0.00045320644858293235,0.0,0.0,0.0,0.0,0.0,0.0,0.0,0.0,0.0,0.7411057949066162,0.2588941752910614,0.0,0.0,0.0,0.0,0.0,0.0,0.0,0.0,0.0,0.0,0.0,0.0,0.0,0.0,0.0,0.09460684657096863,0.14853841066360474,0.2978699207305908,0.4589848220348358,0.0,0.0,0.0,0.0,55.92901611328125,-2.6799299716949463,51.585044860839844
Ripe_10.jpg,Ripe,Ripe,56.70747375488281,13.527107238769531,-1.5390180349349976,3.046715259552002,20.96702003479004,21.801084518432617,0.00028480292530730367,0.002904989756643772,0.008259284310042858,0.027113238349556923,0.03651173412799835,0.028138527646660805,0.0566188208758831,0.11523126065731049,0.12599681317806244,0.09159261733293533,0.46126681566238403,0.046024151146411896,5.696058360626921e-05,0.0,0.0,0.0,0.0,0.0,0.0,0.0,0.0,0.0,0.004670768044888973,0.819605827331543,0.17549555003643036,0.00022784233442507684,0.0,0.0,0.0,0.0,0.0,0.0,0.0,0.0,0.0,0.0,0.0,0.0,0.0,0.002221462782472372,0.5129870176315308,0.10429482907056808,0.19953292608261108,0.18096376955509186,0.0,0.0,0.0,0.0,67.34949493408203,-1.390154242515564,0.6038452386856079
Ripe_100.jpg,Ripe,Ripe,58.34002685546875,14.525100708007812,2.5664055347442627,3.409641981124878,49.86980056762695,16.74726104736328,0.0036166366189718246,0.007233273237943649,0.008438818156719208,0.01285915169864893,0.020092425867915154,0.03234880417585373,0.061281897127628326,0.09644363820552826,0.13783404231071472,0.17902350425720215,0.16676713526248932,0.19590114057064056,0.07333735376596451,0.00482218200340867,0.0,0.0,0.0,0.0,0.0,0.0,0.0,0.0,0.0,0.17821981012821198,0.8215792775154114,0.00020092424529138952,0.0,0.0,0.0,0.0,0.0,0.0,0.0,0.0,0.0,0.0,0.0,0.0,0.0,0.00040184849058277905,0.04078762233257294,0.12015270441770554,0.20534458756446838,0.3922041356563568,0.24010448157787323,0.0010046212701126933,0.0,0.0,56.816123962402344,4.666393280029297,51.330326080322266
Ripe_101.jpg,Ripe,Ripe,62.26310729980469,6.003078460693359,-2.052371025085449,0.7563594579696655,4.467252731323242,1.4076721668243408,0.0,0.0,0.0,0.0,0.0,0.0,0.010647517628967762,0.036771077662706375,0.13111303746700287,0.2131979763507843,0.5838801264762878,0.024390242993831635,0.0,0.0,0.0,0.0,0.0,0.0,0.0,0.0,0.0,0.0,0.0,0.9821715950965881,0.017828401178121567,0.0,0.0,0.0,0.0,0.0,0.0,0.0,0.0,0.0,0.0,0.0,0.0,0.0,0.0,0.0,1.0,0.0,0.0,0.0,0.0,0.0,0.0,0.0,66.19960021972656,-2.3291268348693848,4.8414411544799805
Ripe_102.jpg,Ripe,Ripe,55.63447570800781,15.318950653076172,1.0917202234268188,2.903618812561035,49.23358154296875,16.30753517150879,0.0019628836307674646,0.003925767261534929,0.011420413851737976,0.01463240571320057,0.027301928028464317,0.05674518272280693,0.08600999414920807,0.14650249481201172,0.17933619022369385,0.13668808341026306,0.10046395659446716,0.10902926325798035,0.11331191658973694,0.012669521383941174,0.0,0.0,0.0,0.0,0.0,0.0,0.0,0.0,0.0,0.30692362785339355,0.6930763721466064,0.0,0.0,0.0,0.0,0.0,0.0,0.0,0.0,0.0,0.0,0.0,0.0,0.0,0.0,0.0,0.031049249693751335,0.12526766955852509,0.28301212191581726,0.3281584680080414,0.2325124889612198,0.0,0.0,0.0,55.71072006225586,2.3061225414276123,49.9476203918457
Ripe_103.jpg,Ripe,Ripe,58.263668060302734,15.736863136291504,0.9880330562591553,3.143260955810547,52.88572311401367,17.347980499267578,0.0025282318238168955,0.0018540367018431425,0.004382268525660038,0.011966964229941368,0.024945221841335297,0.050901737064123154,0.09775830060243607,0.13231080770492554,0.12034384161233902,0.11208494752645493,0.12034384161233902,0.14967133104801178,0.14562615752220154,0.025282319635152817,0.0,0.0,0.0,0.0,0.0,0.0,0.0,0.0,0.0,0.35091859102249146,0.6490814089775085,0.0,0.0,0.0,0.0,0.0,0.0,0.0,0.0,0.0,0.0,0.0,0.0,0.0,0.0,0.0,0.023091183975338936,0.11983819305896759,0.2116972804069519,0.2986684739589691,0.343333899974823,0.0033709758426994085,0.0,0.0,55.77225875854492,3.2023305892944336,53.96398162841797
Ripe_104.jpg,Ripe,Ripe,53.14347839355469,15.954423904418945,2.0506973266601562,3.320957660675049,47.041507720947266,16.904495239257812,0.004429860506206751,0.011484823189675808,0.02001640759408474,0.022149302065372467,0.043642330914735794,0.06595569849014282,0.09827727824449539,0.10336340963840485,0.15307629108428955,0.14618539810180664,0.14930270612239838,0.14257587492465973,0.03822805732488632,0.0009844134328886867,0.0003281378303654492,0.0,0.0,0.0,0.0,0.0,0.0,0.0,0.0,0.21821165084838867,0.7812961339950562,0.0004922067164443433,0.0,0.0,0.0,0.0,0.0,0.0,0.0,0.0,0.0,0.0,0.0,0.0,0.0,0.0,0.04708777740597725,0.15537326037883759,0.24118129909038544,0.35570138692855835,0.20065627992153168,0.0,0.0,0.0,56.16783905029297,3.805131673812866,51.28432846069336
Ripe_105.jpg,Ripe,Ripe,60.62152099609375,15.844401359558105,0.17042642831802368,3.5766024589538574,56.011932373046875,16.228713989257812,0.0033474022056907415,0.008004656992852688,0.008877892978489399,0.01790132373571396,0.027361374348402023,0.028671227395534515,0.048464562743902206,0.07451608031988144,0.11206520348787308,0.1309853047132492,0.14597584307193756,0.22529472410678864,0.1577645242214203,0.010624363087117672,0.00014553921937476844,0.0,0.0,0.0,0.0,0.0,0.0,0.0,0.0,0.4323970377445221,0.5676029920578003,0.0,0.0,0.0,0.0,0.0,0.0,0.0,0.0,0.0,0.0,0.0,0.0,0.0,0.0,0.0,0.03303740173578262,0.07568039745092392,0.11643137782812119,0.3527870774269104,0.4220637381076813,0.0,0.0,0.0,56.48322296142578,3.0075130462646484,56.826446533203125
Ripe_106.jpg,Ripe,Ripe,61.51902389526367,15.836873054504395,0.7494606971740723,3.2798173427581787,54.24761199951172,15.621475219726562,0.0026194145902991295,0.004622496198862791,0.010631741024553776,0.016024652868509293,0.020338982343673706,0.033898305147886276,0.05130970850586891,0.08073960244655609,0.08983051031827927,0.1258859783411026,0.17241910099983215,0.16563944518566132,0.20600923895835876,0.02003081701695919,0.0,0.0,0.0,0.0,0.0,0.0,0.0,0.0,0.0,0.4060092568397522,0.5939907431602478,0.0,0.0,0.0,0.0,0.0,0.0,0.0,0.0,0.0,0.0,0.0,0.0,0.0,0.0,0.0,0.0328197218477726,0.07919877022504807,0.1480739563703537,0.37550076842308044,0.3644067943096161,0.0,0.0,0.0,78.63895416259766,-2.4667201042175293,68.81956481933594
Ripe_107.jpg,Ripe,Ripe,59.87211227416992,16.145063400268555,2.5368781089782715,3.841550350189209,52.8997802734375,15.460959434509277,0.006983582396060228,0.005390835460275412,0.010781670920550823,0.014947316609323025,0.023033570498228073,0.03847096115350723,0.05831903964281082,0.0714285746216774,0.1312178373336792,0.14138691127300262,0.12227395176887512,0.19872580468654633,0.1619701087474823,0.014947316609323025,0.00012251899170223624,0.0,0.0,0.0,0.0,0.0,0.0,0.0,0.0,0.20619946718215942,0.7931879162788391,0.000612594943959266,0.0,0.0,0.0,0.0,0.0,0.0,0.0,0.0,0.0,0.0,0.0,0.0,0.0,0.0,0.03687821701169014,0.07167360931634903,0.1694437563419342,0.4128890037536621,0.3091154098510742,0.0,0.0,0.0,56.39936828613281,4.897029876708984,52.38267517089844
Ripe_108.jpg,Ripe,Ripe,59.230140686035156,14.819742202758789,-0.26783788204193115,3.0552825927734375,31.908384323120117,25.2460994720459,0.0032362460624426603,0.007320079952478409,0.012867930345237255,0.016181230545043945,0.01972568966448307,0.03220835328102112,0.061257511377334595,0.06896285712718964,0.07574356347322464,0.15911541879177094,0.3564493656158447,0.09269533306360245,0.06642009317874908,0.027816304937005043,0.0,0.0,0.0,0.0,0.0,0.0,0.0,0.0,0.0,0.5868392586708069,0.4131607413291931,0.0,0.0,0.0,0.0,0.0,0.0,0.0,0.0,0.0,0.0,0.0,0.0,0.0,0.0,0.0,0.40792110562324524,0.0799044519662857,0.1474032998085022,0.24479888379573822,0.11997225880622864,0.0,0.0,0.0,66.28828430175781,-2.378589391708374,5.04042387008667
Ripe_109.jpg,Ripe,Ripe,62.1323356628418,16.04488182067871,0.526160717010498,3.116732120513916,54.33843994140625,15.505937576293945,0.0018854583613574505,0.007895356975495815,0.00954513344913721,0.012726844288408756,0.019679471850395203,0.03158142790198326,0.05232147127389908,0.077421635389328,0.08944143354892731,0.11996228992938995,0.15295781195163727,0.18324299156665802,0.19785529375076294,0.04348338395357132,0.0,0.0,0.0,0.0,0.0,0.0,0.0,0.0,0.0,0.42163562774658203,0.578364372253418,0.0,0.0,0.0,0.0,0.0,0.0,0.0,0.0,0.0,0.0,0.0,0.0,0.0,0.0,0.0,0.03275984153151512,0.07341503351926804,0.15519680082798004,0.36801791191101074,0.37061041593551636,0.0,0.0,0.0,79.29840087890625,-2.456942081451416,68.59519958496094
Ripe_11.jpg,Ripe,Ripe,51.7966194152832,13.691307067871094,-2.975712776184082,2.4733314514160156,40.4045524597168,17.259231567382812,0.00140795495826751,0.006687785964459181,0.02111932449042797,0.033204272389411926,0.03613751009106636,0.04505455866456032,0.061011381447315216,0.16097618639469147,0.22984863817691803,0.16214947402477264,0.19019125401973724,0.039892055094242096,0.01231960579752922,0.0,0.0,0.0,0.0,0.0,0.0,0.0,0.0,0.0,0.0,0.8474715352058411,0.15252844989299774,0.0,0.0,0.0,0.0,0.0,0.0,0.0,0.0,0.0,0.0,0.0,0.0,0.0,0.0,0.0022292619105428457,0.1317611187696457,0.15475770831108093,0.25296255946159363,0.45828932523727417,0.0,0.0,0.0,0.0,55.9674072265625,-3.382205009460449,51.88703918457031
Ripe_110.jpg,Ripe,Ripe,61.38130569458008,15.06045150756836,0.5794165134429932,3.2606470584869385,54.5257682800293,16.039308547973633,0.0019448946695774794,0.006645056884735823,0.010534846223890781,0.011507293209433556,0.013938412070274353,0.019286872819066048,0.039546191692352295,0.09465154260396957,0.12852512300014496,0.1753646731376648,0.14521880447864532,0.14716368913650513,0.1599675863981247,0.045705024152994156,0.0,0.0,0.0,0.0,0.0,0.0,0.0,0.0,0.0,0.37795785069465637,0.6220421195030212,0.0,0.0,0.0,0.0,0.0,0.0,0.0,0.0,0.0,0.0,0.0,0.0,0.0,0.0,0.0,0.032414909452199936,0.06904376298189163,0.16434359550476074,0.39157211780548096,0.34262561798095703,0.0,0.0,0.0,56.62773895263672,3.036917209625244,52.35038757324219
Ripe_111.jpg,Ripe,Ripe,58.462974548339844,17.02574348449707,2.192200183868408,3.1627650260925293,53.331058502197266,18.36244010925293,0.0013990906300023198,0.01224204245954752,0.027632039040327072,0.021336130797863007,0.02553340420126915,0.043196920305490494,0.06278418749570847,0.07012941688299179,0.08954180032014847,0.11874781548976898,0.16439314186573029,0.24099335074424744,0.1208464503288269,0.001224204315803945,0.0,0.0,0.0,0.0,0.0,0.0,0.0,0.0,0.0,0.17890870571136475,0.8203917741775513,0.0006995453150011599,0.0,0.0,0.0,0.0,0.0,0.0,0.0,0.0,0.0,0.0,0.0,0.0,0.0,0.00034977265750057995,0.05089192092418671,0.1128016784787178,0.1400839388370514,0.30237844586372375,0.3931444585323334,0.00034977265750057995,0.0,0.0,70.1815185546875,1.6231002807617188,67.62993621826172
Ripe_112.jpg,Ripe,Ripe,57.779449462890625,16.715503692626953,2.325870990753174,2.9058310985565186,50.4051513671875,17.523109436035156,0.00639622937887907,0.008921056985855103,0.018852045759558678,0.026258205994963646,0.031139539554715157,0.03602087125182152,0.06042753905057907,0.08331930637359619,0.10318128019571304,0.13499410450458527,0.19188688695430756,0.184817373752594,0.11294394731521606,0.0008416091441176832,0.0,0.0,0.0,0.0,0.0,0.0,0.0,0.0,0.0,0.14778657257556915,0.852213442325592,0.0,0.0,0.0,0.0,0.0,0.0,0.0,0.0,0.0,0.0,0.0,0.0,0.0,0.0,0.0,0.04931829497218132,0.11294394731521606,0.20989732444286346,0.31913819909095764,0.3087022304534912,0.0,0.0,0.0,56.750736236572266,4.079163074493408,51.58962631225586
Ripe_113.jpg,Ripe,Ripe,59.237449645996094,14.758182525634766,1.2829475402832031,3.269835948944092,53.11075973510742,15.193100929260254,0.0025722498539835215,0.007414132356643677,0.007716749794781208,0.013920411467552185,0.014828264713287354,0.027538204565644264,0.05431986600160599,0.10334392637014389,0.1513088196516037,0.18429414927959442,0.1378423422574997,0.14283552765846252,0.13980935513973236,0.012104705907404423,0.00015130882093217224,0.0,0.0,0.0,0.0,0.0,0.0,0.0,0.0,0.3138144910335541,0.6861854791641235,0.0,0.0,0.0,0.0,0.0,0.0,0.0,0.0,0.0,0.0,0.0,0.0,0.0,0.0,0.0,0.03404448553919792,0.07035860419273376,0.16628839075565338,0.4395521283149719,0.2897563874721527,0.0,0.0,0.0,56.500064849853516,3.3234989643096924,53.1790885925293
Ripe_114.jpg,Ripe,Ripe,52.1677131652832,16.29140853881836,4.5117292404174805,3.568394422531128,44.30973815917969,17.176294326782227,0.0031139713246375322,0.0062279426492750645,0.011002698913216591,0.036329664289951324,0.059165455400943756,0.08490762114524841,0.10836620628833771,0.11770811676979065,0.13639195263385773,0.131824791431427,0.11791571229696274,0.1235208660364151,0.06207183003425598,0.0014531866181641817,0.0,0.0,0.0,0.0,0.0,0.0,0.0,0.0,0.0,0.07245173305273056,0.923603892326355,0.003944363910704851,0.0,0.0,0.0,0.0,0.0,0.0,0.0,0.0,0.0,0.0,0.0,0.0,0.0,0.00020759808830916882,0.05812746658921242,0.19742578268051147,0.26261159777641296,0.33319494128227234,0.1484326273202896,0.0,0.0,0.0,56.2049560546875,5.510898113250732,49.886661529541016
Ripe_115.jpg,Ripe,Ripe,53.52436065673828,16.4733829498291,4.265207290649414,3.4857864379882812,47.03583908081055,16.779800415039062,0.0021309570875018835,0.006005424074828625,0.018209995701909065,0.03700116276741028,0.05676094442605972,0.06179775297641754,0.09298721700906754,0.10402944684028625,0.13018210232257843,0.14025571942329407,0.14219294488430023,0.13056954741477966,0.07748934626579285,0.0003874467220157385,0.0,0.0,0.0,0.0,0.0,0.0,0.0,0.0,0.0,0.07419604808092117,0.9246416091918945,0.0011623401660472155,0.0,0.0,0.0,0.0,0.0,0.0,0.0,0.0,0.0,0.0,0.0,0.0,0.0,0.0003874467220157385,0.06102285906672478,0.1478109210729599,0.18791165947914124,0.47772181034088135,0.12514528632164001,0.0,0.0,0.0,56.376304626464844,6.141185760498047,53.171607971191406
Ripe_116.jpg,Ripe,Ripe,56.945281982421875,16.113313674926758,2.2770004272460938,3.629425048828125,47.82247543334961,16.26327896118164,0.0069960649125278,0.009838216006755829,0.012024486437439919,0.01595977321267128,0.019457805901765823,0.045474421232938766,0.0804547443985939,0.11958897858858109,0.1287713199853897,0.13795365393161774,0.1622212529182434,0.15456929802894592,0.08701355755329132,0.019676432013511658,0.0,0.0,0.0,0.0,0.0,0.0,0.0,0.0,0.0,0.2162221223115921,0.7837778925895691,0.0,0.0,0.0,0.0,0.0,0.0,0.0,0.0,0.0,0.0,0.0,0.0,0.0,0.0,0.0004372540570329875,0.03672933951020241,0.1357673853635788,0.2592916488647461,0.4035854935646057,0.16418889164924622,0.0,0.0,0.0,56.373016357421875,4.186091899871826,49.47012710571289
Ripe_117.jpg,Ripe,Ripe,58.133522033691406,17.07375144958496,3.2837047576904297,3.8949475288391113,52.178749084472656,18.47835922241211,0.004328067414462566,0.00735771469771862,0.014931833371520042,0.02293875813484192,0.0315948911011219,0.05345163494348526,0.06405539810657501,0.08612854033708572,0.11231335252523422,0.13308808207511902,0.15429560840129852,0.15278078615665436,0.13222245872020721,0.03051287680864334,0.0,0.0,0.0,0.0,0.0,0.0,0.0,0.0,0.0,0.1716078817844391,0.8221164345741272,0.006275698076933622,0.0,0.0,0.0,0.0,0.0,0.0,0.0,0.0,0.0,0.0,0.0,0.0,0.0,0.0017312270356342196,0.057996105402708054,0.10603765398263931,0.14260981976985931,0.36853495240211487,0.32309022545814514,0.0,0.0,0.0,56.68509292602539,5.806385040283203,55.20803451538086
Ripe_118.jpg,Ripe,Ripe,64.05683135986328,4.806270599365234,-1.9023679494857788,0.542479932308197,3.459744930267334,0.8099706768989563,0.0,0.0,0.0,0.0,0.0,0.0,0.002367941662669182,0.019307833164930344,0.0659380704164505,0.16903461515903473,0.7012750506401062,0.04207650199532509,0.0,0.0,0.0,0.0,0.0,0.0,0.0,0.0,0.0,0.0,0.0,0.9726775884628296,0.027322404086589813,0.0,0.0,0.0,0.0,0.0,0.0,0.0,0.0,0.0,0.0,0.0,0.0,0.0,0.0,0.0,1.0,0.0,0.0,0.0,0.0,0.0,0.0,0.0,66.39017486572266,-2.074246406555176,3.692232370376587
Ripe_119.jpg,Ripe,Ripe,64.37741088867188,3.9301648139953613,-2.270749092102051,0.602396547794342,4.95773458480835,1.3792682886123657,0.0,0.0,0.0,0.0,0.0,0.0,0.0,0.0040451944805681705,0.05021620914340019,0.19584321975708008,0.7178127765655518,0.03208257630467415,0.0,0.0,0.0,0.0,0.0,0.0,0.0,0.0,0.0,0.0,0.0,0.9973496794700623,0.002650299808010459,0.0,0.0,0.0,0.0,0.0,0.0,0.0,0.0,0.0,0.0,0.0,0.0,0.0,0.0,0.0,1.0,0.0,0.0,0.0,0.0,0.0,0.0,0.0,66.21810150146484,-2.384486675262451,5.106770992279053
Ripe_12.jpg,Ripe,Ripe,52.654842376708984,13.037711143493652,-1.5234318971633911,3.351048231124878,42.134910583496094,13.598447799682617,0.00023668639187235385,0.006863905116915703,0.010177514515817165,0.021775148808956146,0.028994083404541016,0.05597633123397827,0.08094674348831177,0.16650886833667755,0.23692308366298676,0.144733726978302,0.13562129437923431,0.10863905400037766,0.0026035502087324858,0.0,0.0,0.0,0.0,0.0,0.0,0.0,0.0,0.0,0.0,0.7466272115707397,0.25242602825164795,0.0009467455674894154,0.0,0.0,0.0,0.0,0.0,0.0,0.0,0.0,0.0,0.0,0.0,0.0,0.0,0.0,0.06556212902069092,0.1410650908946991,0.3252071142196655,0.46816566586494446,0.0,0.0,0.0,0.0,55.9443359375,-2.7415459156036377,49.312801361083984
Ripe_120.jpg,Ripe,Ripe,62.62882995605469,5.921728610992432,-2.0678865909576416,0.9201207160949707,4.6176838874816895,1.4562095403671265,0.0,0.0,0.0,0.0,0.0,0.0,0.009638217277824879,0.04288308322429657,0.09735996276140213,0.18522140383720398,0.6425478458404541,0.022349489852786064,0.0,0.0,0.0,0.0,0.0,0.0,0.0,0.0,0.0,0.0,0.0,0.9057130813598633,0.09428691118955612,0.0,0.0,0.0,0.0,0.0,0.0,0.0,0.0,0.0,0.0,0.0,0.0,0.0,0.0,0.0,1.0,0.0,0.0,0.0,0.0,0.0,0.0,0.0,66.0458755493164,-2.475189208984375,5.095668792724609
Ripe_121.jpg,Ripe,Ripe,62.85025405883789,5.894623756408691,-2.088726043701172,0.8342348337173462,4.472922325134277,1.3809260129928589,0.0,0.0,0.0,0.0,0.0,0.0,0.007493188139051199,0.045299727469682693,0.08872615545988083,0.18273161351680756,0.6474795937538147,0.028269754722714424,0.0,0.0,0.0,0.0,0.0,0.0,0.0,0.0,0.0,0.0,0.0,0.9598092436790466,0.04019073396921158,0.0,0.0,0.0,0.0,0.0,0.0,0.0,0.0,0.0,0.0,0.0,0.0,0.0,0.0,0.0,1.0,0.0,0.0,0.0,0.0,0.0,0.0,0.0,66.13506317138672,-2.4080140590667725,4.909526348114014
Ripe_122.jpg,Ripe,Ripe,63.25291061401367,5.536065578460693,-1.7689433097839355,0.607183575630188,3.6197876930236816,0.8596473932266235,0.0,0.0,0.0,0.0,0.0,0.0,0.017037812620401382,0.020325811579823494,0.06680615991353989,0.228067547082901,0.6142579317092896,0.05350470915436745,0.0,0.0,0.0,0.0,0.0,0.0,0.0,0.0,0.0,0.0,0.0,0.9457480311393738,0.054251980036497116,0.0,0.0,0.0,0.0,0.0,0.0,0.0,0.0,0.0,0.0,0.0,0.0,0.0,0.0,0.0,1.0,0.0,0.0,0.0,0.0,0.0,0.0,0.0,66.26793670654297,-1.9447180032730103,3.8010294437408447
Ripe_123.jpg,Ripe,Ripe,49.44068908691406,14.971504211425781,3.5523266792297363,2.897584915161133,41.24649429321289,16.148845672607422,0.0022353180684149265,0.00812842883169651,0.019305018708109856,0.03495224565267563,0.0617760606110096,0.09388335794210434,0.11826864629983902,0.13554155826568604,0.15870757400989532,0.15261125564575195,0.12761633098125458,0.07193659991025925,0.01442796178162098,0.0006096321740187705,0.0,0.0,0.0,0.0,0.0,0.0,0.0,0.0,0.0,0.0812842920422554,0.9187157154083252,0.0,0.0,0.0,0.0,0.0,0.0,0.0,0.0,0.0,0.0,0.0,0.0,0.0,0.0,0.0,0.07193659991025925,0.20727494359016418,0.3224954307079315,0.3251371681690216,0.07315586507320404,0.0,0.0,0.0,56.22003936767578,4.361861705780029,49.129878997802734
Ripe_124.jpg,Ripe,Ripe,62.85694122314453,6.0360894203186035,-1.5892826318740845,0.566818356513977,3.318554639816284,0.8263037204742432,0.0,0.0,0.0,0.0,0.0,0.0,0.0097748301923275,0.04433583468198776,0.09338453412055969,0.19567114114761353,0.6102286577224731,0.04660499095916748,0.0,0.0,0.0,0.0,0.0,0.0,0.0,0.0,0.0,0.0,0.0,0.967009961605072,0.032990049570798874,0.0,0.0,0.0,0.0,0.0,0.0,0.0,0.0,0.0,0.0,0.0,0.0,0.0,0.0,0.008378425613045692,0.9916215538978577,0.0,0.0,0.0,0.0,0.0,0.0,0.0,66.46343231201172,-1.831251621246338,3.560722827911377
Ripe_125.jpg,Ripe,Ripe,48.32161331176758,16.055002212524414,3.1333582401275635,2.789030075073242,40.574710845947266,16.833393096923828,0.00653716828674078,0.023160254582762718,0.04277176037430763,0.03380649909377098,0.04351886361837387,0.0683601051568985,0.11094509065151215,0.15670526027679443,0.165483757853508,0.15184909105300903,0.126073956489563,0.06257004290819168,0.006723944563418627,0.0007471049902960658,0.0007471049902960658,0.0,0.0,0.0,0.0,0.0,0.0,0.0,0.0,0.09189391136169434,0.9081060886383057,0.0,0.0,0.0,0.0,0.0,0.0,0.0,0.0,0.0,0.0,0.0,0.0,0.0,0.0,0.0007471049902960658,0.10926409810781479,0.17220769822597504,0.32685843110084534,0.3262980878353119,0.06462457776069641,0.0,0.0,0.0,56.255340576171875,3.7147719860076904,49.296119689941406
Ripe_126.jpg,Ripe,Ripe,47.86484146118164,15.143104553222656,3.6986331939697266,3.5298333168029785,41.472328186035156,14.326489448547363,0.0029128389433026314,0.009410710074007511,0.027335872873663902,0.033385615795850754,0.0629621297121048,0.10867130011320114,0.14743445813655853,0.15550078451633453,0.1259242594242096,0.13264620304107666,0.12077078223228455,0.05982523038983345,0.011427290737628937,0.000896258105058223,0.000896258105058223,0.0,0.0,0.0,0.0,0.0,0.0,0.0,0.0,0.1156172975897789,0.8821420669555664,0.002240645233541727,0.0,0.0,0.0,0.0,0.0,0.0,0.0,0.0,0.0,0.0,0.0,0.0,0.0,0.0011203226167708635,0.048397939652204514,0.19516021013259888,0.3645530045032501,0.3670176863670349,0.02375083975493908,0.0,0.0,0.0,44.10201644897461,5.2285990715026855,42.429962158203125
Ripe_127.jpg,Ripe,Ripe,63.4434814453125,5.601243495941162,-2.007596015930176,0.7629894018173218,4.755222320556641,1.4952439069747925,0.0,0.0,0.0,0.0,0.0,0.0,0.007785795722156763,0.03513102978467941,0.07443980127573013,0.17261677980422974,0.6748955845832825,0.03513102978467941,0.0,0.0,0.0,0.0,0.0,0.0,0.0,0.0,0.0,0.0,0.0,0.9492973685264587,0.050702620297670364,0.0,0.0,0.0,0.0,0.0,0.0,0.0,0.0,0.0,0.0,0.0,0.0,0.0,0.0,0.0,1.0,0.0,0.0,0.0,0.0,0.0,0.0,0.0,66.33787536621094,-2.2738699913024902,5.28135871887207
Ripe_128.jpg,Ripe,Ripe,64.09599304199219,4.63020658493042,-1.6727341413497925,0.5398677587509155,3.4503660202026367,0.6594083309173584,0.0,0.0,0.0,0.0,0.0,0.0,0.001125914859585464,0.014073935337364674,0.06417714059352875,0.1838994175195694,0.6819290518760681,0.054794520139694214,0.0,0.0,0.0,0.0,0.0,0.0,0.0,0.0,0.0,0.0,0.0,0.964909017086029,0.035091012716293335,0.0,0.0,0.0,0.0,0.0,0.0,0.0,0.0,0.0,0.0,0.0,0.0,0.0,0.0,0.0,1.0,0.0,0.0,0.0,0.0,0.0,0.0,0.0,66.37994384765625,-1.8642383813858032,3.6321957111358643
Ripe_129.jpg,Ripe,Ripe,64.37310791015625,4.464295864105225,-1.8445199728012085,0.5323396921157837,3.369158983230591,0.95171719789505,0.0,0.0,0.0,0.0,0.0,0.0,0.0,0.011045029386878014,0.06329651921987534,0.17204758524894714,0.6935003995895386,0.06011044979095459,0.0,0.0,0.0,0.0,0.0,0.0,0.0,0.0,0.0,0.0,0.0,0.9585811495780945,0.04141886159777641,0.0,0.0,0.0,0.0,0.0,0.0,0.0,0.0,0.0,0.0,0.0,0.0,0.0,0.0,0.0,1.0,0.0,0.0,0.0,0.0,0.0,0.0,0.0,66.52396392822266,-2.032130718231201,3.6724915504455566
Ripe_13.jpg,Ripe,Ripe,50.95077133178711,12.070690155029297,-1.7547593116760254,2.7974777221679688,44.51164627075195,15.216053009033203,0.000827716663479805,0.0044933189637959,0.01229750458151102,0.0179732758551836,0.03772023320198059,0.061960507184267044,0.09802530705928802,0.18067872524261475,0.20515549182891846,0.1991249918937683,0.16187773644924164,0.019510464742779732,0.00023649047943763435,0.00011824523971881717,0.0,0.0,0.0,0.0,0.0,0.0,0.0,0.0,0.0,0.7391510009765625,0.2608489990234375,0.0,0.0,0.0,0.0,0.0,0.0,0.0,0.0,0.0,0.0,0.0,0.0,0.0,0.0,0.0004729809588752687,0.053683340549468994,0.17831382155418396,0.1956958770751953,0.5718339681625366,0.0,0.0,0.0,0.0,56.631126403808594,-2.9446749687194824,54.33056640625
Ripe_130.jpg,Ripe,Ripe,63.38620376586914,5.884939193725586,-1.6049425601959229,1.0434778928756714,4.670156002044678,1.3396917581558228,0.0,0.0,0.0,0.0,0.0,0.0,0.008923974819481373,0.05028316378593445,0.0796293094754219,0.1340312361717224,0.6792517304420471,0.04788055643439293,0.0,0.0,0.0,0.0,0.0,0.0,0.0,0.0,0.0,0.0,0.0,0.8400549292564392,0.15994508564472198,0.0,0.0,0.0,0.0,0.0,0.0,0.0,0.0,0.0,0.0,0.0,0.0,0.0,0.0,0.0,1.0,0.0,0.0,0.0,0.0,0.0,0.0,0.0,66.39507293701172,-2.0649073123931885,5.131241321563721
Ripe_131.jpg,Ripe,Ripe,63.2514533996582,5.4481353759765625,-1.6737743616104126,0.6995531320571899,4.2835798263549805,1.1478649377822876,0.0,0.0,0.0,0.0,0.0,0.0,0.01027237344533205,0.0319066159427166,0.05836575850844383,0.20715953409671783,0.6552529335021973,0.03704280033707619,0.0,0.0,0.0,0.0,0.0,0.0,0.0,0.0,0.0,0.0,0.0,0.9358754754066467,0.06412451714277267,0.0,0.0,0.0,0.0,0.0,0.0,0.0,0.0,0.0,0.0,0.0,0.0,0.0,0.0,0.0,1.0,0.0,0.0,0.0,0.0,0.0,0.0,0.0,66.09950256347656,-1.9019783735275269,4.673561096191406
Ripe_132.jpg,Ripe,Ripe,59.77665328979492,14.046736717224121,2.7821576595306396,3.797788619995117,54.01716232299805,14.504857063293457,0.00396076962351799,0.006789890583604574,0.008675971068441868,0.01093926839530468,0.01678611896932125,0.029234251007437706,0.03866465389728546,0.07204828411340714,0.13655224442481995,0.2006789892911911,0.18408147990703583,0.19558657705783844,0.09298378229141235,0.0030177291482686996,0.0,0.0,0.0,0.0,0.0,0.0,0.0,0.0,0.0,0.19539795815944672,0.8029045462608337,0.0016974726459011436,0.0,0.0,0.0,0.0,0.0,0.0,0.0,0.0,0.0,0.0,0.0,0.0,0.0,0.0,0.029422858729958534,0.05865710973739624,0.15560166537761688,0.4839683175086975,0.2723500430583954,0.0,0.0,0.0,56.81451416015625,5.122762203216553,53.92966842651367
Ripe_133.jpg,Ripe,Ripe,64.06022644042969,4.666345596313477,-1.7363948822021484,0.7712200284004211,4.5413126945495605,1.2448629140853882,0.0,0.0,0.0,0.0,0.0,0.0,0.0018079912988469005,0.012655938975512981,0.06147170439362526,0.18911589682102203,0.6801663637161255,0.054782137274742126,0.0,0.0,0.0,0.0,0.0,0.0,0.0,0.0,0.0,0.0,0.0,0.8846501708030701,0.11534984409809113,0.0,0.0,0.0,0.0,0.0,0.0,0.0,0.0,0.0,0.0,0.0,0.0,0.0,0.0,0.0,1.0,0.0,0.0,0.0,0.0,0.0,0.0,0.0,66.3885269165039,-2.0325844287872314,4.958528995513916
Ripe_134.jpg,Ripe,Ripe,58.10099411010742,16.722341537475586,2.140064001083374,3.800588369369507,51.23613739013672,17.165475845336914,0.0033709758426994085,0.00741614680737257,0.012641159817576408,0.02747345343232155,0.039440419524908066,0.0450025275349617,0.06152031198143959,0.07416146993637085,0.09792684763669968,0.1432664692401886,0.17899881303310394,0.17394235730171204,0.11613012105226517,0.018708916381001472,0.0,0.0,0.0,0.0,0.0,0.0,0.0,0.0,0.0,0.2534973919391632,0.7463340759277344,0.00016854879504535347,0.0,0.0,0.0,0.0,0.0,0.0,0.0,0.0,0.0,0.0,0.0,0.0,0.0,0.00016854879504535347,0.04685656353831291,0.1149502769112587,0.17208832502365112,0.39440417289733887,0.2715321183204651,0.0,0.0,0.0,56.93486785888672,4.3540425300598145,53.264678955078125
Ripe_135.jpg,Ripe,Ripe,52.99603271484375,17.828447341918945,2.098611831665039,3.601457357406616,46.8294563293457,18.010164260864258,0.008112492971122265,0.01550387591123581,0.022354425862431526,0.03533441573381424,0.05750856176018715,0.07247160375118256,0.07697854936122894,0.09843158721923828,0.11249323934316635,0.13286460936069489,0.14314043521881104,0.15630070865154266,0.06796466559171677,0.0005408328725025058,0.0,0.0,0.0,0.0,0.0,0.0,0.0,0.0,0.0,0.24193257093429565,0.7580674290657043,0.0,0.0,0.0,0.0,0.0,0.0,0.0,0.0,0.0,0.0,0.0,0.0,0.0,0.0,0.0012619433691725135,0.062195781618356705,0.1555795967578888,0.21975842118263245,0.35857221484184265,0.20263205468654633,0.0,0.0,0.0,56.269874572753906,3.953655958175659,52.694129943847656
Ripe_136.jpg,Ripe,Ripe,59.89177703857422,14.763060569763184,2.268005609512329,3.7681589126586914,55.451698303222656,15.605144500732422,0.0025969529524445534,0.0053670359775424,0.010907202027738094,0.012811634689569473,0.014542936347424984,0.032894738018512726,0.05003462731838226,0.08968143910169601,0.12413434684276581,0.1689750701189041,0.18611495196819305,0.1594529151916504,0.12725068628787994,0.014889196492731571,0.0003462603781372309,0.0,0.0,0.0,0.0,0.0,0.0,0.0,0.0,0.2406509667634964,0.7586565017700195,0.0006925207562744617,0.0,0.0,0.0,0.0,0.0,0.0,0.0,0.0,0.0,0.0,0.0,0.0,0.0,0.0006925207562744617,0.02648891881108284,0.06752077490091324,0.1603185534477234,0.36322715878486633,0.38002076745033264,0.0017313018906861544,0.0,0.0,56.40604782104492,4.473102569580078,54.543846130371094
Ripe_137.jpg,Ripe,Ripe,63.096405029296875,5.731495380401611,-2.0068349838256836,0.8475221991539001,4.424290180206299,1.5237301588058472,0.0,0.0,0.0,0.0,0.0,0.0,0.004030844662338495,0.03960743173956871,0.0942867174744606,0.16561514139175415,0.6633368134498596,0.03312302753329277,0.0,0.0,0.0,0.0,0.0,0.0,0.0,0.0,0.0,0.0,0.0,0.9561864733695984,0.04381353035569191,0.0,0.0,0.0,0.0,0.0,0.0,0.0,0.0,0.0,0.0,0.0,0.0,0.0,0.0,0.0,1.0,0.0,0.0,0.0,0.0,0.0,0.0,0.0,66.2831039428711,-2.3296427726745605,4.927780628204346
Ripe_138.jpg,Ripe,Ripe,53.020225524902344,17.096426010131836,4.008819103240967,3.5749950408935547,46.103336334228516,17.081064224243164,0.0009585889638401568,0.00805214699357748,0.016296012327075005,0.04217791557312012,0.06671778857707977,0.07668711990118027,0.09049079567193985,0.10046011954545975,0.11292178183794022,0.1376533806324005,0.14417177438735962,0.1085122674703598,0.09221626073122025,0.0019171779276803136,0.0007668711477890611,0.0,0.0,0.0,0.0,0.0,0.0,0.0,0.0,0.09451687335968018,0.9037576913833618,0.0017254601698368788,0.0,0.0,0.0,0.0,0.0,0.0,0.0,0.0,0.0,0.0,0.0,0.0,0.0,0.0,0.05502300709486008,0.18385736644268036,0.18980062007904053,0.4447852671146393,0.12653374671936035,0.0,0.0,0.0,56.63048553466797,5.81879186630249,52.731544494628906
Ripe_139.jpg,Ripe,Ripe,55.63780975341797,13.935890197753906,2.2116639614105225,3.6165008544921875,49.16415023803711,15.411637306213379,0.0018352365586906672,0.005913539789617062,0.007544861175119877,0.01651712879538536,0.026305057108402252,0.039151713252067566,0.08013866096735,0.13070961833000183,0.16292822360992432,0.19881729781627655,0.14437194168567657,0.13641925156116486,0.04669657349586487,0.0026508972514420748,0.0,0.0,0.0,0.0,0.0,0.0,0.0,0.0,0.0,0.2477569282054901,0.7522430419921875,0.0,0.0,0.0,0.0,0.0,0.0,0.0,0.0,0.0,0.0,0.0,0.0,0.0,0.0,0.0,0.027936378493905067,0.12907829880714417,0.22899673879146576,0.4278140366077423,0.18617455661296844,0.0,0.0,0.0,56.533424377441406,3.7295918464660645,52.245628356933594
Ripe_14.jpg,Ripe,Ripe,50.46398162841797,12.823986053466797,-1.2972379922866821,3.2145166397094727,42.392581939697266,13.451761245727539,0.0011556685203686357,0.007165145128965378,0.014099156484007835,0.02207326889038086,0.037790361791849136,0.06564197689294815,0.12862591445446014,0.14642320573329926,0.2330983430147171,0.16144689917564392,0.13498209416866302,0.04749797657132149,0.0,0.0,0.0,0.0,0.0,0.0,0.0,0.0,0.0,0.0,0.0,0.7118918299674988,0.2881081700325012,0.0,0.0,0.0,0.0,0.0,0.0,0.0,0.0,0.0,0.0,0.0,0.0,0.0,0.0,0.00023113371571525931,0.058939095586538315,0.14734773337841034,0.28949496150016785,0.5039870738983154,0.0,0.0,0.0,0.0,56.195098876953125,-2.7847068309783936,51.579063415527344
Ripe_140.jpg,Ripe,Ripe,62.4794807434082,5.902017593383789,-1.5313541889190674,0.7084153890609741,3.477651834487915,0.9727981090545654,0.0,0.0,0.0,0.0,0.0,0.0,0.005336891394108534,0.03719146177172661,0.13275517523288727,0.20380254089832306,0.581220805644989,0.03969312831759453,0.0,0.0,0.0,0.0,0.0,0.0,0.0,0.0,0.0,0.0,0.0,0.8900933861732483,0.10990660637617111,0.0,0.0,0.0,0.0,0.0,0.0,0.0,0.0,0.0,0.0,0.0,0.0,0.0,0.0,0.0,1.0,0.0,0.0,0.0,0.0,0.0,0.0,0.0,66.35194396972656,-1.8833646774291992,3.887664556503296
Ripe_141.jpg,Ripe,Ripe,55.17279052734375,17.81635093688965,4.9329447746276855,3.8414695262908936,48.59732437133789,18.64404296875,0.0010289830388501287,0.004973418079316616,0.019207682460546494,0.037729378789663315,0.061052992939949036,0.06825587153434753,0.07923169434070587,0.10306979715824127,0.09981135278940201,0.1142171174287796,0.12433544546365738,0.14199966192245483,0.14148516952991486,0.0036014404613524675,0.0,0.0,0.0,0.0,0.0,0.0,0.0,0.0,0.0,0.07751671969890594,0.9188818335533142,0.0036014404613524675,0.0,0.0,0.0,0.0,0.0,0.0,0.0,0.0,0.0,0.0,0.0,0.0,0.0,0.0,0.061910480260849,0.15640541911125183,0.185731440782547,0.35551363229751587,0.2404390275478363,0.0,0.0,0.0,56.57126998901367,6.959521770477295,53.39650344848633
Ripe_142.jpg,Ripe,Ripe,52.521080017089844,15.366382598876953,3.458010673522949,3.205716848373413,43.016082763671875,15.194098472595215,0.0029779630713164806,0.00416914839297533,0.007742703892290592,0.020448679104447365,0.03911058232188225,0.09787572175264359,0.1304347813129425,0.1330156773328781,0.14592018723487854,0.13639071583747864,0.11395671963691711,0.09589041024446487,0.06313281506299973,0.008735358715057373,0.0001985308772418648,0.0,0.0,0.0,0.0,0.0,0.0,0.0,0.0,0.09807424992322922,0.9019257426261902,0.0,0.0,0.0,0.0,0.0,0.0,0.0,0.0,0.0,0.0,0.0,0.0,0.0,0.0,0.0,0.04883859306573868,0.1786777824163437,0.35775262117385864,0.3257891535758972,0.08894182741641998,0.0,0.0,0.0,56.14992141723633,4.0196919441223145,48.685787200927734
Ripe_143.JPG,Ripe,Ripe,49.22268295288086,16.202072143554688,6.946248531341553,4.314280986785889,31.341516494750977,24.5338077545166,0.015231621451675892,0.012084592133760452,0.02026686817407608,0.039652567356824875,0.062437061220407486,0.08635447919368744,0.08736152946949005,0.12273413687944412,0.17132426798343658,0.15118327736854553,0.1472809612751007,0.07087109982967377,0.012210473418235779,0.000881168176420033,0.0001258811680600047,0.0,0.0,0.0,0.0,0.0,0.0,0.0,0.0,0.037386707961559296,0.9402064681053162,0.022406848147511482,0.0,0.0,0.0,0.0,0.0,0.0,0.0,0.0,0.0,0.0,0.0,0.0,0.0,0.016364552080631256,0.37235650420188904,0.10259315371513367,0.16175730526447296,0.24735648930072784,0.09957200288772583,0.0,0.0,0.0,56.985107421875,5.805389404296875,4.203592777252197
Ripe_144.JPG,Ripe,Ripe,53.513912200927734,20.239381790161133,5.006279468536377,5.117471218109131,36.33505630493164,29.374353408813477,0.016606196761131287,0.029305052012205124,0.04018978402018547,0.0425620973110199,0.04591124877333641,0.04172481223940849,0.05372592806816101,0.07926318794488907,0.10145130008459091,0.1388501226902008,0.16871337592601776,0.12405805289745331,0.08693832159042358,0.030700530856847763,0.0,0.0,0.0,0.0,0.0,0.0,0.0,0.0,0.0,0.1476416438817978,0.8385431170463562,0.013815239071846008,0.0,0.0,0.0,0.0,0.0,0.0,0.0,0.0,0.0,0.0,0.0,0.0,0.0,0.04060842841863632,0.3430086374282837,0.0937761664390564,0.0833100751042366,0.1501535028219223,0.2698855698108673,0.01925760507583618,0.0,0.0,69.3453598022461,3.0999999046325684,70.05816650390625
Ripe_145.JPG,Ripe,Ripe,54.39812469482422,15.049480438232422,5.347792148590088,4.177777290344238,36.17327880859375,27.213695526123047,0.0006724949344061315,0.0016812373651191592,0.0077336919493973255,0.040910109877586365,0.05660165846347809,0.05581708252429962,0.06265411525964737,0.10188298672437668,0.13416273891925812,0.18022865056991577,0.20611970126628876,0.10793544352054596,0.04191885143518448,0.0016812373651191592,0.0,0.0,0.0,0.0,0.0,0.0,0.0,0.0,0.0,0.06915489584207535,0.9271463751792908,0.0036987222265452147,0.0,0.0,0.0,0.0,0.0,0.0,0.0,0.0,0.0,0.0,0.0,0.0,0.0,0.01826944574713707,0.34252411127090454,0.0953821986913681,0.0915713980793953,0.2114996612071991,0.24019278585910797,0.0005604124744422734,0.0,0.0,68.45907592773438,2.403225898742676,68.7265396118164
Ripe_146.JPG,Ripe,Ripe,54.624019622802734,15.15523624420166,4.86903190612793,5.062402725219727,32.68824005126953,27.608970642089844,0.004599211737513542,0.004270696546882391,0.007665352430194616,0.00941743329167366,0.05048182234168053,0.0769820436835289,0.08902759850025177,0.11399474740028381,0.13359615206718445,0.15440210700035095,0.18374945223331451,0.10041611641645432,0.06712658703327179,0.004270696546882391,0.0,0.0,0.0,0.0,0.0,0.0,0.0,0.0,0.0,0.17367498576641083,0.8173456192016602,0.008979412727057934,0.0,0.0,0.0,0.0,0.0,0.0,0.0,0.0,0.0,0.0,0.0,0.0,0.0,0.05234340950846672,0.36826545000076294,0.07413490861654282,0.11925098299980164,0.17685063183307648,0.2091546207666397,0.0,0.0,0.0,56.99826431274414,5.2677459716796875,3.7528018951416016
Ripe_147.JPG,Ripe,Ripe,53.68642044067383,18.604494094848633,5.680840969085693,4.537570953369141,37.28593826293945,27.848514556884766,0.013288233429193497,0.006402512546628714,0.032737378031015396,0.04699202626943588,0.05230731889605522,0.054844167083501816,0.06776998937129974,0.08117903023958206,0.11560763418674469,0.1443585455417633,0.15293549001216888,0.11995650827884674,0.10570186376571655,0.005919304210692644,0.0,0.0,0.0,0.0,0.0,0.0,0.0,0.0,0.0,0.0798502042889595,0.9090359807014465,0.011113795451819897,0.0,0.0,0.0,0.0,0.0,0.0,0.0,0.0,0.0,0.0,0.0,0.0,0.0,0.01208021305501461,0.3335346579551697,0.11657404899597168,0.0936216488480568,0.17673350870609283,0.267214298248291,0.00024160425527952611,0.0,0.0,69.93385314941406,2.9319326877593994,70.26554870605469
Ripe_148.JPG,Ripe,Ripe,54.097049713134766,15.209532737731934,4.62651252746582,4.939720153808594,37.50999450683594,26.368818283081055,0.01142080221325159,0.004758667666465044,0.008837525732815266,0.012780421413481236,0.03670972213149071,0.06254249066114426,0.07926580309867859,0.14248810708522797,0.1412644386291504,0.1845003366470337,0.17675051093101501,0.07953772693872452,0.03127124533057213,0.027872195467352867,0.0,0.0,0.0,0.0,0.0,0.0,0.0,0.0,0.0,0.16464990377426147,0.8269204497337341,0.008429639972746372,0.0,0.0,0.0,0.0,0.0,0.0,0.0,0.0,0.0,0.0,0.0,0.0,0.0,0.018082937225699425,0.3177430331707001,0.057919781655073166,0.12290958315134048,0.272059828042984,0.2112848460674286,0.0,0.0,0.0,56.66580581665039,5.642533779144287,4.660633563995361
Ripe_149.JPG,Ripe,Ripe,53.39480209350586,15.244019508361816,5.817681312561035,4.761802673339844,36.52700424194336,27.566150665283203,0.004299965687096119,0.012211902067065239,0.020467836409807205,0.03732370212674141,0.04385964944958687,0.03904368728399277,0.06002752110362053,0.08978328108787537,0.15067079663276672,0.19281046092510223,0.27003782987594604,0.07378740608692169,0.005503955762833357,0.0001719986175885424,0.0,0.0,0.0,0.0,0.0,0.0,0.0,0.0,0.0,0.04987959936261177,0.9041967391967773,0.0459236316382885,0.0,0.0,0.0,0.0,0.0,0.0,0.0,0.0,0.0,0.0,0.0,0.0,0.0,0.08307533711194992,0.2622978985309601,0.08376333117485046,0.10939112305641174,0.21207430958747864,0.24939800798892975,0.0,0.0,0.0,67.38108825683594,2.815542221069336,68.91716766357422
Ripe_15.jpg,Ripe,Ripe,52.93113327026367,13.436614990234375,0.4253001809120178,3.0604772567749023,49.372520446777344,19.246109008789062,0.0005585032049566507,0.0016755096148699522,0.0050265290774405,0.01284557394683361,0.029879922047257423,0.08461323380470276,0.151633620262146,0.12538397312164307,0.13376152515411377,0.1770455241203308,0.15051661431789398,0.10751187056303024,0.01926835998892784,0.00027925160247832537,0.0,0.0,0.0,0.0,0.0,0.0,0.0,0.0,0.0,0.37866517901420593,0.621055543422699,0.00027925160247832537,0.0,0.0,0.0,0.0,0.0,0.0,0.0,0.0,0.0,0.0,0.0,0.0,0.0,0.0,0.0957833006978035,0.0966210588812828,0.17118123173713684,0.3917900025844574,0.24462440609931946,0.0,0.0,0.0,43.6312255859375,3.016453266143799,46.85009002685547
Ripe_150.JPG,Ripe,Ripe,55.60544204711914,14.200334548950195,5.667336463928223,4.882988452911377,34.04118728637695,29.510438919067383,0.005597014911472797,0.003587830113247037,0.006888633593916893,0.02281859889626503,0.033151548355817795,0.052812859416007996,0.06802526116371155,0.09730195254087448,0.1161021813750267,0.21340413391590118,0.24153272807598114,0.10691733658313751,0.03157290443778038,0.0002870263997465372,0.0,0.0,0.0,0.0,0.0,0.0,0.0,0.0,0.0,0.0942881777882576,0.8751435279846191,0.030568312853574753,0.0,0.0,0.0,0.0,0.0,0.0,0.0,0.0,0.0,0.0,0.0,0.0,0.0,0.16575774550437927,0.24210678040981293,0.06429391354322433,0.09227898716926575,0.15915614366531372,0.2761194109916687,0.0002870263997465372,0.0,0.0,68.51148986816406,2.6244864463806152,68.64009857177734
Ripe_151.JPG,Ripe,Ripe,54.523834228515625,14.085212707519531,5.9068427085876465,6.267122745513916,32.72728729248047,28.131134033203125,0.0024732069578021765,0.006430338136851788,0.012036273255944252,0.018136851489543915,0.03907667100429535,0.05309150740504265,0.06974443793296814,0.100247323513031,0.17180544137954712,0.18796372413635254,0.22473207116127014,0.0781533420085907,0.03528441861271858,0.0008244023192673922,0.0,0.0,0.0,0.0,0.0,0.0,0.0,0.0,0.0,0.1816982626914978,0.7337180376052856,0.08458367735147476,0.0,0.0,0.0,0.0,0.0,0.0,0.0,0.0,0.0,0.0,0.0,0.0,0.0,0.12415498495101929,0.285408079624176,0.06793075054883957,0.11788953095674515,0.22687551379203796,0.1762572079896927,0.0014839241048321128,0.0,0.0,56.1868782043457,7.997804641723633,3.4687156677246094
Ripe_152.JPG,Ripe,Ripe,53.056602478027344,15.879819869995117,6.04296350479126,5.1612138748168945,37.30903244018555,27.238719940185547,0.005243572406470776,0.013700947165489197,0.023849796503782272,0.04228687286376953,0.044824086129665375,0.03805818781256676,0.06292286515235901,0.09472259879112244,0.1446211040019989,0.18149526417255402,0.23663735389709473,0.10504059493541718,0.005920162424445152,0.0006765899597667158,0.0,0.0,0.0,0.0,0.0,0.0,0.0,0.0,0.0,0.0725642740726471,0.8689106702804565,0.05852503329515457,0.0,0.0,0.0,0.0,0.0,0.0,0.0,0.0,0.0,0.0,0.0,0.0,0.0,0.046008117496967316,0.2909336984157562,0.08930987864732742,0.10774695873260498,0.2126184105873108,0.25338295102119446,0.0,0.0,0.0,68.04507446289062,3.049036741256714,69.46585083007812
Ripe_153.JPG,Ripe,Ripe,53.97312545776367,18.802043914794922,6.651973247528076,5.391138553619385,34.64947509765625,29.534099578857422,0.01585914008319378,0.010239760391414165,0.020604396238923073,0.051948051899671555,0.054570429027080536,0.06468531489372253,0.05806693434715271,0.0729270726442337,0.09240759164094925,0.13349150121212006,0.19592906534671783,0.12062937021255493,0.10289710015058517,0.005744255613535643,0.0,0.0,0.0,0.0,0.0,0.0,0.0,0.0,0.0,0.07367632538080215,0.8456543684005737,0.0806693285703659,0.0,0.0,0.0,0.0,0.0,0.0,0.0,0.0,0.0,0.0,0.0,0.0,0.0,0.0955294668674469,0.3008241653442383,0.10839160531759262,0.0922827199101448,0.11001498252153397,0.2917082905769348,0.001248751301318407,0.0,0.0,69.2727279663086,3.644716739654541,70.07886505126953
Ripe_154.JPG,Ripe,Ripe,49.430545806884766,16.418153762817383,6.039471626281738,5.787861347198486,30.426008224487305,25.59589385986328,0.012056839652359486,0.009760298766195774,0.02353954315185547,0.044064875692129135,0.059279460459947586,0.0841108113527298,0.12329553812742233,0.10994689166545868,0.1329123079776764,0.13693124055862427,0.16779100894927979,0.07865652441978455,0.01708052307367325,0.0005741352215409279,0.0,0.0,0.0,0.0,0.0,0.0,0.0,0.0,0.0,0.14252907037734985,0.7938854694366455,0.06358547508716583,0.0,0.0,0.0,0.0,0.0,0.0,0.0,0.0,0.0,0.0,0.0,0.0,0.0,0.09487584233283997,0.2988373637199402,0.10822448879480362,0.18444094061851501,0.17152290046215057,0.14209847152233124,0.0,0.0,0.0,56.11045455932617,5.982053756713867,3.986041784286499
Ripe_155.JPG,Ripe,Ripe,52.66877365112305,16.698421478271484,6.301820755004883,5.553406715393066,30.565475463867188,27.55101203918457,0.006185807753354311,0.010037348605692387,0.010737628675997257,0.026844071224331856,0.07189542800188065,0.08485060930252075,0.07236228138208389,0.11636321246623993,0.12616713345050812,0.14717553555965424,0.17040149867534637,0.07096172124147415,0.07691410183906555,0.009103641845285892,0.0,0.0,0.0,0.0,0.0,0.0,0.0,0.0,0.0,0.14005602896213531,0.8105742335319519,0.049369748681783676,0.0,0.0,0.0,0.0,0.0,0.0,0.0,0.0,0.0,0.0,0.0,0.0,0.0,0.08146592229604721,0.3628618121147156,0.08403361588716507,0.13153594732284546,0.15557889640331268,0.1844071000814438,0.00011671335232676938,0.0,0.0,56.72901153564453,7.1521124839782715,3.200704336166382
Ripe_156.JPG,Ripe,Ripe,53.193424224853516,16.919368743896484,7.235041618347168,5.519155502319336,42.42824935913086,25.07769775390625,0.003375268541276455,0.02178582362830639,0.024445125833153725,0.02516109310090542,0.03743479773402214,0.05206095799803734,0.10790631175041199,0.10913368314504623,0.11383859813213348,0.1742865890264511,0.14636391401290894,0.11752071231603622,0.06136851757764816,0.005216324236243963,0.00010228086466668174,0.0,0.0,0.0,0.0,0.0,0.0,0.0,0.0,0.07139204442501068,0.8478060960769653,0.08080188184976578,0.0,0.0,0.0,0.0,0.0,0.0,0.0,0.0,0.0,0.0,0.0,0.0,0.0,0.0013296512188389897,0.243530735373497,0.11578194051980972,0.1422726809978485,0.19954995810985565,0.2942620515823364,0.0032729876693338156,0.0,0.0,68.95545959472656,3.467379093170166,69.95500183105469
Ripe_157.JPG,Ripe,Ripe,42.747432708740234,15.623039245605469,-1.1421878337860107,2.422104835510254,37.51252746582031,19.96790885925293,0.005500101950019598,0.02301894500851631,0.03544510155916214,0.07455693930387497,0.10776125639677048,0.13139131665229797,0.14178040623664856,0.1370951384305954,0.11611326038837433,0.10918720811605453,0.08983499556779861,0.023833774030208588,0.003259319579228759,0.001222244813106954,0.0,0.0,0.0,0.0,0.0,0.0,0.0,0.0,0.0,0.6107150316238403,0.38928499817848206,0.0,0.0,0.0,0.0,0.0,0.0,0.0,0.0,0.0,0.0,0.0,0.0,0.0,0.0,0.003055612090975046,0.20452231168746948,0.15502138435840607,0.27276432514190674,0.2709309458732605,0.0937054380774498,0.0,0.0,0.0,43.20463180541992,0.9380804896354675,45.07120895385742
Ripe_158.JPG,Ripe,Ripe,43.84162521362305,17.29433822631836,-0.7456347346305847,2.7256832122802734,37.2343864440918,22.934192657470703,0.002516910433769226,0.043102093040943146,0.06213622912764549,0.08290074020624161,0.07959729433059692,0.07613654434680939,0.08777725696563721,0.10822714865207672,0.14267736673355103,0.18326254189014435,0.11389020085334778,0.015730690211057663,0.0014157621189951897,0.0006292276084423065,0.0,0.0,0.0,0.0,0.0,0.0,0.0,0.0,0.0,0.5428661108016968,0.45713385939598083,0.0,0.0,0.0,0.0,0.0,0.0,0.0,0.0,0.0,0.0,0.0,0.0,0.0,0.0,0.014157621189951897,0.2900739312171936,0.10162026435136795,0.12851974368095398,0.3635362684726715,0.1020921841263771,0.0,0.0,0.0,55.267642974853516,1.2328482866287231,57.798336029052734
Ripe_159.jpg,Ripe,Ripe,58.542354583740234,7.639941215515137,0.7113803625106812,0.4631625711917877,0.44947561621665955,0.8641542792320251,0.0,0.0,0.0,0.0,0.0,0.012967687100172043,0.03890306130051613,0.09948979318141937,0.16446995735168457,0.30583900213241577,0.37606292963027954,0.0022675737272948027,0.0,0.0,0.0,0.0,0.0,0.0,0.0,0.0,0.0,0.0,0.0,7.086167897796258e-05,0.9999291300773621,0.0,0.0,0.0,0.0,0.0,0.0,0.0,0.0,0.0,0.0,0.0,0.0,0.0,0.0,0.13371598720550537,0.8662840127944946,0.0,0.0,0.0,0.0,0.0,0.0,0.0,57.85828399658203,0.7479180097579956,0.6699231266975403
Ripe_16.jpg,Ripe,Ripe,53.104217529296875,15.441280364990234,0.7993630766868591,3.199176788330078,50.764862060546875,20.039201736450195,0.0005307855899445713,0.0023885350674390793,0.005307855550199747,0.013269638642668724,0.029723990708589554,0.14304670691490173,0.17967091500759125,0.07006369531154633,0.08625265210866928,0.1135881096124649,0.14729298651218414,0.15684713423252106,0.05095541477203369,0.0010615711798891425,0.0,0.0,0.0,0.0,0.0,0.0,0.0,0.0,0.0,0.4010084867477417,0.5989915132522583,0.0,0.0,0.0,0.0,0.0,0.0,0.0,0.0,0.0,0.0,0.0,0.0,0.0,0.0,0.0,0.07829087227582932,0.10642250627279282,0.24389596283435822,0.21815286576747894,0.3532377779483795,0.0,0.0,0.0,70.08562469482422,-2.0363924503326416,71.5332260131836
Ripe_160.jpg,Ripe,Ripe,58.42020034790039,11.465654373168945,4.017587661743164,5.469339370727539,21.223194122314453,28.112476348876953,0.001250504283234477,0.001936264568939805,0.00354981841519475,0.006696248427033424,0.011052844114601612,0.030052440240979195,0.053973376750946045,0.08499395102262497,0.14429205656051636,0.2582089602947235,0.3010084629058838,0.05711980536580086,0.02823719196021557,0.017587736248970032,4.033884761156514e-05,0.0,0.0,0.0,0.0,0.0,0.0,0.0,0.0,0.03755546733736992,0.928801953792572,0.03336022421717644,0.00028237191145308316,0.0,0.0,0.0,0.0,0.0,0.0,0.0,0.0,0.0,0.0,0.0,0.0014925373252481222,0.1471157670021057,0.47890278697013855,0.0361032672226429,0.06317063421010971,0.12331585586071014,0.14989915490150452,0.0,0.0,0.0,57.48886489868164,0.9247766137123108,2.399512529373169
Ripe_161.jpg,Ripe,Ripe,61.12153625488281,12.028716087341309,1.0241894721984863,2.7460591793060303,18.694475173950195,28.19409942626953,0.0034500332549214363,0.007527345325797796,0.006311992648988962,0.006508017424494028,0.007409730460494757,0.012467165477573872,0.03532363846898079,0.08868154138326645,0.07045125216245651,0.11400792002677917,0.45948171615600586,0.1702669858932495,0.018112674355506897,0.0,0.0,0.0,0.0,0.0,0.0,0.0,0.0,0.0,0.0,0.29548752307891846,0.7034931778907776,0.00101932801771909,0.0,0.0,0.0,0.0,0.0,0.0,0.0,0.0,0.0,0.0,0.0,0.0,0.0016466068336740136,0.318500816822052,0.32281333208084106,0.042145293205976486,0.05190731957554817,0.12020229548215866,0.14278432726860046,0.0,0.0,0.0,66.94517517089844,0.048384249210357666,0.4940844178199768
Ripe_162.jpg,Ripe,Ripe,52.010215759277344,10.449972152709961,10.963702201843262,6.138387203216553,33.6357536315918,18.772964477539062,0.002787279896438122,0.005067781545221806,0.009755479171872139,0.014506524428725243,0.02084125205874443,0.03591790050268173,0.05593563988804817,0.15222348272800446,0.3703281283378601,0.21272012591362,0.11921956390142441,0.0006968199741095304,0.0,0.0,0.0,0.0,0.0,0.0,0.0,0.0,0.0,0.0,0.0,0.007981755770742893,0.6937159299850464,0.2983022928237915,0.0,0.0,0.0,0.0,0.0,0.0,0.0,0.0,0.0,0.0,0.0,0.0,0.0,0.0031040161848068237,0.2966552674770355,0.12276700884103775,0.2049284130334854,0.3725453019142151,0.0,0.0,0.0,0.0,55.207611083984375,15.254766464233398,52.02252960205078
Ripe_163.jpg,Ripe,Ripe,54.645103454589844,10.49875545501709,9.720782279968262,6.186947345733643,31.264724731445312,20.23647689819336,0.0018670816207304597,0.0036008001770824194,0.0064458767883479595,0.010446766391396523,0.01635919138789177,0.02489442005753517,0.038541898131370544,0.11055789887905121,0.3115803599357605,0.31949323415756226,0.09722160547971725,0.03987552970647812,0.015158924274146557,0.003956434782594442,0.0,0.0,0.0,0.0,0.0,0.0,0.0,0.0,0.0,0.013736385852098465,0.7026450037956238,0.2836185693740845,0.0,0.0,0.0,0.0,0.0,0.0,0.0,0.0,0.0,0.0,0.0,0.0,0.0,0.02084907703101635,0.29628807306289673,0.183462992310524,0.1748388558626175,0.3245609998703003,0.0,0.0,0.0,0.0,57.022178649902344,15.451399803161621,52.99315643310547
Ripe_164.jpg,Ripe,Ripe,60.18219757080078,12.43331241607666,2.33866024017334,4.868443489074707,13.851785659790039,24.24690818786621,0.003987950272858143,0.0057954383082687855,0.005164252128452063,0.006713527254760265,0.011476115323603153,0.030296944081783295,0.035202983766794205,0.07000430673360825,0.09542389959096909,0.18493759632110596,0.331917941570282,0.18949934840202332,0.029579687863588333,0.0,0.0,0.0,0.0,0.0,0.0,0.0,0.0,0.0,0.0,0.2648400664329529,0.7096830010414124,0.025476975366473198,0.0,0.0,0.0,0.0,0.0,0.0,0.0,0.0,0.0,0.0,0.0,0.0,0.0002295223093824461,0.39736050367355347,0.31140437722206116,0.04464208707213402,0.07493903487920761,0.10882226377725601,0.0626022070646286,0.0,0.0,0.0,69.38216400146484,0.11031951755285263,-1.8851468563079834
Ripe_165.jpg,Ripe,Ripe,56.95903396606445,11.450018882751465,1.0621062517166138,2.8898367881774902,10.531548500061035,22.73322105407715,0.0076433527283370495,0.00476510263979435,0.004925005603581667,0.006651955656707287,0.011417058296501637,0.024081358686089516,0.03453899919986725,0.08753078430891037,0.21238286793231964,0.25123924016952515,0.2825482189655304,0.07134862244129181,0.0009274361073039472,0.0,0.0,0.0,0.0,0.0,0.0,0.0,0.0,0.0,0.0,0.2593303322792053,0.7385269999504089,0.0021426973398774862,0.0,0.0,0.0,0.0,0.0,0.0,0.0,0.0,0.0,0.0,0.0,0.0,0.0,0.5883463025093079,0.17336659133434296,0.03872845321893692,0.05737311765551567,0.09929962456226349,0.042885925620794296,0.0,0.0,0.0,56.280277252197266,0.046187032014131546,-2.882755994796753
Ripe_166.jpg,Ripe,Ripe,57.044395446777344,10.783315658569336,1.1304539442062378,2.5263993740081787,10.406927108764648,21.990503311157227,0.002336301142349839,0.004672602284699678,0.009597777388989925,0.009976636618375778,0.01452295295894146,0.017364399507641792,0.0234577264636755,0.06705815345048904,0.231072798371315,0.2908379137516022,0.2840184271335602,0.044926438480615616,0.00015785818686708808,0.0,0.0,0.0,0.0,0.0,0.0,0.0,0.0,0.0,0.0,0.04337942972779274,0.9559260010719299,0.0006945760105736554,0.0,0.0,0.0,0.0,0.0,0.0,0.0,0.0,0.0,0.0,0.0,0.0,0.0,0.7168340086936951,0.061091117560863495,0.03147692233324051,0.04533686861395836,0.12833869457244873,0.016922397539019585,0.0,0.0,0.0,56.613685607910156,0.011158797889947891,-1.2052932977676392
Ripe_167.jpg,Ripe,Ripe,59.5509033203125,17.51372718811035,6.939354419708252,4.186007022857666,48.10980224609375,22.1046142578125,0.00014543339784722775,0.007998836226761341,0.03592204675078392,0.03432228043675423,0.03301338106393814,0.03374054655432701,0.043484583497047424,0.040139615535736084,0.0517742857336998,0.12361837923526764,0.2111692875623703,0.2502908706665039,0.13423502445220947,0.00014543339784722775,0.0,0.0,0.0,0.0,0.0,0.0,0.0,0.0,0.0,0.056864455342292786,0.9207388162612915,0.022396741434931755,0.0,0.0,0.0,0.0,0.0,0.0,0.0,0.0,0.0,0.0,0.0,0.0,0.0,0.0024723676033318043,0.1410703957080841,0.11780104786157608,0.11329261213541031,0.25581732392311096,0.36954623460769653,0.0,0.0,0.0,71.50431823730469,7.697530746459961,67.04074096679688
Ripe_168.jpg,Ripe,Ripe,63.17323303222656,17.90785026550293,3.969135046005249,4.613498687744141,46.19773483276367,23.0754337310791,0.0001110247612814419,0.004663039930164814,0.017652936279773712,0.026201842352747917,0.025868767872452736,0.031197957694530487,0.038081493228673935,0.08671033382415771,0.06172976642847061,0.09314977377653122,0.15587876737117767,0.17863883078098297,0.13089819252490997,0.14555345475673676,0.0036638169549405575,0.0,0.0,0.0,0.0,0.0,0.0,0.0,0.0,0.13034306466579437,0.8501165509223938,0.01954035833477974,0.0,0.0,0.0,0.0,0.0,0.0,0.0,0.0,0.0,0.0,0.0,0.0,0.0,0.0056622629053890705,0.15099367499351501,0.14244475960731506,0.14477628469467163,0.19196180999279022,0.3641611933708191,0.0,0.0,0.0,81.83082580566406,3.240337610244751,69.40782165527344
Ripe_169.jpg,Ripe,Ripe,64.5781021118164,19.974281311035156,1.9912673234939575,3.6313042640686035,50.09157943725586,26.695920944213867,0.002872572746127844,0.00769849494099617,0.02171664871275425,0.02792140655219555,0.03056417405605316,0.04056072607636452,0.04205446317791939,0.06894174218177795,0.045271746814250946,0.053314950317144394,0.08273009210824966,0.17718027532100677,0.18832586705684662,0.20487187802791595,0.004825922194868326,0.001149029121734202,0.0,0.0,0.0,0.0,0.0,0.0,0.0,0.20039066672325134,0.7951281070709229,0.004481213167309761,0.0,0.0,0.0,0.0,0.0,0.0,0.0,0.0,0.0,0.0,0.0,0.0,0.0,0.03837757185101509,0.14902907609939575,0.10387222468852997,0.07618062943220139,0.15178674459457397,0.4731701612472534,0.007583592087030411,0.0,0.0,81.42158508300781,1.530666708946228,73.9394302368164
Ripe_17.jpg,Ripe,Ripe,51.335060119628906,14.114863395690918,1.639469861984253,3.1834771633148193,46.812076568603516,21.11774253845215,0.007069219369441271,0.004712813068181276,0.010898379608988762,0.012665685266256332,0.025036819279193878,0.0871870368719101,0.15905743837356567,0.15228277444839478,0.1543446183204651,0.14668630063533783,0.12341678887605667,0.09219440072774887,0.02415316551923752,0.00029455081676132977,0.0,0.0,0.0,0.0,0.0,0.0,0.0,0.0,0.0,0.2209131121635437,0.776730477809906,0.002356406534090638,0.0,0.0,0.0,0.0,0.0,0.0,0.0,0.0,0.0,0.0,0.0,0.0,0.0,0.00029455081676132977,0.13696612417697906,0.11310750991106033,0.1896907240152359,0.2924889624118805,0.2636229693889618,0.0038291604723781347,0.0,0.0,55.04566192626953,2.4145936965942383,58.165836334228516
Ripe_170.jpg,Ripe,Ripe,59.39816665649414,17.84479522705078,6.869949817657471,4.022853374481201,46.21449279785156,19.252735137939453,0.00010412328265374526,0.0036443148273974657,0.030299875885248184,0.03810911998152733,0.044148270040750504,0.04362765699625015,0.03581840917468071,0.04800083115696907,0.07600999623537064,0.100791335105896,0.2112661451101303,0.20137442648410797,0.13879632949829102,0.027384422719478607,0.00020824656530749053,0.00041649313061498106,0.0,0.0,0.0,0.0,0.0,0.0,0.0,0.026967929676175117,0.9437734484672546,0.029258642345666885,0.0,0.0,0.0,0.0,0.0,0.0,0.0,0.0,0.0,0.0,0.0,0.0,0.0,0.005310287233442068,0.09725114703178406,0.13359017670154572,0.19887547194957733,0.33756768703460693,0.22740525007247925,0.0,0.0,0.0,68.08226776123047,7.156987190246582,54.005279541015625
Ripe_171.jpg,Ripe,Ripe,67.70713806152344,17.060091018676758,1.2895759344100952,5.03402042388916,52.7079963684082,19.198366165161133,0.0019423761405050755,0.01003560982644558,0.007931369356811047,0.010844933800399303,0.014405956491827965,0.02023308537900448,0.02686953730881214,0.03868565708398819,0.07089672982692719,0.08983489871025085,0.15959857404232025,0.17999352514743805,0.15263839066028595,0.13127225637435913,0.08433149755001068,0.00048559403512626886,0.0,0.0,0.0,0.0,0.0,0.0,0.0,0.3690514862537384,0.6108773350715637,0.02007121965289116,0.0,0.0,0.0,0.0,0.0,0.0,0.0,0.0,0.0,0.0,0.0,0.0,0.0,0.0022661054972559214,0.05697636678814888,0.10844933986663818,0.15684688091278076,0.29815474152565,0.3724506199359894,0.004855940584093332,0.0,0.0,68.26828002929688,2.9699647426605225,54.234100341796875
Ripe_172.jpg,Ripe,Ripe,59.81568145751953,17.279163360595703,6.13383150100708,3.8504629135131836,48.55746841430664,20.515573501586914,0.0,0.0035255958791822195,0.026371456682682037,0.030320124700665474,0.03737131506204605,0.045550696551799774,0.04865322262048721,0.053730081766843796,0.07248625159263611,0.10957551747560501,0.17402340471744537,0.21224087476730347,0.18417713046073914,0.0019743337761610746,0.0,0.0,0.0,0.0,0.0,0.0,0.0,0.0,0.0,0.05231984332203865,0.9344239234924316,0.013256240636110306,0.0,0.0,0.0,0.0,0.0,0.0,0.0,0.0,0.0,0.0,0.0,0.0,0.0,0.0011281906627118587,0.104075588285923,0.11620363593101501,0.1799464076757431,0.26174023747444153,0.33690592646598816,0.0,0.0,0.0,67.27796173095703,5.650000095367432,53.50422668457031
Ripe_173.jpg,Ripe,Ripe,59.79228973388672,14.477178573608398,0.4391895830631256,3.767709255218506,18.312763214111328,26.60541534423828,0.013256150297820568,0.011287988163530827,0.009667148813605309,0.00920405238866806,0.010882779024541378,0.01875542663037777,0.02587554231286049,0.04879884049296379,0.08659913390874863,0.28706222772598267,0.34026050567626953,0.052156295627355576,0.0457887127995491,0.03010130301117897,0.010303907096385956,0.0,0.0,0.0,0.0,0.0,0.0,0.0,0.0,0.6723588705062866,0.3188422620296478,0.008798842318356037,0.0,0.0,0.0,0.0,0.0,0.0,0.0,0.0,0.0,0.0,0.0,0.0,0.0,0.1391606330871582,0.5132851004600525,0.0467149056494236,0.08260492235422134,0.10442836582660675,0.11380607634782791,0.0,0.0,0.0,59.41220474243164,-1.5477349758148193,0.28032147884368896
Ripe_174.jpg,Ripe,Ripe,58.528221130371094,15.88088607788086,7.996978282928467,4.5695061683654785,46.80710983276367,18.041637420654297,0.0032232070807367563,0.017929090186953545,0.018029814586043358,0.01702256314456463,0.019641418009996414,0.029512489214539528,0.03948428854346275,0.060938760638237,0.11704270541667938,0.21968171000480652,0.21756647527217865,0.12217969447374344,0.0952860563993454,0.022461723536252975,0.0,0.0,0.0,0.0,0.0,0.0,0.0,0.0,0.0,0.05006043612957001,0.9006849527359009,0.049254633486270905,0.0,0.0,0.0,0.0,0.0,0.0,0.0,0.0,0.0,0.0,0.0,0.0,0.0,0.0074536665342748165,0.07675261795520782,0.11452458053827286,0.21605560183525085,0.40914586186408997,0.17606768012046814,0.0,0.0,0.0,57.573402404785156,9.603224754333496,47.65229415893555
Ripe_175.jpg,Ripe,Ripe,60.36553192138672,18.478055953979492,5.341574192047119,5.1677751541137695,43.914249420166016,19.882539749145508,0.0014331780839711428,0.01695927418768406,0.022691985592246056,0.01922847330570221,0.02137823961675167,0.03069389797747135,0.07942195236682892,0.07500298321247101,0.06628448516130447,0.12301445007324219,0.18834348022937775,0.13137465715408325,0.10020303726196289,0.12205900251865387,0.0019109040731564164,0.0,0.0,0.0,0.0,0.0,0.0,0.0,0.0,0.11668457835912704,0.8477248549461365,0.03559058904647827,0.0,0.0,0.0,0.0,0.0,0.0,0.0,0.0,0.0,0.0,0.0,0.0,0.0,0.0014331780839711428,0.1251642256975174,0.1637405902147293,0.21748477220535278,0.27720052003860474,0.2149767130613327,0.0,0.0,0.0,67.6176986694336,6.381302356719971,51.7914924621582
Ripe_176.jpg,Ripe,Ripe,56.45437240600586,16.819591522216797,7.842894077301025,4.743180274963379,45.44181823730469,20.171335220336914,0.0018730976153165102,0.015570123679935932,0.037344884127378464,0.028681807219982147,0.02411613240838051,0.051627252250909805,0.05361742153763771,0.047061577439308167,0.07106064260005951,0.1690470576286316,0.271950364112854,0.19878248870372772,0.027276983484625816,0.00046827440382912755,0.0008194802212528884,0.0007024116348475218,0.0,0.0,0.0,0.0,0.0,0.0,0.0,0.059470850974321365,0.9131351113319397,0.02739405259490013,0.0,0.0,0.0,0.0,0.0,0.0,0.0,0.0,0.0,0.0,0.0,0.0,0.0,0.002341371960937977,0.13931164145469666,0.10383985191583633,0.14996488392353058,0.42168110609054565,0.18286114931106567,0.0,0.0,0.0,66.60042572021484,8.474267959594727,56.11955642700195
Ripe_177.jpg,Ripe,Ripe,57.52727508544922,16.989566802978516,8.751091003417969,4.6359333992004395,44.26332473754883,18.935667037963867,0.0,0.00466957688331604,0.023652421310544014,0.029235610738396645,0.03776266425848007,0.05065475404262543,0.06770886480808258,0.07359658926725388,0.09785808622837067,0.1541975438594818,0.1625215709209442,0.1484113335609436,0.1393767148256302,0.009846716187894344,0.0003045376215595752,0.0002030250761890784,0.0,0.0,0.0,0.0,0.0,0.0,0.0,0.032991573214530945,0.8947315216064453,0.07227692753076553,0.0,0.0,0.0,0.0,0.0,0.0,0.0,0.0,0.0,0.0,0.0,0.0,0.0,0.0024363009724766016,0.0908537209033966,0.19327987730503082,0.2052583545446396,0.32991573214530945,0.17825601994991302,0.0,0.0,0.0,67.79547119140625,9.330581665039062,56.16767883300781
Ripe_178.jpg,Ripe,Ripe,57.2391357421875,16.34365463256836,9.307513236999512,4.931131839752197,49.39490509033203,20.105297088623047,0.000172711574123241,0.015025907196104527,0.025820380076766014,0.0240932647138834,0.03246977552771568,0.05181347206234932,0.05060448870062828,0.05319516360759735,0.07659757882356644,0.14240069687366486,0.29637306928634644,0.18221071362495422,0.04853195324540138,0.0006044905167073011,8.63557870616205e-05,0.0,0.0,0.0,0.0,0.0,0.0,0.0,0.0,0.04576856642961502,0.8756476640701294,0.07858376204967499,0.0,0.0,0.0,0.0,0.0,0.0,0.0,0.0,0.0,0.0,0.0,0.0,0.0,0.002849740907549858,0.0993955060839653,0.11822107434272766,0.1213298812508583,0.33929187059402466,0.31891191005706787,0.0,0.0,0.0,69.37830352783203,10.042824745178223,66.79354095458984
Ripe_179.jpg,Ripe,Ripe,59.80228042602539,16.37388801574707,7.727920055389404,4.197569847106934,45.16228485107422,17.75449562072754,0.0,0.003835196141153574,0.016107823699712753,0.021367521956562996,0.03703703731298447,0.054569363594055176,0.046789392828941345,0.05676090344786644,0.0896340161561966,0.14299802482128143,0.15242165327072144,0.21575717628002167,0.15494193136692047,0.007451238110661507,0.0003287311119493097,0.0,0.0,0.0,0.0,0.0,0.0,0.0,0.0,0.03024326078593731,0.9257067441940308,0.04404996708035469,0.0,0.0,0.0,0.0,0.0,0.0,0.0,0.0,0.0,0.0,0.0,0.0,0.0,0.0012053473619744182,0.08645627647638321,0.1499013751745224,0.2282489538192749,0.415077805519104,0.11911023408174515,0.0,0.0,0.0,69.20527648925781,8.30574893951416,55.323692321777344
Ripe_18.jpg,Ripe,Ripe,48.767948150634766,12.609359741210938,2.7492105960845947,3.4661574363708496,45.603946685791016,17.876773834228516,0.003947368357330561,0.0055263158865273,0.009999999776482582,0.01605263166129589,0.036052633076906204,0.10842105001211166,0.16421052813529968,0.1676315814256668,0.18710526823997498,0.16236841678619385,0.10815789550542831,0.0221052635461092,0.00657894741743803,0.0015789474127814174,0.0002631578827276826,0.0,0.0,0.0,0.0,0.0,0.0,0.0,0.0,0.17394736409187317,0.8239473700523376,0.0021052630618214607,0.0,0.0,0.0,0.0,0.0,0.0,0.0,0.0,0.0,0.0,0.0,0.0,0.0,0.0,0.1107894703745842,0.09394736588001251,0.25526314973831177,0.3907894790172577,0.14921052753925323,0.0,0.0,0.0,55.118385314941406,3.544705867767334,57.66117477416992
Ripe_180.jpg,Ripe,Ripe,57.01780700683594,14.221553802490234,4.969517230987549,4.560393333435059,40.215675354003906,21.075124740600586,0.0021773315966129303,0.008346437476575375,0.01753961481153965,0.01572517305612564,0.022015241906046867,0.02370872162282467,0.03991774469614029,0.11551953852176666,0.1714043766260147,0.19100035727024078,0.2005564272403717,0.13451071083545685,0.05334462225437164,0.0036288858391344547,0.00048385144327767193,0.00012096286081941798,0.0,0.0,0.0,0.0,0.0,0.0,0.0,0.11830168217420578,0.8581105470657349,0.023587757721543312,0.0,0.0,0.0,0.0,0.0,0.0,0.0,0.0,0.0,0.0,0.0,0.0,0.0,0.03290189802646637,0.13221241533756256,0.16051772236824036,0.22281359136104584,0.3270835876464844,0.1244707852602005,0.0,0.0,0.0,66.99928283691406,5.997908115386963,55.26359939575195
Ripe_181.jpg,Ripe,Ripe,58.55287170410156,18.379220962524414,9.743182182312012,5.500148773193359,47.18476486206055,20.125520706176758,0.002626970177516341,0.022767074406147003,0.032774582505226135,0.026644984260201454,0.029021766036748886,0.03852889686822891,0.04340755566954613,0.049912434071302414,0.07292969524860382,0.1319739818572998,0.19627220928668976,0.21190893650054932,0.1319739818572998,0.008131098002195358,0.0011258444283157587,0.0,0.0,0.0,0.0,0.0,0.0,0.0,0.0,0.009882411919534206,0.8288716673851013,0.1612459272146225,0.0,0.0,0.0,0.0,0.0,0.0,0.0,0.0,0.0,0.0,0.0,0.0,0.0,0.0028771578799933195,0.10432824492454529,0.13497623801231384,0.16062046587467194,0.3392544388771057,0.25794345140457153,0.0,0.0,0.0,67.8430404663086,8.671469688415527,56.3021125793457
Ripe_182.jpg,Ripe,Ripe,53.00761795043945,20.263038635253906,0.5277183055877686,3.7253036499023438,32.264339447021484,24.16869354248047,0.0,0.0001476341567467898,0.007012622896581888,0.029305381700396538,0.10998745262622833,0.2151767909526825,0.056617699563503265,0.060234736651182175,0.06887133419513702,0.0814940556883812,0.08754705637693405,0.06237543374300003,0.10961836576461792,0.11153761297464371,7.38170783733949e-05,0.0,0.0,0.0,0.0,0.0,0.0,0.0,0.00051671959226951,0.41064441204071045,0.5888388752937317,0.0,0.0,0.0,0.0,0.0,0.0,0.0,0.0,0.0,0.0,0.0,0.0,0.0,0.0,0.005388646852225065,0.4075441062450409,0.1088801920413971,0.10297483205795288,0.251347154378891,0.12386506050825119,0.0,0.0,0.0,32.28093719482422,-2.7150208950042725,9.836603164672852
Ripe_183.jpg,Ripe,Ripe,61.76719665527344,12.21846866607666,2.085561513900757,2.8761813640594482,55.7047119140625,13.794066429138184,0.0016711229691281915,0.006851604208350182,0.009525401517748833,0.008689839392900467,0.011530748568475246,0.014371657744050026,0.023228609934449196,0.038770053535699844,0.10294117778539658,0.19100935757160187,0.303475946187973,0.24281416833400726,0.04361630976200104,0.001336898421868682,0.00016711230273358524,0.0,0.0,0.0,0.0,0.0,0.0,0.0,0.0,0.16493983566761017,0.835060179233551,0.0,0.0,0.0,0.0,0.0,0.0,0.0,0.0,0.0,0.0,0.0,0.0,0.0,0.0,0.0,0.026737967506051064,0.05949197709560394,0.10661764442920685,0.4886363744735718,0.3185160458087921,0.0,0.0,0.0,57.419986724853516,4.373611927032471,55.806007385253906
Ripe_184.jpg,Ripe,Ripe,58.753116607666016,9.44632339477539,1.4245728254318237,2.3867499828338623,52.08287811279297,12.658802032470703,0.0003635041939560324,0.0021810249891132116,0.002908033551648259,0.002908033551648259,0.007997091859579086,0.01272264588624239,0.031988367438316345,0.08560523390769958,0.18011632561683655,0.2768084406852722,0.2940748929977417,0.10087241232395172,0.0014540167758241296,0.0,0.0,0.0,0.0,0.0,0.0,0.0,0.0,0.0,0.0,0.18993093073368073,0.8100690841674805,0.0,0.0,0.0,0.0,0.0,0.0,0.0,0.0,0.0,0.0,0.0,0.0,0.0,0.0,0.0,0.01635768823325634,0.08360596001148224,0.15412577986717224,0.6372228264808655,0.10868775099515915,0.0,0.0,0.0,57.095340728759766,2.8975489139556885,53.554412841796875
Ripe_185.jpg,Ripe,Ripe,63.57545852661133,13.316622734069824,-1.0480024814605713,2.31504487991333,40.142032623291016,25.831932067871094,0.0034738669637590647,0.004816042724996805,0.00907942559570074,0.00805305503308773,0.008447812870144844,0.015158692374825478,0.025185536593198776,0.052423812448978424,0.07681982964277267,0.13642823696136475,0.32630664110183716,0.17321963608264923,0.12679614126682281,0.033791251480579376,0.0,0.0,0.0,0.0,0.0,0.0,0.0,0.0,0.0,0.6449549794197083,0.35504499077796936,0.0,0.0,0.0,0.0,0.0,0.0,0.0,0.0,0.0,0.0,0.0,0.0,0.0,0.0,0.0,0.30009475350379944,0.05297647416591644,0.12103268504142761,0.28856781125068665,0.23732827603816986,0.0,0.0,0.0,66.7134780883789,-2.249913454055786,5.175043106079102
Ripe_186.jpg,Ripe,Ripe,49.26234436035156,17.0814151763916,1.200756549835205,3.4001848697662354,22.171838760375977,20.36077880859375,0.0,0.00012823801080230623,0.005898948293179274,0.030264170840382576,0.22576302289962769,0.05905360355973244,0.06912028789520264,0.07944344729185104,0.10701461881399155,0.16087459027767181,0.12734034657478333,0.08418825268745422,0.04879456385970116,0.0021159271709620953,0.0,0.0,0.0,0.0,0.0,0.0,0.0,0.0,0.0,0.21082328259944916,0.7891767024993896,0.0,0.0,0.0,0.0,0.0,0.0,0.0,0.0,0.0,0.0,0.0,0.0,0.0,0.0,0.02917414717376232,0.48262375593185425,0.08444473147392273,0.25468069314956665,0.1490766853094101,0.0,0.0,0.0,0.0,29.948974609375,1.157289981842041,8.745641708374023
Ripe_187.jpg,Ripe,Ripe,48.301048278808594,19.639049530029297,1.1222538948059082,4.613348007202148,27.60171127319336,20.8955078125,0.0,0.0,0.004350927192717791,0.08865905553102493,0.10142653435468674,0.24136947095394135,0.07831668853759766,0.06340941786766052,0.06740371137857437,0.07111269980669022,0.07239657640457153,0.04900142550468445,0.12303851544857025,0.03951497748494148,0.0,0.0,0.0,0.0,0.0,0.0,0.0,0.0,0.0007845934596844018,0.3873038589954376,0.6116975545883179,0.0002139800344593823,0.0,0.0,0.0,0.0,0.0,0.0,0.0,0.0,0.0,0.0,0.0,0.0,0.0,0.0009272468159906566,0.43273892998695374,0.16141226887702942,0.156205415725708,0.21740370988845825,0.03131240978837013,0.0,0.0,0.0,32.70854187011719,-3.2952353954315186,10.494894981384277
Ripe_188.jpg,Ripe,Ripe,52.0078239440918,19.050846099853516,-0.8824584484100342,4.301695823669434,29.391077041625977,23.82390022277832,0.0,7.799703598720953e-05,0.0009359644609503448,0.024569066241383553,0.17884720861911774,0.15669605135917664,0.041806410998106,0.05444193258881569,0.06263162195682526,0.10389205068349838,0.14335855841636658,0.08961859345436096,0.09882224351167679,0.0443023182451725,0.0,0.0,0.0,0.0,0.0,0.0,0.0,0.0,0.021293191239237785,0.46899616718292236,0.5097106099128723,0.0,0.0,0.0,0.0,0.0,0.0,0.0,0.0,0.0,0.0,0.0,0.0,0.0,0.0,0.0005459792446345091,0.4451290965080261,0.14359253644943237,0.055299896746873856,0.3279775381088257,0.027454957365989685,0.0,0.0,0.0,31.545730590820312,-3.0082428455352783,10.23454475402832
Ripe_189.jpg,Ripe,Ripe,51.76210403442383,19.08231544494629,0.963483452796936,4.270193099975586,31.762802124023438,22.055744171142578,0.0,0.0,0.0,0.010326839052140713,0.10752688348293304,0.25806450843811035,0.05802193284034729,0.060896411538124084,0.08516980707645416,0.09507079422473907,0.08431810885667801,0.04460768774151802,0.13094857335090637,0.06504844129085541,0.0,0.0,0.0,0.0,0.0,0.0,0.0,0.0,0.0,0.40232089161872864,0.5976791381835938,0.0,0.0,0.0,0.0,0.0,0.0,0.0,0.0,0.0,0.0,0.0,0.0,0.0,0.0,0.0,0.4020015001296997,0.1288193315267563,0.11764079332351685,0.2984137237071991,0.05312466621398926,0.0,0.0,0.0,32.731346130371094,-3.064335584640503,11.544055938720703
Ripe_19.jpg,Ripe,Ripe,57.08534240722656,14.402073860168457,1.817431926727295,3.8959615230560303,53.78993606567383,19.084335327148438,0.0,0.0,0.0016497112810611725,0.0049491338431835175,0.023095957934856415,0.08880946040153503,0.11685454845428467,0.0659884512424469,0.13170194625854492,0.18009348213672638,0.165521040558815,0.10558152198791504,0.08578498661518097,0.029419852420687675,0.0005499037797562778,0.0,0.0,0.0,0.0,0.0,0.0,0.0,0.0,0.292548805475235,0.7074512243270874,0.0,0.0,0.0,0.0,0.0,0.0,0.0,0.0,0.0,0.0,0.0,0.0,0.0,0.0,0.0005499037797562778,0.07918614149093628,0.07396205514669418,0.1281275749206543,0.32664284110069275,0.39125654101371765,0.0002749518898781389,0.0,0.0,55.40999984741211,4.684292316436768,59.088645935058594
Ripe_190.jpg,Ripe,Ripe,56.50836944580078,17.532236099243164,0.7442271709442139,3.728135108947754,33.92393112182617,22.652812957763672,0.0,9.310986933996901e-05,0.0011173184029757977,0.004748603329062462,0.11052141338586807,0.14729981124401093,0.04227188229560852,0.04217877238988876,0.0538175031542778,0.07756052166223526,0.17374300956726074,0.23584729433059692,0.10418994724750519,0.006610800512135029,0.0,0.0,0.0,0.0,0.0,0.0,0.0,0.0,0.0,0.3416201174259186,0.6583799123764038,0.0,0.0,0.0,0.0,0.0,0.0,0.0,0.0,0.0,0.0,0.0,0.0,0.0,0.0,0.0002793296007439494,0.3928305506706238,0.05158286914229393,0.07830540090799332,0.466946005821228,0.010055866092443466,0.0,0.0,0.0,69.7867431640625,3.040459156036377,54.93821716308594
Ripe_191.jpg,Ripe,Ripe,63.39028549194336,5.667181491851807,-1.3795902729034424,1.1918989419937134,4.378044128417969,1.7699683904647827,0.0,0.0,0.0,0.0,0.0,0.0,0.007924236357212067,0.03846153989434242,0.07286432385444641,0.17684577405452728,0.6716273427009583,0.03227676823735237,0.0,0.0,0.0,0.0,0.0,0.0,0.0,0.0,0.0,0.0,0.0,0.7643989324569702,0.23560108244419098,0.0,0.0,0.0,0.0,0.0,0.0,0.0,0.0,0.0,0.0,0.0,0.0,0.0,0.0,0.0,1.0,0.0,0.0,0.0,0.0,0.0,0.0,0.0,66.52188873291016,-1.966979742050171,5.050590515136719
Ripe_192.jpg,Ripe,Ripe,63.869346618652344,4.714049816131592,-1.0473451614379883,1.0135513544082642,4.1052327156066895,1.6567342281341553,0.0,0.0,0.0,0.0,0.0,0.0,0.001916810404509306,0.013417673297226429,0.06593827903270721,0.20203182101249695,0.6835346221923828,0.033160820603370667,0.0,0.0,0.0,0.0,0.0,0.0,0.0,0.0,0.0,0.0,0.0,0.673758864402771,0.326241135597229,0.0,0.0,0.0,0.0,0.0,0.0,0.0,0.0,0.0,0.0,0.0,0.0,0.0,0.0,0.0,1.0,0.0,0.0,0.0,0.0,0.0,0.0,0.0,66.57683563232422,-1.5972836017608643,4.773531436920166
Ripe_193.jpg,Ripe,Ripe,63.39028549194336,5.667181491851807,-1.3795902729034424,1.1918989419937134,4.378044128417969,1.7699683904647827,0.0,0.0,0.0,0.0,0.0,0.0,0.007924236357212067,0.03846153989434242,0.07286432385444641,0.17684577405452728,0.6716273427009583,0.03227676823735237,0.0,0.0,0.0,0.0,0.0,0.0,0.0,0.0,0.0,0.0,0.0,0.7643989324569702,0.23560108244419098,0.0,0.0,0.0,0.0,0.0,0.0,0.0,0.0,0.0,0.0,0.0,0.0,0.0,0.0,0.0,1.0,0.0,0.0,0.0,0.0,0.0,0.0,0.0,66.52188873291016,-1.966979742050171,5.050590515136719
Ripe_194.jpg,Ripe,Ripe,63.18769454956055,5.743020057678223,-1.735355257987976,0.9322613477706909,3.9701905250549316,1.607663631439209,0.0,0.0,0.0,0.0,0.0,0.0,0.0036395147908478975,0.039514731615781784,0.09358752518892288,0.16481801867485046,0.660658597946167,0.03778162971138954,0.0,0.0,0.0,0.0,0.0,0.0,0.0,0.0,0.0,0.0,0.0,0.950779914855957,0.04922010377049446,0.0,0.0,0.0,0.0,0.0,0.0,0.0,0.0,0.0,0.0,0.0,0.0,0.0,0.0,0.0,1.0,0.0,0.0,0.0,0.0,0.0,0.0,0.0,66.3991470336914,-2.0582010746002197,4.3900227546691895
Ripe_195.jpg,Ripe,Ripe,65.279052734375,10.537744522094727,2.369741439819336,2.1390786170959473,54.9850959777832,12.023762702941895,0.0,0.0,0.0020750800613313913,0.004527447745203972,0.005093378480523825,0.008111677132546902,0.025844180956482887,0.04697227105498314,0.08205998688936234,0.1348802149295807,0.20996038615703583,0.35238635540008545,0.1263912469148636,0.0015091492095962167,0.00018864365119952708,0.0,0.0,0.0,0.0,0.0,0.0,0.0,0.0,0.09394454210996628,0.9060554504394531,0.0,0.0,0.0,0.0,0.0,0.0,0.0,0.0,0.0,0.0,0.0,0.0,0.0,0.0,0.0,0.004527447745203972,0.07187323272228241,0.13016411662101746,0.6025277972221375,0.19090737402439117,0.0,0.0,0.0,69.06702423095703,2.964378833770752,60.074283599853516
Ripe_196.jpg,Ripe,Ripe,62.52265548706055,5.932782173156738,-1.039913535118103,0.8409700393676758,2.927324056625366,0.7576287388801575,0.0,0.0,0.0,0.0,0.0,0.0,0.005321802571415901,0.03708631172776222,0.13371029496192932,0.2002328336238861,0.5804091095924377,0.04323964565992355,0.0,0.0,0.0,0.0,0.0,0.0,0.0,0.0,0.0,0.0,0.0,0.7849659323692322,0.2150340974330902,0.0,0.0,0.0,0.0,0.0,0.0,0.0,0.0,0.0,0.0,0.0,0.0,0.0,0.0,0.0,1.0,0.0,0.0,0.0,0.0,0.0,0.0,0.0,66.40291595458984,-1.4870922565460205,3.052198648452759
Ripe_197.jpg,Ripe,Ripe,60.289730072021484,13.501397132873535,1.941648244857788,2.8460001945495605,51.65971374511719,16.508914947509766,0.003609384410083294,0.006817725952714682,0.007018247619271278,0.00842189695686102,0.012833367101848125,0.020453177392482758,0.04331261292099953,0.07960698008537292,0.12652897834777832,0.18087026476860046,0.21114899218082428,0.2201724499464035,0.07760176807641983,0.0016041708877310157,0.0,0.0,0.0,0.0,0.0,0.0,0.0,0.0,0.0,0.19590936601161957,0.8040906190872192,0.0,0.0,0.0,0.0,0.0,0.0,0.0,0.0,0.0,0.0,0.0,0.0,0.0,0.0,0.0004010427219327539,0.037497494369745255,0.10507319122552872,0.15981552004814148,0.42871466279029846,0.26849809288978577,0.0,0.0,0.0,57.057308197021484,4.135319232940674,51.63999938964844
Ripe_198.jpg,Ripe,Ripe,48.79685592651367,17.668170928955078,4.020493984222412,4.791036128997803,26.33542251586914,23.79192352294922,0.0,7.371912943199277e-05,0.0020641356240957975,0.018061187118291855,0.12812384963035583,0.2785108685493469,0.061113160103559494,0.06605233997106552,0.07681533694267273,0.08138591796159744,0.10187983512878418,0.07121267914772034,0.10888315737247467,0.005823811050504446,0.0,0.0,0.0,0.0,0.0,0.0,0.0,0.0,0.0,0.15267232060432434,0.8375230431556702,0.009804644621908665,0.0,0.0,0.0,0.0,0.0,0.0,0.0,0.0,0.0,0.0,0.0,0.0,0.0,0.021894581615924835,0.4504975974559784,0.1587172895669937,0.1082196831703186,0.1405823826789856,0.12008846551179886,0.0,0.0,0.0,31.544235229492188,3.440253257751465,14.685848236083984
Ripe_2.jpg,Ripe,Ripe,50.788597106933594,12.18222713470459,-6.157086372375488,4.956816673278809,42.40537643432617,13.714330673217773,0.0,0.0021600862964987755,0.005400216206908226,0.02016080729663372,0.06072242930531502,0.07596303522586823,0.08988359570503235,0.17508700489997864,0.1668066680431366,0.21492859721183777,0.18216729164123535,0.0034801391884684563,0.002640105551108718,0.0006000240100547671,0.0,0.0,0.0,0.0,0.0,0.0,0.0,0.0,0.06252250075340271,0.8955958485603333,0.04188167676329613,0.0,0.0,0.0,0.0,0.0,0.0,0.0,0.0,0.0,0.0,0.0,0.0,0.0,0.0,0.0,0.061442457139492035,0.1556462198495865,0.3199327886104584,0.46285852789878845,0.00012000479910057038,0.0,0.0,0.0,57.028804779052734,-4.932897567749023,51.009979248046875
Ripe_20.jpg,Ripe,Ripe,49.980560302734375,16.632844924926758,2.321883201599121,3.369004249572754,44.26327133178711,22.88969612121582,0.006725918967276812,0.015133317559957504,0.030747057870030403,0.03459043800830841,0.04371847212314606,0.07158299535512924,0.14292576909065247,0.13283689320087433,0.13427816331386566,0.1217871755361557,0.14052365720272064,0.09176074713468552,0.023300504311919212,0.007686764467507601,0.0021619023755192757,0.00024021138960961252,0.0,0.0,0.0,0.0,0.0,0.0,0.0,0.18784530460834503,0.8119145035743713,0.00024021138960961252,0.0,0.0,0.0,0.0,0.0,0.0,0.0,0.0,0.0,0.0,0.0,0.0,0.0,0.00024021138960961252,0.18616382777690887,0.1563776135444641,0.13451837003231049,0.24741773307323456,0.271438866853714,0.0038433822337538004,0.0,0.0,67.53380584716797,1.6447573900222778,69.86385345458984
Ripe_200.jpg,Ripe,Ripe,51.37473678588867,11.162566184997559,-0.6532850861549377,3.693794012069702,43.251949310302734,12.981371879577637,0.0,0.0005654189735651016,0.00429718429222703,0.02114666998386383,0.033020466566085815,0.05303629860281944,0.1171548143029213,0.17177428305149078,0.23080402612686157,0.21983489394187927,0.11557164043188095,0.03166346251964569,0.0011308379471302032,0.0,0.0,0.0,0.0,0.0,0.0,0.0,0.0,0.0,0.0,0.5818161368370056,0.41773155331611633,0.0004523351672105491,0.0,0.0,0.0,0.0,0.0,0.0,0.0,0.0,0.0,0.0,0.0,0.0,0.0,0.00022616758360527456,0.04432884603738785,0.13988465070724487,0.3693316876888275,0.44622865319252014,0.0,0.0,0.0,0.0,57.00709533691406,-2.257068395614624,52.032623291015625
Ripe_202.jpg,Ripe,Ripe,52.905494689941406,11.720727920532227,-4.24240779876709,5.001366138458252,46.159358978271484,14.431147575378418,7.747133349766955e-05,0.000929656031075865,0.004183452110737562,0.013247597962617874,0.04144716635346413,0.0653083324432373,0.08947939425706863,0.11698171496391296,0.20971490442752838,0.24116826057434082,0.1740780919790268,0.043229006230831146,0.0001549426669953391,0.0,0.0,0.0,0.0,0.0,0.0,0.0,0.0,0.0,0.05066625401377678,0.8058568239212036,0.14277967810630798,0.000697242037858814,0.0,0.0,0.0,0.0,0.0,0.0,0.0,0.0,0.0,0.0,0.0,0.0,0.0,0.0,0.05624419078230858,0.11411527544260025,0.21730709075927734,0.6028044819831848,0.009528974071145058,0.0,0.0,0.0,56.91061019897461,-3.9729676246643066,54.02943420410156
Ripe_203.jpg,Ripe,Ripe,52.78465270996094,13.61780071258545,-1.5557070970535278,4.71914529800415,45.0134162902832,14.830470085144043,0.0,0.0012884644092991948,0.010156131349503994,0.017962710931897163,0.041988782584667206,0.0701834186911583,0.09769592434167862,0.16067910194396973,0.18841898441314697,0.12861907482147217,0.15552523732185364,0.10413824766874313,0.0230407752096653,0.00022737607650924474,7.579202792840078e-05,0.0,0.0,0.0,0.0,0.0,0.0,0.0,0.0011368803679943085,0.6651508212089539,0.33181747794151306,0.001894800690934062,0.0,0.0,0.0,0.0,0.0,0.0,0.0,0.0,0.0,0.0,0.0,0.0,0.0,0.0004547521530184895,0.0460815504193306,0.1572684496641159,0.2683795690536499,0.49439138174057007,0.03342428430914879,0.0,0.0,0.0,67.91104888916016,-4.0144877433776855,59.00862503051758
Ripe_21.jpg,Ripe,Ripe,54.4642448425293,19.656957626342773,1.9476170539855957,4.673803329467773,50.468013763427734,24.443601608276367,0.015027908608317375,0.007943322882056236,0.01674538478255272,0.028123658150434494,0.05903821438550949,0.0955345630645752,0.10583941638469696,0.07728639245033264,0.0792185515165329,0.11485616117715836,0.1101331040263176,0.11764705926179886,0.11227995157241821,0.05903821438550949,0.001288106432184577,0.0,0.0,0.0,0.0,0.0,0.0,0.0,0.0,0.2724345326423645,0.7183340191841125,0.009231429547071457,0.0,0.0,0.0,0.0,0.0,0.0,0.0,0.0,0.0,0.0,0.0,0.0,0.0,0.0032202661968767643,0.1494203507900238,0.10884499549865723,0.13890081644058228,0.18784886598587036,0.3374839127063751,0.07428080588579178,0.0,0.0,68.46875762939453,2.869872808456421,70.87977600097656
Ripe_22.jpg,Ripe,Ripe,52.42978286743164,20.376789093017578,1.0555319786071777,2.9303503036499023,48.883426666259766,24.326114654541016,0.0279779564589262,0.01759220100939274,0.0173802450299263,0.02564646117389202,0.0521407388150692,0.12038999795913696,0.115726999938488,0.06824925541877747,0.06273844838142395,0.07990673929452896,0.1311996579170227,0.15578635036945343,0.10936837643384933,0.012717253528535366,0.0031793133821338415,0.0,0.0,0.0,0.0,0.0,0.0,0.0,0.0,0.2916490137577057,0.7083510160446167,0.0,0.0,0.0,0.0,0.0,0.0,0.0,0.0,0.0,0.0,0.0,0.0,0.0,0.0,0.0008478168747387826,0.14752013981342316,0.12399321794509888,0.15218313038349152,0.1966935098171234,0.3304366171360016,0.0483255609869957,0.0,0.0,69.77926635742188,1.9930167198181152,72.1270980834961
Ripe_23.jpg,Ripe,Ripe,54.478248596191406,15.159570693969727,1.672761082649231,3.0341897010803223,50.20266342163086,21.492843627929688,0.000929656031075865,0.00185931206215173,0.004338394850492477,0.006817477755248547,0.03873566910624504,0.10691044479608536,0.1267431080341339,0.1066005602478981,0.12736287713050842,0.12271459400653839,0.1490548551082611,0.13015183806419373,0.06321661174297333,0.01456461101770401,0.0,0.0,0.0,0.0,0.0,0.0,0.0,0.0,0.0,0.20080570876598358,0.7991942763328552,0.0,0.0,0.0,0.0,0.0,0.0,0.0,0.0,0.0,0.0,0.0,0.0,0.0,0.0,0.0,0.10969941318035126,0.10443136096000671,0.17849396169185638,0.25813448429107666,0.33467617630958557,0.01456461101770401,0.0,0.0,68.555908203125,2.125547409057617,71.19708251953125
Ripe_24.jpg,Ripe,Ripe,53.46049118041992,17.606281280517578,1.8073394298553467,3.8930647373199463,48.100284576416016,22.4742431640625,0.009807023219764233,0.009490667842328548,0.013603290542960167,0.018664980307221413,0.03479911386966705,0.09775387495756149,0.15469788014888763,0.107560895383358,0.08256880939006805,0.08288516104221344,0.1496361941099167,0.13603289425373077,0.07592534273862839,0.026573868468403816,0.0,0.0,0.0,0.0,0.0,0.0,0.0,0.0,0.0,0.2888326346874237,0.7108510136604309,0.0003163555811624974,0.0,0.0,0.0,0.0,0.0,0.0,0.0,0.0,0.0,0.0,0.0,0.0,0.0,0.0,0.14267636835575104,0.11135716736316681,0.17462828755378723,0.2410629540681839,0.3147737979888916,0.015501423738896847,0.0,0.0,67.65567016601562,1.8839999437332153,70.06600189208984
Ripe_25.jpg,Ripe,Ripe,54.117549896240234,15.653669357299805,2.7143325805664062,3.1325933933258057,50.624794006347656,21.759174346923828,0.017710724845528603,0.0062315515242516994,0.017710724845528603,0.015086913481354713,0.024926206097006798,0.040669072419404984,0.09380124509334564,0.12856674194335938,0.14135782420635223,0.15316496789455414,0.1918661892414093,0.1564447432756424,0.010823220945894718,0.0013119055656716228,0.0003279763914179057,0.0,0.0,0.0,0.0,0.0,0.0,0.0,0.0,0.12069530785083771,0.8779928088188171,0.0013119055656716228,0.0,0.0,0.0,0.0,0.0,0.0,0.0,0.0,0.0,0.0,0.0,0.0,0.0,0.003279763972386718,0.12135126441717148,0.10823220759630203,0.1161036416888237,0.25516563653945923,0.3958674967288971,0.0,0.0,0.0,68.26834106445312,2.274465799331665,70.51631164550781
Ripe_26.jpg,Ripe,Ripe,47.66720199584961,14.618185043334961,2.060096263885498,2.664977788925171,44.07121276855469,21.25313949584961,0.017127403989434242,0.012920673005282879,0.014423076994717121,0.020733173936605453,0.045973557978868484,0.109375,0.15655048191547394,0.1538461595773697,0.13371394574642181,0.1625600904226303,0.15204326808452606,0.01983173005282879,0.0009014423121698201,0.0,0.0,0.0,0.0,0.0,0.0,0.0,0.0,0.0,0.0,0.14903846383094788,0.8509615659713745,0.0,0.0,0.0,0.0,0.0,0.0,0.0,0.0,0.0,0.0,0.0,0.0,0.0,0.0,0.0,0.18479567766189575,0.11388221383094788,0.1460336595773697,0.32932692766189575,0.22596153616905212,0.0,0.0,0.0,44.25945281982422,3.4043545722961426,48.65474319458008
Ripe_27.jpg,Ripe,Ripe,53.333065032958984,14.897995948791504,1.5706125497817993,3.383641004562378,48.75373077392578,20.725379943847656,0.00285623618401587,0.0047603934071958065,0.00380831491202116,0.00825134851038456,0.05775944143533707,0.09647730737924576,0.11424944549798965,0.10948905348777771,0.11456680297851562,0.14344651997089386,0.1878768652677536,0.12662646174430847,0.029197080060839653,0.0006347191520035267,0.0,0.0,0.0,0.0,0.0,0.0,0.0,0.0,0.0,0.24278007447719574,0.7572199106216431,0.0,0.0,0.0,0.0,0.0,0.0,0.0,0.0,0.0,0.0,0.0,0.0,0.0,0.0,0.0,0.13836877048015594,0.08378292620182037,0.1523325890302658,0.3205331563949585,0.3049825429916382,0.0,0.0,0.0,67.85753631591797,1.5,70.03860473632812
Ripe_28.jpg,Ripe,Ripe,54.543190002441406,16.22638702392578,3.019242286682129,4.001987457275391,49.57997512817383,22.762401580810547,0.011124473996460438,0.0081178592517972,0.01202645804733038,0.016837041825056076,0.02104630134999752,0.05081178620457649,0.1398075819015503,0.13529765605926514,0.10974143445491791,0.13439567387104034,0.1322910338640213,0.14431749284267426,0.07787131518125534,0.0054119061678647995,0.0009019843419082463,0.0,0.0,0.0,0.0,0.0,0.0,0.0,0.0,0.16626578569412231,0.8214070796966553,0.012327119708061218,0.0,0.0,0.0,0.0,0.0,0.0,0.0,0.0,0.0,0.0,0.0,0.0,0.0,0.0021046302281320095,0.14251352846622467,0.10132291167974472,0.13108839094638824,0.276909202337265,0.32922428846359253,0.016837041825056076,0.0,0.0,69.59737396240234,2.445704936981201,71.54457092285156
Ripe_29.jpg,Ripe,Ripe,53.508628845214844,18.55222511291504,4.768646240234375,5.3957085609436035,51.58149337768555,21.815616607666016,0.021408839151263237,0.02175414375960827,0.02348066307604313,0.01864640973508358,0.03245856240391731,0.06595303863286972,0.1066988930106163,0.08287292718887329,0.08874309062957764,0.13501381874084473,0.18611878156661987,0.14606353640556335,0.06491712480783463,0.0048342542722821236,0.0010359116131439805,0.0,0.0,0.0,0.0,0.0,0.0,0.0,0.0,0.1584944725036621,0.801450252532959,0.04005524888634682,0.0,0.0,0.0,0.0,0.0,0.0,0.0,0.0,0.0,0.0,0.0,0.0,0.0,0.002071823226287961,0.09841160476207733,0.12120165675878525,0.13397790491580963,0.23135359585285187,0.39813536405563354,0.014848066493868828,0.0,0.0,68.2485580444336,3.871650218963623,70.65585327148438
Ripe_3.jpg,Ripe,Ripe,54.216915130615234,12.039101600646973,-6.890681743621826,5.578416347503662,45.783233642578125,13.682229995727539,0.00019679228716995567,0.0013775459956377745,0.004329430405050516,0.008166879415512085,0.03030601143836975,0.0764538049697876,0.08196398615837097,0.08698219060897827,0.2401849776506424,0.1591065675020218,0.23221489787101746,0.07832332700490952,0.00039358457433991134,0.0,0.0,0.0,0.0,0.0,0.0,0.0,0.0,0.0,0.08343993127346039,0.8740529417991638,0.04250713437795639,0.0,0.0,0.0,0.0,0.0,0.0,0.0,0.0,0.0,0.0,0.0,0.0,0.0,0.0,0.0,0.036701761186122894,0.1332283765077591,0.2490406334400177,0.5625307559967041,0.01849847473204136,0.0,0.0,0.0,55.770259857177734,-5.739511966705322,50.71510696411133
Ripe_30.jpg,Ripe,Ripe,50.04340362548828,18.119314193725586,5.674648761749268,5.464555263519287,48.79693603515625,20.61212158203125,0.008939974009990692,0.018837803974747658,0.030651340261101723,0.04342273250222206,0.05076628178358078,0.09482758492231369,0.11462324112653732,0.10280970484018326,0.13473819196224213,0.13409961760044098,0.10312899202108383,0.07120051234960556,0.0833333358168602,0.007982119917869568,0.0006385695887729526,0.0,0.0,0.0,0.0,0.0,0.0,0.0,0.0,0.12324393540620804,0.8288633227348328,0.04789271950721741,0.0,0.0,0.0,0.0,0.0,0.0,0.0,0.0,0.0,0.0,0.0,0.0,0.0,0.0003192847943864763,0.08173690736293793,0.15485313534736633,0.1829501986503601,0.30874839425086975,0.23531289398670197,0.03607918322086334,0.0,0.0,55.19672775268555,6.946202754974365,57.96993637084961
Ripe_31.jpg,Ripe,Ripe,57.03670883178711,16.692123413085938,2.657482624053955,4.120031833648682,52.78828430175781,24.028350830078125,0.007250580005347729,0.00638051051646471,0.008120649494230747,0.013341067358851433,0.028422273695468903,0.06670533865690231,0.10904872417449951,0.08932714909315109,0.09541763365268707,0.14733178913593292,0.11020881682634354,0.16618329286575317,0.14907193183898926,0.002610208932310343,0.0005800463841296732,0.0,0.0,0.0,0.0,0.0,0.0,0.0,0.0,0.24187934398651123,0.7578306198120117,0.0002900231920648366,0.0,0.0,0.0,0.0,0.0,0.0,0.0,0.0,0.0,0.0,0.0,0.0,0.0,0.0002900231920648366,0.13950115442276,0.10295823961496353,0.09048724174499512,0.21809744834899902,0.41444316506385803,0.034222736954689026,0.0,0.0,69.3399429321289,2.3786258697509766,71.72824096679688
Ripe_32.jpg,Ripe,Ripe,57.46507263183594,14.489891052246094,1.4874919652938843,3.6542742252349854,53.167415618896484,20.601261138916016,0.0,0.000641436839941889,0.0032071841415017843,0.0057729315012693405,0.01699807494878769,0.061257217079401016,0.13758820295333862,0.11321359872817993,0.09268762171268463,0.14592687785625458,0.17062219977378845,0.1250801831483841,0.11545863002538681,0.010583707131445408,0.0009621552308090031,0.0,0.0,0.0,0.0,0.0,0.0,0.0,0.0,0.31847336888313293,0.6815266013145447,0.0,0.0,0.0,0.0,0.0,0.0,0.0,0.0,0.0,0.0,0.0,0.0,0.0,0.0,0.0,0.08819755911827087,0.08755612373352051,0.15137909352779388,0.2783835828304291,0.3726747930049896,0.02180885151028633,0.0,0.0,43.05048370361328,5.414893627166748,47.08723449707031
Ripe_33.jpg,Ripe,Ripe,59.14543151855469,15.267868041992188,-0.17564480006694794,2.9328980445861816,54.510284423828125,22.333036422729492,0.0,0.00032647731131874025,0.0032647731713950634,0.013712046667933464,0.028403526172041893,0.06039830297231674,0.0963108092546463,0.08782240003347397,0.0959843322634697,0.12471432983875275,0.12928500771522522,0.20274241268634796,0.15605615079402924,0.0009794319048523903,0.0,0.0,0.0,0.0,0.0,0.0,0.0,0.0,0.0,0.4822070002555847,0.5177929997444153,0.0,0.0,0.0,0.0,0.0,0.0,0.0,0.0,0.0,0.0,0.0,0.0,0.0,0.0,0.0,0.1025138720870018,0.09533137083053589,0.11622592061758041,0.20143650472164154,0.4760039150714874,0.008488410152494907,0.0,0.0,70.9755859375,-2.059999942779541,71.96154022216797
Ripe_34.jpg,Ripe,Ripe,60.07147979736328,16.97857666015625,0.5520896315574646,4.655234336853027,56.91641616821289,21.4393253326416,0.009993943385779858,0.00333131430670619,0.005148394964635372,0.013628103770315647,0.01695941761136055,0.03906723111867905,0.09024833142757416,0.11144760996103287,0.11871592700481415,0.08298001438379288,0.10236220806837082,0.18625076115131378,0.16141732037067413,0.05814657732844353,0.0003028467472176999,0.0,0.0,0.0,0.0,0.0,0.0,0.0,0.0,0.4424591064453125,0.5454270243644714,0.012113870121538639,0.0,0.0,0.0,0.0,0.0,0.0,0.0,0.0,0.0,0.0,0.0,0.0,0.0,0.0009085402707569301,0.06814052164554596,0.07752876728773117,0.14778922498226166,0.22986069321632385,0.3446395993232727,0.13113264739513397,0.0,0.0,79.58447265625,-4.433035850524902,80.28720092773438
Ripe_35.jpg,Ripe,Ripe,55.49336242675781,15.450437545776367,2.1600000858306885,3.244922637939453,52.77445983886719,20.526037216186523,0.0,0.008307692594826221,0.020307691767811775,0.02123076841235161,0.029846154153347015,0.05876922979950905,0.08092308044433594,0.09076923131942749,0.13507692515850067,0.19107691943645477,0.14184615015983582,0.16523076593875885,0.0560000017285347,0.0006153846043162048,0.0,0.0,0.0,0.0,0.0,0.0,0.0,0.0,0.0,0.23723076283931732,0.7627692222595215,0.0,0.0,0.0,0.0,0.0,0.0,0.0,0.0,0.0,0.0,0.0,0.0,0.0,0.0,0.0,0.07815384864807129,0.11415384709835052,0.1412307620048523,0.2467692345380783,0.41600000858306885,0.0036923077423125505,0.0,0.0,67.74868774414062,2.375415325164795,70.13787078857422
Ripe_36.jpg,Ripe,Ripe,43.49639129638672,15.249378204345703,3.22367525100708,3.571537733078003,40.87910079956055,19.650808334350586,0.013535214588046074,0.00963523704558611,0.027758659794926643,0.05758201330900192,0.11172287166118622,0.15416379272937775,0.12479926645755768,0.11837577074766159,0.14315210282802582,0.13764624297618866,0.07226428389549255,0.02362927235662937,0.004817618522793055,0.0006882312591187656,0.0002294104197062552,0.0,0.0,0.0,0.0,0.0,0.0,0.0,0.0,0.1420050412416458,0.8579949736595154,0.0,0.0,0.0,0.0,0.0,0.0,0.0,0.0,0.0,0.0,0.0,0.0,0.0,0.0,0.0002294104197062552,0.1773342490196228,0.14682266116142273,0.2289515882730484,0.3321862816810608,0.1144757941365242,0.0,0.0,0.0,55.236087799072266,3.161566734313965,58.5948600769043
Ripe_37.jpg,Ripe,Ripe,59.95530700683594,19.49257469177246,1.199112057685852,5.296095371246338,58.5795783996582,22.50160026550293,0.007513661403208971,0.006830601021647453,0.015368852764368057,0.01946721225976944,0.054644808173179626,0.08435792475938797,0.07172130793333054,0.04200819507241249,0.04405737668275833,0.06284152716398239,0.09460382163524628,0.2295081913471222,0.24521857500076294,0.02083333395421505,0.0010245901066809893,0.0,0.0,0.0,0.0,0.0,0.0,0.0,0.0,0.45047813653945923,0.5344945192337036,0.015027322806417942,0.0,0.0,0.0,0.0,0.0,0.0,0.0,0.0,0.0,0.0,0.0,0.0,0.0,0.0,0.051912568509578705,0.12226776033639908,0.12739071249961853,0.12056010961532593,0.46960383653640747,0.10826502740383148,0.0,0.0,78.24805450439453,-3.296875,79.34233093261719
Ripe_38.jpg,Ripe,Ripe,50.26252365112305,17.755523681640625,4.799046039581299,5.104891777038574,48.221229553222656,19.798646926879883,0.028324387967586517,0.01639833115041256,0.01848538964986801,0.028920691460371017,0.03667262941598892,0.07573047280311584,0.13446630537509918,0.13327370584011078,0.08825283497571945,0.12462730705738068,0.1839594542980194,0.10345855355262756,0.022957662120461464,0.0038759689778089523,0.000596302910707891,0.0,0.0,0.0,0.0,0.0,0.0,0.0,0.0,0.12552176415920258,0.8392963409423828,0.03518187254667282,0.0,0.0,0.0,0.0,0.0,0.0,0.0,0.0,0.0,0.0,0.0,0.0,0.0,0.0026833631563931704,0.08199165016412735,0.13088849186897278,0.21914131939411163,0.27310672402381897,0.292188435792923,0.0,0.0,0.0,67.91780853271484,2.6646971702575684,70.16395568847656
Ripe_39.jpg,Ripe,Ripe,55.17619705200195,19.354846954345703,3.8102240562438965,5.982513427734375,52.0343132019043,22.32133674621582,0.01797385700047016,0.008636788465082645,0.01657329685986042,0.022875817492604256,0.042016807943582535,0.07959850877523422,0.10924369841814041,0.1041083112359047,0.0833333358168602,0.0922035500407219,0.10200747102499008,0.15452848374843597,0.1279178410768509,0.033380020409822464,0.005368814337998629,0.00023342670465353876,0.0,0.0,0.0,0.0,0.0,0.0,0.0,0.2460317462682724,0.7061157822608948,0.04785247519612312,0.0,0.0,0.0,0.0,0.0,0.0,0.0,0.0,0.0,0.0,0.0,0.0,0.0,0.0021008404437452555,0.08940242975950241,0.1199813261628151,0.170634925365448,0.22268907725811005,0.333099901676178,0.06209150329232216,0.0,0.0,69.54057312011719,2.77319598197937,71.28718566894531
Ripe_4.jpg,Ripe,Ripe,51.86332702636719,13.710309028625488,-2.2693710327148438,3.1620538234710693,42.33368682861328,14.36588191986084,0.0016460905317217112,0.008818342350423336,0.011757789179682732,0.02904174104332924,0.04514991119503975,0.051146384328603745,0.09359200298786163,0.13744856417179108,0.1988242268562317,0.18306878209114075,0.15861257910728455,0.0806584358215332,0.00023515579232480377,0.0,0.0,0.0,0.0,0.0,0.0,0.0,0.0,0.0,0.0,0.7626102566719055,0.23738977313041687,0.0,0.0,0.0,0.0,0.0,0.0,0.0,0.0,0.0,0.0,0.0,0.0,0.0,0.0,0.0009406231692992151,0.08054085820913315,0.12898294627666473,0.2998236417770386,0.4897119402885437,0.0,0.0,0.0,0.0,56.5496940612793,-3.069488763809204,50.67332458496094
Ripe_40.jpg,Ripe,Ripe,53.750213623046875,15.78007984161377,4.307324409484863,5.049516201019287,51.07533645629883,19.701662063598633,0.005082212388515472,0.010762332007288933,0.012257100082933903,0.02002989500761032,0.033482808619737625,0.07234678417444229,0.11449925601482391,0.1204783245921135,0.11988041549921036,0.14020927250385284,0.16651718318462372,0.13662181794643402,0.04065769910812378,0.0044843051582574844,0.002690583001822233,0.0,0.0,0.0,0.0,0.0,0.0,0.0,0.0,0.16113603115081787,0.8119581341743469,0.026905829086899757,0.0,0.0,0.0,0.0,0.0,0.0,0.0,0.0,0.0,0.0,0.0,0.0,0.0,0.0,0.0789237692952156,0.11121076345443726,0.16741405427455902,0.28968608379364014,0.3506726324558258,0.0020926755387336016,0.0,0.0,68.09577941894531,2.2944693565368652,70.00747680664062
Ripe_41.jpg,Ripe,Ripe,52.198368072509766,18.77010726928711,3.5133116245269775,4.809171199798584,49.60252380371094,22.462461471557617,0.008407286368310452,0.00957496464252472,0.018215786665678024,0.03923400118947029,0.08173750340938568,0.10042036324739456,0.09831853955984116,0.07403082400560379,0.0966837927699089,0.11933676153421402,0.11653432995080948,0.12330686300992966,0.10182157903909683,0.008640822023153305,0.003269500331953168,0.0004670714552048594,0.0,0.0,0.0,0.0,0.0,0.0,0.0,0.1966370791196823,0.7858477234840393,0.01751518063247204,0.0,0.0,0.0,0.0,0.0,0.0,0.0,0.0,0.0,0.0,0.0,0.0,0.0,0.0007006071973592043,0.09855207800865173,0.15927137434482574,0.15506772696971893,0.22863148152828217,0.34096217155456543,0.016814572736620903,0.0,0.0,68.59700775146484,2.246819257736206,70.66284942626953
Ripe_42.jpg,Ripe,Ripe,61.00080871582031,17.698453903198242,1.2839826345443726,4.881516456604004,57.47446060180664,22.6367244720459,0.003463203553110361,0.0017316017765551805,0.008080808445811272,0.011255411431193352,0.033766232430934906,0.052813854068517685,0.09379509091377258,0.08369408547878265,0.0978354960680008,0.08167388290166855,0.10043290257453918,0.13679653406143188,0.20779220759868622,0.08484848588705063,0.0017316017765551805,0.00028860027668997645,0.0,0.0,0.0,0.0,0.0,0.0,0.0,0.380952388048172,0.6170274019241333,0.002020202111452818,0.0,0.0,0.0,0.0,0.0,0.0,0.0,0.0,0.0,0.0,0.0,0.0,0.0,0.0,0.07994227856397629,0.08946608752012253,0.12178932130336761,0.20404040813446045,0.34891775250434875,0.15584415197372437,0.0,0.0,80.06446838378906,-4.0827507972717285,80.12820434570312
Ripe_43.jpg,Ripe,Ripe,59.67220687866211,16.612966537475586,0.9485747814178467,4.148926258087158,54.66353225708008,21.72499656677246,0.0023508667945861816,0.0023508667945861816,0.007640317548066378,0.015574493445456028,0.020863942801952362,0.04114016890525818,0.10696444660425186,0.1151924803853035,0.10490743815898895,0.08786364644765854,0.11107846349477768,0.15633264183998108,0.18454304337501526,0.041727885603904724,0.000881575106177479,0.0005877166986465454,0.0,0.0,0.0,0.0,0.0,0.0,0.0,0.3646782338619232,0.6353217959403992,0.0,0.0,0.0,0.0,0.0,0.0,0.0,0.0,0.0,0.0,0.0,0.0,0.0,0.0,0.0011754333972930908,0.08668821305036545,0.07346458733081818,0.15251249074935913,0.2797531485557556,0.3229503333568573,0.08345577120780945,0.0,0.0,79.3216552734375,-3.95684814453125,78.83114624023438
Ripe_44.jpg,Ripe,Ripe,47.36992263793945,16.823816299438477,7.572485446929932,6.011036396026611,46.39956283569336,19.405616760253906,0.006029048934578896,0.011784050613641739,0.024938339367508888,0.045491915196180344,0.07865168899297714,0.13291312754154205,0.1463414579629898,0.13126884400844574,0.09838312119245529,0.07755549252033234,0.12195122241973877,0.0920800194144249,0.030967388302087784,0.0013702383730560541,0.0002740476920735091,0.0,0.0,0.0,0.0,0.0,0.0,0.0,0.0,0.0720745399594307,0.8215949535369873,0.1063304990530014,0.0,0.0,0.0,0.0,0.0,0.0,0.0,0.0,0.0,0.0,0.0,0.0,0.0,0.0,0.08358454704284668,0.14771170914173126,0.28555768728256226,0.23403672873973846,0.24746505916118622,0.0016442860942333937,0.0,0.0,43.367706298828125,10.34636116027832,47.68867874145508
Ripe_45.jpg,Ripe,Ripe,47.389862060546875,19.597148895263672,6.202914714813232,6.333280086517334,46.530269622802734,21.02219009399414,0.03195067122578621,0.02550448477268219,0.028307175263762474,0.04260089620947838,0.08127802610397339,0.09753363579511642,0.12471973150968552,0.11378923803567886,0.08800448477268219,0.0826793685555458,0.11238789558410645,0.1132287010550499,0.0557735413312912,0.0022421525791287422,0.0,0.0,0.0,0.0,0.0,0.0,0.0,0.0,0.0,0.1535874456167221,0.7665358781814575,0.07987668365240097,0.0,0.0,0.0,0.0,0.0,0.0,0.0,0.0,0.0,0.0,0.0,0.0,0.0,0.0030829596798866987,0.10089685767889023,0.13424888253211975,0.25420403480529785,0.2362668216228485,0.2654148042201996,0.0058856504037976265,0.0,0.0,43.840789794921875,9.098846435546875,48.37561798095703
Ripe_46.jpg,Ripe,Ripe,53.331417083740234,20.791488647460938,4.725564002990723,6.524534702301025,51.8560676574707,23.195722579956055,0.007787325419485569,0.017991406843066216,0.023899033665657043,0.049946293234825134,0.06632652878761292,0.10257787257432938,0.09156820923089981,0.08082706481218338,0.07814178615808487,0.07975295186042786,0.08243823796510696,0.11734694242477417,0.1619226634502411,0.03813104331493378,0.0013426423538476229,0.0,0.0,0.0,0.0,0.0,0.0,0.0,0.0,0.23630504310131073,0.7059613466262817,0.05773362144827843,0.0,0.0,0.0,0.0,0.0,0.0,0.0,0.0,0.0,0.0,0.0,0.0,0.0,0.0002685284707695246,0.08754027634859085,0.16058002412319183,0.1525241732597351,0.20837809145450592,0.2918904423713684,0.09881847351789474,0.0,0.0,79.70552062988281,-3.6889631748199463,80.1956558227539
Ripe_47.jpg,Ripe,Ripe,58.01344680786133,17.85026741027832,1.7113964557647705,4.356644630432129,55.35409164428711,21.876279830932617,0.006420545745640993,0.0038523273542523384,0.008346709422767162,0.016693418845534325,0.0365971103310585,0.06324237585067749,0.11428571492433548,0.07640449702739716,0.1422150880098343,0.06581059098243713,0.08378811925649643,0.170786514878273,0.16532905399799347,0.04558587446808815,0.0006420545978471637,0.0,0.0,0.0,0.0,0.0,0.0,0.0,0.0,0.33290529251098633,0.6645264625549316,0.0025682183913886547,0.0,0.0,0.0,0.0,0.0,0.0,0.0,0.0,0.0,0.0,0.0,0.0,0.0,0.0,0.073194220662117,0.09791332483291626,0.146388441324234,0.25521668791770935,0.31910112500190735,0.10818619281053543,0.0,0.0,70.04533386230469,2.597585439682007,72.50100708007812
Ripe_48.jpg,Ripe,Ripe,50.3359489440918,16.141948699951172,2.228975296020508,3.5586752891540527,44.06431198120117,22.653583526611328,0.006360424216836691,0.008951707743108273,0.00989399291574955,0.014369847252964973,0.04711425304412842,0.15547703206539154,0.15123674273490906,0.13286219537258148,0.0810365155339241,0.08574794232845306,0.14322732388973236,0.12767961621284485,0.032744403928518295,0.003062426345422864,0.00023557126405648887,0.0,0.0,0.0,0.0,0.0,0.0,0.0,0.0,0.19340400397777557,0.8032979965209961,0.0032979976385831833,0.0,0.0,0.0,0.0,0.0,0.0,0.0,0.0,0.0,0.0,0.0,0.0,0.0,0.0,0.1948174387216568,0.11590106040239334,0.20047114789485931,0.2157832682132721,0.2678445279598236,0.005182567518204451,0.0,0.0,68.47785186767578,1.8830127716064453,70.47595977783203
Ripe_49.jpg,Ripe,Ripe,57.281734466552734,14.579103469848633,2.2763915061950684,3.7700514793395996,54.38881301879883,20.475374221801758,0.00027419798425398767,0.0008225939236581326,0.003838771488517523,0.005483959335833788,0.01891965977847576,0.055387988686561584,0.15876062214374542,0.12009871006011963,0.07513024657964706,0.09432410448789597,0.19166438281536102,0.1842610388994217,0.08746915310621262,0.00329037569463253,0.00027419798425398767,0.0,0.0,0.0,0.0,0.0,0.0,0.0,0.0,0.22319714725017548,0.7735124826431274,0.00329037569463253,0.0,0.0,0.0,0.0,0.0,0.0,0.0,0.0,0.0,0.0,0.0,0.0,0.0,0.0,0.07375925779342651,0.09048532694578171,0.148341104388237,0.23772963881492615,0.423635870218277,0.026048807427287102,0.0,0.0,68.70699310302734,2.08341908454895,71.26982116699219
Ripe_5.jpg,Ripe,Ripe,55.89149475097656,13.114840507507324,-1.0201629400253296,3.2135114669799805,25.16924476623535,23.51952362060547,0.00020715370192192495,0.002831100719049573,0.007181328721344471,0.02023201249539852,0.029139621183276176,0.040740229189395905,0.07927081733942032,0.12118492275476456,0.15136030316352844,0.09756939858198166,0.39580169320106506,0.054412372410297394,6.905123882461339e-05,0.0,0.0,0.0,0.0,0.0,0.0,0.0,0.0,0.0,0.0,0.7652257680892944,0.23435989022254944,0.0004143074038438499,0.0,0.0,0.0,0.0,0.0,0.0,0.0,0.0,0.0,0.0,0.0,0.0,0.0,0.00020715370192192495,0.45304515957832336,0.08375915139913559,0.17290429770946503,0.29008424282073975,0.0,0.0,0.0,0.0,67.48963165283203,-1.5576257705688477,0.5116240978240967
Ripe_50.jpg,Ripe,Ripe,56.23556137084961,20.491636276245117,2.3888039588928223,5.098349094390869,53.113487243652344,24.466825485229492,0.037150125950574875,0.014249363914132118,0.017557252198457718,0.011704834178090096,0.016284987330436707,0.06488549709320068,0.10330788791179657,0.09720101952552795,0.08015266805887222,0.08524172753095627,0.10559796541929245,0.17888040840625763,0.13867685198783875,0.04783714935183525,0.0012722646351903677,0.0,0.0,0.0,0.0,0.0,0.0,0.0,0.0,0.29567429423332214,0.6933842301368713,0.010941475629806519,0.0,0.0,0.0,0.0,0.0,0.0,0.0,0.0,0.0,0.0,0.0,0.0,0.0,0.006361322943121195,0.10687022656202316,0.12264630943536758,0.11272264271974564,0.19109414517879486,0.3725190758705139,0.08778625726699829,0.0,0.0,69.53813934326172,2.871687650680542,71.6945571899414
Ripe_51.jpg,Ripe,Ripe,54.4386100769043,17.864667892456055,4.340566635131836,6.214222431182861,52.73576736450195,20.837615966796875,0.00842481479048729,0.009190707467496395,0.008935409598052502,0.013530763797461987,0.061016082763671875,0.10314016044139862,0.08986469358205795,0.10645902156829834,0.11437324434518814,0.10952259600162506,0.1118202731013298,0.13403114676475525,0.08960939198732376,0.03727342188358307,0.002552974270656705,0.0002552974328864366,0.0,0.0,0.0,0.0,0.0,0.0,0.0,0.23793719708919525,0.7362777590751648,0.025785040110349655,0.0,0.0,0.0,0.0,0.0,0.0,0.0,0.0,0.0,0.0,0.0,0.0,0.0,0.0,0.06280316412448883,0.12560632824897766,0.16134797036647797,0.28210365772247314,0.30661219358444214,0.06152667850255966,0.0,0.0,68.75508117675781,3.454237222671509,70.82203674316406
Ripe_52.jpg,Ripe,Ripe,56.373374938964844,16.980802536010742,4.410168647766113,5.73045015335083,56.139095306396484,19.60157585144043,0.00026343518402427435,0.002107481472194195,0.0036880928091704845,0.022128555923700333,0.061907269060611725,0.09773445874452591,0.09167544543743134,0.08614330738782883,0.08219178020954132,0.09720758348703384,0.13066385686397552,0.19257113337516785,0.12249736487865448,0.00816649105399847,0.0010537407360970974,0.0,0.0,0.0,0.0,0.0,0.0,0.0,0.0,0.2038988471031189,0.75,0.0461011603474617,0.0,0.0,0.0,0.0,0.0,0.0,0.0,0.0,0.0,0.0,0.0,0.0,0.0,0.0,0.03688092902302742,0.10089568048715591,0.17755532264709473,0.21917808055877686,0.43308746814727783,0.03240253031253815,0.0,0.0,69.4102554321289,2.4830338954925537,71.86028289794922
Ripe_53.jpg,Ripe,Ripe,71.61862182617188,19.081954956054688,-2.344027519226074,7.8471479415893555,64.0827865600586,26.455018997192383,0.0008593526436015964,0.004010312259197235,0.0051561156287789345,0.006588370073586702,0.006588370073586702,0.012317387387156487,0.04497278854250908,0.068175308406353,0.08994557708501816,0.11859066039323807,0.0810655951499939,0.06330564618110657,0.050701804459095,0.11629905551671982,0.316814661026001,0.014608994126319885,0.0,0.0,0.0,0.0,0.0,0.0,0.02091091312468052,0.5073044896125793,0.46319106221199036,0.008593526668846607,0.0,0.0,0.0,0.0,0.0,0.0,0.0,0.0,0.0,0.0,0.0,0.0,0.0,0.0,0.04984245076775551,0.14551705121994019,0.07132627069950104,0.14207963645458221,0.1641363501548767,0.42709824442863464,0.0,0.0,90.8915023803711,-11.056638717651367,89.08356475830078
Ripe_54.jpg,Ripe,Ripe,53.61622619628906,18.103515625,4.432475566864014,4.639402866363525,51.91642761230469,20.930593490600586,0.010486177168786526,0.014299333095550537,0.019065776839852333,0.029869716614484787,0.04798220470547676,0.07975850254297256,0.11058150976896286,0.08134731650352478,0.08897362649440765,0.10962821543216705,0.1356847733259201,0.21004131436347961,0.054655227810144424,0.006673021707683802,0.000953288865275681,0.0,0.0,0.0,0.0,0.0,0.0,0.0,0.0,0.12392754852771759,0.8551000952720642,0.02097235433757305,0.0,0.0,0.0,0.0,0.0,0.0,0.0,0.0,0.0,0.0,0.0,0.0,0.0,0.0,0.06673021614551544,0.13695582747459412,0.18144264817237854,0.2189386785030365,0.3870352804660797,0.008897362276911736,0.0,0.0,69.7555160522461,3.92741060256958,71.99674987792969
Ripe_55.jpg,Ripe,Ripe,61.510807037353516,17.236515045166016,-3.991995334625244,2.505544900894165,46.22384262084961,26.440153121948242,0.0017152659129351377,0.00600343057885766,0.011720983311533928,0.009148084558546543,0.017438536509871483,0.0305889081209898,0.08118925243616104,0.11835334450006485,0.1134934276342392,0.10291595011949539,0.10291595011949539,0.11034876853227615,0.1603773534297943,0.132933109998703,0.0008576329564675689,0.0,0.0,0.0,0.0,0.0,0.0,0.0,0.0,0.9102343916893005,0.08976557850837708,0.0,0.0,0.0,0.0,0.0,0.0,0.0,0.0,0.0,0.0,0.0,0.0,0.0,0.0,0.08290451765060425,0.10863350331783295,0.10949113965034485,0.10263007134199142,0.20726129412651062,0.3890794813632965,0.0,0.0,0.0,80.74577331542969,-5.738285541534424,71.61943054199219
Ripe_56.jpg,Ripe,Ripe,55.72246170043945,18.95103645324707,-1.3982900381088257,3.945892572402954,45.65625,26.07712173461914,0.012676887214183807,0.008549528196454048,0.017099056392908096,0.02358490601181984,0.05011792480945587,0.06367924809455872,0.09640330076217651,0.10672169923782349,0.09817217290401459,0.10908018797636032,0.10819575190544128,0.10996462404727936,0.1547759473323822,0.040978774428367615,0.0,0.0,0.0,0.0,0.0,0.0,0.0,0.0,0.0,0.6423938870429993,0.3549528419971466,0.002653301926329732,0.0,0.0,0.0,0.0,0.0,0.0,0.0,0.0,0.0,0.0,0.0,0.0,0.002358490601181984,0.03478773683309555,0.15300707519054413,0.11704009771347046,0.13679245114326477,0.21639150381088257,0.3166273534297943,0.02299528382718563,0.0,0.0,79.67626953125,-3.676595687866211,73.52765655517578
Ripe_57.jpg,Ripe,Ripe,61.86848449707031,19.813079833984375,-0.92389976978302,3.4888949394226074,55.60605239868164,25.683115005493164,0.0012224939418956637,0.0076405867002904415,0.014058679342269897,0.017420537769794464,0.021088019013404846,0.07273838669061661,0.09718826413154602,0.08282396197319031,0.07976772636175156,0.05806845799088478,0.0745721235871315,0.09535451978445053,0.197738379240036,0.15647922456264496,0.023838629946112633,0.0,0.0,0.0,0.0,0.0,0.0,0.0,0.0,0.5485941171646118,0.4492664933204651,0.002139364369213581,0.0,0.0,0.0,0.0,0.0,0.0,0.0,0.0,0.0,0.0,0.0,0.0,0.0,0.012836186215281487,0.10207823663949966,0.09352078288793564,0.1350855678319931,0.1408924162387848,0.3288508653640747,0.18673594295978546,0.0,0.0,82.0118637084961,-3.344303846359253,79.27088928222656
Ripe_58.jpg,Ripe,Ripe,64.39922332763672,18.6583309173584,-1.8693181276321411,3.650956153869629,53.41690444946289,24.673280715942383,0.0028409091755747795,0.0078125,0.007457386236637831,0.01775568164885044,0.029829544946551323,0.04900568351149559,0.06569602340459824,0.05681818351149559,0.05291193351149559,0.07137784361839294,0.09765625,0.12819601595401764,0.2535511255264282,0.15340909361839294,0.005681818351149559,0.0,0.0,0.0,0.0,0.0,0.0,0.0,0.0,0.62109375,0.37890625,0.0,0.0,0.0,0.0,0.0,0.0,0.0,0.0,0.0,0.0,0.0,0.0,0.0,0.0,0.02911931835114956,0.09126420319080353,0.08238636702299118,0.12784090638160706,0.19637784361839294,0.3924005627632141,0.08061079680919647,0.0,0.0,80.38176727294922,-3.8298466205596924,74.89540100097656
Ripe_59.jpg,Ripe,Ripe,62.504573822021484,15.649201393127441,-1.6827661991119385,2.8233728408813477,50.3007698059082,24.34446907043457,0.0029271862003952265,0.005488474387675524,0.009513354860246181,0.010245151817798615,0.01427003275603056,0.02414928562939167,0.04756677523255348,0.08013172447681427,0.11781924962997437,0.13135747611522675,0.14233443140983582,0.16428832709789276,0.18404683470726013,0.06403219699859619,0.001829491346143186,0.0,0.0,0.0,0.0,0.0,0.0,0.0,0.0,0.7006952166557312,0.2993047833442688,0.0,0.0,0.0,0.0,0.0,0.0,0.0,0.0,0.0,0.0,0.0,0.0,0.0,0.0,0.049396269023418427,0.0892791822552681,0.098060742020607,0.11672154814004898,0.20563483238220215,0.44090741872787476,0.0,0.0,0.0,79.65339660644531,-3.1827242374420166,72.22093200683594
Ripe_6.jpg,Ripe,Ripe,51.98350143432617,13.89548397064209,-2.0100271701812744,3.35451602935791,42.253658294677734,14.523870468139648,0.00027100270381197333,0.00876242108643055,0.015898825600743294,0.025022583082318306,0.040740739554166794,0.055374886840581894,0.08780487626791,0.1577235758304596,0.22890695929527283,0.09819331765174866,0.1954832822084427,0.08229448646306992,0.00325203244574368,0.00027100270381197333,0.0,0.0,0.0,0.0,0.0,0.0,0.0,0.0,9.033423702931032e-05,0.7413730621337891,0.25853657722473145,0.0,0.0,0.0,0.0,0.0,0.0,0.0,0.0,0.0,0.0,0.0,0.0,0.0,0.0,0.0,0.07759711146354675,0.1462511271238327,0.28166213631629944,0.4941282868385315,0.00036133694811724126,0.0,0.0,0.0,67.59373474121094,-4.0414838790893555,53.55885314941406
Ripe_60.jpg,Ripe,Ripe,50.29915237426758,17.365509033203125,-2.598769426345825,3.098038673400879,39.644752502441406,24.92516326904297,0.011010362766683102,0.012629534117877483,0.014896373264491558,0.04566062241792679,0.0712435245513916,0.10492227971553802,0.08613989502191544,0.09909326583147049,0.13244818150997162,0.12920984625816345,0.12143782526254654,0.1350388526916504,0.036269430071115494,0.0,0.0,0.0,0.0,0.0,0.0,0.0,0.0,0.0,0.0,0.7338082790374756,0.2661917209625244,0.0,0.0,0.0,0.0,0.0,0.0,0.0,0.0,0.0,0.0,0.0,0.0,0.0,0.0019430051324889064,0.09002590924501419,0.14054404199123383,0.10459844768047333,0.16645078361034393,0.3309585452079773,0.16547927260398865,0.0,0.0,0.0,56.60103225708008,-3.6569037437438965,53.37029266357422
Ripe_61.jpg,Ripe,Ripe,62.627403259277344,20.20620346069336,-0.5912504196166992,5.499773025512695,53.03003692626953,21.631114959716797,0.005876591429114342,0.004244205076247454,0.007508978247642517,0.012732614763081074,0.025465229526162148,0.051583416759967804,0.11067580431699753,0.09043421596288681,0.08521057665348053,0.0832517147064209,0.09500489383935928,0.07868102937936783,0.09826967120170593,0.13940581679344177,0.11100228875875473,0.0006529546226374805,0.0,0.0,0.0,0.0,0.0,0.0,0.0,0.5004897117614746,0.49787789583206177,0.0016323865856975317,0.0,0.0,0.0,0.0,0.0,0.0,0.0,0.0,0.0,0.0,0.0,0.0,0.0,0.01991511508822441,0.07345739752054214,0.07247795909643173,0.13059093058109283,0.346392422914505,0.2935031056404114,0.0636630728840828,0.0,0.0,82.52980041503906,-4.6728973388671875,75.36215209960938
Ripe_62.jpg,Ripe,Ripe,58.55063247680664,17.663005828857422,-1.5785506963729858,3.3433117866516113,50.206085205078125,26.6569766998291,0.011014493182301521,0.011014493182301521,0.009275361895561218,0.013913043774664402,0.023188406601548195,0.04753623157739639,0.07681159675121307,0.10927536338567734,0.11420290172100067,0.11304347962141037,0.12434782832860947,0.13884058594703674,0.16492754220962524,0.04173913225531578,0.0005797101184725761,0.00028985505923628807,0.0,0.0,0.0,0.0,0.0,0.0,0.0,0.6721739172935486,0.3278260827064514,0.0,0.0,0.0,0.0,0.0,0.0,0.0,0.0,0.0,0.0,0.0,0.0,0.0,0.0037681160029023886,0.032463766634464264,0.12666666507720947,0.09507246315479279,0.11507246643304825,0.20144927501678467,0.3718840479850769,0.05362318828701973,0.0,0.0,79.21746063232422,-3.828571319580078,77.89022827148438
Ripe_63.jpg,Ripe,Ripe,64.66754150390625,17.071044921875,-1.3018397092819214,3.877828598022461,56.50202560424805,22.713775634765625,0.0009354536887258291,0.004053632728755474,0.0065481760539114475,0.005924540106207132,0.010913626290857792,0.038665417581796646,0.05924540013074875,0.08699719607830048,0.11225444078445435,0.09946990758180618,0.09728718549013138,0.11225444078445435,0.16308076679706573,0.19550982117652893,0.006859993562102318,0.0,0.0,0.0,0.0,0.0,0.0,0.0,0.0,0.6030558347702026,0.39694419503211975,0.0,0.0,0.0,0.0,0.0,0.0,0.0,0.0,0.0,0.0,0.0,0.0,0.0,0.0,0.0065481760539114475,0.0898035541176796,0.0714062973856926,0.07608357071876526,0.29685065150260925,0.3348924219608307,0.1244153380393982,0.0,0.0,82.35835266113281,-4.296249866485596,76.43250274658203
Ripe_64.jpg,Ripe,Ripe,57.248992919921875,18.190776824951172,-0.44957587122917175,3.745166301727295,48.0191650390625,25.39533805847168,0.0062833805568516254,0.005655042361468077,0.011310084722936153,0.02827521227300167,0.038956958800554276,0.05812126770615578,0.10241910070180893,0.09896324574947357,0.09519321471452713,0.10681746900081635,0.1247251033782959,0.11624253541231155,0.15614201128482819,0.04901036620140076,0.001885014120489359,0.0,0.0,0.0,0.0,0.0,0.0,0.0,0.0,0.5554508566856384,0.4429783225059509,0.0015708451392129064,0.0,0.0,0.0,0.0,0.0,0.0,0.0,0.0,0.0,0.0,0.0,0.0,0.0015708451392129064,0.023562677204608917,0.1391768753528595,0.10398994386196136,0.14985862374305725,0.2161482870578766,0.32045239210128784,0.045240338891744614,0.0,0.0,79.9199447631836,-3.2326531410217285,76.27143096923828
Ripe_65.jpg,Ripe,Ripe,48.019737243652344,18.91501235961914,1.927720069885254,6.068455219268799,27.463476181030273,20.431537628173828,0.0,0.001021624426357448,0.00919461902230978,0.03337306156754494,0.21624383330345154,0.1718883067369461,0.07398263365030289,0.0611271932721138,0.06521368771791458,0.08300697803497314,0.08964753895998001,0.07083262503147125,0.10412055253982544,0.02026221714913845,8.513536886312068e-05,0.0,0.0,0.0,0.0,0.0,0.0,0.0,8.513536886312068e-05,0.38591861724853516,0.6123786568641663,0.0016175719210878015,0.0,0.0,0.0,0.0,0.0,0.0,0.0,0.0,0.0,0.0,0.0,0.0,0.0,0.007066235411912203,0.4199727475643158,0.15767069160938263,0.16082070767879486,0.24476417899131775,0.009705431759357452,0.0,0.0,0.0,30.645700454711914,-4.020349979400635,9.280445098876953
Ripe_66.jpg,Ripe,Ripe,48.195892333984375,21.420618057250977,0.010977888479828835,4.313299179077148,24.773122787475586,22.97469711303711,0.0,0.0012457178672775626,0.02491435781121254,0.12254749238491058,0.22524136304855347,0.0441451258957386,0.04274369403719902,0.05052943155169487,0.06368732452392578,0.08766739070415497,0.1117253229022026,0.0727187767624855,0.12223606556653976,0.030520087108016014,7.785736670484766e-05,0.0,0.0,0.0,0.0,0.0,0.0,0.0,0.0028028651140630245,0.4205854833126068,0.5766116380691528,0.0,0.0,0.0,0.0,0.0,0.0,0.0,0.0,0.0,0.0,0.0,0.0,0.0,0.0,0.0046714418567717075,0.5330893993377686,0.10588601976633072,0.06937091052532196,0.2724229097366333,0.014559327624738216,0.0,0.0,0.0,28.328285217285156,-2.711941957473755,8.28882122039795
Ripe_67.jpg,Ripe,Ripe,45.750694274902344,20.467411041259766,1.7307770252227783,4.17789363861084,22.263917922973633,22.27131462097168,0.0,0.005439527332782745,0.04539654776453972,0.12175139039754868,0.21429051458835602,0.049291517585515976,0.05466388911008835,0.06164797395467758,0.07682492583990097,0.0946880653500557,0.10751460492610931,0.06272245198488235,0.09818010777235031,0.007588476408272982,0.0,0.0,0.0,0.0,0.0,0.0,0.0,0.0,0.0,0.2960848808288574,0.7039151191711426,0.0,0.0,0.0,0.0,0.0,0.0,0.0,0.0,0.0,0.0,0.0,0.0,0.0,0.0,0.011953528970479965,0.568531334400177,0.10691021382808685,0.05446242541074753,0.24981532990932465,0.008327177725732327,0.0,0.0,0.0,28.103065490722656,-2.2834699153900146,6.958674907684326
Ripe_68.jpg,Ripe,Ripe,47.89043045043945,20.751951217651367,0.4906657636165619,4.9992194175720215,24.914499282836914,21.362966537475586,0.0,0.004517944063991308,0.013553831726312637,0.05609070137143135,0.17210808396339417,0.24013298749923706,0.055067770183086395,0.05020884796977043,0.0570283867418766,0.0680248886346817,0.07561162859201431,0.0367402620613575,0.05549399182200432,0.11533543467521667,8.524422446498647e-05,0.0,0.0,0.0,0.0,0.0,0.0,0.0,0.007757224608212709,0.41420167684555054,0.5753132700920105,0.002727815182879567,0.0,0.0,0.0,0.0,0.0,0.0,0.0,0.0,0.0,0.0,0.0,0.0,0.0,0.006649049464613199,0.4761742353439331,0.19179950654506683,0.09087034314870834,0.20185832679271698,0.032648537307977676,0.0,0.0,0.0,31.98370933532715,-3.185209035873413,8.982636451721191
Ripe_69.jpg,Ripe,Ripe,52.646217346191406,19.905921936035156,1.405063271522522,5.380581378936768,31.570859909057617,23.610668182373047,0.00044259536662139,0.0062848543748259544,0.00840931199491024,0.01956271566450596,0.22474993765354156,0.07232008129358292,0.05895370617508888,0.054085154086351395,0.062140390276908875,0.07851642370223999,0.12339559197425842,0.11666814237833023,0.15729840099811554,0.01717269979417324,0.0,0.0,0.0,0.0,0.0,0.0,0.0,0.0,0.00354076293297112,0.37337344884872437,0.622200608253479,0.00088519073324278,0.0,0.0,0.0,0.0,0.0,0.0,0.0,0.0,0.0,0.0,0.0,0.0,0.0,0.006550411693751812,0.4115251898765564,0.07152341306209564,0.1327786147594452,0.35266000032424927,0.024962378665804863,0.0,0.0,0.0,29.410398483276367,-2.9259259700775146,8.409296989440918
Ripe_7.jpg,Ripe,Ripe,52.21998977661133,11.895119667053223,-4.104506969451904,4.940454483032227,41.463844299316406,13.511382102966309,0.0,0.003639078000560403,0.006438368931412697,0.014183073304593563,0.031165437772870064,0.07735373824834824,0.0859382301568985,0.1329663097858429,0.2585611641407013,0.17243631184101105,0.18092750012874603,0.03461789712309837,0.001399645465426147,0.00037323878495953977,0.0,0.0,0.0,0.0,0.0,0.0,0.0,0.0,0.041149575263261795,0.7782028317451477,0.1806475669145584,0.0,0.0,0.0,0.0,0.0,0.0,0.0,0.0,0.0,0.0,0.0,0.0,0.0,0.0,0.0,0.07194177806377411,0.1432303786277771,0.3448726236820221,0.4399552047252655,0.0,0.0,0.0,0.0,56.094703674316406,-4.203129291534424,49.60521697998047
Ripe_70.jpg,Ripe,Ripe,52.16847229003906,22.822704315185547,-0.3546261191368103,3.067591428756714,24.462820053100586,25.206693649291992,0.0,0.0009340459946542978,0.009548025205731392,0.0349748320877552,0.2830159366130829,0.06948263943195343,0.04950443655252457,0.04519744589924812,0.04857039079070091,0.06418971717357635,0.08095064759254456,0.049296870827674866,0.09745212644338608,0.16626018285751343,0.0006226972909644246,0.0,0.0,0.0,0.0,0.0,0.0,0.0,0.0012453945819288492,0.4997664988040924,0.49888432025909424,0.0001037828842527233,0.0,0.0,0.0,0.0,0.0,0.0,0.0,0.0,0.0,0.0,0.0,0.0,0.0,0.0624254047870636,0.4912044107913971,0.12080328166484833,0.056042756885290146,0.1269264668226242,0.14259769022464752,0.0,0.0,0.0,28.464752197265625,-2.341700315475464,7.569433212280273
Ripe_71.jpg,Ripe,Ripe,49.48120880126953,22.5306339263916,0.3762328326702118,3.85254168510437,25.64947509765625,21.332263946533203,0.0004042037180624902,0.0030719481874257326,0.018270008265972137,0.04082457721233368,0.31624898314476013,0.1034761518239975,0.03613581135869026,0.03047696128487587,0.03936944156885147,0.05246564373373985,0.07202910631895065,0.05238480120897293,0.12085691094398499,0.11398544907569885,0.0,0.0,0.0,0.0,0.0,0.0,0.0,0.0,0.0,0.422392874956131,0.5776070952415466,0.0,0.0,0.0,0.0,0.0,0.0,0.0,0.0,0.0,0.0,0.0,0.0,0.0,0.0,0.0030719481874257326,0.4783346951007843,0.16693612933158875,0.10412287712097168,0.22764752805233002,0.019886823371052742,0.0,0.0,0.0,29.873580932617188,-3.103438377380371,9.237504005432129
Ripe_72.jpg,Ripe,Ripe,49.72915267944336,22.131576538085938,0.1482907235622406,3.9654598236083984,25.312904357910156,22.043407440185547,0.0,0.005851555150002241,0.04373267665505409,0.08600246161222458,0.2125038504600525,0.0621342770755291,0.04034493491053581,0.050739143043756485,0.05705266445875168,0.0790729895234108,0.10147828608751297,0.07399137318134308,0.10532799363136292,0.08176778256893158,0.0,0.0,0.0,0.0,0.0,0.0,0.0,0.0,0.0004619648971129209,0.392516165971756,0.6070218682289124,0.0,0.0,0.0,0.0,0.0,0.0,0.0,0.0,0.0,0.0,0.0,0.0,0.0,0.0,0.005543578881770372,0.517169713973999,0.11564520746469498,0.08084385842084885,0.26870957016944885,0.012088080868124962,0.0,0.0,0.0,30.388450622558594,-2.9147591590881348,9.53117561340332
Ripe_73.jpg,Ripe,Ripe,51.433624267578125,19.07785987854004,1.7791777849197388,5.547959804534912,28.87462043762207,21.424179077148438,0.0,0.00026809651171788573,0.002680965233594179,0.009740839712321758,0.22725647687911987,0.12788203358650208,0.05764074996113777,0.06309204548597336,0.07426273822784424,0.09213583916425705,0.09892761707305908,0.08427166938781738,0.12323503196239471,0.03851653262972832,8.93655014806427e-05,0.0,0.0,0.0,0.0,0.0,0.0,0.0,0.0,0.4041108191013336,0.592582643032074,0.0033065236639231443,0.0,0.0,0.0,0.0,0.0,0.0,0.0,0.0,0.0,0.0,0.0,0.0,0.0,0.0005361930234357715,0.4412868618965149,0.1081322580575943,0.14673815667629242,0.2867739200592041,0.016532618552446365,0.0,0.0,0.0,30.764799118041992,-3.4298627376556396,10.022430419921875
Ripe_74.jpg,Ripe,Ripe,52.74311447143555,21.656957626342773,0.4932214319705963,3.9454598426818848,27.092317581176758,21.8858642578125,0.00024209167168010026,0.002824402879923582,0.009038088843226433,0.029535183683037758,0.17487087845802307,0.1886701136827469,0.04906391352415085,0.03736281394958496,0.04680439084768295,0.06859263777732849,0.07900258153676987,0.06036152318120003,0.11935119330883026,0.13428017497062683,0.0,0.0,0.0,0.0,0.0,0.0,0.0,0.0,0.0,0.3713686168193817,0.6284700036048889,0.0001613944477867335,0.0,0.0,0.0,0.0,0.0,0.0,0.0,0.0,0.0,0.0,0.0,0.0,0.0,0.0073434473015367985,0.4462556540966034,0.15574564039707184,0.11249192804098129,0.26145899295806885,0.016704324632883072,0.0,0.0,0.0,31.603830337524414,-3.3278846740722656,9.375
Ripe_75.jpg,Ripe,Ripe,46.609745025634766,19.446035385131836,1.5236854553222656,5.299867153167725,27.45482635498047,20.854402542114258,0.0,0.003988279495388269,0.022545987740159035,0.047696564346551895,0.27185413241386414,0.09620706737041473,0.06511476635932922,0.06503336876630783,0.06723099201917648,0.08228878676891327,0.1027185395359993,0.08000976592302322,0.06584730744361877,0.029057463631033897,0.0004069672722835094,0.0,0.0,0.0,0.0,0.0,0.0,0.0,0.0,0.4288621246814728,0.5702425241470337,0.0008953280048444867,0.0,0.0,0.0,0.0,0.0,0.0,0.0,0.0,0.0,0.0,0.0,0.0,0.0,0.002767377533018589,0.43236204981803894,0.11541592329740524,0.17906560003757477,0.26574963331222534,0.004639427177608013,0.0,0.0,0.0,28.69166374206543,-3.030663251876831,7.5550689697265625
Ripe_76.jpg,Ripe,Ripe,43.33057403564453,17.116619110107422,1.4694621562957764,4.9945807456970215,22.108200073242188,18.72635841369629,0.0,0.006355603691190481,0.04162145406007767,0.06371105462312698,0.25344908237457275,0.10541001707315445,0.06952410191297531,0.07130677253007889,0.09083862602710724,0.11300573498010635,0.1251743882894516,0.039373740553855896,0.017749186605215073,0.0024802356492727995,0.0,0.0,0.0,0.0,0.0,0.0,0.0,0.0,0.0,0.37901100516319275,0.6208339929580688,0.00015501472807954997,0.0,0.0,0.0,0.0,0.0,0.0,0.0,0.0,0.0,0.0,0.0,0.0,0.0,0.017516663298010826,0.5055805444717407,0.13912571966648102,0.16741590201854706,0.16912107169628143,0.0012401178246363997,0.0,0.0,0.0,29.893064498901367,-3.414001941680908,9.320094108581543
Ripe_77.jpg,Ripe,Ripe,53.10114669799805,19.28645133972168,1.3668917417526245,5.358293533325195,29.588924407958984,22.5462703704834,0.0,8.546277967980132e-05,0.0014528672909364104,0.014699598774313927,0.22698915004730225,0.09580377489328384,0.05170498415827751,0.05230322107672691,0.058200154453516006,0.08255704492330551,0.12058798223733902,0.13067258894443512,0.14631228148937225,0.018545422703027725,8.546277967980132e-05,0.0,0.0,0.0,0.0,0.0,0.0,0.0,0.0010255533270537853,0.38133493065834045,0.6131954789161682,0.004444064572453499,0.0,0.0,0.0,0.0,0.0,0.0,0.0,0.0,0.0,0.0,0.0,0.0,0.0,0.0032475856132805347,0.4557730257511139,0.07802751660346985,0.11033245176076889,0.33031365275382996,0.022305786609649658,0.0,0.0,0.0,30.321819305419922,-3.289839506149292,9.506595611572266
Ripe_78.jpg,Ripe,Ripe,48.594383239746094,21.081863403320312,1.2319931983947754,5.090623378753662,27.04545021057129,21.156187057495117,0.00016927634715102613,0.006940329913049936,0.014642403461039066,0.03326280042529106,0.30402031540870667,0.08675412833690643,0.04316546767950058,0.05289885774254799,0.06034701690077782,0.07515869289636612,0.07998307049274445,0.0757511630654335,0.10300465673208237,0.06373254209756851,0.00016927634715102613,0.0,0.0,0.0,0.0,0.0,0.0,0.0,0.0005924672004766762,0.39483708143234253,0.6024544835090637,0.002115954179316759,0.0,0.0,0.0,0.0,0.0,0.0,0.0,0.0,0.0,0.0,0.0,0.0,0.0,0.006432501133531332,0.45010578632354736,0.1175624206662178,0.13601353764533997,0.2814219295978546,0.008463816717267036,0.0,0.0,0.0,28.89358901977539,-2.9564428329467773,8.478826522827148
Ripe_79.jpg,Ripe,Ripe,50.35517120361328,19.40526008605957,1.1768441200256348,6.011743068695068,27.276966094970703,20.26523208618164,0.00017397355986759067,0.001043841359205544,0.0019137091003358364,0.007480863016098738,0.2815761864185333,0.09394571930170059,0.060716770589351654,0.06437021493911743,0.0768963098526001,0.07820111513137817,0.09368476271629333,0.08046276867389679,0.128479465842247,0.030967293307185173,8.698677993379533e-05,0.0,0.0,0.0,0.0,0.0,0.0,0.0,0.00017397355986759067,0.47390395402908325,0.519832968711853,0.006089074537158012,0.0,0.0,0.0,0.0,0.0,0.0,0.0,0.0,0.0,0.0,0.0,0.0,0.0,0.000521920679602772,0.45633262395858765,0.12299930304288864,0.16223034262657166,0.2481732815504074,0.00974251888692379,0.0,0.0,0.0,30.018333435058594,-3.9446089267730713,10.030509948730469
Ripe_8.jpg,Ripe,Ripe,51.42641830444336,12.206339836120605,-2.1742160320281982,4.690560817718506,39.83323287963867,14.172856330871582,0.0004805959470104426,0.004805959295481443,0.013336537405848503,0.017541751265525818,0.03244022652506828,0.07064760476350784,0.07929833233356476,0.149825781583786,0.27045536041259766,0.18719211220741272,0.1340862661600113,0.03736633434891701,0.00252312864176929,0.0,0.0,0.0,0.0,0.0,0.0,0.0,0.0,0.0,0.02463054098188877,0.6820858120918274,0.2930433750152588,0.0002402979735052213,0.0,0.0,0.0,0.0,0.0,0.0,0.0,0.0,0.0,0.0,0.0,0.0,0.0,0.000841042899992317,0.08314310014247894,0.1820257157087326,0.3610476851463318,0.3729424476623535,0.0,0.0,0.0,0.0,56.209197998046875,-2.980830669403076,50.19927978515625
Ripe_80.jpg,Ripe,Ripe,49.844032287597656,21.48048973083496,0.00867971871048212,5.031731605529785,28.953418731689453,22.035907745361328,9.644131205277517e-05,0.009161924943327904,0.011187192983925343,0.034333109855651855,0.2886488437652588,0.07127013057470322,0.048606421798467636,0.05410357937216759,0.0608544684946537,0.06914842128753662,0.08515768498182297,0.07956408709287643,0.11061818897724152,0.07724949717521667,0.0,0.0,0.0,0.0,0.0,0.0,0.0,0.0,0.0,0.4622432291507721,0.5356350541114807,0.002121709054335952,0.0,0.0,0.0,0.0,0.0,0.0,0.0,0.0,0.0,0.0,0.0,0.0,0.0,0.007425981108099222,0.4328286349773407,0.108110710978508,0.12305911630392075,0.3038865923881531,0.024688975885510445,0.0,0.0,0.0,28.91042709350586,-4.710053443908691,9.317243576049805
Ripe_81.jpg,Ripe,Ripe,52.45311737060547,19.48695182800293,0.7445061802864075,4.028769016265869,27.87843132019043,22.60909080505371,0.0,0.0,0.011692511849105358,0.03524338826537132,0.13865162432193756,0.15523675084114075,0.044696908444166183,0.05779915302991867,0.08557923883199692,0.11211543530225754,0.10987643897533417,0.07828178256750107,0.11029107123613358,0.06020399555563927,0.00033170246751978993,0.0,0.0,0.0,0.0,0.0,0.0,0.0,0.007795007899403572,0.30748817324638367,0.684550940990448,0.00016585123375989497,0.0,0.0,0.0,0.0,0.0,0.0,0.0,0.0,0.0,0.0,0.0,0.0,0.0,0.001824363600462675,0.47980761528015137,0.08947674185037613,0.07894518971443176,0.34173646569252014,0.008209635503590107,0.0,0.0,0.0,31.63542366027832,-2.3382036685943604,9.020197868347168
Ripe_82.jpg,Ripe,Ripe,41.63759994506836,20.87320899963379,2.184757709503174,4.387582778930664,21.41766929626465,17.704574584960938,0.0002984777675010264,0.03462342172861099,0.06327728927135468,0.10456670820713043,0.2302258461713791,0.11968958377838135,0.05591483414173126,0.05571584776043892,0.07392299175262451,0.0670580044388771,0.058203164488077164,0.023181773722171783,0.05621331185102463,0.056710775941610336,0.00039797034696675837,0.0,0.0,0.0,0.0,0.0,0.0,0.0,0.0,0.3101184070110321,0.6877922415733337,0.0020893444307148457,0.0,0.0,0.0,0.0,0.0,0.0,0.0,0.0,0.0,0.0,0.0,0.0,0.0,0.004576658830046654,0.5417371392250061,0.1572977751493454,0.16575464606285095,0.12894240021705627,0.001691373996436596,0.0,0.0,0.0,29.951650619506836,-2.3726394176483154,9.024413108825684
Ripe_83.jpg,Ripe,Ripe,45.8835563659668,17.584747314453125,2.9022576808929443,4.929013729095459,23.5717830657959,19.665298461914062,9.526531357550994e-05,0.0006668571732006967,0.020863104611635208,0.050871677696704865,0.1740497350692749,0.20272459089756012,0.07373535633087158,0.07030580192804337,0.08221396803855896,0.08364294469356537,0.10745927691459656,0.07668858021497726,0.052205391228199005,0.004477469716221094,0.0,0.0,0.0,0.0,0.0,0.0,0.0,0.0,0.0,0.3025626242160797,0.6968657970428467,0.0005715918960049748,0.0,0.0,0.0,0.0,0.0,0.0,0.0,0.0,0.0,0.0,0.0,0.0,0.0,0.0005715918960049748,0.5099552273750305,0.16233208775520325,0.13584834337234497,0.17366866767406464,0.017624083906412125,0.0,0.0,0.0,31.710023880004883,-2.184457302093506,9.058507919311523
Ripe_84.jpg,Ripe,Ripe,54.14657974243164,18.397415161132812,1.247624397277832,4.308845043182373,31.61738395690918,22.009807586669922,0.0013042668579146266,0.0048444196581840515,0.004937581717967987,0.009968324564397335,0.12083100527524948,0.15949319303035736,0.050773244351148605,0.051611702889204025,0.06726290285587311,0.09735420346260071,0.13750699162483215,0.16284702718257904,0.11784981936216354,0.013322154060006142,9.316191426478326e-05,0.0,0.0,0.0,0.0,0.0,0.0,0.0,0.0,0.36351779103279114,0.6351779103279114,0.0013042668579146266,0.0,0.0,0.0,0.0,0.0,0.0,0.0,0.0,0.0,0.0,0.0,0.0,0.0,0.0002794857427943498,0.40544065833091736,0.08170299977064133,0.11840879172086716,0.38373392820358276,0.010434134863317013,0.0,0.0,0.0,69.7739028930664,4.020023822784424,53.830997467041016
Ripe_85.jpg,Ripe,Ripe,52.166908264160156,18.677135467529297,0.862078845500946,4.993525505065918,28.88050079345703,19.539400100708008,0.0002863414993043989,0.0021952849347144365,0.00286341505125165,0.008972033858299255,0.08093920350074768,0.27164265513420105,0.06280423700809479,0.05430943891406059,0.06251789629459381,0.0747351348400116,0.1072826161980629,0.13162164390087128,0.10709172487258911,0.03273838013410568,0.0,0.0,0.0,0.0,0.0,0.0,0.0,0.0,0.004008781164884567,0.4014507830142975,0.5891953706741333,0.005345041397958994,0.0,0.0,0.0,0.0,0.0,0.0,0.0,0.0,0.0,0.0,0.0,0.0,0.0,0.00038178867544047534,0.39801469445228577,0.1734275072813034,0.15729694068431854,0.26572492718696594,0.005154147278517485,0.0,0.0,0.0,32.69935607910156,-3.5619547367095947,11.534031867980957
Ripe_86.jpg,Ripe,Ripe,47.05422592163086,19.879390716552734,1.5311579704284668,4.907702922821045,26.16440773010254,20.402658462524414,0.0,0.0013995285844430327,0.022981733083724976,0.09060106426477432,0.1093842089176178,0.24182380735874176,0.06901885569095612,0.05539186671376228,0.062463171780109406,0.07586918026208878,0.07918385416269302,0.04854154214262962,0.09944018721580505,0.043901000171899796,0.0,0.0,0.0,0.0,0.0,0.0,0.0,0.0,0.0002209781960118562,0.3828815519809723,0.6132144927978516,0.0036829698365181684,0.0,0.0,0.0,0.0,0.0,0.0,0.0,0.0,0.0,0.0,0.0,0.0,0.0,0.00029463760438375175,0.46015027165412903,0.17081615328788757,0.13862699270248413,0.20109015703201294,0.02902180328965187,0.0,0.0,0.0,32.677005767822266,-3.148348331451416,10.352252006530762
Ripe_87.jpg,Ripe,Ripe,47.32388687133789,19.663166046142578,1.366997480392456,4.92363166809082,25.996177673339844,20.472719192504883,0.0,0.0009555310825817287,0.019404631108045578,0.08511576801538467,0.09643513709306717,0.2595369219779968,0.07409040629863739,0.05777287855744362,0.05983094498515129,0.07739801704883575,0.07945608347654343,0.04836457222700119,0.08812936395406723,0.05343623831868172,7.350238593062386e-05,0.0,0.0,0.0,0.0,0.0,0.0,0.0,0.0015435501700267196,0.39434030652046204,0.6028665900230408,0.0012495405972003937,0.0,0.0,0.0,0.0,0.0,0.0,0.0,0.0,0.0,0.0,0.0,0.0,0.0,0.006027196068316698,0.4469680190086365,0.18647556006908417,0.13399484753608704,0.18713708221912384,0.03939728066325188,0.0,0.0,0.0,33.39590835571289,-2.914611577987671,10.086621284484863
Ripe_88.jpg,Ripe,Ripe,51.03041458129883,19.490859985351562,-0.647155225276947,4.521851062774658,28.334972381591797,23.952547073364258,0.0,0.0007804573397152126,0.022086942568421364,0.05002731457352638,0.13806290924549103,0.15601342916488647,0.04362756758928299,0.05291500687599182,0.06587059795856476,0.10871770977973938,0.14391633868217468,0.09162569046020508,0.08592835068702698,0.040427692234516144,0.0,0.0,0.0,0.0,0.0,0.0,0.0,0.0,0.02099430188536644,0.4700694680213928,0.5089362263679504,0.0,0.0,0.0,0.0,0.0,0.0,0.0,0.0,0.0,0.0,0.0,0.0,0.0,0.0,0.002185280667617917,0.4937173128128052,0.09997658431529999,0.057363614439964294,0.315851092338562,0.030906111001968384,0.0,0.0,0.0,31.550495147705078,-2.958317995071411,10.0
Ripe_89.jpg,Ripe,Ripe,52.78685760498047,18.78485679626465,1.4915752410888672,4.8823370933532715,29.544269561767578,20.385478973388672,0.00015895723481662571,0.0028612304013222456,0.003020187607035041,0.011047528125345707,0.12144333124160767,0.20902876555919647,0.05706565082073212,0.053012240678071976,0.06008583679795265,0.07741217315196991,0.11834366619586945,0.15291686356067657,0.10658083111047745,0.02686377428472042,0.00015895723481662571,0.0,0.0,0.0,0.0,0.0,0.0,0.0,0.006040375214070082,0.30591320991516113,0.6812112331390381,0.006835161242634058,0.0,0.0,0.0,0.0,0.0,0.0,0.0,0.0,0.0,0.0,0.0,0.0,0.0,0.0010332220699638128,0.3756159543991089,0.1688125878572464,0.159195676445961,0.2875536382198334,0.007788904942572117,0.0,0.0,0.0,70.32209014892578,2.780569553375244,53.04480743408203
Ripe_9.jpg,Ripe,Ripe,57.34920120239258,13.12955379486084,-1.5487581491470337,3.088411569595337,20.076623916625977,21.261756896972656,0.0005556481773965061,0.005778741091489792,0.009334889240562916,0.012724342755973339,0.026448853313922882,0.031449686735868454,0.06256598234176636,0.1240762323141098,0.11668611317873001,0.071900874376297,0.5043062567710876,0.034116797149181366,5.556481482926756e-05,0.0,0.0,0.0,0.0,0.0,0.0,0.0,0.0,0.0,0.005945435259491205,0.8246374130249023,0.1694171279668808,0.0,0.0,0.0,0.0,0.0,0.0,0.0,0.0,0.0,0.0,0.0,0.0,0.0,0.0,0.0008334722369909286,0.5360338091850281,0.09479357302188873,0.2103128284215927,0.1580263376235962,0.0,0.0,0.0,0.0,67.32049560546875,-1.5341475009918213,0.8604703545570374
Ripe_90.jpg,Ripe,Ripe,46.002952575683594,21.488418579101562,0.6641857624053955,6.0301408767700195,25.48633575439453,21.950546264648438,0.0037213952746242285,0.008942456915974617,0.025605421513319016,0.2071206420660019,0.16140857338905334,0.0510997548699379,0.04326816275715828,0.042934902012348175,0.0579315721988678,0.07709398120641708,0.11103088408708572,0.10992001742124557,0.08337036520242691,0.016551876440644264,0.0,0.0,0.0,0.0,0.0,0.0,0.0,0.0,0.00899800006300211,0.4962786138057709,0.4758942425251007,0.01882914826273918,0.0,0.0,0.0,0.0,0.0,0.0,0.0,0.0,0.0,0.0,0.0,0.0,0.0,0.02771606296300888,0.45784270763397217,0.1486891806125641,0.13596978783607483,0.17662741243839264,0.05315485596656799,0.0,0.0,0.0,23.870227813720703,-2.363051414489746,8.368106842041016
Ripe_91.jpg,Ripe,Ripe,41.79833984375,21.80398941040039,0.4301668405532837,6.115930080413818,22.1967716217041,22.323867797851562,0.005696975160390139,0.032915856689214706,0.07342767715454102,0.20726138353347778,0.15390875935554504,0.04770086333155632,0.04679658263921738,0.04788171872496605,0.05547768622636795,0.07718045264482498,0.09838585555553436,0.06972012668848038,0.0686349868774414,0.014920649118721485,9.042817691806704e-05,0.0,0.0,0.0,0.0,0.0,0.0,0.0,0.014423293992877007,0.4964054822921753,0.481665700674057,0.007505538873374462,0.0,0.0,0.0,0.0,0.0,0.0,0.0,0.0,0.0,0.0,0.0,0.0,0.0,0.018356919288635254,0.6017995476722717,0.10028485208749771,0.06895148754119873,0.12723244726657867,0.08337477594614029,0.0,0.0,0.0,22.84246253967285,-3.5086309909820557,8.555356979370117
Ripe_92.jpg,Ripe,Ripe,50.88518524169922,18.973073959350586,0.8364312052726746,4.612884044647217,30.747318267822266,22.022293090820312,0.0,0.00031864046468399465,0.0027615507133305073,0.024641528725624084,0.1016463115811348,0.25257566571235657,0.0620286762714386,0.06160382553935051,0.08975040167570114,0.10589484870433807,0.0862453505396843,0.04312267526984215,0.09453000873327255,0.07477429509162903,0.00010621349065331742,0.0,0.0,0.0,0.0,0.0,0.0,0.0,0.0,0.45045140385627747,0.5495485663414001,0.0,0.0,0.0,0.0,0.0,0.0,0.0,0.0,0.0,0.0,0.0,0.0,0.0,0.0,0.0,0.4154009521007538,0.12841211259365082,0.11556027829647064,0.2791290581226349,0.061497610062360764,0.0,0.0,0.0,32.59946060180664,-3.4437270164489746,10.778597831726074
Ripe_93.jpg,Ripe,Ripe,50.42131042480469,21.68431282043457,0.7006018161773682,3.6624350547790527,29.81661605834961,24.26006317138672,0.00016716816753614694,0.014794383198022842,0.02206619828939438,0.05182213336229324,0.12161484360694885,0.21230357885360718,0.05090270936489105,0.05056837201118469,0.05516549572348595,0.07622868567705154,0.0766466036438942,0.055667001754045486,0.1034770980477333,0.10840855538845062,0.00016716816753614694,0.0,0.0,0.0,0.0,0.0,0.0,0.0,0.00016716816753614694,0.372116357088089,0.6277164816856384,0.0,0.0,0.0,0.0,0.0,0.0,0.0,0.0,0.0,0.0,0.0,0.0,0.0,0.0,0.006603142712265253,0.4434135854244232,0.1347375512123108,0.08492143452167511,0.2004346400499344,0.12988966703414917,0.0,0.0,0.0,32.23988342285156,-2.596510410308838,10.045801162719727
Ripe_94.jpg,Ripe,Ripe,51.15056610107422,18.48496437072754,0.29459914565086365,4.540999889373779,32.36042022705078,23.222543716430664,0.00025316455867141485,0.0039662448689341545,0.007257383782416582,0.017215190455317497,0.07772152125835419,0.25594937801361084,0.07485231757164001,0.06556961685419083,0.07797468453645706,0.08953586220741272,0.09206750988960266,0.08303797245025635,0.14227847754955292,0.01232067495584488,0.0,0.0,0.0,0.0,0.0,0.0,0.0,0.0,0.007088607642799616,0.4485231935977936,0.5443037748336792,8.438818622380495e-05,0.0,0.0,0.0,0.0,0.0,0.0,0.0,0.0,0.0,0.0,0.0,0.0,0.0,0.001772151910699904,0.4074261486530304,0.09063290804624557,0.1479324847459793,0.2435443103313446,0.1086919829249382,0.0,0.0,0.0,32.370243072509766,-2.5844004154205322,10.630189895629883
Ripe_95.jpg,Ripe,Ripe,54.328819274902344,19.09541893005371,0.709293007850647,4.663747310638428,32.02471160888672,22.979562759399414,0.00015994881687220186,0.0008797185146249831,0.0011196417035534978,0.007277671247720718,0.15411068499088287,0.1593090146780014,0.059420984238386154,0.04774472117424011,0.061580292880535126,0.08077415078878403,0.09748880565166473,0.13859565556049347,0.1716250777244568,0.019913626834750175,0.0,0.0,0.0,0.0,0.0,0.0,0.0,0.0,0.01039667334407568,0.35148751735687256,0.6274791955947876,0.010636596009135246,0.0,0.0,0.0,0.0,0.0,0.0,0.0,0.0,0.0,0.0,0.0,0.0,0.0,0.003918746020644903,0.38955533504486084,0.11188419908285141,0.10108765214681625,0.37308061122894287,0.020473448559641838,0.0,0.0,0.0,31.262252807617188,-2.88906192779541,9.496301651000977
Ripe_96.jpg,Ripe,Ripe,49.612884521484375,17.08245086669922,1.908780574798584,3.8481600284576416,24.4559268951416,19.918163299560547,0.00017066302825696766,0.00042665755609050393,0.0008533151121810079,0.00580254290252924,0.24362146854400635,0.10376311838626862,0.05538015067577362,0.07628637552261353,0.08746480196714401,0.1076030358672142,0.15914326906204224,0.12100008875131607,0.0383138507604599,0.00017066302825696766,0.0,0.0,0.0,0.0,0.0,0.0,0.0,0.0,0.0022186192218214273,0.20505163073539734,0.7920470833778381,0.0006826521130278707,0.0,0.0,0.0,0.0,0.0,0.0,0.0,0.0,0.0,0.0,0.0,0.0,0.0,0.004607901908457279,0.4613874852657318,0.1307278722524643,0.17288164794445038,0.23039507865905762,0.0,0.0,0.0,0.0,69.02447509765625,3.284449577331543,49.16435623168945
Ripe_97.jpg,Ripe,Ripe,44.58633804321289,17.217870712280273,2.3633673191070557,3.6751632690429688,20.97344207763672,19.413251876831055,0.0,0.0007044734084047377,0.0222613587975502,0.0738288164138794,0.24994716048240662,0.07974638789892197,0.07629446685314178,0.08820006996393204,0.10630504041910172,0.09756956994533539,0.10390982776880264,0.07861923426389694,0.02261359617114067,0.0,0.0,0.0,0.0,0.0,0.0,0.0,0.0,0.0,0.0,0.11419513821601868,0.8854526281356812,0.00035223670420236886,0.0,0.0,0.0,0.0,0.0,0.0,0.0,0.0,0.0,0.0,0.0,0.0,0.0,0.0005635787383653224,0.5284959673881531,0.14800986647605896,0.18738992512226105,0.1350475549697876,0.0004931314033456147,0.0,0.0,0.0,29.124784469604492,2.1987106800079346,9.623038291931152
Ripe_98.jpg,Ripe,Ripe,46.27141571044922,15.343973159790039,3.666128158569336,4.9166154861450195,23.637678146362305,18.284780502319336,0.0,0.0,0.000718003953807056,0.017411595210433006,0.26808473467826843,0.07108239084482193,0.07341590523719788,0.12385568022727966,0.1318434774875641,0.12735594809055328,0.12143241614103317,0.055465806275606155,0.009244300425052643,8.9750494225882e-05,0.0,0.0,0.0,0.0,0.0,0.0,0.0,0.0,8.9750494225882e-05,0.20893914997577667,0.790073573589325,0.0008975049131549895,0.0,0.0,0.0,0.0,0.0,0.0,0.0,0.0,0.0,0.0,0.0,0.0,0.0,0.0009872554801404476,0.4464189410209656,0.13893376290798187,0.3001256585121155,0.11227786540985107,0.0012565068900585175,0.0,0.0,0.0,28.167226791381836,-1.599686861038208,6.9911274909973145
Ripe_99.jpg,Ripe,Ripe,44.08449935913086,16.505401611328125,2.030287027359009,5.614419937133789,25.993942260742188,18.22808265686035,0.0,7.571742025902495e-05,0.013174831867218018,0.05391080304980278,0.1405315399169922,0.2842431962490082,0.08669644594192505,0.09381388872861862,0.08821079879999161,0.08238055557012558,0.06034678593277931,0.01923222467303276,0.05322934687137604,0.024153858423233032,0.0,0.0,0.0,0.0,0.0,0.0,0.0,0.0,0.0,0.4409782588481903,0.5564473271369934,0.0025743923615664244,0.0,0.0,0.0,0.0,0.0,0.0,0.0,0.0,0.0,0.0,0.0,0.0,0.0,0.0,0.4326493442058563,0.19088362157344818,0.19285227358341217,0.17490725219249725,0.008707503788173199,0.0,0.0,0.0,33.52055740356445,-3.490164041519165,10.778688430786133
Overripe_1.jpg,Overripe,Overripe,7.966115951538086,12.846820831298828,-1.5435856580734253,1.1365137100219727,1.4717131853103638,1.900319218635559,0.7383266687393188,0.10087649524211884,0.04653386399149895,0.02804780937731266,0.019442230463027954,0.016254980117082596,0.012430278584361076,0.007968127727508545,0.008924302645027637,0.0065338644199073315,0.01099601574242115,0.000956175324972719,0.0012749003944918513,0.0011155378306284547,0.00031872509862296283,0.0,0.0,0.0,0.0,0.0,0.0,0.0,0.0,0.7233465909957886,0.27665337920188904,0.0,0.0,0.0,0.0,0.0,0.0,0.0,0.0,0.0,0.0,0.0,0.0,0.0,0.0,0.024541832506656647,0.9754581451416016,0.0,0.0,0.0,0.0,0.0,0.0,0.0,3.3115551471710205,-2.0382468700408936,1.308486819267273
Overripe_10.jpg,Overripe,Overripe,9.786613464355469,13.663843154907227,-1.138494610786438,1.6686121225357056,1.6587096452713013,2.60162091255188,0.6550537347793579,0.11548387259244919,0.059139784425497055,0.037634409964084625,0.026236558333039284,0.034408602863550186,0.03311827778816223,0.015698924660682678,0.007526881527155638,0.007096774410456419,0.006881720386445522,0.00021505376207642257,0.0008602150483056903,0.0006451613153330982,0.0,0.0,0.0,0.0,0.0,0.0,0.0,0.0,0.0,0.5735483765602112,0.4264516234397888,0.0,0.0,0.0,0.0,0.0,0.0,0.0,0.0,0.0,0.0,0.0,0.0,0.0,0.0,0.05419354885816574,0.9458064436912537,0.0,0.0,0.0,0.0,0.0,0.0,0.0,4.010986328125,-2.1852805614471436,1.2382912635803223
Overripe_100.jpg,Overripe,Overripe,31.948299407958984,14.034346580505371,4.363886833190918,3.4035661220550537,23.44658851623535,13.304804801940918,0.005375603213906288,0.04410751163959503,0.12115782499313354,0.18345968425273895,0.17918676137924194,0.14900068938732147,0.12556856870651245,0.07911784946918488,0.048656098544597626,0.03046175092458725,0.021364575251936913,0.01033769827336073,0.0019297036342322826,0.00027567194774746895,0.0,0.0,0.0,0.0,0.0,0.0,0.0,0.0,0.0,0.060096483677625656,0.9381116628646851,0.0017918676603585482,0.0,0.0,0.0,0.0,0.0,0.0,0.0,0.0,0.0,0.0,0.0,0.0,0.0,0.0027567194774746895,0.34569263458251953,0.35561680793762207,0.24769124388694763,0.04824259132146835,0.0,0.0,0.0,0.0,19.534391403198242,4.262826919555664,13.072604179382324
Overripe_101.jpg,Overripe,Overripe,27.25562858581543,10.79602336883545,3.719028949737549,2.8630220890045166,18.97293472290039,10.535140991210938,0.0107421875,0.0555245541036129,0.181640625,0.1824776828289032,0.2027064710855484,0.2088448703289032,0.1001674085855484,0.0345982126891613,0.010463169775903225,0.006138392724096775,0.006277901586145163,0.00027901786961592734,0.00013950893480796367,0.0,0.0,0.0,0.0,0.0,0.0,0.0,0.0,0.0,0.0,0.0489676333963871,0.9510323405265808,0.0,0.0,0.0,0.0,0.0,0.0,0.0,0.0,0.0,0.0,0.0,0.0,0.0,0.0,0.004603794775903225,0.4155971109867096,0.4338727593421936,0.1459263414144516,0.0,0.0,0.0,0.0,0.0,18.91577911376953,2.991375684738159,12.100616455078125
Overripe_102.jpg,Overripe,Overripe,37.45732879638672,18.836639404296875,3.23764705657959,3.001147747039795,30.399118423461914,18.36521339416504,0.006029411684721708,0.057647060602903366,0.10838235169649124,0.13735294342041016,0.13294117152690887,0.10985293984413147,0.09352941066026688,0.09235294163227081,0.07485294342041016,0.05985294282436371,0.046617645770311356,0.04500000178813934,0.0333823524415493,0.002205882454290986,0.0,0.0,0.0,0.0,0.0,0.0,0.0,0.0,0.0,0.09661764651536942,0.9033823609352112,0.0,0.0,0.0,0.0,0.0,0.0,0.0,0.0,0.0,0.0,0.0,0.0,0.0,0.0,0.00044117646757513285,0.30250000953674316,0.2141176462173462,0.2619117498397827,0.19588235020637512,0.025147058069705963,0.0,0.0,0.0,19.060192108154297,3.6141629219055176,13.2614164352417
Overripe_103.jpg,Overripe,Overripe,29.14816665649414,13.330641746520996,4.538025856018066,3.315757989883423,20.496389389038086,12.656171798706055,0.011896331794559956,0.05353349447250366,0.15465231239795685,0.21569183468818665,0.18552613258361816,0.14700467884540558,0.09134683758020401,0.05749893933534622,0.03668035566806793,0.02237643301486969,0.017136383801698685,0.005806542932987213,0.0005664919735863805,0.00028324598679319024,0.0,0.0,0.0,0.0,0.0,0.0,0.0,0.0,0.0,0.05707406997680664,0.942784309387207,0.00014162299339659512,0.0,0.0,0.0,0.0,0.0,0.0,0.0,0.0,0.0,0.0,0.0,0.0,0.0,0.0015578529564663768,0.4393145442008972,0.3444271385669708,0.18694235384464264,0.02775810845196247,0.0,0.0,0.0,0.0,19.409170150756836,4.896083354949951,12.2442045211792
Overripe_104.jpg,Overripe,Overripe,60.96730422973633,6.68726110458374,-1.4157037734985352,0.820235013961792,3.1314213275909424,1.0834530591964722,0.0,0.0,0.0,0.0,0.0,0.0005568703636527061,0.02491994947195053,0.05986356735229492,0.1255742758512497,0.2943060100078583,0.4640122652053833,0.030767088755965233,0.0,0.0,0.0,0.0,0.0,0.0,0.0,0.0,0.0,0.0,0.0,0.8277878165245056,0.1722121685743332,0.0,0.0,0.0,0.0,0.0,0.0,0.0,0.0,0.0,0.0,0.0,0.0,0.0,0.0,0.0,1.0,0.0,0.0,0.0,0.0,0.0,0.0,0.0,66.09917449951172,-1.9088351726531982,3.7107484340667725
Overripe_105.jpg,Overripe,Overripe,28.12801170349121,11.975753784179688,3.085574150085449,2.772099018096924,17.31117820739746,9.498106956481934,0.008963300846517086,0.06460341811180115,0.12869948148727417,0.2181633710861206,0.26128867268562317,0.1459496021270752,0.06443429738283157,0.04938271641731262,0.029764924198389053,0.015558937564492226,0.010654490441083908,0.0005073566571809351,0.0006764755817130208,0.001183832180686295,0.0001691188954282552,0.0,0.0,0.0,0.0,0.0,0.0,0.0,0.0,0.09656688570976257,0.903433084487915,0.0,0.0,0.0,0.0,0.0,0.0,0.0,0.0,0.0,0.0,0.0,0.0,0.0,0.0,0.014882462099194527,0.4363267421722412,0.4647386968135834,0.08066970854997635,0.003382377792149782,0.0,0.0,0.0,0.0,30.004087448120117,3.8282549381256104,19.520313262939453
Overripe_106.jpg,Overripe,Overripe,34.85771179199219,19.627344131469727,3.5868582725524902,3.3380794525146484,24.492225646972656,16.721982955932617,0.012539708986878395,0.07640862464904785,0.13542886078357697,0.17104163765907288,0.13910716772079468,0.09714094549417496,0.06721284240484238,0.06403611600399017,0.0628657415509224,0.048486873507499695,0.046146128326654434,0.036615949124097824,0.0372847355902195,0.005684668198227882,0.0,0.0,0.0,0.0,0.0,0.0,0.0,0.0,0.0,0.11402775347232819,0.8856378793716431,0.00033439224353060126,0.0,0.0,0.0,0.0,0.0,0.0,0.0,0.0,0.0,0.0,0.0,0.0,0.0,0.011034944094717503,0.3572981059551239,0.3071392774581909,0.2103327214717865,0.09981608390808105,0.01437886618077755,0.0,0.0,0.0,19.36733627319336,3.7447080612182617,13.399615287780762
Overripe_107.jpg,Overripe,Overripe,37.50687026977539,19.405838012695312,1.7596533298492432,3.3306241035461426,20.53664207458496,17.759248733520508,0.012871026992797852,0.054110847413539886,0.08050958812236786,0.15537168085575104,0.13619647920131683,0.1555030196905136,0.09666404128074646,0.060021013021469116,0.045573942363262177,0.05332282558083534,0.052140794694423676,0.05135277286171913,0.03546099364757538,0.009193590842187405,0.0017073811031877995,0.0,0.0,0.0,0.0,0.0,0.0,0.0,0.0,0.25636985898017883,0.7431048154830933,0.0005253480630926788,0.0,0.0,0.0,0.0,0.0,0.0,0.0,0.0,0.0,0.0,0.0,0.0,0.0,0.0011820330983027816,0.573811411857605,0.17901234328746796,0.1050696074962616,0.1308116614818573,0.010112949647009373,0.0,0.0,0.0,31.930742263793945,2.155017375946045,14.073356628417969
Overripe_108.jpg,Overripe,Overripe,36.68220520019531,19.588281631469727,1.6400392055511475,3.334965229034424,20.872411727905273,18.307191848754883,0.010492445901036263,0.05917739123106003,0.11289871484041214,0.14633463323116302,0.1397593766450882,0.15109121799468994,0.07554560899734497,0.0551203116774559,0.04210967943072319,0.05050363764166832,0.05777839943766594,0.06043648719787598,0.03483491763472557,0.0037772804498672485,0.00013989927538204938,0.0,0.0,0.0,0.0,0.0,0.0,0.0,0.0,0.25699496269226074,0.7430050373077393,0.0,0.0,0.0,0.0,0.0,0.0,0.0,0.0,0.0,0.0,0.0,0.0,0.0,0.0,0.0004196978115942329,0.5643536448478699,0.16410185396671295,0.12632904946804047,0.13500279188156128,0.009792949073016644,0.0,0.0,0.0,31.637081146240234,2.8675343990325928,15.34379768371582
Overripe_109.jpg,Overripe,Overripe,31.139963150024414,16.27904510498047,3.725414991378784,3.4773175716400146,22.744731903076172,15.868386268615723,0.010696040466427803,0.08700510859489441,0.17129629850387573,0.16091954708099365,0.13553640246391296,0.1162196695804596,0.08381225913763046,0.08045977354049683,0.06273946166038513,0.04469987377524376,0.030012771487236023,0.0132503192871809,0.0031928480602800846,0.00015964239719323814,0.0,0.0,0.0,0.0,0.0,0.0,0.0,0.0,0.0,0.10073435306549072,0.8986271023750305,0.0006385695887729526,0.0,0.0,0.0,0.0,0.0,0.0,0.0,0.0,0.0,0.0,0.0,0.0,0.0,0.009259259328246117,0.40868455171585083,0.2598978281021118,0.2450510859489441,0.07535121589899063,0.001756066456437111,0.0,0.0,0.0,18.812503814697266,3.3307175636291504,12.127802848815918
Overripe_11.jpg,Overripe,Overripe,11.683262825012207,16.095815658569336,-1.1962729692459106,1.5534881353378296,1.9753146171569824,3.1710519790649414,0.6461761593818665,0.103339783847332,0.03944820910692215,0.023717328906059265,0.02178121916949749,0.048886738717556,0.0544530488550663,0.02565343677997589,0.011374636553227901,0.011616650968790054,0.009680542163550854,0.0009680542279966176,0.0009680542279966176,0.0014520813710987568,0.0004840271139983088,0.0,0.0,0.0,0.0,0.0,0.0,0.0,0.0,0.6161665320396423,0.38383349776268005,0.0,0.0,0.0,0.0,0.0,0.0,0.0,0.0,0.0,0.0,0.0,0.0,0.0,0.0,0.09462729841470718,0.905372679233551,0.0,0.0,0.0,0.0,0.0,0.0,0.0,3.8414101600646973,-2.1812005043029785,1.1143827438354492
Overripe_110.jpg,Overripe,Overripe,36.66118240356445,17.36766815185547,3.1049695014953613,3.1204886436462402,27.140180587768555,16.984264373779297,0.009965453296899796,0.038001593202352524,0.09659846127033234,0.17286738753318787,0.14177517592906952,0.1004517674446106,0.08995482325553894,0.09593409299850464,0.08131809532642365,0.06749933212995529,0.07188413292169571,0.030560722574591637,0.00279032695107162,0.0002657454169820994,0.0001328727084910497,0.0,0.0,0.0,0.0,0.0,0.0,0.0,0.0,0.13021525740623474,0.8695189952850342,0.0002657454169820994,0.0,0.0,0.0,0.0,0.0,0.0,0.0,0.0,0.0,0.0,0.0,0.0,0.0,0.002657454228028655,0.3356364667415619,0.2621578574180603,0.24235981702804565,0.1559925526380539,0.0011958543909713626,0.0,0.0,0.0,20.05014991760254,3.2012012004852295,12.980179786682129
Overripe_111.jpg,Overripe,Overripe,29.755441665649414,13.6183443069458,3.9672131538391113,3.2530908584594727,22.19672203063965,13.976020812988281,0.018588993698358536,0.05079039931297302,0.18632903695106506,0.16173887252807617,0.13905152678489685,0.15617682039737701,0.12251170724630356,0.08050351589918137,0.046984776854515076,0.023858314380049706,0.012441451661288738,0.0010245901066809893,0.0,0.0,0.0,0.0,0.0,0.0,0.0,0.0,0.0,0.0,0.0,0.06981850415468216,0.9301815032958984,0.0,0.0,0.0,0.0,0.0,0.0,0.0,0.0,0.0,0.0,0.0,0.0,0.0,0.0,0.0038056205958127975,0.3821721374988556,0.31894028186798096,0.2598067820072174,0.0352751761674881,0.0,0.0,0.0,0.0,18.65100860595703,2.8743765354156494,12.046711921691895
Overripe_112.jpg,Overripe,Overripe,27.640378952026367,15.308065414428711,3.820150136947632,3.3608286380767822,20.081985473632812,14.884161949157715,0.02121824398636818,0.10767898708581924,0.21478059887886047,0.1721997708082199,0.14188799262046814,0.1154734417796135,0.06856235861778259,0.05210739001631737,0.04286951571702957,0.027280600741505623,0.023527713492512703,0.01111431885510683,0.0008660508319735527,0.00043302541598677635,0.0,0.0,0.0,0.0,0.0,0.0,0.0,0.0,0.0,0.09295611828565598,0.9066108465194702,0.00043302541598677635,0.0,0.0,0.0,0.0,0.0,0.0,0.0,0.0,0.0,0.0,0.0,0.0,0.0,0.00923787523061037,0.46146073937416077,0.2780023217201233,0.19948036968708038,0.05167436599731445,0.00014434180047828704,0.0,0.0,0.0,18.447282791137695,3.9774341583251953,12.215210914611816
Overripe_113.jpg,Overripe,Overripe,37.706966400146484,18.464290618896484,3.935436964035034,3.100602388381958,27.05169105529785,17.53875732421875,0.0069545358419418335,0.02522316761314869,0.1434502750635147,0.1434502750635147,0.10961179435253143,0.10940419137477875,0.10795100778341293,0.08781399577856064,0.07649989426136017,0.05791986733675003,0.05574008822441101,0.05511729419231415,0.02055221050977707,0.0003113971324637532,0.0,0.0,0.0,0.0,0.0,0.0,0.0,0.0,0.0,0.05771226808428764,0.9422877430915833,0.0,0.0,0.0,0.0,0.0,0.0,0.0,0.0,0.0,0.0,0.0,0.0,0.0,0.0,0.0009341913973912597,0.36713722348213196,0.23562383651733398,0.23064148426055908,0.15891633927822113,0.006746937986463308,0.0,0.0,0.0,18.817262649536133,3.609135150909424,11.13515567779541
Overripe_114.jpg,Overripe,Overripe,29.756248474121094,13.158838272094727,3.7931034564971924,3.096975326538086,18.530668258666992,12.371320724487305,0.0035093072801828384,0.05447055399417877,0.16097040474414825,0.16890448331832886,0.21193164587020874,0.16356423497200012,0.09505645185709,0.0555386021733284,0.04089105874300003,0.026396093890070915,0.01266402192413807,0.0024412572383880615,0.0022886786609888077,0.001068050041794777,0.0003051571547985077,0.0,0.0,0.0,0.0,0.0,0.0,0.0,0.0,0.06820262223482132,0.9317973852157593,0.0,0.0,0.0,0.0,0.0,0.0,0.0,0.0,0.0,0.0,0.0,0.0,0.0,0.0,0.014952700585126877,0.4438510835170746,0.3696978986263275,0.1629539281129837,0.008544400334358215,0.0,0.0,0.0,0.0,30.388391494750977,4.653543472290039,20.23946189880371
Overripe_115.jpg,Overripe,Overripe,27.292400360107422,13.239764213562012,3.6370294094085693,3.113506555557251,16.88128089904785,11.743480682373047,0.012093340046703815,0.0776699036359787,0.18889456987380981,0.20711974799633026,0.20030659437179565,0.12808720767498016,0.07256004214286804,0.04530744254589081,0.03065917268395424,0.01822517439723015,0.011241696774959564,0.0032362460624426603,0.002725259866565466,0.0015329585876315832,0.00034065748332068324,0.0,0.0,0.0,0.0,0.0,0.0,0.0,0.0,0.07613694667816162,0.9236927032470703,0.00017032874166034162,0.0,0.0,0.0,0.0,0.0,0.0,0.0,0.0,0.0,0.0,0.0,0.0,0.0,0.017032872885465622,0.49650827050209045,0.35513541102409363,0.1306421458721161,0.0006813149666413665,0.0,0.0,0.0,0.0,18.845134735107422,2.9337377548217773,10.737283706665039
Overripe_116.jpg,Overripe,Overripe,60.89793014526367,6.5204315185546875,-1.658489465713501,0.6969057321548462,3.5838537216186523,0.8542512655258179,0.0,0.0,0.0,0.0,0.0,0.0,0.02230151742696762,0.05694320425391197,0.12979482114315033,0.30567944049835205,0.461641401052475,0.023639608174562454,0.0,0.0,0.0,0.0,0.0,0.0,0.0,0.0,0.0,0.0,0.0,0.9356229305267334,0.06437704712152481,0.0,0.0,0.0,0.0,0.0,0.0,0.0,0.0,0.0,0.0,0.0,0.0,0.0,0.0,0.0,1.0,0.0,0.0,0.0,0.0,0.0,0.0,0.0,66.01981353759766,-1.9944835901260376,3.8887526988983154
Overripe_117.jpg,Overripe,Overripe,33.16870880126953,14.96915054321289,4.159483432769775,3.3409183025360107,24.323163986206055,14.051823616027832,0.0050040353089571,0.07893462479114532,0.09975787252187729,0.1259079873561859,0.16174334287643433,0.14640839397907257,0.1549636870622635,0.09975787252187729,0.05778853967785835,0.034866828471422195,0.019854720681905746,0.006133979186415672,0.005972558632493019,0.001775625511072576,0.001129943528212607,0.0,0.0,0.0,0.0,0.0,0.0,0.0,0.0,0.07070218026638031,0.9292978048324585,0.0,0.0,0.0,0.0,0.0,0.0,0.0,0.0,0.0,0.0,0.0,0.0,0.0,0.0,0.006133979186415672,0.3108958899974823,0.3302663564682007,0.31073445081710815,0.04196932911872864,0.0,0.0,0.0,0.0,30.093212127685547,4.5338521003723145,22.563425064086914
Overripe_118.jpg,Overripe,Overripe,33.06915283203125,13.85544204711914,3.4733943939208984,3.516996145248413,18.4554386138916,10.077298164367676,0.0024901703000068665,0.04102228209376335,0.1226736530661583,0.11756225675344467,0.16644823551177979,0.220576673746109,0.14534731209278107,0.07627785205841064,0.04285714402794838,0.027522936463356018,0.02005242556333542,0.010353866033256054,0.005111402366310358,0.0014416775666177273,0.00026212321245111525,0.0,0.0,0.0,0.0,0.0,0.0,0.0,0.0,0.11310616135597229,0.8865006566047668,0.00039318480412475765,0.0,0.0,0.0,0.0,0.0,0.0,0.0,0.0,0.0,0.0,0.0,0.0,0.0,0.019134992733597755,0.3680209815502167,0.5119265913963318,0.09816513955593109,0.002752293599769473,0.0,0.0,0.0,0.0,31.531782150268555,4.095041275024414,19.294891357421875
Overripe_119.jpg,Overripe,Overripe,59.59701156616211,7.335324287414551,-1.7202675342559814,0.7339149713516235,3.639063596725464,1.2150639295578003,0.0,0.0,0.0,0.0,0.0,0.004147157073020935,0.04481605440378189,0.0739799365401268,0.1335117071866989,0.33471572399139404,0.3905016779899597,0.018327759578824043,0.0,0.0,0.0,0.0,0.0,0.0,0.0,0.0,0.0,0.0,0.0,0.9579933285713196,0.04200669005513191,0.0,0.0,0.0,0.0,0.0,0.0,0.0,0.0,0.0,0.0,0.0,0.0,0.0,0.0,0.0,1.0,0.0,0.0,0.0,0.0,0.0,0.0,0.0,58.25187301635742,-1.6808643341064453,3.6489195823669434
Overripe_12.jpg,Overripe,Overripe,12.351079940795898,14.106300354003906,-0.523156464099884,3.1643784046173096,4.835881233215332,7.623035430908203,0.5107913613319397,0.15804855525493622,0.09937050193548203,0.06699640303850174,0.04631295055150986,0.035971224308013916,0.03866906464099884,0.016861511394381523,0.007643884979188442,0.00966726616024971,0.008543165400624275,0.0006744604324921966,0.0,0.00044964029802940786,0.0,0.0,0.0,0.0,0.0,0.0,0.0,0.0,0.0,0.5568795204162598,0.4431205093860626,0.0,0.0,0.0,0.0,0.0,0.0,0.0,0.0,0.0,0.0,0.0,0.0,0.0,0.0,0.09442446380853653,0.8053057789802551,0.0858812928199768,0.014388489536941051,0.0,0.0,0.0,0.0,0.0,4.539312839508057,-2.3041269779205322,1.9771428108215332
Overripe_120.jpg,Overripe,Overripe,28.88037872314453,14.75879955291748,3.4448084831237793,3.273852586746216,17.125732421875,12.731772422790527,0.019489478319883347,0.0912383571267128,0.15332873165607452,0.19868920743465424,0.1672990620136261,0.12107623368501663,0.08364953100681305,0.06347016245126724,0.044843047857284546,0.030527768656611443,0.01569506712257862,0.007588823791593313,0.0018972059478983283,0.0008623663452453911,0.00017247327195946127,0.00017247327195946127,0.0,0.0,0.0,0.0,0.0,0.0,0.0,0.09710244834423065,0.9028975367546082,0.0,0.0,0.0,0.0,0.0,0.0,0.0,0.0,0.0,0.0,0.0,0.0,0.0,0.0,0.006553984247148037,0.5348395705223083,0.28992757201194763,0.1553984135389328,0.013280441984534264,0.0,0.0,0.0,0.0,19.222225189208984,2.879023313522339,9.643174171447754
Overripe_121.jpg,Overripe,Overripe,37.25309371948242,23.895431518554688,3.4712681770324707,3.2879810333251953,27.388734817504883,22.471729278564453,0.030603939667344093,0.13348527252674103,0.13804329931735992,0.11916001886129379,0.09181182086467743,0.056161485612392426,0.04802213981747627,0.05404525622725487,0.05192902311682701,0.05030115693807602,0.06771935522556305,0.08009116351604462,0.06869607418775558,0.009930001571774483,0.0,0.0,0.0,0.0,0.0,0.0,0.0,0.0,0.0,0.07667263597249985,0.9226762056350708,0.0006511476240120828,0.0,0.0,0.0,0.0,0.0,0.0,0.0,0.0,0.0,0.0,0.0,0.0,0.0,0.027022628113627434,0.38482826948165894,0.187530517578125,0.1294156014919281,0.21797166764736176,0.05323132127523422,0.0,0.0,0.0,18.265409469604492,3.3509650230407715,12.207290649414062
Overripe_122.jpg,Overripe,Overripe,40.267154693603516,16.03384780883789,1.395198941230774,3.041931390762329,21.247140884399414,13.164599418640137,0.009183180518448353,0.03641050308942795,0.051071371883153915,0.08111809194087982,0.11430642753839493,0.15385854244232178,0.13718383014202118,0.12606734037399292,0.11599806696176529,0.08949573338031769,0.04817141965031624,0.026099564507603645,0.011035927571356297,0.0,0.0,0.0,0.0,0.0,0.0,0.0,0.0,0.0,0.0,0.26607057452201843,0.7338488698005676,8.055421494645998e-05,0.0,0.0,0.0,0.0,0.0,0.0,0.0,0.0,0.0,0.0,0.0,0.0,0.0,0.019735781475901604,0.36289674043655396,0.4091348350048065,0.15458352863788605,0.05364910513162613,0.0,0.0,0.0,0.0,43.799625396728516,2.2087745666503906,20.132123947143555
Overripe_123.jpg,Overripe,Overripe,29.611358642578125,11.917712211608887,1.7740046977996826,2.747098445892334,15.459518432617188,9.500968933105469,0.0021746403072029352,0.038307126611471176,0.1246236190199852,0.2142857164144516,0.23268651962280273,0.18166610598564148,0.09551689773797989,0.051020409911870956,0.025092003867030144,0.017564402893185616,0.011040481738746166,0.0023419202771037817,0.0013382402248680592,0.0015055201947689056,0.000836400140542537,0.0,0.0,0.0,0.0,0.0,0.0,0.0,0.0,0.20023418962955475,0.7997658252716064,0.0,0.0,0.0,0.0,0.0,0.0,0.0,0.0,0.0,0.0,0.0,0.0,0.0,0.0,0.013047842308878899,0.5920040011405945,0.30411508679389954,0.09033121168613434,0.0005018400843255222,0.0,0.0,0.0,0.0,30.742691040039062,2.129384756088257,15.955721855163574
Overripe_124.jpg,Overripe,Overripe,43.828311920166016,18.099611282348633,4.515594959259033,3.747347116470337,36.68143844604492,18.832002639770508,0.004517100285738707,0.03592170402407646,0.060658205300569534,0.08066251128911972,0.08797591179609299,0.10948590934276581,0.11787480860948563,0.10217250883579254,0.10625941306352615,0.10561411082744598,0.10625941306352615,0.06689610332250595,0.015272101387381554,0.0004302000452298671,0.0,0.0,0.0,0.0,0.0,0.0,0.0,0.0,0.0,0.08195310831069946,0.9154657125473022,0.0025812003295868635,0.0,0.0,0.0,0.0,0.0,0.0,0.0,0.0,0.0,0.0,0.0,0.0,0.0,0.0,0.19617122411727905,0.18670682609081268,0.2658636271953583,0.30393633246421814,0.04732200503349304,0.0,0.0,0.0,56.444515228271484,6.189219951629639,51.49885177612305
Overripe_125.jpg,Overripe,Overripe,38.06791305541992,13.572766304016113,3.330246925354004,2.9741859436035156,28.439815521240234,14.500431060791016,0.005594135727733374,0.015625,0.026620371267199516,0.11535494029521942,0.17766202986240387,0.17939814925193787,0.1541280895471573,0.12403549253940582,0.09587191045284271,0.06269290298223495,0.02777777798473835,0.010416666977107525,0.004436728544533253,0.00038580247201025486,0.0,0.0,0.0,0.0,0.0,0.0,0.0,0.0,0.0,0.08641975373029709,0.9133873581886292,0.00019290123600512743,0.0,0.0,0.0,0.0,0.0,0.0,0.0,0.0,0.0,0.0,0.0,0.0,0.0,0.016396604478359222,0.1722608059644699,0.4006558656692505,0.2899305522441864,0.11998456716537476,0.0007716049440205097,0.0,0.0,0.0,30.64899253845215,3.26542329788208,21.481348037719727
Overripe_126.JPG,Overripe,Overripe,41.107032775878906,18.506542205810547,-2.0056402683258057,5.023608207702637,30.334760665893555,20.99932289123535,0.05901399627327919,0.04136202111840248,0.04721119627356529,0.059745144098997116,0.08199289441108704,0.09463129192590714,0.10737413913011551,0.11155211925506592,0.15051180124282837,0.13421767950057983,0.1040317490696907,0.00793816614896059,0.0004177982045803219,0.0,0.0,0.0,0.0,0.0,0.0,0.0,0.0,0.0,0.006162523292005062,0.5062669515609741,0.48757049441337585,0.0,0.0,0.0,0.0,0.0,0.0,0.0,0.0,0.0,0.0,0.0,0.0,0.0,0.0,0.011385001242160797,0.31366199254989624,0.1579277217388153,0.24274075031280518,0.2589304447174072,0.015354083850979805,0.0,0.0,0.0,55.09698486328125,-7.020848751068115,56.40134048461914
Overripe_127.JPG,Overripe,Overripe,42.506492614746094,19.583446502685547,-2.446713447570801,6.645761013031006,38.666866302490234,21.16350746154785,0.06778637319803238,0.04507008194923401,0.054978251457214355,0.05002416670322418,0.05509908124804497,0.07467375695705414,0.09074432402849197,0.10838569700717926,0.143426775932312,0.1578056961297989,0.13351860642433167,0.01800386607646942,0.00048332527512684464,0.0,0.0,0.0,0.0,0.0,0.0,0.0,0.0,0.0,0.030811985954642296,0.5128081440925598,0.45637989044189453,0.0,0.0,0.0,0.0,0.0,0.0,0.0,0.0,0.0,0.0,0.0,0.0,0.0,0.0,0.011478975415229797,0.1892218440771103,0.15079748630523682,0.21507975459098816,0.3251570761203766,0.10826486349105835,0.0,0.0,0.0,56.21641159057617,-7.816677570343018,55.738582611083984
Overripe_128.JPG,Overripe,Overripe,43.590858459472656,21.977611541748047,-2.653550148010254,5.055577754974365,29.74584197998047,23.587724685668945,0.060925766825675964,0.060925766825675964,0.07242657244205475,0.05522288754582405,0.05769413709640503,0.067008838057518,0.0648227334022522,0.08734910935163498,0.10645376145839691,0.1331622451543808,0.14247694611549377,0.048664577305316925,0.03355194255709648,0.009124607779085636,0.00019009600509889424,0.0,0.0,0.0,0.0,0.0,0.0,0.0,0.0009504799963906407,0.59433513879776,0.4047143757343292,0.0,0.0,0.0,0.0,0.0,0.0,0.0,0.0,0.0,0.0,0.0,0.0,0.0,0.0,0.004372207913547754,0.39207300543785095,0.16833001375198364,0.15179166197776794,0.16813990473747253,0.1152932196855545,0.0,0.0,0.0,55.93400955200195,-7.0,56.575138092041016
Overripe_129.JPG,Overripe,Overripe,40.511077880859375,24.498708724975586,4.584018230438232,5.646733283996582,31.444536209106445,23.407665252685547,0.11462613195180893,0.056902218610048294,0.07066556811332703,0.07621199637651443,0.07456861436367035,0.07313065230846405,0.06306491047143936,0.06162695214152336,0.0823746919631958,0.09264585375785828,0.07621199637651443,0.0809367299079895,0.05566968023777008,0.021364009007811546,0.0,0.0,0.0,0.0,0.0,0.0,0.0,0.0,0.0,0.19638454914093018,0.7740345001220703,0.029580935835838318,0.0,0.0,0.0,0.0,0.0,0.0,0.0,0.0,0.0,0.0,0.0,0.0,0.0,0.004313886631280184,0.3338126540184021,0.22822514176368713,0.1507806032896042,0.13331963121891022,0.14852094650268555,0.0010271158535033464,0.0,0.0,5.077372074127197,4.658097743988037,5.985861301422119
Overripe_13.jpg,Overripe,Overripe,10.099063873291016,15.114822387695312,-0.602958083152771,1.8981481790542603,2.8166284561157227,5.175853729248047,0.7227168083190918,0.06634118407964706,0.027426766231656075,0.01924181543290615,0.01651349849998951,0.035468120127916336,0.06016657128930092,0.02670878730714321,0.0090465247631073,0.008328546769917011,0.006174612324684858,0.0010051694698631763,0.0007179781678132713,0.0,0.0,0.0001435956364730373,0.0,0.0,0.0,0.0,0.0,0.0,0.0,0.4929638206958771,0.5070362091064453,0.0,0.0,0.0,0.0,0.0,0.0,0.0,0.0,0.0,0.0,0.0,0.0,0.0,0.0,0.08572659641504288,0.8867030739784241,0.024698449298739433,0.002871912671253085,0.0,0.0,0.0,0.0,0.0,3.253359794616699,-2.0727338790893555,1.4170321226119995
Overripe_130.JPG,Overripe,Overripe,49.41282653808594,20.027591705322266,9.345362663269043,7.690226078033447,42.6915283203125,22.529338836669922,0.030801057815551758,0.03263992816209793,0.02988162264227867,0.034478794783353806,0.055970579385757446,0.0903344452381134,0.07907137274742126,0.09654062986373901,0.1466498076915741,0.12492816895246506,0.08815078437328339,0.09619583934545517,0.08125502616167068,0.012987012974917889,0.00011492931662360206,0.0,0.0,0.0,0.0,0.0,0.0,0.0,0.0,0.10010343790054321,0.6677393317222595,0.23215723037719727,0.0,0.0,0.0,0.0,0.0,0.0,0.0,0.0,0.0,0.0,0.0,0.0,0.0,0.005861395038664341,0.18009424209594727,0.13400758802890778,0.17951959371566772,0.27939316630363464,0.22112400829792023,0.0,0.0,0.0,55.15744400024414,11.092489242553711,55.84144592285156
Overripe_131.JPG,Overripe,Overripe,40.903114318847656,22.411540985107422,9.1878023147583,5.871589660644531,31.70561408996582,22.484451293945312,0.08789931982755661,0.06263310462236404,0.051500484347343445,0.062149081379175186,0.06979671120643616,0.09825750440359116,0.10319457948207855,0.0786060020327568,0.08470474183559418,0.10784123837947845,0.07986447215080261,0.056050337851047516,0.04743465781211853,0.009874152950942516,0.0001936108455993235,0.0,0.0,0.0,0.0,0.0,0.0,0.0,0.0,0.037947725504636765,0.7984511256217957,0.16360116004943848,0.0,0.0,0.0,0.0,0.0,0.0,0.0,0.0,0.0,0.0,0.0,0.0,0.0,0.019264278933405876,0.3109390139579773,0.16873185336589813,0.22594384849071503,0.16873185336589813,0.10542110353708267,0.0009680542279966176,0.0,0.0,43.02934265136719,13.229781150817871,45.6968994140625
Overripe_132.JPG,Overripe,Overripe,45.1987419128418,19.05642318725586,8.753133773803711,6.591565132141113,33.5469856262207,23.150753021240234,0.034072645008563995,0.035358406603336334,0.04082288593053818,0.05475195497274399,0.08861030638217926,0.07178828120231628,0.0912889763712883,0.13071896135807037,0.11132540553808212,0.14089788496494293,0.10918246954679489,0.06525233387947083,0.022929390892386436,0.003000107128173113,0.0,0.0,0.0,0.0,0.0,0.0,0.0,0.0,0.0,0.08646737039089203,0.7278473973274231,0.1856852024793625,0.0,0.0,0.0,0.0,0.0,0.0,0.0,0.0,0.0,0.0,0.0,0.0,0.0,0.007393121253699064,0.31115397810935974,0.13800492882728577,0.18889960646629333,0.23829422891139984,0.11625415086746216,0.0,0.0,0.0,44.16486740112305,12.201253890991211,48.123260498046875
Overripe_133.JPG,Overripe,Overripe,33.919551849365234,16.703271865844727,-0.7347464561462402,2.8519294261932373,27.447900772094727,19.151628494262695,0.03704437240958214,0.09191758930683136,0.08597464114427567,0.10756735503673553,0.12856577336788177,0.12658478319644928,0.10459587723016739,0.10360538959503174,0.12995246052742004,0.051703646779060364,0.025554675608873367,0.006339144427329302,0.0005942947464063764,0.0,0.0,0.0,0.0,0.0,0.0,0.0,0.0,0.0,0.0,0.5188193321228027,0.48118066787719727,0.0,0.0,0.0,0.0,0.0,0.0,0.0,0.0,0.0,0.0,0.0,0.0,0.0,0.0,0.03308241069316864,0.3367670476436615,0.19889065623283386,0.22147385776042938,0.20839937031269073,0.0013866877416148782,0.0,0.0,0.0,43.810791015625,1.8493409156799316,46.700565338134766
Overripe_134.JPG,Overripe,Overripe,36.64921569824219,17.34037971496582,-0.7145873308181763,3.037086248397827,30.526487350463867,21.32059097290039,0.021497121080756187,0.10230326652526855,0.07715930789709091,0.08598848432302475,0.08925143629312515,0.10844529420137405,0.11362764239311218,0.126679465174675,0.1282149702310562,0.10383877158164978,0.040499038994312286,0.0015355086652562022,0.0009596928721293807,0.0,0.0,0.0,0.0,0.0,0.0,0.0,0.0,0.0,0.0,0.5393474102020264,0.46065258979797363,0.0,0.0,0.0,0.0,0.0,0.0,0.0,0.0,0.0,0.0,0.0,0.0,0.0,0.0,0.02687140181660652,0.33032628893852234,0.1462571918964386,0.17946256697177887,0.29462572932243347,0.022456813603639603,0.0,0.0,0.0,44.3990478515625,2.046715259552002,48.02335739135742
Overripe_135.JPG,Overripe,Overripe,37.05705261230469,13.173574447631836,-0.6155389547348022,2.1084680557250977,31.70235252380371,18.639427185058594,0.003647638252004981,0.0435892753303051,0.06802845001220703,0.08298376947641373,0.10377530753612518,0.1603136956691742,0.19970819354057312,0.18256428837776184,0.10341054201126099,0.03957687318325043,0.009666240774095058,0.0012766733998432755,0.0012766733998432755,0.00018238190386909992,0.0,0.0,0.0,0.0,0.0,0.0,0.0,0.0,0.0,0.5073864459991455,0.4926135241985321,0.0,0.0,0.0,0.0,0.0,0.0,0.0,0.0,0.0,0.0,0.0,0.0,0.0,0.0,0.012037205509841442,0.26937806606292725,0.1756337732076645,0.28232720494270325,0.2582527697086334,0.0023709647357463837,0.0,0.0,0.0,43.425132751464844,0.886426568031311,46.45798873901367
Overripe_136.JPG,Overripe,Overripe,28.186120986938477,14.723614692687988,-1.4831725358963013,2.5166993141174316,18.479528427124023,14.7268648147583,0.011361200362443924,0.15777063369750977,0.1440514475107193,0.12840300798416138,0.15819935500621796,0.16141478717327118,0.09367631375789642,0.04608788713812828,0.04608788713812828,0.03322615101933479,0.016720257699489594,0.00278670946136117,0.0002143622696166858,0.0,0.0,0.0,0.0,0.0,0.0,0.0,0.0,0.0,0.0,0.6424437165260315,0.3575562834739685,0.0,0.0,0.0,0.0,0.0,0.0,0.0,0.0,0.0,0.0,0.0,0.0,0.0,0.0,0.053376205265522,0.45123258233070374,0.28553053736686707,0.16527330875396729,0.04458735138177872,0.0,0.0,0.0,0.0,18.22056770324707,-3.128323793411255,11.885549545288086
Overripe_137.JPG,Overripe,Overripe,34.26410675048828,13.358267784118652,-2.9039528369903564,3.322362184524536,30.996341705322266,16.397436141967773,0.03528023511171341,0.0429498516023159,0.04401179775595665,0.09522123634815216,0.15964601933956146,0.21463127434253693,0.1538643091917038,0.13994100689888,0.0748082622885704,0.02855457179248333,0.009203540161252022,0.0018879056442528963,0.0,0.0,0.0,0.0,0.0,0.0,0.0,0.0,0.0,0.0,0.002005899790674448,0.7740412950515747,0.22395280003547668,0.0,0.0,0.0,0.0,0.0,0.0,0.0,0.0,0.0,0.0,0.0,0.0,0.0,0.0,0.014395279809832573,0.21368731558322906,0.22088494896888733,0.36967551708221436,0.18135693669319153,0.0,0.0,0.0,0.0,43.90313720703125,-4.531158924102783,45.15375518798828
Overripe_138.JPG,Overripe,Overripe,33.091434478759766,16.28423500061035,-2.369358777999878,2.9213831424713135,26.36324691772461,19.024377822875977,0.05410326272249222,0.0753023773431778,0.10612563043832779,0.10482507199048996,0.11028742045164108,0.11874105781316757,0.11626999825239182,0.14020028710365295,0.10716608166694641,0.05020158737897873,0.01599687896668911,0.0007803355692885816,0.0,0.0,0.0,0.0,0.0,0.0,0.0,0.0,0.0,0.0,0.0,0.7669397592544556,0.23306021094322205,0.0,0.0,0.0,0.0,0.0,0.0,0.0,0.0,0.0,0.0,0.0,0.0,0.0,0.0,0.01911822147667408,0.3737807273864746,0.19391338527202606,0.2173234522342682,0.1952139437198639,0.0006502796313725412,0.0,0.0,0.0,18.689908981323242,-2.9737274646759033,14.028735160827637
Overripe_139.JPG,Overripe,Overripe,29.679506301879883,14.533158302307129,-1.9483243227005005,2.670194625854492,24.132997512817383,17.44048500061035,0.03527068346738815,0.10194516181945801,0.09327396005392075,0.14377783238887787,0.18350128829479218,0.18619638681411743,0.09233653545379639,0.05917506292462349,0.04792594164609909,0.039489101618528366,0.01581907644867897,0.0007030700799077749,0.00046871337690390646,0.00011717834422597662,0.0,0.0,0.0,0.0,0.0,0.0,0.0,0.0,0.0,0.7198265790939331,0.2801734209060669,0.0,0.0,0.0,0.0,0.0,0.0,0.0,0.0,0.0,0.0,0.0,0.0,0.0,0.0,0.04839465767145157,0.33313804864883423,0.2370517998933792,0.28357160091400146,0.0977267399430275,0.00011717834422597662,0.0,0.0,0.0,19.392141342163086,-3.180874824523926,15.499629020690918
Overripe_14.jpg,Overripe,Overripe,8.80551815032959,13.729374885559082,-1.1886430978775024,1.3903332948684692,1.8497049808502197,3.029228687286377,0.7194690108299255,0.0874631255865097,0.044247787445783615,0.03407079726457596,0.02463126927614212,0.016371682286262512,0.023893805220723152,0.022713864222168922,0.008849557489156723,0.007522123865783215,0.009439527988433838,0.00044247787445783615,0.00044247787445783615,0.00029498524963855743,0.00014749262481927872,0.0,0.0,0.0,0.0,0.0,0.0,0.0,0.0,0.5674041509628296,0.4325958788394928,0.0,0.0,0.0,0.0,0.0,0.0,0.0,0.0,0.0,0.0,0.0,0.0,0.0,0.0,0.058112096041440964,0.9349557757377625,0.0069321533665061,0.0,0.0,0.0,0.0,0.0,0.0,3.3800859451293945,-2.1451196670532227,1.651197075843811
Overripe_140.JPG,Overripe,Overripe,37.084510803222656,15.349908828735352,-3.3028290271759033,2.7322866916656494,31.420381546020508,20.056001663208008,0.02196742407977581,0.04189884290099144,0.07243891805410385,0.09719245880842209,0.13405486941337585,0.14659236371517181,0.09483497589826584,0.1329832822084427,0.14969995617866516,0.09087012708187103,0.016073724254965782,0.0013930561253800988,0.0,0.0,0.0,0.0,0.0,0.0,0.0,0.0,0.0,0.0,0.0,0.8442991971969604,0.15570081770420074,0.0,0.0,0.0,0.0,0.0,0.0,0.0,0.0,0.0,0.0,0.0,0.0,0.0,0.0,0.011573081836104393,0.30400770902633667,0.1722031682729721,0.22096014022827148,0.27025288343429565,0.02100300043821335,0.0,0.0,0.0,55.0313720703125,-4.6587677001953125,57.41824722290039
Overripe_141.JPG,Overripe,Overripe,24.73677635192871,15.156757354736328,-1.5572624206542969,2.5469844341278076,17.553016662597656,15.854686737060547,0.1427500993013382,0.14861996471881866,0.0801798403263092,0.1346322000026703,0.1375046819448471,0.12001997977495193,0.13263393938541412,0.06669164448976517,0.013488197699189186,0.009866367094218731,0.013113525696098804,0.0004995628842152655,0.0,0.0,0.0,0.0,0.0,0.0,0.0,0.0,0.0,0.0,0.0,0.6485574841499329,0.35144248604774475,0.0,0.0,0.0,0.0,0.0,0.0,0.0,0.0,0.0,0.0,0.0,0.0,0.0,0.0,0.10216061025857925,0.45872360467910767,0.20269763469696045,0.20207318663597107,0.03434494882822037,0.0,0.0,0.0,0.0,19.42753028869629,-2.8699254989624023,14.796189308166504
Overripe_142.JPG,Overripe,Overripe,33.0125617980957,13.246374130249023,-2.7583072185516357,3.124906301498413,28.268857955932617,16.24699592590332,0.038708172738552094,0.05118339881300926,0.0600443035364151,0.11787338554859161,0.14305701851844788,0.1711554229259491,0.19050949811935425,0.16381019353866577,0.04185612499713898,0.011425906792283058,0.009327271021902561,0.0005829544388689101,0.0004663635336328298,0.0,0.0,0.0,0.0,0.0,0.0,0.0,0.0,0.0,0.0023318177554756403,0.7752127647399902,0.22245539724826813,0.0,0.0,0.0,0.0,0.0,0.0,0.0,0.0,0.0,0.0,0.0,0.0,0.0,0.00011659088340820745,0.018421359360218048,0.27993470430374146,0.22851812839508057,0.338230162858963,0.13477906584739685,0.0,0.0,0.0,0.0,43.628379821777344,-4.623101711273193,45.59503173828125
Overripe_143.JPG,Overripe,Overripe,39.41890335083008,16.215370178222656,-3.2477359771728516,2.961292028427124,36.63036346435547,19.7774658203125,0.030743565410375595,0.043136321008205414,0.027883699163794518,0.08007626235485077,0.1344137340784073,0.14096759259700775,0.11844614148139954,0.13012392818927765,0.11773116886615753,0.10104861855506897,0.07161582261323929,0.003217349760234356,0.0004766444326378405,0.00011916110815946013,0.0,0.0,0.0,0.0,0.0,0.0,0.0,0.0,0.0007149666198529303,0.8424690365791321,0.1568160206079483,0.0,0.0,0.0,0.0,0.0,0.0,0.0,0.0,0.0,0.0,0.0,0.0,0.0,0.0,0.01775500550866127,0.1982840746641159,0.15943756699562073,0.2603670060634613,0.2998093366622925,0.06434699892997742,0.0,0.0,0.0,44.158302307128906,-3.5190839767456055,47.11323165893555
Overripe_144.JPG,Overripe,Overripe,35.90599822998047,14.414583206176758,-1.5773019790649414,3.042694330215454,31.288848876953125,18.65966033935547,0.016550637781620026,0.06515171378850937,0.05753316730260849,0.09089715033769608,0.12307894229888916,0.15893866121768951,0.15788781642913818,0.1506633460521698,0.11454091966152191,0.050965454429388046,0.012478655204176903,0.0010508340783417225,0.0002627085195854306,0.0,0.0,0.0,0.0,0.0,0.0,0.0,0.0,0.0,0.0,0.6491527557373047,0.3508472442626953,0.0,0.0,0.0,0.0,0.0,0.0,0.0,0.0,0.0,0.0,0.0,0.0,0.0,0.0001313542597927153,0.021279390901327133,0.2644161283969879,0.18402732908725739,0.2799159288406372,0.24734008312225342,0.0028897938318550587,0.0,0.0,0.0,44.23910140991211,-3.1979522705078125,46.22696304321289
Overripe_145.JPG,Overripe,Overripe,36.63703155517578,12.551779747009277,-3.8753676414489746,3.1520256996154785,31.957597732543945,16.69383430480957,0.002573529491201043,0.026348039507865906,0.0675245076417923,0.09240195900201797,0.14350490272045135,0.17818626761436462,0.16225489974021912,0.17316175997257233,0.12132352590560913,0.019975490868091583,0.011519608087837696,0.0009803922148421407,0.00024509805371053517,0.0,0.0,0.0,0.0,0.0,0.0,0.0,0.0,0.0,0.0,0.8526960611343384,0.14730392396450043,0.0,0.0,0.0,0.0,0.0,0.0,0.0,0.0,0.0,0.0,0.0,0.0,0.0,0.0,0.003186274552717805,0.2397058755159378,0.2087009847164154,0.32071077823638916,0.22769607603549957,0.0,0.0,0.0,0.0,44.132957458496094,-4.918877601623535,46.80152893066406
Overripe_146.JPG,Overripe,Overripe,34.65497589111328,16.90656852722168,-2.218852996826172,3.1496591567993164,29.577136993408203,20.395885467529297,0.05138289928436279,0.06977924704551697,0.06660746037960052,0.11113930493593216,0.13055062294006348,0.15046942234039307,0.09984775632619858,0.09756407141685486,0.10098959505558014,0.07624968141317368,0.03971073403954506,0.004440497141331434,0.001141842221841216,0.00012687135313171893,0.0,0.0,0.0,0.0,0.0,0.0,0.0,0.0,0.0,0.7189799547195435,0.28102004528045654,0.0,0.0,0.0,0.0,0.0,0.0,0.0,0.0,0.0,0.0,0.0,0.0,0.0,0.0,0.02372494339942932,0.330119252204895,0.1457751840353012,0.2550114095211029,0.22012180089950562,0.025247398763895035,0.0,0.0,0.0,55.66486740112305,-4.338359832763672,55.616397857666016
Overripe_147.JPG,Overripe,Overripe,33.39210510253906,16.366750717163086,-2.93986439704895,3.486085891723633,26.16051483154297,19.237882614135742,0.01655743271112442,0.11256755143404007,0.09589513391256332,0.12015637755393982,0.12119121849536896,0.12303093075752258,0.1109578013420105,0.09394043684005737,0.10888811945915222,0.07945268601179123,0.015522593632340431,0.0013797861756756902,0.00034494654391892254,0.0001149821764556691,0.0,0.0,0.0,0.0,0.0,0.0,0.0,0.0,0.0004599287058226764,0.751868486404419,0.24767160415649414,0.0,0.0,0.0,0.0,0.0,0.0,0.0,0.0,0.0,0.0,0.0,0.0,0.0,0.0,0.030010348185896873,0.37392204999923706,0.19351500272750854,0.2167413979768753,0.18282166123390198,0.002989536616951227,0.0,0.0,0.0,19.014097213745117,-3.555795431137085,14.158387184143066
Overripe_148.JPG,Overripe,Overripe,26.943445205688477,14.155654907226562,-2.4329802989959717,2.9226584434509277,19.961252212524414,16.625408172607422,0.02568146027624607,0.17548997700214386,0.13584139943122864,0.14338815212249756,0.13719306886196136,0.12333858758211136,0.12209957093000412,0.08335210382938385,0.031200719997286797,0.014079747721552849,0.00822257250547409,0.00011263797932770103,0.0,0.0,0.0,0.0,0.0,0.0,0.0,0.0,0.0,0.0,0.0,0.7665014863014221,0.23349852859973907,0.0,0.0,0.0,0.0,0.0,0.0,0.0,0.0,0.0,0.0,0.0,0.0,0.0,0.0,0.050461817532777786,0.45505744218826294,0.2190808802843094,0.19767965376377106,0.07772020995616913,0.0,0.0,0.0,0.0,19.007949829101562,-3.519014358520508,13.926084518432617
Overripe_149.JPG,Overripe,Overripe,25.7774600982666,15.36663818359375,-1.6219782829284668,2.7067246437072754,17.415267944335938,16.092626571655273,0.12419832497835159,0.128021702170372,0.11198815703392029,0.13233843445777893,0.1313517540693283,0.12567834556102753,0.09977799654006958,0.08695115894079208,0.03601381182670593,0.011346817947924137,0.011593488045036793,0.0007400098838843405,0.0,0.0,0.0,0.0,0.0,0.0,0.0,0.0,0.0,0.0,0.0,0.6618154644966125,0.33818450570106506,0.0,0.0,0.0,0.0,0.0,0.0,0.0,0.0,0.0,0.0,0.0,0.0,0.0,0.0,0.05981746315956116,0.518993616104126,0.1932659149169922,0.16440552473068237,0.0635175108909607,0.0,0.0,0.0,0.0,19.176748275756836,-3.2737226486206055,12.879562377929688
Overripe_15.jpg,Overripe,Overripe,19.056270599365234,26.240020751953125,-0.8890240788459778,1.1150425672531128,1.6941064596176147,1.1943460702896118,0.6169235110282898,0.07488510757684708,0.022168153896927834,0.013787509873509407,0.011354420334100723,0.01797783188521862,0.009191673249006271,0.008110299706459045,0.007299270015209913,0.035144634544849396,0.1580156832933426,0.02514193020761013,0.0,0.0,0.0,0.0,0.0,0.0,0.0,0.0,0.0,0.0,0.0,0.5090565085411072,0.4909434914588928,0.0,0.0,0.0,0.0,0.0,0.0,0.0,0.0,0.0,0.0,0.0,0.0,0.0,0.0,0.011084076948463917,0.9889159202575684,0.0,0.0,0.0,0.0,0.0,0.0,0.0,2.468885660171509,0.053175777196884155,1.3710486888885498
Overripe_150.JPG,Overripe,Overripe,30.381032943725586,16.191267013549805,-2.4753775596618652,2.8782498836517334,26.13542366027832,17.9913272857666,0.08638526499271393,0.08338505774736404,0.06890130043029785,0.13252638280391693,0.17773640155792236,0.13914752006530762,0.08824746310710907,0.07200496643781662,0.0786261111497879,0.05752120912075043,0.013035382144153118,0.0017587420297786593,0.0006207324913702905,0.00010345540795242414,0.0,0.0,0.0,0.0,0.0,0.0,0.0,0.0,0.0,0.7489137053489685,0.2510862946510315,0.0,0.0,0.0,0.0,0.0,0.0,0.0,0.0,0.0,0.0,0.0,0.0,0.0,0.0,0.02813987247645855,0.33519554138183594,0.22915373742580414,0.2575005292892456,0.14618249237537384,0.0038278501015156507,0.0,0.0,0.0,20.098228454589844,-3.5822160243988037,17.930133819580078
Overripe_151.JPG,Overripe,Overripe,37.92983627319336,15.357928276062012,-3.679612636566162,3.160111665725708,34.642093658447266,19.509416580200195,0.023104852065443993,0.045659586787223816,0.05644185096025467,0.08207723498344421,0.11574430763721466,0.16503465175628662,0.12806689739227295,0.12267576158046722,0.1346682757139206,0.09924083948135376,0.024535153061151505,0.0018703928217291832,0.0007701617432758212,0.00011002310202457011,0.0,0.0,0.0,0.0,0.0,0.0,0.0,0.0,0.0,0.8564198613166809,0.14358015358448029,0.0,0.0,0.0,0.0,0.0,0.0,0.0,0.0,0.0,0.0,0.0,0.0,0.0,0.0,0.009792055934667587,0.24579161405563354,0.14512047171592712,0.27659809589385986,0.30674442648887634,0.01595335081219673,0.0,0.0,0.0,55.6279296875,-5.245293140411377,57.530391693115234
Overripe_152.JPG,Overripe,Overripe,38.36282730102539,13.725905418395996,-3.3798131942749023,2.7019033432006836,34.875667572021484,18.27790641784668,0.00493127666413784,0.035358306020498276,0.05067674070596695,0.08362186700105667,0.12831811606884003,0.16031895577907562,0.1544433981180191,0.14951211214065552,0.13146574795246124,0.08498583734035492,0.015318434685468674,0.001049207872711122,0.0,0.0,0.0,0.0,0.0,0.0,0.0,0.0,0.0,0.0,0.0,0.8668555021286011,0.13314448297023773,0.0,0.0,0.0,0.0,0.0,0.0,0.0,0.0,0.0,0.0,0.0,0.0,0.0,0.0,0.003357465146109462,0.21970412135124207,0.17332912981510162,0.28632882237434387,0.31350329518318176,0.003777148202061653,0.0,0.0,0.0,43.93387985229492,-3.290818929672241,47.084861755371094
Overripe_153.JPG,Overripe,Overripe,29.451143264770508,14.581656455993652,-2.9819176197052,3.107407808303833,23.738758087158203,17.101171493530273,0.03045443817973137,0.10599571466445923,0.1307399421930313,0.1519152969121933,0.14679990708827972,0.12966927886009216,0.11349036544561386,0.0942184180021286,0.06578634679317474,0.018677135929465294,0.011301451362669468,0.0008327385294251144,0.0,0.00011896264913957566,0.0,0.0,0.0,0.0,0.0,0.0,0.0,0.0,0.0008327385294251144,0.7877706289291382,0.21139661967754364,0.0,0.0,0.0,0.0,0.0,0.0,0.0,0.0,0.0,0.0,0.0,0.0,0.0,0.0,0.03390435501933098,0.361408531665802,0.2595764994621277,0.2292410135269165,0.11586961895227432,0.0,0.0,0.0,0.0,19.054229736328125,-4.056337833404541,14.912242889404297
Overripe_154.JPG,Overripe,Overripe,37.31216812133789,16.282062530517578,-3.4164042472839355,3.562530994415283,33.11566162109375,20.271102905273438,0.03830162435770035,0.06601990759372711,0.06249212473630905,0.08265087753534317,0.09600605070590973,0.10721935331821442,0.11528285592794418,0.1361975520849228,0.21431271731853485,0.06904371827840805,0.011087312363088131,0.000755953136831522,0.00025198436924256384,0.00025198436924256384,0.00012599218462128192,0.0,0.0,0.0,0.0,0.0,0.0,0.0,0.002645835978910327,0.7951366901397705,0.2022174596786499,0.0,0.0,0.0,0.0,0.0,0.0,0.0,0.0,0.0,0.0,0.0,0.0,0.0,0.0,0.01839485950767994,0.25488218665122986,0.1655537337064743,0.22010836005210876,0.3382890224456787,0.0027718280907720327,0.0,0.0,0.0,54.41276550292969,-6.153051376342773,56.02165222167969
Overripe_155.jpg,Overripe,Overripe,50.688316345214844,20.770198822021484,0.9011902213096619,1.6697018146514893,1.485363483428955,7.225070953369141,0.029916362836956978,0.0645507201552391,0.06294231116771698,0.03324040398001671,0.04214025288820267,0.019408106803894043,0.018764743581414223,0.016620201990008354,0.06117306277155876,0.2035706639289856,0.4397919774055481,0.007505897432565689,0.00037529488326981664,0.0,0.0,0.0,0.0,0.0,0.0,0.0,0.0,0.0,0.0,0.09966759383678436,0.9003323912620544,0.0,0.0,0.0,0.0,0.0,0.0,0.0,0.0,0.0,0.0,0.0,0.0,0.0,0.0,0.625080406665802,0.3310636878013611,0.026538709178566933,0.01731717772781849,0.0,0.0,0.0,0.0,0.0,65.5329360961914,0.6484816074371338,-1.7823165655136108
Overripe_156.jpg,Overripe,Overripe,35.80814743041992,23.032997131347656,2.622659921646118,3.431614398956299,6.624114990234375,9.568296432495117,0.05752255395054817,0.13434863090515137,0.13134154677391052,0.106411874294281,0.10030070692300797,0.055776506662368774,0.033853914588689804,0.02958579920232296,0.025705693289637566,0.0354059562087059,0.28392666578292847,0.004753128159791231,0.0007760209264233708,0.0002910078619606793,0.0,0.0,0.0,0.0,0.0,0.0,0.0,0.0,0.0,0.09874866902828217,0.9011543393135071,9.700261580292135e-05,0.0,0.0,0.0,0.0,0.0,0.0,0.0,0.0,0.0,0.0,0.0,0.0,0.0,0.31506451964378357,0.4975264370441437,0.17266465723514557,0.014744398184120655,0.0,0.0,0.0,0.0,0.0,65.64607238769531,0.6044978499412537,-2.1205894947052
Overripe_157.jpg,Overripe,Overripe,63.96895980834961,4.620288848876953,0.06387630850076675,0.7553018927574158,0.12072466313838959,1.5737195014953613,0.0,0.0,0.0,0.0,0.0,0.0,0.000937060744035989,0.02280181087553501,0.04591597616672516,0.18491332232952118,0.6996720433235168,0.04575980082154274,0.0,0.0,0.0,0.0,0.0,0.0,0.0,0.0,0.0,0.0,0.0,0.21552397310733795,0.7844760417938232,0.0,0.0,0.0,0.0,0.0,0.0,0.0,0.0,0.0,0.0,0.0,0.0,0.0,0.0,0.29189443588256836,0.7081055641174316,0.0,0.0,0.0,0.0,0.0,0.0,0.0,66.22651672363281,0.2521202862262726,1.187355399131775
Overripe_158.jpg,Overripe,Overripe,63.409244537353516,3.771731376647949,0.6236880421638489,0.7098144888877869,-2.647751569747925,3.0592100620269775,0.0,0.0,0.0,0.0,0.0,0.0,0.0006826521130278707,0.01339704729616642,0.029354039579629898,0.2893591523170471,0.6470688581466675,0.02013823762536049,0.0,0.0,0.0,0.0,0.0,0.0,0.0,0.0,0.0,0.0,0.0,0.04394572973251343,0.9560542702674866,0.0,0.0,0.0,0.0,0.0,0.0,0.0,0.0,0.0,0.0,0.0,0.0,0.0,0.0,0.7111528515815735,0.2888471782207489,0.0,0.0,0.0,0.0,0.0,0.0,0.0,65.0250473022461,0.6016396284103394,-3.8459103107452393
Overripe_159.jpg,Overripe,Overripe,63.65522766113281,4.056930065155029,0.6315839886665344,0.8557829856872559,-2.002974271774292,3.1156868934631348,0.0,0.0,0.0,0.0,0.0,0.0,0.0018228916451334953,0.019380217418074608,0.036553774029016495,0.21097572147846222,0.7159166932106018,0.01535066682845354,0.0,0.0,0.0,0.0,0.0,0.0,0.0,0.0,0.0,0.0,0.0,0.08289360255002975,0.9171063899993896,0.0,0.0,0.0,0.0,0.0,0.0,0.0,0.0,0.0,0.0,0.0,0.0,0.0,0.0,0.6043365597724915,0.39566344022750854,0.0,0.0,0.0,0.0,0.0,0.0,0.0,65.3330307006836,0.8106828927993774,-4.005183696746826
Overripe_16.jpg,Overripe,Overripe,7.897251605987549,13.076430320739746,-1.2641277313232422,1.412138819694519,1.8083537817001343,2.8978092670440674,0.7701166868209839,0.08277027308940887,0.026412775740027428,0.017199017107486725,0.013667075894773006,0.021652333438396454,0.025491399690508842,0.019041769206523895,0.007985257543623447,0.006910319440066814,0.0070638819597661495,0.0006142506026662886,0.0010749385692179203,0.0,0.0,0.0,0.0,0.0,0.0,0.0,0.0,0.0,0.0,0.6452702879905701,0.3547297418117523,0.0,0.0,0.0,0.0,0.0,0.0,0.0,0.0,0.0,0.0,0.0,0.0,0.0,0.0,0.040386978536844254,0.9540847539901733,0.005528255365788937,0.0,0.0,0.0,0.0,0.0,0.0,3.3941385746002197,-2.088101863861084,1.3645892143249512
Overripe_160.jpg,Overripe,Overripe,25.751665115356445,16.79646873474121,1.5961494445800781,2.3505172729492188,6.214627265930176,6.721042156219482,0.023695603013038635,0.1509455442428589,0.2439052164554596,0.21326042711734772,0.13761676847934723,0.05821371451020241,0.03098655678331852,0.023125996813178062,0.019024834036827087,0.011050352826714516,0.07222601771354675,0.014809751883149147,0.0011392117012292147,0.0,0.0,0.0,0.0,0.0,0.0,0.0,0.0,0.0,0.0,0.15014809370040894,0.8498519062995911,0.0,0.0,0.0,0.0,0.0,0.0,0.0,0.0,0.0,0.0,0.0,0.0,0.0,0.002506265649572015,0.05901116505265236,0.8545226454734802,0.07792207598686218,0.006037821993231773,0.0,0.0,0.0,0.0,0.0,18.445056915283203,1.936285138130188,6.037796974182129
Overripe_161.jpg,Overripe,Overripe,60.876930236816406,4.611751556396484,1.7044628858566284,0.56136554479599,-5.17246150970459,2.010897159576416,0.0,0.0,0.0,0.0,0.0,0.0,0.0004324511392042041,0.02672548033297062,0.1357896625995636,0.4041688144207001,0.4328835904598236,0.0,0.0,0.0,0.0,0.0,0.0,0.0,0.0,0.0,0.0,0.0,0.0,0.0,1.0,0.0,0.0,0.0,0.0,0.0,0.0,0.0,0.0,0.0,0.0,0.0,0.0,0.0,0.0,1.0,0.0,0.0,0.0,0.0,0.0,0.0,0.0,0.0,58.3942756652832,1.9170271158218384,-5.936248779296875
Overripe_162.jpg,Overripe,Overripe,53.291954040527344,17.73600196838379,1.6181914806365967,1.5211504697799683,-1.4008204936981201,5.69744348526001,0.004169307183474302,0.03545578941702843,0.07418031245470047,0.03829091787338257,0.019679130986332893,0.009005703963339329,0.003902471624314785,0.03562255948781967,0.1148727536201477,0.2592308521270752,0.3966178596019745,0.008905639871954918,6.670891889370978e-05,0.0,0.0,0.0,0.0,0.0,0.0,0.0,0.0,0.0,0.0,0.01591007597744465,0.9840899109840393,0.0,0.0,0.0,0.0,0.0,0.0,0.0,0.0,0.0,0.0,0.0,0.0,0.0,0.000466962403152138,0.6576164960861206,0.32433873414993286,0.015343050472438335,0.002234748564660549,0.0,0.0,0.0,0.0,0.0,57.74209976196289,1.8836956024169922,-5.345059394836426
Overripe_163.jpg,Overripe,Overripe,60.559173583984375,4.656312465667725,1.7298696041107178,0.8420356512069702,-5.695606708526611,2.814384937286377,0.0,0.0,0.0,0.0,0.0,0.0,0.002099265344440937,0.02039286307990551,0.15879441797733307,0.4460938572883606,0.3669215738773346,0.005698005668818951,0.0,0.0,0.0,0.0,0.0,0.0,0.0,0.0,0.0,0.0,0.0,0.0010496326722204685,0.9989503622055054,0.0,0.0,0.0,0.0,0.0,0.0,0.0,0.0,0.0,0.0,0.0,0.0,0.0,0.0,0.9860548973083496,0.013945119455456734,0.0,0.0,0.0,0.0,0.0,0.0,0.0,58.20375061035156,2.0495786666870117,-6.737977027893066
Overripe_164.jpg,Overripe,Overripe,60.08697509765625,6.065525054931641,1.0727379322052002,0.9546116590499878,-3.198789119720459,3.2741127014160156,0.0,0.0,0.0,0.0,0.0,0.0,0.007105617318302393,0.06815506517887115,0.18285402655601501,0.3043222427368164,0.42780861258506775,0.009754456579685211,0.0,0.0,0.0,0.0,0.0,0.0,0.0,0.0,0.0,0.0,0.0,0.03557012975215912,0.9644298553466797,0.0,0.0,0.0,0.0,0.0,0.0,0.0,0.0,0.0,0.0,0.0,0.0,0.0,0.0,0.7736293077468872,0.2263706624507904,0.0,0.0,0.0,0.0,0.0,0.0,0.0,57.25831985473633,1.6497751474380493,-5.453972816467285
Overripe_165.jpg,Overripe,Overripe,50.69560623168945,18.449932098388672,1.4099552631378174,1.5168095827102661,-2.0469253063201904,5.49968957901001,0.001722895773127675,0.018387995660305023,0.11136171221733093,0.06409171968698502,0.030730195343494415,0.005857845302671194,0.004886758979409933,0.04210130497813225,0.14575697481632233,0.23656924068927765,0.33085861802101135,0.007674717344343662,0.0,0.0,0.0,0.0,0.0,0.0,0.0,0.0,0.0,0.0,0.0,0.038749489933252335,0.9612504839897156,0.0,0.0,0.0,0.0,0.0,0.0,0.0,0.0,0.0,0.0,0.0,0.0,0.0,0.010149422101676464,0.6423581838607788,0.34551891684532166,0.001973498845472932,0.0,0.0,0.0,0.0,0.0,0.0,57.25743865966797,1.810651421546936,-5.895697116851807
Overripe_166.jpg,Overripe,Overripe,60.61665725708008,5.67672872543335,1.129858374595642,1.049318790435791,-3.5768518447875977,3.4430673122406006,0.0,0.0,0.0,0.0,0.0,0.0,0.003303017932921648,0.04945477470755577,0.17103298008441925,0.32930636405944824,0.4347766935825348,0.012126147747039795,0.0,0.0,0.0,0.0,0.0,0.0,0.0,0.0,0.0,0.0,0.0,0.04547305405139923,0.954526960849762,0.0,0.0,0.0,0.0,0.0,0.0,0.0,0.0,0.0,0.0,0.0,0.0,0.0,0.0,0.764309287071228,0.23569069802761078,0.0,0.0,0.0,0.0,0.0,0.0,0.0,57.447444915771484,1.8041355609893799,-5.900703430175781
Overripe_167.jpg,Overripe,Overripe,60.48046112060547,4.324712753295898,1.7952414751052856,0.7439315915107727,-5.969654083251953,2.894731283187866,0.0,0.0,0.0,0.0,0.0,0.0,0.0,0.022179655730724335,0.1420506089925766,0.4727291166782379,0.36304062604904175,0.0,0.0,0.0,0.0,0.0,0.0,0.0,0.0,0.0,0.0,0.0,0.0,0.0,1.0,0.0,0.0,0.0,0.0,0.0,0.0,0.0,0.0,0.0,0.0,0.0,0.0,0.0,0.0,1.0,0.0,0.0,0.0,0.0,0.0,0.0,0.0,0.0,58.52837371826172,1.9660544395446777,-6.796490669250488
Overripe_168.jpg,Overripe,Overripe,59.29228591918945,6.211714744567871,1.478397250175476,1.1683940887451172,-4.336277008056641,3.733140230178833,0.0,0.0,0.0,0.0,0.0,0.0,0.009697520174086094,0.07898320257663727,0.2278710901737213,0.29501092433929443,0.3774604797363281,0.010976767167448997,0.0,0.0,0.0,0.0,0.0,0.0,0.0,0.0,0.0,0.0,0.0,0.03598398715257645,0.9640160202980042,0.0,0.0,0.0,0.0,0.0,0.0,0.0,0.0,0.0,0.0,0.0,0.0,0.0,0.0,0.8332852125167847,0.16671481728553772,0.0,0.0,0.0,0.0,0.0,0.0,0.0,56.789249420166016,2.0251119136810303,-6.37607479095459
Overripe_169.jpg,Overripe,Overripe,59.85044479370117,6.040877819061279,1.1525238752365112,1.2156965732574463,-3.8760149478912354,3.7050368785858154,0.0,0.0,0.0,0.0,0.0,0.0,0.003988793585449457,0.06519778072834015,0.21107365190982819,0.3230447769165039,0.38154709339141846,0.015147917903959751,0.0,0.0,0.0,0.0,0.0,0.0,0.0,0.0,0.0,0.0,0.0,0.06429555267095566,0.9357044696807861,0.0,0.0,0.0,0.0,0.0,0.0,0.0,0.0,0.0,0.0,0.0,0.0,0.0,0.0,0.7689349055290222,0.23106510937213898,0.0,0.0,0.0,0.0,0.0,0.0,0.0,57.1038932800293,1.7025645971298218,-6.087557792663574
Overripe_17.jpg,Overripe,Overripe,8.437726974487305,13.590478897094727,-0.9567379951477051,1.5003224611282349,2.5883328914642334,3.8311100006103516,0.7536931037902832,0.08320771902799606,0.031052155420184135,0.0200482364743948,0.016581248492002487,0.01884232647716999,0.021706361323595047,0.026379257440567017,0.011606873944401741,0.00964727159589529,0.0072354539297521114,0.0,0.0,0.0,0.0,0.0,0.0,0.0,0.0,0.0,0.0,0.0,0.0,0.5063310265541077,0.49366897344589233,0.0,0.0,0.0,0.0,0.0,0.0,0.0,0.0,0.0,0.0,0.0,0.0,0.0,0.0,0.02909255400300026,0.9475429654121399,0.023364486172795296,0.0,0.0,0.0,0.0,0.0,0.0,2.9270615577697754,0.06171932443976402,1.218956708908081
Overripe_170.jpg,Overripe,Overripe,43.96916580200195,18.74382781982422,1.6969225406646729,1.8178077936172485,-0.9109140038490295,8.085204124450684,0.002312284428626299,0.037248801440000534,0.07950054854154587,0.10077356547117233,0.13650886714458466,0.060539811849594116,0.01849827542901039,0.03464222699403763,0.12633481621742249,0.21546287834644318,0.18182964622974396,0.006264188792556524,4.204153810860589e-05,4.204153810860589e-05,0.0,0.0,0.0,0.0,0.0,0.0,0.0,0.0,0.0,0.062011267989873886,0.9379887580871582,0.0,0.0,0.0,0.0,0.0,0.0,0.0,0.0,0.0,0.0,0.0,0.0,0.0,0.02614983543753624,0.587446391582489,0.3669385313987732,0.019170941784977913,0.0002942907449323684,0.0,0.0,0.0,0.0,0.0,57.36313247680664,1.8567672967910767,-6.337799072265625
Overripe_171.jpg,Overripe,Overripe,60.17979431152344,5.952714443206787,1.188541293144226,1.1008986234664917,-3.782930612564087,3.3292627334594727,0.0,0.0,0.0,0.0,0.0,0.0,0.002325912471860647,0.06213509291410446,0.19570893049240112,0.31708359718322754,0.406085342168808,0.016661128029227257,0.0,0.0,0.0,0.0,0.0,0.0,0.0,0.0,0.0,0.0,0.0,0.05686618760228157,0.9431338310241699,0.0,0.0,0.0,0.0,0.0,0.0,0.0,0.0,0.0,0.0,0.0,0.0,0.0,0.0,0.8067593574523926,0.19324061274528503,0.0,0.0,0.0,0.0,0.0,0.0,0.0,57.237545013427734,1.7727410793304443,-5.754344940185547
Overripe_172.jpg,Overripe,Overripe,60.11018753051758,6.227622985839844,1.0232518911361694,0.993790864944458,-2.9542980194091797,3.2433359622955322,0.0,0.0,0.0,0.0,0.0,8.439886732958257e-05,0.0063299150206148624,0.0684896856546402,0.1965227723121643,0.3012617528438568,0.41553783416748047,0.011773642152547836,0.0,0.0,0.0,0.0,0.0,0.0,0.0,0.0,0.0,0.0,0.0,0.03688230738043785,0.9631177186965942,0.0,0.0,0.0,0.0,0.0,0.0,0.0,0.0,0.0,0.0,0.0,0.0,0.0,0.0,0.740220308303833,0.2597797214984894,0.0,0.0,0.0,0.0,0.0,0.0,0.0,57.06669616699219,1.6506301164627075,-5.1879377365112305
Overripe_173.jpg,Overripe,Overripe,50.11919403076172,18.27111053466797,1.388198971748352,1.7176930904388428,-1.3340561389923096,6.745777130126953,0.004960904363542795,0.026414349675178528,0.06488599628210068,0.09967803210020065,0.035514816641807556,0.013010052964091301,0.013207174837589264,0.05033182352781296,0.14159931242465973,0.2384190857410431,0.3013010025024414,0.010546027682721615,0.0001314146793447435,0.0,0.0,0.0,0.0,0.0,0.0,0.0,0.0,0.0,0.0,0.0540771409869194,0.9459228515625,0.0,0.0,0.0,0.0,0.0,0.0,0.0,0.0,0.0,0.0,0.0,0.0,0.0,0.014094224199652672,0.5714567303657532,0.39253565669059753,0.021913398057222366,0.0,0.0,0.0,0.0,0.0,0.0,57.2169075012207,1.7419487237930298,-5.685512542724609
Overripe_174.jpg,Overripe,Overripe,59.67897033691406,6.27509069442749,0.905876874923706,1.0126973390579224,-3.3741979598999023,3.246580123901367,0.0,0.0,0.0,0.0,0.0,0.0,0.010155951604247093,0.07398121803998947,0.20473377406597137,0.30140653252601624,0.3976118564605713,0.012110653333365917,0.0,0.0,0.0,0.0,0.0,0.0,0.0,0.0,0.0,0.0,0.0,0.08099264651536942,0.9190073609352112,0.0,0.0,0.0,0.0,0.0,0.0,0.0,0.0,0.0,0.0,0.0,0.0,0.0,0.0,0.7873624563217163,0.21263757348060608,0.0,0.0,0.0,0.0,0.0,0.0,0.0,56.89226531982422,1.4397830963134766,-5.23439884185791
Overripe_175.jpg,Overripe,Overripe,50.14313888549805,18.209142684936523,1.1422228813171387,1.774436593055725,-0.11455070972442627,8.768172264099121,0.006568344309926033,0.052181847393512726,0.06842025369405746,0.046069636940956116,0.021559981629252434,0.01255891751497984,0.026212558150291443,0.0782119482755661,0.17381784319877625,0.21365363895893097,0.29001063108444214,0.010612741112709045,0.00012163600331405178,0.0,0.0,0.0,0.0,0.0,0.0,0.0,0.0,0.0,0.0,0.09286908805370331,0.9071308970451355,0.0,0.0,0.0,0.0,0.0,0.0,0.0,0.0,0.0,0.0,0.0,0.0,0.0,0.0006385890301316977,0.5975064635276794,0.34964269399642944,0.029314277693629265,0.021255891770124435,0.0016420860774815083,0.0,0.0,0.0,0.0,56.757347106933594,1.2939081192016602,-5.073664665222168
Overripe_176.jpg,Overripe,Overripe,30.553756713867188,10.149914741516113,2.0259926319122314,2.8356001377105713,4.980241775512695,11.095983505249023,0.0003836562391370535,0.01055054645985365,0.09457126259803772,0.19058123230934143,0.25589871406555176,0.27066949009895325,0.09303663671016693,0.038269709795713425,0.01966238208115101,0.014962593093514442,0.00767312478274107,0.001055054715834558,0.0013427968369796872,0.0011509687174111605,0.00019182811956852674,0.0,0.0,0.0,0.0,0.0,0.0,0.0,0.0,0.11759063601493835,0.8824093341827393,0.0,0.0,0.0,0.0,0.0,0.0,0.0,0.0,0.0,0.0,0.0,0.0,0.0,0.08507577329874039,0.09946288168430328,0.7325915694236755,0.07596393674612045,0.006905812304466963,0.0,0.0,0.0,0.0,0.0,31.177165985107422,1.3988571166992188,9.44857120513916
Overripe_177.jpg,Overripe,Overripe,59.867984771728516,6.2177581787109375,1.203713297843933,1.0502722263336182,-3.6451001167297363,3.3109824657440186,0.0,0.0,0.0,0.0,0.0,0.0,0.00473641837015748,0.07166200876235962,0.2100127935409546,0.3009520173072815,0.4027850031852722,0.009851749986410141,0.0,0.0,0.0,0.0,0.0,0.0,0.0,0.0,0.0,0.0,0.0,0.03670724108815193,0.9632927775382996,0.0,0.0,0.0,0.0,0.0,0.0,0.0,0.0,0.0,0.0,0.0,0.0,0.0,0.0,0.8371145725250244,0.16288542747497559,0.0,0.0,0.0,0.0,0.0,0.0,0.0,56.91252899169922,1.7155516147613525,-5.539327144622803
Overripe_178.jpg,Overripe,Overripe,58.61008071899414,7.095661163330078,0.7444928884506226,1.1851170063018799,-2.908496618270874,3.4240853786468506,0.0,0.0,0.0,0.0,0.0,0.0001210360715049319,0.029089001938700676,0.1082465872168541,0.22452190518379211,0.26163962483406067,0.36185750365257263,0.014524328522384167,0.0,0.0,0.0,0.0,0.0,0.0,0.0,0.0,0.0,0.0,0.0,0.13729524612426758,0.8627047538757324,0.0,0.0,0.0,0.0,0.0,0.0,0.0,0.0,0.0,0.0,0.0,0.0,0.0,0.0,0.7129427790641785,0.28705722093582153,0.0,0.0,0.0,0.0,0.0,0.0,0.0,56.40205383300781,1.3950119018554688,-4.898996353149414
Overripe_179.jpg,Overripe,Overripe,61.02389144897461,5.335333347320557,0.9422935843467712,1.191457986831665,-3.9105441570281982,3.2748043537139893,0.0,0.0,0.0,0.0,0.0,0.0,0.0010998679790645838,0.04289485141634941,0.1373368501663208,0.3606833815574646,0.4455932080745697,0.012391846626996994,0.0,0.0,0.0,0.0,0.0,0.0,0.0,0.0,0.0,0.0,0.0,0.08058366179466248,0.9194163084030151,0.0,0.0,0.0,0.0,0.0,0.0,0.0,0.0,0.0,0.0,0.0,0.0,0.0,0.0,0.8037835359573364,0.19621644914150238,0.0,0.0,0.0,0.0,0.0,0.0,0.0,58.15336227416992,1.5985182523727417,-6.125947952270508
Overripe_18.jpg,Overripe,Overripe,6.6909613609313965,12.135440826416016,-1.0963993072509766,1.3102980852127075,1.3274959325790405,1.883849024772644,0.8199672698974609,0.047135841101408005,0.02782324142754078,0.02700491063296795,0.016366612166166306,0.014402618631720543,0.01227495912462473,0.009001636877655983,0.007364975288510323,0.009001636877655983,0.009165302850306034,0.0004909983836114407,0.0,0.0,0.0,0.0,0.0,0.0,0.0,0.0,0.0,0.0,0.0,0.526513934135437,0.4734860956668854,0.0,0.0,0.0,0.0,0.0,0.0,0.0,0.0,0.0,0.0,0.0,0.0,0.0,0.0,0.033878885209560394,0.9661211371421814,0.0,0.0,0.0,0.0,0.0,0.0,0.0,2.4713096618652344,0.034752048552036285,0.6087465882301331
Overripe_180.jpg,Overripe,Overripe,60.72888946533203,4.7740631103515625,1.4784036874771118,0.907497227191925,-5.1773176193237305,2.633416175842285,0.0,0.0,0.0,0.0,0.0,0.0,8.419634832534939e-05,0.02854256145656109,0.1486065536737442,0.40953102707862854,0.4054054021835327,0.007830260321497917,0.0,0.0,0.0,0.0,0.0,0.0,0.0,0.0,0.0,0.0,0.0,0.010271954350173473,0.9897280335426331,0.0,0.0,0.0,0.0,0.0,0.0,0.0,0.0,0.0,0.0,0.0,0.0,0.0,0.0,0.9847604632377625,0.015239538624882698,0.0,0.0,0.0,0.0,0.0,0.0,0.0,58.17710494995117,1.7025586366653442,-6.015686988830566
Overripe_181.jpg,Overripe,Overripe,59.14622116088867,6.850728511810303,0.7952703833580017,1.0844225883483887,-2.811321496963501,3.247910261154175,0.0,0.0,0.0,0.0,0.0,7.791803363943473e-05,0.02282998338341713,0.0912809744477272,0.21856006979942322,0.264882355928421,0.3854215443134308,0.016947170719504356,0.0,0.0,0.0,0.0,0.0,0.0,0.0,0.0,0.0,0.0,0.0,0.12061711400747299,0.8793829083442688,0.0,0.0,0.0,0.0,0.0,0.0,0.0,0.0,0.0,0.0,0.0,0.0,0.0,0.0,0.7016128897666931,0.2983871102333069,0.0,0.0,0.0,0.0,0.0,0.0,0.0,56.452728271484375,1.3884719610214233,-4.846092224121094
Overripe_182.jpg,Overripe,Overripe,27.064790725708008,10.33530044555664,1.696861743927002,2.298013925552368,6.208880424499512,8.125364303588867,0.0007789895171299577,0.014912085607647896,0.17749832570552826,0.3169374465942383,0.21399955451488495,0.14010682702064514,0.061762742698192596,0.033941686153411865,0.018918316811323166,0.012686400674283504,0.006565769203007221,0.0006677053170278668,0.0010015580337494612,0.00022256844385992736,0.0,0.0,0.0,0.0,0.0,0.0,0.0,0.0,0.0,0.14088581502437592,0.8591141700744629,0.0,0.0,0.0,0.0,0.0,0.0,0.0,0.0,0.0,0.0,0.0,0.0,0.0,0.012129980139434338,0.09359002858400345,0.7910082340240479,0.09781882911920547,0.0054529267363250256,0.0,0.0,0.0,0.0,0.0,19.799407958984375,1.3587180376052856,4.902381420135498
Overripe_183.jpg,Overripe,Overripe,62.018218994140625,3.7640349864959717,1.6114286184310913,0.8125028014183044,-5.24571418762207,2.778127431869507,0.0,0.0,0.0,0.0,0.0,0.0,0.0,0.00225913617759943,0.09581395238637924,0.38445183634757996,0.5174750685691833,0.0,0.0,0.0,0.0,0.0,0.0,0.0,0.0,0.0,0.0,0.0,0.0,0.0,1.0,0.0,0.0,0.0,0.0,0.0,0.0,0.0,0.0,0.0,0.0,0.0,0.0,0.0,0.0,1.0,0.0,0.0,0.0,0.0,0.0,0.0,0.0,0.0,64.83103942871094,1.3808423280715942,-4.2714433670043945
Overripe_184.jpg,Overripe,Overripe,28.37889862060547,8.990488052368164,1.4783129692077637,2.4943206310272217,7.106439590454102,8.514640808105469,0.00026609899941831827,0.005588078871369362,0.09246940165758133,0.3056146800518036,0.2704896330833435,0.18972857296466827,0.08209154009819031,0.029403937980532646,0.011442256160080433,0.006519425194710493,0.004523682873696089,0.0005321979988366365,0.00026609899941831827,0.0006652474985457957,0.00039914847002364695,0.0,0.0,0.0,0.0,0.0,0.0,0.0,0.0,0.18507184088230133,0.8149281740188599,0.0,0.0,0.0,0.0,0.0,0.0,0.0,0.0,0.0,0.0,0.0,0.0,0.0,0.030734432861208916,0.0765034556388855,0.800957977771759,0.08315593749284744,0.008648216724395752,0.0,0.0,0.0,0.0,0.0,30.589540481567383,1.752037763595581,10.736165046691895
Overripe_185.jpg,Overripe,Overripe,28.444887161254883,8.946830749511719,1.5022492408752441,2.6130404472351074,6.955146789550781,8.547687530517578,0.00039693040889687836,0.006218576338142157,0.08732468634843826,0.30748873949050903,0.27216196060180664,0.19317279756069183,0.08057687431573868,0.027652818709611893,0.012437152676284313,0.006747816689312458,0.004366234410554171,0.0002646202628966421,0.0002646202628966421,0.0006615506717935205,0.0002646202628966421,0.0,0.0,0.0,0.0,0.0,0.0,0.0,0.0,0.2024345099925995,0.7975655198097229,0.0,0.0,0.0,0.0,0.0,0.0,0.0,0.0,0.0,0.0,0.0,0.0,0.0,0.030299020931124687,0.07793066650629044,0.8040487170219421,0.07938607782125473,0.00833553820848465,0.0,0.0,0.0,0.0,0.0,30.630308151245117,1.8706531524658203,10.60517406463623
Overripe_186.jpg,Overripe,Overripe,51.37497329711914,17.32308578491211,1.6304659843444824,2.479375123977661,0.4867795705795288,10.919559478759766,0.008484036661684513,0.03486109897494316,0.0625777468085289,0.03939016908407211,0.0265046413987875,0.019009344279766083,0.020253244787454605,0.06525691598653793,0.17156252264976501,0.2467387467622757,0.2951551675796509,0.010014990344643593,0.00019136925402563065,0.0,0.0,0.0,0.0,0.0,0.0,0.0,0.0,0.0,0.0,0.05970720574259758,0.936752438545227,0.003540331032127142,0.0,0.0,0.0,0.0,0.0,0.0,0.0,0.0,0.0,0.0,0.0,0.0,0.0,0.6379931569099426,0.28596943616867065,0.04219691827893257,0.021369565278291702,0.010365834459662437,0.0021050616633147,0.0,0.0,0.0,56.942344665527344,1.454681634902954,-5.28582763671875
Overripe_187.jpg,Overripe,Overripe,61.55988693237305,4.789307117462158,1.4173165559768677,0.9474032521247864,-4.113575458526611,3.405071973800659,0.0,0.0,0.0,0.0,0.0,0.0,0.0,0.021935168653726578,0.11656105518341064,0.3760053515434265,0.47398245334625244,0.011515963822603226,0.0,0.0,0.0,0.0,0.0,0.0,0.0,0.0,0.0,0.0,0.0,0.027236169204115868,0.9727638363838196,0.0,0.0,0.0,0.0,0.0,0.0,0.0,0.0,0.0,0.0,0.0,0.0,0.0,0.0,0.8396904468536377,0.16030952334403992,0.0,0.0,0.0,0.0,0.0,0.0,0.0,58.31498336791992,1.8928524255752563,-6.12524938583374
Overripe_188.jpg,Overripe,Overripe,59.64096450805664,5.9801106452941895,1.2728029489517212,1.0419609546661377,-3.7111101150512695,3.6901750564575195,0.0,0.0,0.0,0.0,0.0,0.0,0.007964180782437325,0.06288137286901474,0.20425549149513245,0.3344956040382385,0.3845391869544983,0.005864173173904419,0.0,0.0,0.0,0.0,0.0,0.0,0.0,0.0,0.0,0.0,0.0,0.039266187697649,0.9607338309288025,0.0,0.0,0.0,0.0,0.0,0.0,0.0,0.0,0.0,0.0,0.0,0.0,0.0,0.0,0.7865123748779297,0.21348759531974792,0.0,0.0,0.0,0.0,0.0,0.0,0.0,57.06928253173828,1.7863155603408813,-5.910201549530029
Overripe_189.jpg,Overripe,Overripe,58.822227478027344,6.6604228019714355,1.1164237260818481,1.026711344718933,-3.4907429218292236,3.5327646732330322,0.0,0.0,0.0,0.0,0.0,0.00010539258801145479,0.02188652753829956,0.09520463645458221,0.21549271047115326,0.30778148770332336,0.3497979938983917,0.009731248952448368,0.0,0.0,0.0,0.0,0.0,0.0,0.0,0.0,0.0,0.0,0.0,0.05480414628982544,0.9451958537101746,0.0,0.0,0.0,0.0,0.0,0.0,0.0,0.0,0.0,0.0,0.0,0.0,0.0,0.0,0.7782188653945923,0.22178113460540771,0.0,0.0,0.0,0.0,0.0,0.0,0.0,56.762142181396484,1.495797038078308,-5.298449993133545
Overripe_19.jpg,Overripe,Overripe,9.070772171020508,13.91772747039795,-1.3407914638519287,1.248778223991394,2.211554527282715,3.060567855834961,0.7203205823898315,0.08749374002218246,0.036233093589544296,0.02487894520163536,0.021205542609095573,0.024211052805185318,0.04508265107870102,0.012022040784358978,0.011855067685246468,0.00935047585517168,0.0065119387581944466,0.0008348639239557087,0.0,0.0,0.0,0.0,0.0,0.0,0.0,0.0,0.0,0.0,0.0,0.6273167729377747,0.37268325686454773,0.0,0.0,0.0,0.0,0.0,0.0,0.0,0.0,0.0,0.0,0.0,0.0,0.0,0.0,0.0332275852560997,0.9654366374015808,0.0013357822317630053,0.0,0.0,0.0,0.0,0.0,0.0,3.2684099674224854,-2.0564663410186768,1.5202186107635498
Overripe_190.jpg,Overripe,Overripe,58.63577651977539,6.761569023132324,1.0905869007110596,1.035155177116394,-3.628652811050415,3.4998953342437744,0.0,0.0,0.0,0.0,0.0,0.0006254560430534184,0.02710309624671936,0.08801556378602982,0.23367732763290405,0.29941970109939575,0.3405260741710663,0.010632753372192383,0.0,0.0,0.0,0.0,0.0,0.0,0.0,0.0,0.0,0.0,0.0,0.055908821523189545,0.9440912008285522,0.0,0.0,0.0,0.0,0.0,0.0,0.0,0.0,0.0,0.0,0.0,0.0,0.0,0.0,0.785920262336731,0.21407970786094666,0.0,0.0,0.0,0.0,0.0,0.0,0.0,56.616004943847656,1.5068503618240356,-5.538970947265625
Overripe_191.jpg,Overripe,Overripe,51.73224639892578,17.660724639892578,1.4393500089645386,1.272960901260376,-1.5498617887496948,5.7249627113342285,0.0054278201423585415,0.031454384326934814,0.05104173719882965,0.06705549359321594,0.0438271202147007,0.015440630726516247,0.00792259443551302,0.044029396027326584,0.13090823590755463,0.2633335590362549,0.3277931213378906,0.011698469519615173,6.742633559042588e-05,0.0,0.0,0.0,0.0,0.0,0.0,0.0,0.0,0.0,0.0,0.0382644459605217,0.9617355465888977,0.0,0.0,0.0,0.0,0.0,0.0,0.0,0.0,0.0,0.0,0.0,0.0,0.0,0.0,0.6406850218772888,0.3425595164299011,0.01584518887102604,0.0009102555341087282,0.0,0.0,0.0,0.0,0.0,57.509552001953125,1.8568503856658936,-5.700390815734863
Overripe_192.jpg,Overripe,Overripe,50.08076477050781,18.405925750732422,1.6356900930404663,1.764359712600708,-1.0663113594055176,8.161696434020996,0.006470213644206524,0.02534446306526661,0.07244627922773361,0.0788494423031807,0.04555968940258026,0.025646183639764786,0.014683697372674942,0.041302088648080826,0.12440913170576096,0.24516409635543823,0.30896106362342834,0.01116363238543272,0.0,0.0,0.0,0.0,0.0,0.0,0.0,0.0,0.0,0.0,0.0,0.03345737233757973,0.9665426015853882,0.0,0.0,0.0,0.0,0.0,0.0,0.0,0.0,0.0,0.0,0.0,0.0,0.0,0.01532066147774458,0.610379159450531,0.3329310417175293,0.033256229013204575,0.008012336678802967,0.00010057327017420903,0.0,0.0,0.0,0.0,57.576011657714844,1.8606042861938477,-6.21358060836792
Overripe_193.jpg,Overripe,Overripe,60.01279830932617,5.828098297119141,1.2545678615570068,1.1213513612747192,-4.117201328277588,3.626312732696533,0.0,0.0,0.0,0.0,0.0,0.0,0.00478083873167634,0.0586007758975029,0.19402632117271423,0.32751113176345825,0.40405187010765076,0.01102906372398138,0.0,0.0,0.0,0.0,0.0,0.0,0.0,0.0,0.0,0.0,0.0,0.0586007758975029,0.9413992166519165,0.0,0.0,0.0,0.0,0.0,0.0,0.0,0.0,0.0,0.0,0.0,0.0,0.0,0.0,0.8024235367774963,0.19757644832134247,0.0,0.0,0.0,0.0,0.0,0.0,0.0,57.25415802001953,1.8250995874404907,-6.395318508148193
Overripe_194.jpg,Overripe,Overripe,59.74239730834961,6.097601413726807,1.154058814048767,0.9649189114570618,-3.252143621444702,3.337711811065674,0.0,0.0,0.0,0.0,0.0,0.0,0.012220530770719051,0.06242487207055092,0.20430323481559753,0.31532976031303406,0.3987498879432678,0.006971712689846754,0.0,0.0,0.0,0.0,0.0,0.0,0.0,0.0,0.0,0.0,0.0,0.041189197450876236,0.9588108062744141,0.0,0.0,0.0,0.0,0.0,0.0,0.0,0.0,0.0,0.0,0.0,0.0,0.0,0.0,0.8030691742897034,0.19693084061145782,0.0,0.0,0.0,0.0,0.0,0.0,0.0,57.00676345825195,1.6594133377075195,-5.145617485046387
Overripe_195.jpg,Overripe,Overripe,59.796775817871094,6.087118148803711,1.1667948961257935,1.0193613767623901,-3.576002359390259,3.4744834899902344,0.0,0.0,0.0,0.0,0.0,0.0,0.009746088646352291,0.06347781419754028,0.20248781144618988,0.32303154468536377,0.38834744691848755,0.012909293174743652,0.0,0.0,0.0,0.0,0.0,0.0,0.0,0.0,0.0,0.0,0.0,0.05903223156929016,0.9409677982330322,0.0,0.0,0.0,0.0,0.0,0.0,0.0,0.0,0.0,0.0,0.0,0.0,0.0,0.0,0.7957168221473694,0.20428314805030823,0.0,0.0,0.0,0.0,0.0,0.0,0.0,57.14201736450195,1.67208993434906,-5.675685405731201
Overripe_196.jpg,Overripe,Overripe,61.260108947753906,4.204254150390625,1.8247319459915161,0.7803582549095154,-5.766810417175293,2.419903039932251,0.0,0.0,0.0,0.0,0.0,0.0,0.0,0.013428199104964733,0.11393927037715912,0.41186490654945374,0.46076762676239014,0.0,0.0,0.0,0.0,0.0,0.0,0.0,0.0,0.0,0.0,0.0,0.0,0.009419781155884266,0.9905802011489868,0.0,0.0,0.0,0.0,0.0,0.0,0.0,0.0,0.0,0.0,0.0,0.0,0.0,0.0,1.0,0.0,0.0,0.0,0.0,0.0,0.0,0.0,0.0,58.595638275146484,2.04030704498291,-6.6767754554748535
Overripe_197.jpg,Overripe,Overripe,37.604644775390625,17.976364135742188,9.682287216186523,5.608558177947998,26.22415542602539,21.67449951171875,0.005826535634696484,0.08739803731441498,0.1301814615726471,0.08864657580852509,0.07499583810567856,0.08431829512119293,0.08889628946781158,0.11203595995903015,0.14832694828510284,0.11619777232408524,0.0543532557785511,0.008157149888575077,0.0006658898200839758,0.0,0.0,0.0,0.0,0.0,0.0,0.0,0.0,0.0,0.0,0.0032462128438055515,0.8234559893608093,0.17329782247543335,0.0,0.0,0.0,0.0,0.0,0.0,0.0,0.0,0.0,0.0,0.0,0.0,0.0,0.007241551298648119,0.45963042974472046,0.12568670511245728,0.1252705156803131,0.27459630370140076,0.007574496325105429,0.0,0.0,0.0,55.63117599487305,14.248846054077148,53.668846130371094
Overripe_198.jpg,Overripe,Overripe,41.61769485473633,20.12216567993164,3.52022647857666,5.332772254943848,13.141016006469727,17.4984130859375,0.0472223125398159,0.057018257677555084,0.09109252691268921,0.08647118508815765,0.05828750133514404,0.051290396600961685,0.04686431959271431,0.09571386873722076,0.14540956914424896,0.16627070307731628,0.14632081985473633,0.008038532920181751,0.0,0.0,0.0,0.0,0.0,0.0,0.0,0.0,0.0,0.0,0.0,0.4041396677494049,0.5756175518035889,0.020242782309651375,0.0,0.0,0.0,0.0,0.0,0.0,0.0,0.0,0.0,0.0,0.0,0.0,0.0,0.009795945137739182,0.6903049349784851,0.11696553230285645,0.10150682181119919,0.0809711292386055,0.00045562535524368286,0.0,0.0,0.0,56.4520149230957,-1.0720778703689575,1.0232818126678467
Overripe_199.jpg,Overripe,Overripe,41.221466064453125,22.01420021057129,5.346421241760254,5.510899543762207,15.47350788116455,20.475685119628906,0.09934931993484497,0.07291317731142044,0.06532812863588333,0.04926566407084465,0.04350250959396362,0.06153560057282448,0.05789180099964142,0.054322365671396255,0.13701431453227997,0.17163041234016418,0.1723368614912033,0.014835471287369728,0.0,7.436326268361881e-05,0.0,0.0,0.0,0.0,0.0,0.0,0.0,0.0,0.0,0.00461052218452096,0.9385015964508057,0.056887898594141006,0.0,0.0,0.0,0.0,0.0,0.0,0.0,0.0,0.0,0.0,0.0,0.0,0.0,0.015765011310577393,0.6589328646659851,0.08588957041501999,0.10875627398490906,0.12009666860103607,0.010559584014117718,0.0,0.0,0.0,56.897865295410156,1.027043342590332,1.2202749252319336
Overripe_2.jpg,Overripe,Overripe,10.953814506530762,14.82553768157959,-1.3836381435394287,1.3215256929397583,2.299036741256714,2.9703168869018555,0.6255759000778198,0.12131788581609726,0.06449811160564423,0.0413234680891037,0.02694401703774929,0.02806086838245392,0.03476197272539139,0.023453859612345695,0.012564567849040031,0.009214016608893871,0.008515984751284122,0.0016752757364884019,0.0006980315665714443,0.0012564568314701319,0.0001396063162246719,0.0,0.0,0.0,0.0,0.0,0.0,0.0,0.0,0.6716459393501282,0.32835403084754944,0.0,0.0,0.0,0.0,0.0,0.0,0.0,0.0,0.0,0.0,0.0,0.0,0.0,0.0,0.03895016014575958,0.9607706069946289,0.0002792126324493438,0.0,0.0,0.0,0.0,0.0,0.0,4.125988960266113,-2.076788902282715,1.521233320236206
Overripe_20.jpg,Overripe,Overripe,8.073180198669434,13.122673034667969,-1.1397614479064941,1.4646168947219849,1.760624885559082,2.789271354675293,0.7377792596817017,0.10717285424470901,0.04048379138112068,0.019150007516145706,0.014446497894823551,0.011254829354584217,0.024189483374357224,0.0179741308093071,0.007559213787317276,0.008567108772695065,0.011086846701800823,0.00033596507273614407,0.0,0.0,0.0,0.0,0.0,0.0,0.0,0.0,0.0,0.0,0.0,0.5919704437255859,0.40802955627441406,0.0,0.0,0.0,0.0,0.0,0.0,0.0,0.0,0.0,0.0,0.0,0.0,0.0,0.0,0.028053082525730133,0.9679153561592102,0.004031580872833729,0.0,0.0,0.0,0.0,0.0,0.0,3.541435718536377,-2.0820133686065674,1.3924674987792969
Overripe_200.jpg,Overripe,Overripe,42.33085250854492,21.949586868286133,3.4114151000976562,3.9765686988830566,10.13815975189209,15.424452781677246,0.048477087169885635,0.10518613457679749,0.08593250066041946,0.04856855422258377,0.0471050962805748,0.04619043320417404,0.05808103829622269,0.0675935223698616,0.09110033512115479,0.1556297391653061,0.23822373151779175,0.007317296229302883,0.0005945303128100932,0.0,0.0,0.0,0.0,0.0,0.0,0.0,0.0,0.0,0.0,0.013216866180300713,0.9813866019248962,0.005396505817770958,0.0,0.0,0.0,0.0,0.0,0.0,0.0,0.0,0.0,0.0,0.0,0.0,0.0,0.021586023271083832,0.7625994682312012,0.07875239849090576,0.08465196937322617,0.05218146741390228,0.0002286655071657151,0.0,0.0,0.0,65.78588104248047,0.8699661493301392,1.687429428100586
Overripe_201.jpg,Overripe,Overripe,31.47724723815918,17.27874183654785,8.146540641784668,5.25545597076416,22.044641494750977,18.611204147338867,0.03334257751703262,0.11992236226797104,0.16352419555187225,0.10030500590801239,0.09316512197256088,0.09475946426391602,0.12193261831998825,0.10377097129821777,0.07091362774372101,0.0593373067677021,0.03840288519859314,0.000623873551376164,0.0,0.0,0.0,0.0,0.0,0.0,0.0,0.0,0.0,0.0,0.0,0.013378622010350227,0.9075281023979187,0.07909330725669861,0.0,0.0,0.0,0.0,0.0,0.0,0.0,0.0,0.0,0.0,0.0,0.0,0.0,0.024331068620085716,0.4539026618003845,0.18258699774742126,0.22265353798866272,0.11292111128568649,0.0036046027671545744,0.0,0.0,0.0,17.661088943481445,7.385305881500244,11.634324073791504
Overripe_202.jpg,Overripe,Overripe,43.08802795410156,20.198692321777344,5.401500701904297,4.571499824523926,31.478809356689453,23.640737533569336,0.013685023412108421,0.051263656467199326,0.08056505769491196,0.10650038719177246,0.08326895534992218,0.06732148677110672,0.07697825878858566,0.08895265311002731,0.12437921017408371,0.1007063239812851,0.09976823627948761,0.06643858551979065,0.03813045099377632,0.002041717292740941,0.0,0.0,0.0,0.0,0.0,0.0,0.0,0.0,0.0,0.07421918213367462,0.9003421068191528,0.025438692420721054,0.0,0.0,0.0,0.0,0.0,0.0,0.0,0.0,0.0,0.0,0.0,0.0,0.0,0.0419931560754776,0.3206048011779785,0.11803332716226578,0.1722216159105301,0.27176910638809204,0.07537799328565598,0.0,0.0,0.0,55.811405181884766,6.978977203369141,51.54879379272461
Overripe_203.jpg,Overripe,Overripe,37.19554901123047,19.734214782714844,5.5209527015686035,4.648498058319092,23.406335830688477,20.493545532226562,0.020017459988594055,0.07639062404632568,0.11823397129774094,0.12122724205255508,0.10863058269023895,0.08480917662382126,0.09247942268848419,0.10008729994297028,0.07458218932151794,0.0675979033112526,0.06472935527563095,0.046333249658346176,0.020765777677297592,0.0037415814585983753,0.00037415814585983753,0.0,0.0,0.0,0.0,0.0,0.0,0.0,0.0,0.07657770067453384,0.9001621603965759,0.023260165005922318,0.0,0.0,0.0,0.0,0.0,0.0,0.0,0.0,0.0,0.0,0.0,0.0,0.0,0.02606634981930256,0.4522324800491333,0.18115490674972534,0.17660264670848846,0.11941880732774734,0.044524818658828735,0.0,0.0,0.0,18.698200225830078,5.409867763519287,11.142502784729004
Overripe_21.jpg,Overripe,Overripe,8.436054229736328,13.244865417480469,-1.309999942779541,1.2883307933807373,1.44102942943573,2.283764362335205,0.7238235473632812,0.11397058516740799,0.029999999329447746,0.023235294967889786,0.016029411926865578,0.025294117629528046,0.027941176667809486,0.013088235631585121,0.00808823574334383,0.00779411755502224,0.008823529817163944,0.001911764731630683,0.0,0.0,0.0,0.0,0.0,0.0,0.0,0.0,0.0,0.0,0.0,0.6639705896377563,0.33602941036224365,0.0,0.0,0.0,0.0,0.0,0.0,0.0,0.0,0.0,0.0,0.0,0.0,0.0,0.0,0.0385294109582901,0.9614706039428711,0.0,0.0,0.0,0.0,0.0,0.0,0.0,3.5906693935394287,-2.0676589012145996,1.1943166255950928
Overripe_22.jpg,Overripe,Overripe,9.13275146484375,14.47509765625,-1.1650879383087158,1.420004963874817,1.8240865468978882,2.762693166732788,0.7187077403068542,0.08694181591272354,0.03822733461856842,0.024695534259080887,0.023849796503782272,0.02655615657567978,0.03298376128077507,0.013362652622163296,0.011502029374241829,0.010317997075617313,0.010825439356267452,0.0008457374642603099,0.001014885026961565,0.00016914748994167894,0.0,0.0,0.0,0.0,0.0,0.0,0.0,0.0,0.0,0.5563260912895203,0.44367387890815735,0.0,0.0,0.0,0.0,0.0,0.0,0.0,0.0,0.0,0.0,0.0,0.0,0.0,0.0,0.09607578068971634,0.9039242267608643,0.0,0.0,0.0,0.0,0.0,0.0,0.0,3.3729970455169678,-2.0913546085357666,1.5258467197418213
Overripe_23.jpg,Overripe,Overripe,12.659979820251465,13.718932151794434,-1.387997031211853,1.5286506414413452,2.854779005050659,3.348330497741699,0.43615707755088806,0.27167201042175293,0.1089157834649086,0.04667819291353226,0.027167201042175293,0.018029142171144485,0.023215608671307564,0.03235366940498352,0.016300320625305176,0.009878982789814472,0.009385033510625362,0.00024697455228306353,0.0,0.0,0.0,0.0,0.0,0.0,0.0,0.0,0.0,0.0,0.0,0.6507779955863953,0.3492220342159271,0.0,0.0,0.0,0.0,0.0,0.0,0.0,0.0,0.0,0.0,0.0,0.0,0.0,0.0,0.04766609147191048,0.9449246525764465,0.0074092368595302105,0.0,0.0,0.0,0.0,0.0,0.0,6.10343074798584,-2.28126859664917,2.1095151901245117
Overripe_24.jpg,Overripe,Overripe,8.85836124420166,13.449620246887207,-0.99178546667099,1.308775782585144,2.6793911457061768,3.415692090988159,0.7028267979621887,0.1121043711900711,0.048079244792461395,0.022952403873205185,0.01908673532307148,0.021985987201333046,0.029234115034341812,0.015945879742503166,0.010388982482254505,0.007731336168944836,0.009422565810382366,0.00024160425527952611,0.0,0.0,0.0,0.0,0.0,0.0,0.0,0.0,0.0,0.0,0.0,0.5228316187858582,0.47716841101646423,0.0,0.0,0.0,0.0,0.0,0.0,0.0,0.0,0.0,0.0,0.0,0.0,0.0,0.0,0.06982363015413284,0.9209954142570496,0.009180961176753044,0.0,0.0,0.0,0.0,0.0,0.0,3.8287339210510254,-2.086294412612915,2.3096446990966797
Overripe_25.jpg,Overripe,Overripe,10.682074546813965,14.63763427734375,-0.7720276713371277,1.830704689025879,4.910327911376953,6.937673568725586,0.6174436807632446,0.14967656135559082,0.05420477315783501,0.03435199707746506,0.02788311429321766,0.026990855112671852,0.03569038584828377,0.02141423150897026,0.01070711575448513,0.00869953166693449,0.009145661257207394,0.0015614543808624148,0.0017845192924141884,0.0004461298231035471,0.0,0.0,0.0,0.0,0.0,0.0,0.0,0.0,0.0,0.4972116947174072,0.5027883052825928,0.0,0.0,0.0,0.0,0.0,0.0,0.0,0.0,0.0,0.0,0.0,0.0,0.0,0.0,0.04305152967572212,0.8991746306419373,0.03903635963797569,0.01739906333386898,0.0013383894693106413,0.0,0.0,0.0,0.0,3.717754364013672,0.5287162065505981,2.8445944786071777
Overripe_26.jpg,Overripe,Overripe,13.66163444519043,16.694419860839844,-0.9765571355819702,1.6729637384414673,3.710411310195923,4.535806655883789,0.5601011514663696,0.13675017654895782,0.05492990091443062,0.032176509499549866,0.025511376559734344,0.03723281994462013,0.05263157933950424,0.055389564484357834,0.02413238398730755,0.013330268673598766,0.006665134336799383,0.0011491611367091537,0.0,0.0,0.0,0.0,0.0,0.0,0.0,0.0,0.0,0.0,0.0,0.5325212478637695,0.46747875213623047,0.0,0.0,0.0,0.0,0.0,0.0,0.0,0.0,0.0,0.0,0.0,0.0,0.0,0.0,0.05584923177957535,0.9184095859527588,0.025741208344697952,0.0,0.0,0.0,0.0,0.0,0.0,3.5807693004608154,0.08591549098491669,1.3232394456863403
Overripe_27.jpg,Overripe,Overripe,7.622430801391602,12.329265594482422,-1.223189115524292,1.3022868633270264,1.945672631263733,2.203686475753784,0.7464722394943237,0.10348071157932281,0.03857008367776871,0.027046095579862595,0.014111006632447243,0.013170273043215275,0.017403574660420418,0.014111006632447243,0.010583254508674145,0.007290686946362257,0.007525870110839605,0.00023518344096373767,0.0,0.0,0.0,0.0,0.0,0.0,0.0,0.0,0.0,0.0,0.0,0.5834901332855225,0.41650986671447754,0.0,0.0,0.0,0.0,0.0,0.0,0.0,0.0,0.0,0.0,0.0,0.0,0.0,0.0,0.07478833198547363,0.9252116680145264,0.0,0.0,0.0,0.0,0.0,0.0,0.0,3.795365810394287,-2.119718313217163,2.228602409362793
Overripe_28.jpg,Overripe,Overripe,11.258960723876953,15.503793716430664,-1.0028964281082153,1.4436073303222656,2.617668390274048,3.7170023918151855,0.650253415107727,0.10644460469484329,0.05165339261293411,0.025585325434803963,0.015930484980344772,0.02124064601957798,0.062032341957092285,0.03355056792497635,0.013275404460728168,0.011103065684437752,0.008689355105161667,0.0002413709880784154,0.0,0.0,0.0,0.0,0.0,0.0,0.0,0.0,0.0,0.0,0.0,0.5042240023612976,0.4957759976387024,0.0,0.0,0.0,0.0,0.0,0.0,0.0,0.0,0.0,0.0,0.0,0.0,0.0,0.0,0.05551532655954361,0.9396572709083557,0.004827419761568308,0.0,0.0,0.0,0.0,0.0,0.0,3.006871223449707,0.0575016513466835,0.8479841351509094
Overripe_29.jpg,Overripe,Overripe,13.994071006774902,19.09869384765625,-0.928301215171814,1.1442089080810547,3.0731399059295654,2.028271436691284,0.5285534262657166,0.19834263622760773,0.0637722909450531,0.028103044256567955,0.014772113412618637,0.03927220404148102,0.024680238217115402,0.0073860567063093185,0.009727977216243744,0.01225004531443119,0.0671951025724411,0.0057647270150482655,0.0001801477192202583,0.0,0.0,0.0,0.0,0.0,0.0,0.0,0.0,0.0,0.0,0.5326967835426331,0.46730318665504456,0.0,0.0,0.0,0.0,0.0,0.0,0.0,0.0,0.0,0.0,0.0,0.0,0.0,0.0,0.0001801477192202583,0.9998198747634888,0.0,0.0,0.0,0.0,0.0,0.0,0.0,3.83007550239563,0.09438202530145645,2.1698875427246094
Overripe_3.jpg,Overripe,Overripe,7.869314670562744,12.846453666687012,-1.4990781545639038,1.204323410987854,1.458800196647644,2.105008840560913,0.7389022707939148,0.09147638827562332,0.04495816305279732,0.027088357135653496,0.021273577585816383,0.023684583604335785,0.014891504310071468,0.010494965128600597,0.00893490295857191,0.007942135445773602,0.008367607370018959,0.001276414724998176,0.0007091192528605461,0.0,0.0,0.0,0.0,0.0,0.0,0.0,0.0,0.0,0.0,0.6962133049964905,0.3037866950035095,0.0,0.0,0.0,0.0,0.0,0.0,0.0,0.0,0.0,0.0,0.0,0.0,0.0,0.0,0.06495532393455505,0.9350446462631226,0.0,0.0,0.0,0.0,0.0,0.0,0.0,3.252088785171509,-2.1023600101470947,1.3654203414916992
Overripe_30.jpg,Overripe,Overripe,11.03117561340332,14.651203155517578,-1.0401058197021484,1.5562541484832764,2.794182538986206,3.4164211750030518,0.5976200699806213,0.18047598004341125,0.05442926287651062,0.02512119896709919,0.015204936265945435,0.020713970065116882,0.04363155737519264,0.031732041388750076,0.011018069460988045,0.007492287550121546,0.011458792723715305,0.00022036139853298664,0.0008814455941319466,0.0,0.0,0.0,0.0,0.0,0.0,0.0,0.0,0.0,0.0,0.6042309403419495,0.39576905965805054,0.0,0.0,0.0,0.0,0.0,0.0,0.0,0.0,0.0,0.0,0.0,0.0,0.0,0.0,0.024680476635694504,0.9728955626487732,0.002423975383862853,0.0,0.0,0.0,0.0,0.0,0.0,4.656005859375,-2.070843458175659,1.9142168760299683
Overripe_31.jpg,Overripe,Overripe,18.465160369873047,21.961637496948242,-0.08641020953655243,1.7449778318405151,4.0676589012146,3.891291856765747,0.40092790126800537,0.2031703144311905,0.10419485718011856,0.061279721558094025,0.02590373158454895,0.032283008098602295,0.01198530849069357,0.007345834281295538,0.011018751189112663,0.012951865792274475,0.11540692299604416,0.013338488526642323,0.00019331142539158463,0.0,0.0,0.0,0.0,0.0,0.0,0.0,0.0,0.0,0.0,0.3908756971359253,0.6091243028640747,0.0,0.0,0.0,0.0,0.0,0.0,0.0,0.0,0.0,0.0,0.0,0.0,0.0,0.0,0.014305045828223228,0.9661704897880554,0.019524453207850456,0.0,0.0,0.0,0.0,0.0,0.0,4.697642803192139,0.561650276184082,2.9718706607818604
Overripe_32.jpg,Overripe,Overripe,15.265054702758789,17.073856353759766,-0.9471912384033203,1.5604697465896606,5.085419654846191,4.861196994781494,0.3726067841053009,0.29602357745170593,0.09951609373092651,0.03618767112493515,0.03576688468456268,0.05891016125679016,0.017041867598891258,0.0077845570631325245,0.01009888481348753,0.013044392690062523,0.047548916190862656,0.005470229312777519,0.0,0.0,0.0,0.0,0.0,0.0,0.0,0.0,0.0,0.0,0.0,0.5676414966583252,0.4323585033416748,0.0,0.0,0.0,0.0,0.0,0.0,0.0,0.0,0.0,0.0,0.0,0.0,0.0,0.0,0.0014727540547028184,0.9644435048103333,0.02440563775599003,0.009678098373115063,0.0,0.0,0.0,0.0,0.0,5.590503215789795,0.3368055522441864,3.3553240299224854
Overripe_33.jpg,Overripe,Overripe,13.82999324798584,19.31001091003418,-0.6694427728652954,1.5449057817459106,3.4790799617767334,2.20001220703125,0.5375768542289734,0.20444180071353912,0.07336902618408203,0.018243109807372093,0.016260161995887756,0.02478683367371559,0.01249256357550621,0.009716439060866833,0.006742018740624189,0.016061868518590927,0.0731707289814949,0.007138608023524284,0.0,0.0,0.0,0.0,0.0,0.0,0.0,0.0,0.0,0.0,0.0,0.4947451949119568,0.5052548050880432,0.0,0.0,0.0,0.0,0.0,0.0,0.0,0.0,0.0,0.0,0.0,0.0,0.0,0.0,0.0003965893411077559,0.9980170726776123,0.0015863573644310236,0.0,0.0,0.0,0.0,0.0,0.0,3.9777135848999023,0.5393508076667786,2.8683860301971436
Overripe_34.jpg,Overripe,Overripe,11.57300853729248,14.864420890808105,-1.2700412273406982,1.4152289628982544,2.9120140075683594,2.7896087169647217,0.5357375741004944,0.25592005252838135,0.06626113504171371,0.019335215911269188,0.010210731998085976,0.01303497701883316,0.014555724337697029,0.026504453271627426,0.03410819172859192,0.010427981615066528,0.01216597855091095,0.00021724961698055267,0.00043449923396110535,0.000651748850941658,0.00043449923396110535,0.0,0.0,0.0,0.0,0.0,0.0,0.0,0.0,0.612861156463623,0.38713881373405457,0.0,0.0,0.0,0.0,0.0,0.0,0.0,0.0,0.0,0.0,0.0,0.0,0.0,0.0,0.00890723429620266,0.9871822595596313,0.003910493105649948,0.0,0.0,0.0,0.0,0.0,0.0,6.030907154083252,-2.1814346313476562,2.4130332469940186
Overripe_35.jpg,Overripe,Overripe,13.263496398925781,13.330480575561523,-1.6212661266326904,1.858200192451477,3.4817209243774414,3.773329734802246,0.3386090099811554,0.34239858388900757,0.13664734363555908,0.05305394530296326,0.020954079926013947,0.015158270485699177,0.02741863578557968,0.03566651791334152,0.011591617949306965,0.00824788212776184,0.00824788212776184,0.0011145786847919226,0.0008916629594750702,0.0,0.0,0.0,0.0,0.0,0.0,0.0,0.0,0.0,0.0,0.6890325546264648,0.31096744537353516,0.0,0.0,0.0,0.0,0.0,0.0,0.0,0.0,0.0,0.0,0.0,0.0,0.0,0.0,0.02385198324918747,0.9547480940818787,0.021399911493062973,0.0,0.0,0.0,0.0,0.0,0.0,7.129030704498291,-2.569223403930664,2.5841774940490723
Overripe_36.jpg,Overripe,Overripe,10.824270248413086,13.585850715637207,-1.7501392364501953,1.8991755247116089,2.982172727584839,2.486562728881836,0.5451253652572632,0.2465181052684784,0.06545960903167725,0.02506963722407818,0.01532033458352089,0.015877436846494675,0.022562673315405846,0.0337047353386879,0.010027854703366756,0.009749303571879864,0.010027854703366756,0.0005571030778810382,0.0,0.0,0.0,0.0,0.0,0.0,0.0,0.0,0.0,0.0,0.0,0.6604456901550293,0.3395543098449707,0.0,0.0,0.0,0.0,0.0,0.0,0.0,0.0,0.0,0.0,0.0,0.0,0.0,0.0,0.016713092103600502,0.9832869172096252,0.0,0.0,0.0,0.0,0.0,0.0,0.0,5.828671455383301,-2.752840995788574,2.6494317054748535
Overripe_37.jpg,Overripe,Overripe,10.524754524230957,12.968672752380371,-1.496012806892395,1.4559413194656372,2.637958526611328,2.4650208950042725,0.5430622100830078,0.2729930877685547,0.06166932359337807,0.015948962420225143,0.01302498672157526,0.012493354268372059,0.023391813039779663,0.027379054576158524,0.012227538973093033,0.009569377638399601,0.007708665449172258,0.0005316321039572358,0.0,0.0,0.0,0.0,0.0,0.0,0.0,0.0,0.0,0.0,0.0,0.6310473084449768,0.3689526915550232,0.0,0.0,0.0,0.0,0.0,0.0,0.0,0.0,0.0,0.0,0.0,0.0,0.0,0.0,0.007974481210112572,0.9859117269515991,0.006113769486546516,0.0,0.0,0.0,0.0,0.0,0.0,5.993200778961182,-2.375,2.3246681690216064
Overripe_38.jpg,Overripe,Overripe,18.151945114135742,20.13389778137207,-0.8300215601921082,1.4314783811569214,3.712951898574829,2.776580572128296,0.3145798444747925,0.305482417345047,0.11826670169830322,0.03974144160747528,0.026813503354787827,0.039980847388505936,0.01987072080373764,0.008379219099879265,0.009336845017969608,0.015082594938576221,0.08810150623321533,0.014364376664161682,0.0,0.0,0.0,0.0,0.0,0.0,0.0,0.0,0.0,0.0,0.0,0.5312424898147583,0.4687574803829193,0.0,0.0,0.0,0.0,0.0,0.0,0.0,0.0,0.0,0.0,0.0,0.0,0.0,0.0,0.0035910941660404205,0.98946613073349,0.006942782085388899,0.0,0.0,0.0,0.0,0.0,0.0,5.765772819519043,0.24511082470417023,2.589960813522339
Overripe_39.jpg,Overripe,Overripe,9.486556053161621,13.574148178100586,-1.3393713235855103,1.347640872001648,2.1230688095092773,2.7254624366760254,0.665423572063446,0.16329248249530792,0.04475226253271103,0.019179541617631912,0.016249334439635277,0.0130527438595891,0.021310601383447647,0.0253063403069973,0.01012253575026989,0.008257858455181122,0.01092168316245079,0.0015982951736077666,0.0005327650578692555,0.0,0.0,0.0,0.0,0.0,0.0,0.0,0.0,0.0,0.0,0.5873734951019287,0.4126265347003937,0.0,0.0,0.0,0.0,0.0,0.0,0.0,0.0,0.0,0.0,0.0,0.0,0.0,0.0,0.06766115874052048,0.9307405352592468,0.0015982951736077666,0.0,0.0,0.0,0.0,0.0,0.0,5.0592522621154785,-2.260922431945801,2.0394418239593506
Overripe_4.jpg,Overripe,Overripe,8.436948776245117,13.433703422546387,-1.5041844844818115,1.1813908815383911,1.8307279348373413,3.450742721557617,0.7364597916603088,0.09505763649940491,0.034107059240341187,0.02100110612809658,0.02242223359644413,0.02210642583668232,0.026527712121605873,0.01642191782593727,0.008210958912968636,0.007263540290296078,0.0078951520845294,0.0009474182734265924,0.0009474182734265924,0.0006316122016869485,0.0,0.0,0.0,0.0,0.0,0.0,0.0,0.0,0.0,0.7039318084716797,0.2960682213306427,0.0,0.0,0.0,0.0,0.0,0.0,0.0,0.0,0.0,0.0,0.0,0.0,0.0,0.0,0.052423812448978424,0.9369966983795166,0.007421443238854408,0.0031580610666424036,0.0,0.0,0.0,0.0,0.0,3.4535579681396484,-2.0692780017852783,1.4226834774017334
Overripe_40.jpg,Overripe,Overripe,14.833162307739258,13.75438404083252,-1.6593595743179321,1.5814481973648071,3.7795567512512207,3.6620662212371826,0.21600985527038574,0.4332512319087982,0.13374383747577667,0.06527093797922134,0.03226600959897041,0.022906403988599777,0.017733989283442497,0.033497538417577744,0.022906403988599777,0.009852216579020023,0.010837438516318798,0.001231527072377503,0.0004926108522340655,0.0,0.0,0.0,0.0,0.0,0.0,0.0,0.0,0.0,0.0,0.7216748595237732,0.2783251106739044,0.0,0.0,0.0,0.0,0.0,0.0,0.0,0.0,0.0,0.0,0.0,0.0,0.0,0.0,0.029064038768410683,0.9613300561904907,0.008374384604394436,0.001231527072377503,0.0,0.0,0.0,0.0,0.0,8.278778076171875,-2.439728260040283,2.811544895172119
Overripe_41.jpg,Overripe,Overripe,18.92779541015625,18.15663719177246,-1.3314870595932007,1.1098880767822266,3.4791224002838135,1.6047149896621704,0.10417554527521133,0.4537707567214966,0.18001703917980194,0.06135492026805878,0.028973156586289406,0.029825309291481972,0.020877717062830925,0.009586706757545471,0.008308478631079197,0.018108222633600235,0.07903707027435303,0.005965061951428652,0.0,0.0,0.0,0.0,0.0,0.0,0.0,0.0,0.0,0.0,0.0,0.7420110702514648,0.25798892974853516,0.0,0.0,0.0,0.0,0.0,0.0,0.0,0.0,0.0,0.0,0.0,0.0,0.0,0.0,0.001491265487857163,0.9985087513923645,0.0,0.0,0.0,0.0,0.0,0.0,0.0,9.40695858001709,-1.8633313179016113,3.5625381469726562
Overripe_42.jpg,Overripe,Overripe,17.998966217041016,19.89484214782715,-1.128084659576416,1.2805298566818237,3.587074041366577,2.1716842651367188,0.2806110382080078,0.3440658152103424,0.12385428696870804,0.0458284355700016,0.023736780509352684,0.030082255601882935,0.014101057313382626,0.0112808458507061,0.007285546511411667,0.0148061104118824,0.09706228226423264,0.007285546511411667,0.0,0.0,0.0,0.0,0.0,0.0,0.0,0.0,0.0,0.0,0.0,0.6406580209732056,0.35934194922447205,0.0,0.0,0.0,0.0,0.0,0.0,0.0,0.0,0.0,0.0,0.0,0.0,0.0,0.0,0.0035252643283456564,0.9950646162033081,0.0014101057313382626,0.0,0.0,0.0,0.0,0.0,0.0,7.338694095611572,-2.0037286281585693,4.00074577331543
Overripe_43.jpg,Overripe,Overripe,13.997182846069336,13.102815628051758,-2.5152587890625,1.6602963209152222,2.8700273036956787,3.1295669078826904,0.2226158082485199,0.4318801164627075,0.14686648547649384,0.07929155230522156,0.023705722764134407,0.015803813934326172,0.014986376278102398,0.025885557755827904,0.01689373329281807,0.007901906967163086,0.012261580675840378,0.0008174387039616704,0.0005449591553770006,0.0005449591553770006,0.0,0.0,0.0,0.0,0.0,0.0,0.0,0.0,0.0,0.8416893482208252,0.15831062197685242,0.0,0.0,0.0,0.0,0.0,0.0,0.0,0.0,0.0,0.0,0.0,0.0,0.0,0.0,0.034877385944128036,0.9621253609657288,0.002997275209054351,0.0,0.0,0.0,0.0,0.0,0.0,7.737067699432373,-3.0297651290893555,1.835509181022644
Overripe_44.jpg,Overripe,Overripe,13.743976593017578,13.268404006958008,-2.090850591659546,1.6433271169662476,2.526095390319824,2.9395556449890137,0.2963917553424835,0.35567009449005127,0.14884020388126373,0.06636597961187363,0.027061855420470238,0.02319587580859661,0.01900773122906685,0.02319587580859661,0.01965206116437912,0.009020618163049221,0.011597937904298306,0.0,0.0,0.0,0.0,0.0,0.0,0.0,0.0,0.0,0.0,0.0,0.0,0.750322163105011,0.249677836894989,0.0,0.0,0.0,0.0,0.0,0.0,0.0,0.0,0.0,0.0,0.0,0.0,0.0,0.0,0.0557345375418663,0.9436211585998535,0.0006443298771046102,0.0,0.0,0.0,0.0,0.0,0.0,7.62277364730835,-2.788447141647339,2.0360090732574463
Overripe_45.jpg,Overripe,Overripe,17.426422119140625,12.690706253051758,-2.041626453399658,2.2541840076446533,6.615495681762695,6.855579376220703,0.08565928786993027,0.352021187543869,0.25625601410865784,0.119345523416996,0.06496631354093552,0.0413859486579895,0.024542829021811485,0.01876804605126381,0.01467757485806942,0.009384023025631905,0.00962463952600956,0.0016843118937686086,0.0004812319530174136,0.001203079940751195,0.0,0.0,0.0,0.0,0.0,0.0,0.0,0.0,0.0,0.7702117562294006,0.22978825867176056,0.0,0.0,0.0,0.0,0.0,0.0,0.0,0.0,0.0,0.0,0.0,0.0,0.0,0.0,0.03031761385500431,0.8840230703353882,0.06496631354093552,0.02069297432899475,0.0,0.0,0.0,0.0,0.0,8.599411010742188,-3.090131998062134,4.23543119430542
Overripe_46.jpg,Overripe,Overripe,16.767200469970703,14.91882610321045,-2.057943344116211,2.13972806930542,6.147715091705322,8.528938293457031,0.1999455988407135,0.37051141262054443,0.1515233963727951,0.06692056357860565,0.04134929180145264,0.035908594727516174,0.03835691139101982,0.03971708193421364,0.03291621431708336,0.013873775489628315,0.008977148681879044,0.0,0.0,0.0,0.0,0.0,0.0,0.0,0.0,0.0,0.0,0.0,0.0,0.7742111086845398,0.2257889062166214,0.0,0.0,0.0,0.0,0.0,0.0,0.0,0.0,0.0,0.0,0.0,0.0,0.0,0.0,0.043797604739665985,0.8664308786392212,0.05794341489672661,0.025027204304933548,0.006800870411098003,0.0,0.0,0.0,0.0,7.337996006011963,-2.9518778324127197,2.5252346992492676
Overripe_47.jpg,Overripe,Overripe,15.805779457092285,13.845953941345215,-1.992514967918396,1.8625510931015015,3.2035927772521973,3.2487354278564453,0.1817365288734436,0.3934131860733032,0.1934131681919098,0.0661676675081253,0.03203592821955681,0.02724550850689411,0.026047904044389725,0.028742514550685883,0.02994011901319027,0.009880239143967628,0.010479042306542397,0.0002994012029375881,0.0005988024058751762,0.0,0.0,0.0,0.0,0.0,0.0,0.0,0.0,0.0,0.0,0.7488024234771729,0.25119760632514954,0.0,0.0,0.0,0.0,0.0,0.0,0.0,0.0,0.0,0.0,0.0,0.0,0.0,0.0,0.027544910088181496,0.9706586599349976,0.0017964071594178677,0.0,0.0,0.0,0.0,0.0,0.0,8.398300170898438,-3.0559592247009277,2.0406975746154785
Overripe_48.jpg,Overripe,Overripe,12.87295913696289,13.689239501953125,-0.9592207074165344,2.223942756652832,3.983490228652954,6.000822067260742,0.4604589641094208,0.2108304500579834,0.1305927038192749,0.061416544020175934,0.02839689701795578,0.02212316356599331,0.01865610107779503,0.030543172731995583,0.018986297771334648,0.008915304206311703,0.008254911750555038,0.0008254911517724395,0.0,0.0,0.0,0.0,0.0,0.0,0.0,0.0,0.0,0.0,0.0,0.5525838136672974,0.447416216135025,0.0,0.0,0.0,0.0,0.0,0.0,0.0,0.0,0.0,0.0,0.0,0.0,0.0,0.0,0.06191183626651764,0.871883749961853,0.060756150633096695,0.005448241718113422,0.0,0.0,0.0,0.0,0.0,6.00298547744751,-2.389150857925415,1.8910377025604248
Overripe_49.jpg,Overripe,Overripe,8.79135513305664,13.837434768676758,-1.243131160736084,1.3796190023422241,1.756868839263916,2.585859537124634,0.7312942743301392,0.11456713080406189,0.030240193009376526,0.016070503741502762,0.013996889814734459,0.013132884167134762,0.014860895462334156,0.03438742086291313,0.012614481151103973,0.00881285686045885,0.008121651597321033,0.0008640055311843753,0.0,0.001036806614138186,0.0,0.0,0.0,0.0,0.0,0.0,0.0,0.0,0.0,0.6231207847595215,0.3768792152404785,0.0,0.0,0.0,0.0,0.0,0.0,0.0,0.0,0.0,0.0,0.0,0.0,0.0,0.0,0.026265768334269524,0.9728702306747437,0.0008640055311843753,0.0,0.0,0.0,0.0,0.0,0.0,3.953639507293701,-2.1039316654205322,1.4475213289260864
Overripe_5.jpg,Overripe,Overripe,6.888779640197754,11.60990047454834,-1.4332268238067627,1.2250840663909912,0.9808306694030762,1.313713550567627,0.7817891240119934,0.08945687115192413,0.03817891329526901,0.02108626253902912,0.009744408540427685,0.012460064142942429,0.014217252843081951,0.01054313126951456,0.006230032071471214,0.006709265056997538,0.009424920193850994,0.000159744406118989,0.0,0.0,0.0,0.0,0.0,0.0,0.0,0.0,0.0,0.0,0.0,0.6599041819572449,0.3400958478450775,0.0,0.0,0.0,0.0,0.0,0.0,0.0,0.0,0.0,0.0,0.0,0.0,0.0,0.0,0.025399360805749893,0.974600613117218,0.0,0.0,0.0,0.0,0.0,0.0,0.0,3.319808006286621,-2.14481520652771,1.1239570379257202
Overripe_50.jpg,Overripe,Overripe,8.795437812805176,12.540300369262695,-1.1323529481887817,1.2034205198287964,1.5226504802703857,1.8717331886291504,0.6607505083084106,0.15027044713497162,0.06693711876869202,0.029073698446154594,0.02349560521543026,0.013860716484487057,0.014198782853782177,0.014367816038429737,0.009972955100238323,0.0070993914268910885,0.008958755992352962,0.0003380662528797984,0.0003380662528797984,0.0001690331264398992,0.0001690331264398992,0.0,0.0,0.0,0.0,0.0,0.0,0.0,0.0,0.587559163570404,0.41244083642959595,0.0,0.0,0.0,0.0,0.0,0.0,0.0,0.0,0.0,0.0,0.0,0.0,0.0,0.0,0.04293441399931908,0.9570655822753906,0.0,0.0,0.0,0.0,0.0,0.0,0.0,4.382631778717041,-2.0603554248809814,1.6155436038970947
Overripe_51.jpg,Overripe,Overripe,11.261622428894043,15.435111045837402,-0.834708034992218,1.8128279447555542,3.638568162918091,5.0521721839904785,0.6154734492301941,0.15143516659736633,0.055757176131010056,0.022104915231466293,0.01847575046122074,0.01963048428297043,0.035796765238046646,0.04519960284233093,0.016166280955076218,0.0100626852363348,0.007588254753500223,0.0006598482141271234,0.0006598482141271234,0.000494886189699173,0.000494886189699173,0.0,0.0,0.0,0.0,0.0,0.0,0.0,0.0,0.47855493426322937,0.521445095539093,0.0,0.0,0.0,0.0,0.0,0.0,0.0,0.0,0.0,0.0,0.0,0.0,0.0,0.0,0.06796436756849289,0.9013527035713196,0.027878588065505028,0.0028043549973517656,0.0,0.0,0.0,0.0,0.0,3.850510835647583,0.41955018043518066,2.4935121536254883
Overripe_52.jpg,Overripe,Overripe,6.50645637512207,11.202513694763184,-1.2688937187194824,1.1409269571304321,1.2429718971252441,1.6128402948379517,0.8254837393760681,0.0638919323682785,0.02281854674220085,0.01770719327032566,0.01880248263478279,0.01259583793580532,0.00876232236623764,0.00857977382838726,0.00638919323682785,0.005476451478898525,0.007667031604796648,0.0016429353272542357,0.00018254837777931243,0.0,0.0,0.0,0.0,0.0,0.0,0.0,0.0,0.0,0.0,0.6161007881164551,0.3838992416858673,0.0,0.0,0.0,0.0,0.0,0.0,0.0,0.0,0.0,0.0,0.0,0.0,0.0,0.0,0.04965315759181976,0.950346827507019,0.0,0.0,0.0,0.0,0.0,0.0,0.0,3.49345326423645,-2.039971351623535,1.438615322113037
Overripe_53.jpg,Overripe,Overripe,11.13146686553955,12.758047103881836,-1.0753707885742188,1.844586730003357,2.8590893745422363,3.8371241092681885,0.49241116642951965,0.27302518486976624,0.08985856920480728,0.03984132409095764,0.018282165750861168,0.014487754553556442,0.019489478319883347,0.02431873045861721,0.011210761964321136,0.006726457271724939,0.008968610316514969,0.0006898930878378451,0.0006898930878378451,0.0,0.0,0.0,0.0,0.0,0.0,0.0,0.0,0.0,0.0,0.5693342685699463,0.4306657612323761,0.0,0.0,0.0,0.0,0.0,0.0,0.0,0.0,0.0,0.0,0.0,0.0,0.0,0.0,0.06967920064926147,0.9130734801292419,0.01724732667207718,0.0,0.0,0.0,0.0,0.0,0.0,6.362791061401367,-2.327360153198242,1.9689685106277466
Overripe_54.jpg,Overripe,Overripe,8.542925834655762,12.85173225402832,-1.1647239923477173,1.4338568449020386,1.6443263292312622,2.5888025760650635,0.7194035053253174,0.11004456877708435,0.040281109511852264,0.024511484429240227,0.01696948893368244,0.021083304658532143,0.030853616073727608,0.014398354105651379,0.008056222461163998,0.007199177052825689,0.005656496621668339,0.0005142269656062126,0.0003428179770708084,0.0006856359541416168,0.0,0.0,0.0,0.0,0.0,0.0,0.0,0.0,0.0,0.5651354193687439,0.4348645806312561,0.0,0.0,0.0,0.0,0.0,0.0,0.0,0.0,0.0,0.0,0.0,0.0,0.0,0.0,0.03308193385601044,0.966232419013977,0.0006856359541416168,0.0,0.0,0.0,0.0,0.0,0.0,3.972791910171509,-2.1690566539764404,1.2735849618911743
Overripe_55.jpg,Overripe,Overripe,12.017603874206543,15.399938583374023,-1.2796756029129028,1.6967082023620605,2.37601375579834,3.261176109313965,0.577537477016449,0.13369378447532654,0.07692307978868484,0.043991152197122574,0.02801671251654625,0.027033669874072075,0.0410420261323452,0.03858441859483719,0.011796509847044945,0.008110100403428078,0.011059228330850601,0.0012288031866773963,0.0009830425260588527,0.0,0.0,0.0,0.0,0.0,0.0,0.0,0.0,0.0,0.0,0.6026050448417664,0.39739492535591125,0.0,0.0,0.0,0.0,0.0,0.0,0.0,0.0,0.0,0.0,0.0,0.0,0.0,0.0,0.06414352357387543,0.934381902217865,0.001474563730880618,0.0,0.0,0.0,0.0,0.0,0.0,4.6272053718566895,-2.328338861465454,1.8807817697525024
Overripe_56.jpg,Overripe,Overripe,12.405132293701172,14.502493858337402,-1.5623551607131958,1.7045185565948486,2.361149787902832,3.310713768005371,0.47960129380226135,0.24501623213291168,0.09573481976985931,0.037552155554294586,0.022716736420989037,0.02109411172568798,0.02109411172568798,0.035002317279577255,0.021557718515396118,0.008576726540923119,0.010431154631078243,0.0002318034239578992,0.0009272136958315969,0.0004636068479157984,0.0,0.0,0.0,0.0,0.0,0.0,0.0,0.0,0.0,0.6367640495300293,0.3632359802722931,0.0,0.0,0.0,0.0,0.0,0.0,0.0,0.0,0.0,0.0,0.0,0.0,0.0,0.0,0.05957348272204399,0.9311543703079224,0.0092721376568079,0.0,0.0,0.0,0.0,0.0,0.0,6.276320457458496,-2.6167147159576416,1.9919308423995972
Overripe_57.jpg,Overripe,Overripe,9.307348251342773,12.662248611450195,-1.410995364189148,1.5521745681762695,2.093770742416382,2.5824432373046875,0.6085125207901001,0.19175349175930023,0.08534692972898483,0.023719796910881996,0.013079140335321426,0.013300820253789425,0.01862114854156971,0.01795610785484314,0.009975614957511425,0.00798049196600914,0.008867213502526283,0.0008867213618941605,0.0,0.0,0.0,0.0,0.0,0.0,0.0,0.0,0.0,0.0,0.0,0.5954334139823914,0.40456661581993103,0.0,0.0,0.0,0.0,0.0,0.0,0.0,0.0,0.0,0.0,0.0,0.0,0.0,0.0,0.020394591614603996,0.9758368730545044,0.003768565831705928,0.0,0.0,0.0,0.0,0.0,0.0,5.317682266235352,-2.3524763584136963,1.9088513851165771
Overripe_58.jpg,Overripe,Overripe,10.191305160522461,13.945820808410645,-0.37582650780677795,2.2064247131347656,3.736842155456543,3.5417065620422363,0.6064532995223999,0.17587940394878387,0.06717799603939056,0.030150754377245903,0.02010050229728222,0.015075377188622952,0.02856387197971344,0.02274530567228794,0.012695054523646832,0.01005025114864111,0.010579211637377739,0.0005289606051519513,0.0,0.0,0.0,0.0,0.0,0.0,0.0,0.0,0.0,0.0,0.0,0.4144406318664551,0.5855593681335449,0.0,0.0,0.0,0.0,0.0,0.0,0.0,0.0,0.0,0.0,0.0,0.0,0.0,0.0,0.03702723979949951,0.95662522315979,0.006347527261823416,0.0,0.0,0.0,0.0,0.0,0.0,4.005953311920166,0.9989578127861023,3.2454402446746826
Overripe_59.jpg,Overripe,Overripe,11.246809959411621,13.835869789123535,-0.789081871509552,1.8703324794769287,2.977419376373291,3.339134454727173,0.5459057092666626,0.17940446734428406,0.08213399350643158,0.05062034726142883,0.03970223292708397,0.03250620514154434,0.020595533773303032,0.01861042156815529,0.010173697024583817,0.008436724543571472,0.01042183581739664,0.000992555869743228,0.000248138967435807,0.000248138967435807,0.0,0.0,0.0,0.0,0.0,0.0,0.0,0.0,0.0,0.5451613068580627,0.45483872294425964,0.0,0.0,0.0,0.0,0.0,0.0,0.0,0.0,0.0,0.0,0.0,0.0,0.0,0.0,0.049379654228687286,0.9379652738571167,0.012655086815357208,0.0,0.0,0.0,0.0,0.0,0.0,3.957322359085083,0.7356241345405579,2.8064515590667725
Overripe_6.jpg,Overripe,Overripe,10.838802337646484,16.029918670654297,-1.0058069229125977,1.6173696517944336,2.0827817916870117,3.3177895545959473,0.7085753083229065,0.060499660670757294,0.029709655791521072,0.02228224091231823,0.010938555002212524,0.03430114686489105,0.06563133001327515,0.03470627963542938,0.016070222482085228,0.007967589423060417,0.008507764898240566,0.00054017553338781,0.000270087766693905,0.0,0.0,0.0,0.0,0.0,0.0,0.0,0.0,0.0,0.0,0.5716407895088196,0.4283592104911804,0.0,0.0,0.0,0.0,0.0,0.0,0.0,0.0,0.0,0.0,0.0,0.0,0.0,0.0,0.05118163302540779,0.947873055934906,0.0009453071979805827,0.0,0.0,0.0,0.0,0.0,0.0,3.160993814468384,-2.0901997089385986,1.219101071357727
Overripe_60.jpg,Overripe,Overripe,12.00053882598877,15.339003562927246,-1.0067893266677856,1.5912113189697266,3.4222514629364014,4.18196439743042,0.5720543265342712,0.15505912899971008,0.0716162919998169,0.03964082524180412,0.026281209662556648,0.020148927345871925,0.0326324999332428,0.04139290377497673,0.01883486658334732,0.0133596146479249,0.008103372529149055,0.0008760403143242002,0.0,0.0,0.0,0.0,0.0,0.0,0.0,0.0,0.0,0.0,0.0,0.5648269653320312,0.43517300486564636,0.0,0.0,0.0,0.0,0.0,0.0,0.0,0.0,0.0,0.0,0.0,0.0,0.0,0.0,0.04467805474996567,0.9340779781341553,0.02102496661245823,0.00021901007858105004,0.0,0.0,0.0,0.0,0.0,4.789270877838135,-2.171494722366333,2.4356894493103027
Overripe_61.jpg,Overripe,Overripe,10.393198013305664,14.743420600891113,-1.1501928567886353,1.4892303943634033,2.292189121246338,2.8399908542633057,0.6482642292976379,0.13090646266937256,0.052555449306964874,0.032063644379377365,0.019045323133468628,0.022179363295435905,0.021938282996416092,0.035438764840364456,0.017598843201994896,0.0106075219810009,0.008678881451487541,0.0007232401403598487,0.0,0.0,0.0,0.0,0.0,0.0,0.0,0.0,0.0,0.0,0.0,0.6516393423080444,0.34836065769195557,0.0,0.0,0.0,0.0,0.0,0.0,0.0,0.0,0.0,0.0,0.0,0.0,0.0,0.0,0.036162007600069046,0.9631147384643555,0.0007232401403598487,0.0,0.0,0.0,0.0,0.0,0.0,3.9237234592437744,-2.030984401702881,1.764617681503296
Overripe_62.jpg,Overripe,Overripe,10.436375617980957,13.217171669006348,-1.3852347135543823,1.5152932405471802,1.4744775295257568,2.700465202331543,0.5781089663505554,0.22319287061691284,0.06628982722759247,0.024837272241711617,0.015073655173182487,0.009249743074178696,0.016957862302660942,0.03785543143749237,0.01113395020365715,0.009421034716069698,0.007708119228482246,0.0,0.00017129154002759606,0.0,0.0,0.0,0.0,0.0,0.0,0.0,0.0,0.0,0.0,0.6020897626876831,0.3979102373123169,0.0,0.0,0.0,0.0,0.0,0.0,0.0,0.0,0.0,0.0,0.0,0.0,0.0,0.0,0.14097294211387634,0.859027087688446,0.0,0.0,0.0,0.0,0.0,0.0,0.0,5.769467830657959,-2.3337316513061523,1.3835124969482422
Overripe_63.jpg,Overripe,Overripe,10.08741283416748,14.058356285095215,-1.1718636751174927,1.489532470703125,2.2025623321533203,3.012498140335083,0.626299262046814,0.12666183710098267,0.0715494304895401,0.05414551496505737,0.027797920629382133,0.02175489440560341,0.025138989090919495,0.015470147132873535,0.008943678811192513,0.008701957762241364,0.010152284055948257,0.001450326293706894,0.001692047342658043,0.000241721048951149,0.0,0.0,0.0,0.0,0.0,0.0,0.0,0.0,0.0,0.6173555850982666,0.3826444149017334,0.0,0.0,0.0,0.0,0.0,0.0,0.0,0.0,0.0,0.0,0.0,0.0,0.0,0.0,0.06429780274629593,0.9332849979400635,0.00241721048951149,0.0,0.0,0.0,0.0,0.0,0.0,3.7097012996673584,-2.149458169937134,1.419281244277954
Overripe_64.jpg,Overripe,Overripe,59.7180061340332,6.497809886932373,-0.46757930517196655,0.5193098187446594,2.2781426906585693,0.8080148696899414,0.0,0.0,0.0,0.0,0.0,0.0,0.01655721105635166,0.06835630536079407,0.20728887617588043,0.32263433933258057,0.35935622453689575,0.025807049125432968,0.0,0.0,0.0,0.0,0.0,0.0,0.0,0.0,0.0,0.0,0.0,0.45721951127052307,0.5427805185317993,0.0,0.0,0.0,0.0,0.0,0.0,0.0,0.0,0.0,0.0,0.0,0.0,0.0,0.0,0.0,1.0,0.0,0.0,0.0,0.0,0.0,0.0,0.0,56.49946594238281,0.0,1.6112298965454102
Overripe_65.jpg,Overripe,Overripe,47.48377990722656,18.643665313720703,0.9684576988220215,2.6761724948883057,6.980268955230713,7.7702836990356445,0.0030723013915121555,0.011811292730271816,0.08418106287717819,0.10718918591737747,0.07216494530439377,0.05209257826209068,0.029084453359246254,0.04663071036338806,0.10636990517377853,0.21198880672454834,0.26066771149635315,0.014269134029746056,0.00027309346478432417,6.827336619608104e-05,0.00013654673239216208,0.0,0.0,0.0,0.0,0.0,0.0,0.0,0.0,0.38888511061668396,0.6111149191856384,0.0,0.0,0.0,0.0,0.0,0.0,0.0,0.0,0.0,0.0,0.0,0.0,0.0,0.0,0.00020482009858824313,0.8584010601043701,0.12835392355918884,0.013040212914347649,0.0,0.0,0.0,0.0,0.0,65.94822692871094,-1.114890694618225,3.1527247428894043
Overripe_66.jpg,Overripe,Overripe,61.7334098815918,5.633819103240967,-0.6963052749633789,0.5385633111000061,2.626516103744507,0.9853468537330627,0.0,0.0,0.0,0.0,0.0,0.0,0.0060645644553005695,0.03666728734970093,0.1223175972700119,0.3126516044139862,0.4923493266105652,0.029949616640806198,0.0,0.0,0.0,0.0,0.0,0.0,0.0,0.0,0.0,0.0,0.0,0.6570255756378174,0.3429744243621826,0.0,0.0,0.0,0.0,0.0,0.0,0.0,0.0,0.0,0.0,0.0,0.0,0.0,0.0,0.0,1.0,0.0,0.0,0.0,0.0,0.0,0.0,0.0,65.9388656616211,-1.0813074111938477,3.2751786708831787
Overripe_67.jpg,Overripe,Overripe,48.78435516357422,18.57455062866211,1.329293966293335,2.660942316055298,7.26177978515625,10.007346153259277,0.005301595665514469,0.040789831429719925,0.0680551826953888,0.06513389199972153,0.0427914522588253,0.04252096265554428,0.05220448970794678,0.06307817250490189,0.12523667514324188,0.1964295357465744,0.2796321213245392,0.01882607489824295,0.0,0.0,0.0,0.0,0.0,0.0,0.0,0.0,0.0,0.0,0.0,0.13724641501903534,0.8627535700798035,0.0,0.0,0.0,0.0,0.0,0.0,0.0,0.0,0.0,0.0,0.0,0.0,0.0,0.0,0.01844738982617855,0.8245063424110413,0.10332702100276947,0.05350283905863762,0.00021639166516251862,0.0,0.0,0.0,0.0,56.97934341430664,0.04848617687821388,1.9629223346710205
Overripe_68.jpg,Overripe,Overripe,47.046592712402344,16.25769805908203,1.4108221530914307,2.764317512512207,6.730475425720215,12.543885231018066,0.0012649332638829947,0.008198641240596771,0.04483485594391823,0.10156945139169693,0.07908175140619278,0.054813772439956665,0.05130007117986679,0.13661278784275055,0.13239634037017822,0.21794331073760986,0.16284844279289246,0.009135629050433636,0.0,0.0,0.0,0.0,0.0,0.0,0.0,0.0,0.0,0.0,0.0,0.19006793200969696,0.8099320530891418,0.0,0.0,0.0,0.0,0.0,0.0,0.0,0.0,0.0,0.0,0.0,0.0,0.0,0.0,0.49903959035873413,0.3084094524383545,0.10948699712753296,0.0815647691488266,0.001499180099926889,0.0,0.0,0.0,0.0,57.85898208618164,0.023301351815462112,-1.8831015825271606
Overripe_69.jpg,Overripe,Overripe,34.48385238647461,17.082616806030273,3.550461530685425,2.7928006649017334,22.187036514282227,14.783089637756348,0.010853027924895287,0.033269092440605164,0.14778375625610352,0.16938836872577667,0.14900091290473938,0.12577340006828308,0.07728978246450424,0.06876964867115021,0.06450958549976349,0.06542245298624039,0.05690232291817665,0.028299016878008842,0.0024343240074813366,0.0003042905009351671,0.0,0.0,0.0,0.0,0.0,0.0,0.0,0.0,0.0,0.05588801950216293,0.9438076615333557,0.0003042905009351671,0.0,0.0,0.0,0.0,0.0,0.0,0.0,0.0,0.0,0.0,0.0,0.0,0.0,0.0006085810018703341,0.4501470625400543,0.2646313011646271,0.21746627986431122,0.06714677065610886,0.0,0.0,0.0,0.0,19.189661026000977,2.6004843711853027,10.397786140441895
Overripe_7.jpg,Overripe,Overripe,11.27156925201416,15.286340713500977,-1.4632686376571655,1.517286777496338,1.4553818702697754,2.356112003326416,0.6212940216064453,0.13086022436618805,0.05184752494096756,0.034905798733234406,0.035489995032548904,0.02964802086353302,0.0378267839550972,0.017233824357390404,0.010661603882908821,0.014458887279033661,0.011976048350334167,0.0020446910057216883,0.0011683949269354343,0.0004381480976007879,0.0,0.0001460493658669293,0.0,0.0,0.0,0.0,0.0,0.0,0.0,0.6686139702796936,0.331385999917984,0.0,0.0,0.0,0.0,0.0,0.0,0.0,0.0,0.0,0.0,0.0,0.0,0.0,0.0,0.05900394171476364,0.9409960508346558,0.0,0.0,0.0,0.0,0.0,0.0,0.0,4.351127624511719,-2.1403284072875977,1.1853878498077393
Overripe_70.jpg,Overripe,Overripe,31.62519645690918,13.783498764038086,4.727795124053955,3.010205030441284,19.22125816345215,11.209757804870605,0.004170423839241266,0.035279531031847,0.13255184888839722,0.20604148507118225,0.18394950032234192,0.12759242951869965,0.10414788126945496,0.08949504047632217,0.05669521912932396,0.036632101982831955,0.01961226388812065,0.003832281334325671,0.0,0.0,0.0,0.0,0.0,0.0,0.0,0.0,0.0,0.0,0.0,0.03336339071393013,0.9658476114273071,0.0007889990811236203,0.0,0.0,0.0,0.0,0.0,0.0,0.0,0.0,0.0,0.0,0.0,0.0,0.0,0.0,0.46302974224090576,0.3595581650733948,0.17076194286346436,0.006650135386735201,0.0,0.0,0.0,0.0,19.43795394897461,3.8100829124450684,11.068024635314941
Overripe_71.jpg,Overripe,Overripe,46.81522750854492,17.510881423950195,1.4091609716415405,3.2035210132598877,9.376052856445312,11.143879890441895,0.0014239943120628595,0.008840631693601608,0.05150112882256508,0.11492820829153061,0.09113563597202301,0.06253708153963089,0.057434435933828354,0.07250504195690155,0.12424350529909134,0.17817728221416473,0.2123531550168991,0.024148570373654366,0.0005339978379197419,0.00011866619024658576,0.00011866619024658576,0.0,0.0,0.0,0.0,0.0,0.0,0.0,0.0,0.4289189577102661,0.5710810422897339,0.0,0.0,0.0,0.0,0.0,0.0,0.0,0.0,0.0,0.0,0.0,0.0,0.0,0.0,0.00984929408878088,0.7640916109085083,0.1557493805885315,0.0650290697813034,0.005280645564198494,0.0,0.0,0.0,0.0,66.19810485839844,-1.1059622764587402,3.1909680366516113
Overripe_72.jpg,Overripe,Overripe,61.65456008911133,5.834624767303467,-0.6287181973457336,0.5704107880592346,2.4699838161468506,1.013441562652588,0.0,0.0,0.0,0.0,0.0,0.0,0.0031097889877855778,0.05016224831342697,0.11736073344945908,0.3205786943435669,0.4748512804508209,0.03393726423382759,0.0,0.0,0.0,0.0,0.0,0.0,0.0,0.0,0.0,0.0,0.0,0.5966739058494568,0.4033261239528656,0.0,0.0,0.0,0.0,0.0,0.0,0.0,0.0,0.0,0.0,0.0,0.0,0.0,0.0,0.012844781391322613,0.9871551990509033,0.0,0.0,0.0,0.0,0.0,0.0,0.0,66.18775939941406,-1.0763331651687622,3.1199023723602295
Overripe_73.jpg,Overripe,Overripe,61.05790710449219,6.816899299621582,-0.6599171161651611,0.5709903836250305,2.462759017944336,1.0693769454956055,0.0,0.0,0.0,0.0,0.0,0.0,0.023090586066246033,0.06642983853816986,0.12468916177749634,0.2723504900932312,0.46761396527290344,0.045825932174921036,0.0,0.0,0.0,0.0,0.0,0.0,0.0,0.0,0.0,0.0,0.0,0.6446418166160583,0.35535821318626404,0.0,0.0,0.0,0.0,0.0,0.0,0.0,0.0,0.0,0.0,0.0,0.0,0.0,0.0,0.011249260045588017,0.9887507557868958,0.0,0.0,0.0,0.0,0.0,0.0,0.0,66.13603973388672,-1.0575815439224243,3.113243818283081
Overripe_74.jpg,Overripe,Overripe,59.94738006591797,7.130266189575195,-0.5673901438713074,0.5394454598426819,2.276230812072754,1.098933219909668,0.0,0.0,0.0,0.0,0.0,0.0008470090106129646,0.03197459131479263,0.07813657820224762,0.16516675055027008,0.2885124385356903,0.40254104137420654,0.03282159939408302,0.0,0.0,0.0,0.0,0.0,0.0,0.0,0.0,0.0,0.0,0.0,0.544626772403717,0.45537322759628296,0.0,0.0,0.0,0.0,0.0,0.0,0.0,0.0,0.0,0.0,0.0,0.0,0.0,0.0,0.026151403784751892,0.9738485813140869,0.0,0.0,0.0,0.0,0.0,0.0,0.0,66.07755279541016,-1.0286061763763428,3.0733413696289062
Overripe_75.jpg,Overripe,Overripe,59.70305633544922,7.766633987426758,-0.7572113275527954,0.5672330260276794,2.698911666870117,1.0262365341186523,0.0,0.0,0.0,0.0,0.0,0.010807519778609276,0.04193621873855591,0.06941167265176773,0.1608189344406128,0.2521500885486603,0.4395311772823334,0.025344394147396088,0.0,0.0,0.0,0.0,0.0,0.0,0.0,0.0,0.0,0.0,0.0,0.6882563233375549,0.31174367666244507,0.0,0.0,0.0,0.0,0.0,0.0,0.0,0.0,0.0,0.0,0.0,0.0,0.0,0.0,0.0,1.0,0.0,0.0,0.0,0.0,0.0,0.0,0.0,65.97954559326172,-1.1560949087142944,3.4291281700134277
Overripe_76.jpg,Overripe,Overripe,50.277801513671875,16.923358917236328,0.5275551080703735,2.0106124877929688,6.48341703414917,7.170539855957031,0.0021042083390057087,0.005561122205108404,0.04549098014831543,0.08727455139160156,0.07510019838809967,0.03807615116238594,0.03632264584302902,0.0677354708313942,0.1253506988286972,0.19453908503055573,0.3088677227497101,0.013326653279364109,0.00025050100521184504,0.0,0.0,0.0,0.0,0.0,0.0,0.0,0.0,0.0,0.0,0.31718435883522034,0.6828156113624573,0.0,0.0,0.0,0.0,0.0,0.0,0.0,0.0,0.0,0.0,0.0,0.0,0.0,0.0,0.00090180360712111,0.8662324547767639,0.124298594892025,0.008216433227062225,0.0003507013898342848,0.0,0.0,0.0,0.0,65.58715057373047,0.006406833883374929,3.706620454788208
Overripe_77.jpg,Overripe,Overripe,54.70405197143555,14.247064590454102,0.5797680616378784,2.448868751525879,7.746861934661865,12.10234546661377,0.0005212179385125637,0.0027798288501799107,0.018850713968276978,0.04703991487622261,0.047908611595630646,0.029796291142702103,0.035964034497737885,0.06706336885690689,0.14237935841083527,0.23402684926986694,0.33570778369903564,0.03522564470767975,0.0027363940607756376,0.0,0.0,0.0,0.0,0.0,0.0,0.0,0.0,0.0,0.0,0.4232289493083954,0.576771080493927,0.0,0.0,0.0,0.0,0.0,0.0,0.0,0.0,0.0,0.0,0.0,0.0,0.0,0.0,0.00021717413619626313,0.8491942882537842,0.07792207598686218,0.043217651546001434,0.02944881282746792,0.0,0.0,0.0,0.0,65.63261413574219,-1.0032873153686523,3.010519504547119
Overripe_78.jpg,Overripe,Overripe,58.94145202636719,7.815871238708496,-0.5904317498207092,0.549502968788147,2.384171962738037,0.991867184638977,0.0,0.0,0.0,0.0,0.0,0.010844944976270199,0.0459880568087101,0.07866016775369644,0.18608003854751587,0.26329877972602844,0.39426177740097046,0.02086622267961502,0.0,0.0,0.0,0.0,0.0,0.0,0.0,0.0,0.0,0.0,0.0,0.5690163969993591,0.43098360300064087,0.0,0.0,0.0,0.0,0.0,0.0,0.0,0.0,0.0,0.0,0.0,0.0,0.0,0.0,0.006383416708558798,0.9936165809631348,0.0,0.0,0.0,0.0,0.0,0.0,0.0,65.76921844482422,-1.0296536684036255,3.21101975440979
Overripe_79.jpg,Overripe,Overripe,50.371482849121094,17.774459838867188,0.6290355324745178,2.449678421020508,5.796832084655762,7.184087753295898,0.002479506190866232,0.016749316826462746,0.06583341956138611,0.07575143873691559,0.04913470149040222,0.03400465473532677,0.03800222650170326,0.06067199632525444,0.13905474543571472,0.17943528294563293,0.31125393509864807,0.026414331048727036,0.0005566237960010767,0.0006578281754627824,0.0,0.0,0.0,0.0,0.0,0.0,0.0,0.0,0.0,0.38164153695106506,0.6183584928512573,0.0,0.0,0.0,0.0,0.0,0.0,0.0,0.0,0.0,0.0,0.0,0.0,0.0,0.0,0.0017204736359417439,0.8871065974235535,0.10024289041757584,0.010930067859590054,0.0,0.0,0.0,0.0,0.0,66.18863677978516,-1.0292478799819946,3.083963394165039
Overripe_8.jpg,Overripe,Overripe,10.922602653503418,13.85998821258545,-1.613618016242981,1.7276772260665894,1.9252618551254272,3.0656750202178955,0.6059629321098328,0.12328767031431198,0.07010475546121597,0.0445205494761467,0.03787268325686455,0.043714746832847595,0.03887993469834328,0.011684125289320946,0.006244963966310024,0.008259467780590057,0.008460918441414833,0.00040290088509209454,0.00020145044254604727,0.00040290088509209454,0.0,0.0,0.0,0.0,0.0,0.0,0.0,0.0,0.0,0.6299355626106262,0.37006446719169617,0.0,0.0,0.0,0.0,0.0,0.0,0.0,0.0,0.0,0.0,0.0,0.0,0.0,0.0,0.05680902674794197,0.9429895281791687,0.00020145044254604727,0.0,0.0,0.0,0.0,0.0,0.0,4.517507553100586,-2.3316352367401123,1.3927661180496216
Overripe_80.jpg,Overripe,Overripe,59.097293853759766,7.391708850860596,-0.3577840030193329,0.47975221276283264,2.611041307449341,0.86065274477005,0.0,0.0,0.0,0.0,0.0,0.009168999269604683,0.037930700927972794,0.08676768839359283,0.1591545194387436,0.30344560742378235,0.39639031887054443,0.007142167538404465,0.0,0.0,0.0,0.0,0.0,0.0,0.0,0.0,0.0,0.0,0.0,0.3577840030193329,0.6422160267829895,0.0,0.0,0.0,0.0,0.0,0.0,0.0,0.0,0.0,0.0,0.0,0.0,0.0,0.0,0.0,1.0,0.0,0.0,0.0,0.0,0.0,0.0,0.0,65.9093246459961,0.0,3.3335556983947754
Overripe_81.jpg,Overripe,Overripe,26.58823585510254,11.941020965576172,3.240705728530884,2.6857969760894775,14.328079223632812,8.617682456970215,0.0022271715570241213,0.058420419692993164,0.26109302043914795,0.17628918588161469,0.1781737208366394,0.1588144600391388,0.08788761496543884,0.032037004828453064,0.01901661790907383,0.015247558243572712,0.008394723758101463,0.0010279252892360091,0.0006852835649624467,0.0006852835649624467,0.0,0.0,0.0,0.0,0.0,0.0,0.0,0.0,0.0,0.05859174206852913,0.9414082765579224,0.0,0.0,0.0,0.0,0.0,0.0,0.0,0.0,0.0,0.0,0.0,0.0,0.0,0.0,0.0006852835649624467,0.5955113768577576,0.3727942407131195,0.03100907988846302,0.0,0.0,0.0,0.0,0.0,18.096433639526367,2.7396323680877686,9.590423583984375
Overripe_82.jpg,Overripe,Overripe,64.02011108398438,3.4419190883636475,-0.7726826667785645,0.42374521493911743,1.873369812965393,0.7744336128234863,0.0,0.0,0.0,0.0,0.0,0.0,0.0,0.0,0.034076567739248276,0.2726125419139862,0.6518020033836365,0.041508905589580536,0.0,0.0,0.0,0.0,0.0,0.0,0.0,0.0,0.0,0.0,0.0,0.7707194089889526,0.22928060591220856,0.0,0.0,0.0,0.0,0.0,0.0,0.0,0.0,0.0,0.0,0.0,0.0,0.0,0.0,0.0,1.0,0.0,0.0,0.0,0.0,0.0,0.0,0.0,65.79346466064453,-1.0,1.9769837856292725
Overripe_83.jpg,Overripe,Overripe,61.02598571777344,6.809329986572266,-1.3455827236175537,0.5418761372566223,3.7659528255462646,0.7048704028129578,0.0,0.0,0.0,0.0,0.0,0.006564080715179443,0.021306360140442848,0.04449585825204849,0.14543204009532928,0.2685892581939697,0.47734853625297546,0.036263853311538696,0.0,0.0,0.0,0.0,0.0,0.0,0.0,0.0,0.0,0.0,0.0,0.9662649035453796,0.03373507037758827,0.0,0.0,0.0,0.0,0.0,0.0,0.0,0.0,0.0,0.0,0.0,0.0,0.0,0.0,0.0,1.0,0.0,0.0,0.0,0.0,0.0,0.0,0.0,66.17449951171875,-1.504311203956604,4.128180980682373
Overripe_84.jpg,Overripe,Overripe,53.11231994628906,15.088427543640137,0.720015287399292,2.5583536624908447,8.374457359313965,12.36609935760498,0.0006676522316411138,0.006008870434015989,0.03157041221857071,0.051361534744501114,0.04740330949425697,0.037293147295713425,0.0465925894677639,0.06509609520435333,0.1472650170326233,0.24645905196666718,0.2885688543319702,0.03128427639603615,0.00042920501437038183,0.0,0.0,0.0,0.0,0.0,0.0,0.0,0.0,0.0,0.0,0.4041203558444977,0.5958796143531799,0.0,0.0,0.0,0.0,0.0,0.0,0.0,0.0,0.0,0.0,0.0,0.0,0.0,0.0,0.0,0.8198292851448059,0.11316705495119095,0.0381038673222065,0.0287090465426445,0.00019075778254773468,0.0,0.0,0.0,65.79851531982422,-1.0369330644607544,3.1010799407958984
Overripe_85.jpg,Overripe,Overripe,28.308895111083984,10.22783374786377,3.975752830505371,2.6210527420043945,15.158258438110352,7.165650367736816,0.00404119398444891,0.02424716390669346,0.1565636843442917,0.229435533285141,0.20323295891284943,0.208968847990036,0.11093729734420776,0.03689219057559967,0.009907444007694721,0.008473471738398075,0.006909138523042202,0.0003910833038389683,0.0,0.0,0.0,0.0,0.0,0.0,0.0,0.0,0.0,0.0,0.0,0.03480641543865204,0.9651935696601868,0.0,0.0,0.0,0.0,0.0,0.0,0.0,0.0,0.0,0.0,0.0,0.0,0.0,0.0,0.0,0.5718941688537598,0.41663408279418945,0.011471777223050594,0.0,0.0,0.0,0.0,0.0,31.155101776123047,5.157911777496338,17.736061096191406
Overripe_86.jpg,Overripe,Overripe,61.59126281738281,5.38374662399292,-0.6072587966918945,0.5585893392562866,2.4402828216552734,0.9933297634124756,0.0,0.0,0.0,0.0,0.0,0.0,0.001623376621864736,0.03304731100797653,0.12082560360431671,0.37279683351516724,0.4373840391635895,0.034322820603847504,0.0,0.0,0.0,0.0,0.0,0.0,0.0,0.0,0.0,0.0,0.0,0.5810528993606567,0.41894713044166565,0.0,0.0,0.0,0.0,0.0,0.0,0.0,0.0,0.0,0.0,0.0,0.0,0.0,0.0,0.011015770025551319,0.988984227180481,0.0,0.0,0.0,0.0,0.0,0.0,0.0,66.04724884033203,-1.0569818019866943,3.2010018825531006
Overripe_87.jpg,Overripe,Overripe,61.57653045654297,5.954098701477051,-1.5894361734390259,0.7175170183181763,3.0278677940368652,1.2522963285446167,0.0,0.0,0.0,0.0,0.0,0.0,0.014419960789382458,0.04455605894327164,0.11066105216741562,0.2934218943119049,0.5110175013542175,0.025923525914549828,0.0,0.0,0.0,0.0,0.0,0.0,0.0,0.0,0.0,0.0,0.0,0.9246597290039062,0.07534024864435196,0.0,0.0,0.0,0.0,0.0,0.0,0.0,0.0,0.0,0.0,0.0,0.0,0.0,0.0,0.015554115176200867,0.9844458699226379,0.0,0.0,0.0,0.0,0.0,0.0,0.0,65.84102630615234,-1.959818720817566,3.6220543384552
Overripe_88.jpg,Overripe,Overripe,60.32802200317383,6.653007507324219,-1.6579844951629639,0.6976608633995056,3.2474417686462402,1.0014643669128418,0.0,0.0,0.0,0.0,0.0,0.00046511628897860646,0.029147285968065262,0.06279069930315018,0.12201550602912903,0.3448061943054199,0.4207752048969269,0.019999999552965164,0.0,0.0,0.0,0.0,0.0,0.0,0.0,0.0,0.0,0.0,0.0,0.9520930051803589,0.04790697619318962,0.0,0.0,0.0,0.0,0.0,0.0,0.0,0.0,0.0,0.0,0.0,0.0,0.0,0.0,0.0,1.0,0.0,0.0,0.0,0.0,0.0,0.0,0.0,65.86087799072266,-1.9845234155654907,3.7418220043182373
Overripe_89.jpg,Overripe,Overripe,25.39651870727539,11.006495475769043,2.7202296257019043,2.983001947402954,15.470428466796875,9.214077949523926,0.0167384035885334,0.09899569302797318,0.17184759676456451,0.20436792075634003,0.238163560628891,0.15813805162906647,0.061692968010902405,0.023433763533830643,0.01115893479436636,0.007333014626055956,0.007173601072281599,0.0004782400792464614,0.0,0.00031882672919891775,0.00015941336459945887,0.0,0.0,0.0,0.0,0.0,0.0,0.0,0.0,0.12641479074954987,0.8735852241516113,0.0,0.0,0.0,0.0,0.0,0.0,0.0,0.0,0.0,0.0,0.0,0.0,0.0,0.0,0.012593654915690422,0.5188905000686646,0.40443170070648193,0.06408417224884033,0.0,0.0,0.0,0.0,0.0,30.037752151489258,3.756680727005005,20.07594871520996
Overripe_9.jpg,Overripe,Overripe,8.525452613830566,13.16034984588623,-1.2105108499526978,1.3471496105194092,1.5504990816116333,2.5434892177581787,0.7444216012954712,0.08896065503358841,0.03200234845280647,0.018056370317935944,0.02128596603870392,0.023194363340735435,0.03214914724230766,0.015413975343108177,0.00998238380998373,0.00675278902053833,0.007486788090318441,0.00029359952895902097,0.0,0.0,0.0,0.0,0.0,0.0,0.0,0.0,0.0,0.0,0.0,0.5857310891151428,0.41426894068717957,0.0,0.0,0.0,0.0,0.0,0.0,0.0,0.0,0.0,0.0,0.0,0.0,0.0,0.0,0.04756312444806099,0.9524368643760681,0.0,0.0,0.0,0.0,0.0,0.0,0.0,3.637580394744873,-2.1514861583709717,1.1387025117874146
Overripe_90.jpg,Overripe,Overripe,38.49306106567383,19.134048461914062,3.7738733291625977,3.4662582874298096,28.60166358947754,18.94194793701172,0.0063036479987204075,0.038760729134082794,0.08234978467226028,0.158395916223526,0.16469956934452057,0.13009656965732574,0.07108369469642639,0.054721031337976456,0.06612124294042587,0.06317060440778732,0.0657188817858696,0.06585300713777542,0.03151823952794075,0.001207081601023674,0.0,0.0,0.0,0.0,0.0,0.0,0.0,0.0,0.0,0.09656652063131332,0.9007510542869568,0.002682403428480029,0.0,0.0,0.0,0.0,0.0,0.0,0.0,0.0,0.0,0.0,0.0,0.0,0.0,0.0028165236581116915,0.34898069500923157,0.2596566379070282,0.16027361154556274,0.21030043065547943,0.017972102388739586,0.0,0.0,0.0,30.14370346069336,3.8179612159729004,19.55582618713379
Overripe_91.jpg,Overripe,Overripe,33.47932052612305,16.75891876220703,3.6026957035064697,3.5167393684387207,25.51202392578125,17.02168083190918,0.01194669958204031,0.06509419530630112,0.12268341332674026,0.17399296164512634,0.14351356029510498,0.12053913623094559,0.08837494254112244,0.08086996525526047,0.0721396878361702,0.056210752576589584,0.03966916725039482,0.019604839384555817,0.005360698327422142,0.0,0.0,0.0,0.0,0.0,0.0,0.0,0.0,0.0,0.0,0.11701638996601105,0.8814519643783569,0.0015316280769184232,0.0,0.0,0.0,0.0,0.0,0.0,0.0,0.0,0.0,0.0,0.0,0.0,0.0,0.006432838272303343,0.35227447748184204,0.28090059757232666,0.2171848714351654,0.13861234486103058,0.004594884347170591,0.0,0.0,0.0,19.282419204711914,3.235117197036743,12.63078784942627
Overripe_92.jpg,Overripe,Overripe,32.565818786621094,15.149807929992676,3.210352897644043,3.0048835277557373,24.64863395690918,14.731867790222168,0.018536318093538284,0.05135246366262436,0.1546066254377365,0.10833447426557541,0.15625429153442383,0.15694081783294678,0.11451324820518494,0.0924069732427597,0.0664561316370964,0.04778250679373741,0.028834272176027298,0.0034326512832194567,0.00027461210265755653,0.00027461210265755653,0.0,0.0,0.0,0.0,0.0,0.0,0.0,0.0,0.0,0.07771522551774979,0.9222847819328308,0.0,0.0,0.0,0.0,0.0,0.0,0.0,0.0,0.0,0.0,0.0,0.0,0.0,0.0,0.0023342028725892305,0.3376355767250061,0.30948784947395325,0.28683236241340637,0.06371001154184341,0.0,0.0,0.0,0.0,17.970539093017578,1.6338279247283936,10.979228019714355
Overripe_93.jpg,Overripe,Overripe,33.986427307128906,18.236141204833984,3.7350401878356934,2.922858476638794,24.442691802978516,15.72057056427002,0.0053587378934025764,0.07115212827920914,0.15972015261650085,0.15718963742256165,0.1320333480834961,0.10687704384326935,0.08276272565126419,0.07368264347314835,0.05909496918320656,0.053587377071380615,0.04361417144536972,0.03721345588564873,0.016076212748885155,0.0016373920952901244,0.0,0.0,0.0,0.0,0.0,0.0,0.0,0.0,0.0,0.04882405325770378,0.9504317045211792,0.0007442691130563617,0.0,0.0,0.0,0.0,0.0,0.0,0.0,0.0,0.0,0.0,0.0,0.0,0.0,0.0007442691130563617,0.35531407594680786,0.3093182444572449,0.23459362983703613,0.09824352711439133,0.0017862459644675255,0.0,0.0,0.0,18.704898834228516,3.9666666984558105,12.629353523254395
Overripe_94.jpg,Overripe,Overripe,31.957487106323242,13.796415328979492,3.886523723602295,3.0910959243774414,24.019817352294922,13.658136367797852,0.005284791346639395,0.025836758315563202,0.12595419585704803,0.19862008094787598,0.18570169806480408,0.161039337515831,0.1105402261018753,0.07530827820301056,0.044480327516794205,0.030093951150774956,0.022753963246941566,0.011156782507896423,0.0029359953477978706,0.00029359952895902097,0.0,0.0,0.0,0.0,0.0,0.0,0.0,0.0,0.0,0.07163828611373901,0.9282149076461792,0.00014679976447951049,0.0,0.0,0.0,0.0,0.0,0.0,0.0,0.0,0.0,0.0,0.0,0.0,0.0,0.01321197859942913,0.31371110677719116,0.3649442195892334,0.2588079869747162,0.04917792230844498,0.00014679976447951049,0.0,0.0,0.0,19.69477081298828,3.130478620529175,13.462468147277832
Overripe_95.jpg,Overripe,Overripe,61.3838996887207,6.203097343444824,-1.680767297744751,0.9666926860809326,3.3939990997314453,1.6260607242584229,0.0,0.0,0.0,0.0,0.0,0.0,0.013772749342024326,0.05263157933950424,0.12297097593545914,0.2831611633300781,0.5031972527503967,0.02426627278327942,0.0,0.0,0.0,0.0,0.0,0.0,0.0,0.0,0.0,0.0,0.0,0.8396458625793457,0.1603541523218155,0.0,0.0,0.0,0.0,0.0,0.0,0.0,0.0,0.0,0.0,0.0,0.0,0.0,0.0,0.0,1.0,0.0,0.0,0.0,0.0,0.0,0.0,0.0,65.94100952148438,-2.235934019088745,4.231271266937256
Overripe_96.jpg,Overripe,Overripe,60.337669372558594,6.692404270172119,-1.5941747426986694,0.8964781165122986,3.456171989440918,1.2211023569107056,0.0,0.0,0.0,0.0,0.0,0.0016643550479784608,0.026629680767655373,0.06380027532577515,0.12510402500629425,0.34244105219841003,0.4188627004623413,0.021497920155525208,0.0,0.0,0.0,0.0,0.0,0.0,0.0,0.0,0.0,0.0,0.0,0.8674063682556152,0.13259361684322357,0.0,0.0,0.0,0.0,0.0,0.0,0.0,0.0,0.0,0.0,0.0,0.0,0.0,0.0,0.0,1.0,0.0,0.0,0.0,0.0,0.0,0.0,0.0,65.93527221679688,-2.17826771736145,4.211023807525635
Overripe_97.jpg,Overripe,Overripe,29.90279197692871,11.405586242675781,4.814267158508301,3.3179779052734375,20.118297576904297,11.533039093017578,0.008937276899814606,0.017224568873643875,0.10919726639986038,0.25349366664886475,0.20100747048854828,0.19012024998664856,0.10805980116128922,0.049561262130737305,0.028924277052283287,0.02063698321580887,0.011537211947143078,0.0008124797022901475,0.0004874878213740885,0.0,0.0,0.0,0.0,0.0,0.0,0.0,0.0,0.0,0.0,0.04046148806810379,0.9592134952545166,0.000324991880916059,0.0,0.0,0.0,0.0,0.0,0.0,0.0,0.0,0.0,0.0,0.0,0.0,0.0,0.009424764662981033,0.4065648317337036,0.40916475653648376,0.15973350405693054,0.015112122520804405,0.0,0.0,0.0,0.0,20.308046340942383,4.2708234786987305,12.61144733428955
Overripe_98.jpg,Overripe,Overripe,61.3512077331543,5.959661960601807,-1.4800832271575928,0.8482773900032043,2.974583864212036,1.3652722835540771,0.0,0.0,0.0,0.0,0.0,0.0,0.012187871150672436,0.05142687261104584,0.11533888429403305,0.31495243310928345,0.4800832271575928,0.026010701432824135,0.0,0.0,0.0,0.0,0.0,0.0,0.0,0.0,0.0,0.0,0.0,0.84363853931427,0.15636147558689117,0.0,0.0,0.0,0.0,0.0,0.0,0.0,0.0,0.0,0.0,0.0,0.0,0.0,0.0,0.02482164092361927,0.9751783609390259,0.0,0.0,0.0,0.0,0.0,0.0,0.0,65.78562927246094,-1.9953010082244873,3.632599115371704
Overripe_99.jpg,Overripe,Overripe,39.9355354309082,23.562715530395508,2.5325348377227783,3.3751142024993896,29.02980613708496,21.13300323486328,0.008516300469636917,0.07904191315174103,0.1200266107916832,0.15701928734779358,0.12135728448629379,0.07371922582387924,0.046573519706726074,0.05562208965420723,0.050033267587423325,0.0524284765124321,0.04577511548995972,0.057085826992988586,0.10924816876649857,0.023419827222824097,0.00013306719483807683,0.0,0.0,0.0,0.0,0.0,0.0,0.0,0.0,0.18123751878738403,0.8178309798240662,0.0009314703638665378,0.0,0.0,0.0,0.0,0.0,0.0,0.0,0.0,0.0,0.0,0.0,0.0,0.0,0.008649367839097977,0.3543579578399658,0.2393878847360611,0.12055888026952744,0.21383899450302124,0.06320691853761673,0.0,0.0,0.0,19.472415924072266,3.5096845626831055,12.892640113830566
